{
  "id": "26894",
  "trabalho": "INFLUÊNCIA DA VARIAÇÃO SAZONAL NA COMPOSIÇÃO QUÍMICA QUALITATIVA DAS RAÍZES DE XANANA (TURNERA SUBULATA SM.)",
  "area": "CIÊNCIAS DA VIDA",
  "ano": "2016",
  "evento": "XXII - ENCONTRO DE INICIAÇÃO À PESQUISA ",
  "link": "http://uol.unifor.br/oul/conteudosite/?uuid=811E0B7FB265DABFD93155297DFE7AD9BFCA7A31",
  "conteudo": "XXII Encontro de Iniciação à Pesquisa\nUniversidade de Fortaleza\n17 à 21 de Outubro de 2016\nInfluência da Variação Sazonal na Composição Química Qualitativa das\nRaízes de Xanana (Turnera subulata Sm.)\nFabíola Pinheiro Pimentel1* (IC), Ticiana Meneses Soares1 (IC), Fabiana Pereira Soares2 (PQ).\n1. Universidade de Fortaleza – Curso de Farmácia.\n2. Universidade de Fortaleza – Curso de Farmácia.\n*fabiolapinheiropimentel@hotmail.com\nPalavras-chave: Turnera subulata. Fitoquímica. Raízes. Xanana.\nResumo\nO presente trabalho objetivou realizar um estudo fitoquímico preliminar das raízes de Xanana (Turnera\nsubulata Sm.), obtidas da mesma localidade, em quatro diferentes períodos do ano (amostras A, B, C e D),\na fim de avaliar a influencia da variação sazonal na composição em metabólitos secundários da planta. A\npesquisa se desenvolveu no Laboratório de Farmacognosia (UNIFOR) e se constituiu em uma triagem\nfitoquímica segundo a metodologia descrita por Matos (1997). A abordagem fitoquímica determinou a\npresença de saponinas, taninos, fenóis, bases quaternárias, cumarinas e alguns flavonoides nas quatro\namostras. Amostra A, coletada em março de 2015, destacou-se por ser a única em que a espécie\napresentou alcaloides e esteroides em sua composição. Assim, mesmo se tratando de uma análise\nqualitativa, há diferenças na composição química da planta conforme o período do ano. A presença de\nimportantes metabólitos secundários aponta esta planta como uma alternativa promissora para obtenção de\nfitofármacos e/ou fitoterápicos.\nIntrodução\nO gênero Turnera, família Turneraceae, têm apresentado várias atividades biológicas, destacando-se:\nantitumoral (SILVA, 2010), anti-inflamatória (ANTONIO; SOUZA BRITO, 1998), antimalárica (ANTOUN et al.,\n2001), anti-hiperglicêmica (ALARCON-AGUILARA et al.,1998), antiulcerativa (GRACIOSO et al., 2000) e\natividade antimicrobiana contra Mycobacterium fortuitum (ARANTES et al., 2005). Com relação à\ncomposição química, o gênero caracteriza-se pela presença de flavonoides, alcaloides, lipídios e\nterpenoides do grupo dos sesquiterpenos e monoterpenos (FERNANDES et al., 2014).\nTurnera subulata Sm, é uma herbácea conhecida no Nordeste brasileiro como xanana ou flor-do-guarujá.\nOcorre na caatinga, cerrado, Mata Atlântica e Amazônia (MAIA-SILVA et al., 2012). Na medicina popular,\nsuas raízes e partes aéreas são usadas contra tosse, gripe, bronquite, inflamações, amenorreias, problemas\nde próstata e câncer, e como diurético (AGRA; FREITAS; BARBOSA-FILHO, 2007; ALBUQUERQUE et al.,\n2007; MATOSb, 1997).\nEstudos realizados com a referida espécie revelaram que o óleo essencial de suas folhas possui atividade\nantibacteriana eficaz contra as cepas de Staphylococcus aureus, sendo composto por álcoois,\nmonoterpenos, sesquipertenos, hidrocarbonetos, ésteres, aldeidos e cetonas (FERNANDES et al., 2014).\nSegundo Gouveia et al. (2013), o extrato aquoso liofilizado das folhas possui atividade cicatrizante. Chai e\nWong (2012), após analisar o teor de fenóis totais, de flavonoides e atividade de eliminação de radicais livres\nde T. subulata, concluíram que o extrato aquoso da folha apresenta potencial antioxidante em relação ao\nextrato das raízes, flores, caules e frutos.\nConsiderando que as raízes possuem aplicações na medicina popular e que não há relatos de estudos\nquímicos com as mesmas, o presente trabalho objetivou realizar um estudo fitoquímico preliminar das raízes\nISSN 18088449 1de xanana (Turnera subulata Sm.) obtidas em diferentes períodos do ano, a fim de avaliar a influencia da\nvariação sazonal na composição em metabólitos secundários da planta.\nMetodologia\nMaterial vegetal\nAs raízes de T. subulata, oriundas de área residencial ecológica localizada em Eusébio – CE, foram\ncoletadas, em torno das nove horas (9 h) da manhã, em quatro períodos distintos: 20 de março (amostra A),\n20 de junho (amostra B), 30 de setembro (amostra C) e 30 de dezembro de 2015 (amostra D). Após cada\ncoleta, as raízes foram dessecadas em estufa de aquecimento a 40oC (48 horas) e armazenadas à\ntemperatura ambiente e protegidas da luz. A exsicata da planta foi identificada pelo Herbário Prisco Bezerra\nda Universidade Federal do Ceará (UFC), registrada sob o número 58001.\nAbordagem Fitoquímica\nFoi realizada segundo técnicas farmacognósticas descrita por Matosa (1997), com algumas modificações\nrelacionadas a volumes e tipos de reagentes e solventes orgânicos. Foram preparados extratos a 10%:\naquoso para pesquisa de saponinas, auronas, chalconas, taninos e fenois; aquoso ácido para pesquisa de\nalcaloides e bases quaternárias; hidroalcóolico para pesquisa de quinonas, antranóis e flavonoides; e\nclorofórmico para pesquisa de cumarinas, esteroides e triterpenoides.\nPesquisa de saponinas\nTransferiu-se para um tubo de ensaio 3,0 mL de extrato aquoso e agitou-se vigorosamente. Aguardou-se\npor 15 min.\nPesquisa de auronas e chalconas\nTransferiu-se 10,0 mL de extrato aquoso para um funil de separação e efetuou-se extração com 2,0 mL de\nacetato de etila (AcOEt), três vezes (3x). Em seguida dividiu-se a fração orgânica em dois béqueres.\nEvaporou-se até quase secura a fração de um dos béqueres e adicionou-se 1,0 mL de solução de hidróxido\nde amônio 4 N (NH OH 4 N). A outra fração orgânica foi reservada para servir de comparação.\n4\nPesquisa de taninos e fenóis\nTransferiu-se 10,0 mL de extrato aquoso para um funil de separação e efetuou-se extração com 2,0 mL de\néter etílico (3x). A fase etérea foi destinada ao teste para fenóis e a fase aquosa para taninos.\nTeste para fenóis\nEvaporou-se o solvente da fase etérea até metade de seu volume. Em seguida adicionou-se 0,5 mL de\netanol (EtOH) e duas gotas de solução de cloreto férrico a 1% (FeCl 1%).\n3\nTeste para taninos\nRetirou-se 1,0 mL da fase aquosa e transferiu-se para um tubo de ensaio. Adicionou-se duas gotas de FeCl\n3\n1%.\nPesquisa de alcaloides\nTransferiu-se 10,0 mL de extrato aquoso ácido para um funil de separação e efetuou-se extração com 2,0\nmL de clorofórmio (CHCl ) (2x). Após partição, desprezou-se a fase clorofórmica. A fase aquosa ácida foi\n3\nalcalinizada com 3,0 mL de NH OH SR e transferida novamente para o funil de separação. Efetuou-se\n4\nextração com 2,0 mL de CHCl (2x). Separou-se a fase clorofórmica e evaporou-se o solvente até a metade\n3\nde seu volume (a fase aquosa alcalinizada foi empregada na pesquisa de bases quaternárias). Acidificou-se\na fase clorofórmica com 4,0 mL de HCl 50% e separou-se a fase aquosa ácida que foi distribuída em três\nISSN 18088449 2tubos de ensaio (1,0 mL por tubo). A cada um dos tubos foram adicionadas cinco gotas dos reagentes:\nHager, Bertrand e Dragendorff.\nPesquisa de bases quaternárias\nAcidificou-se novamente a fase aquosa alcalinizada do teste anterior com aproximadamente 4,0 mL de HCl\n50%. A solução foi distribuída em três tubos de ensaio (1,0 mL por tubo). A cada um dos tubos foram\nadicionadas cinco gotas dos reagentes: Hager, Bertrand e Dragendorff.\nPesquisa de quinonas e antranóis\nEfetuou-se hidrólise de 10,0 mL de extrato hidroalcóolico com 0,5 mL de HCl R em chapa térmica por 5 min.\nApós esfriar, transferiu-se para funil de separação e efetuou-se extração com 2,0 mL de CHCl (2x).\n3\nSeparou-se a fase clorofórmica, evaporou-se o solvente até metade de seu volume e transferiu-se para um\ntubo de ensaio. Foi adicionado lentamente 1,0 mL de NH OH 6 N (teste para quinonas). Em seguida,\n4\nadicionou-se ao mesmo tubo de ensaio 1,0 mL de água oxigenada (H O ) (teste para antranóis).\n2 2\nPesquisa de antocianinas, antocianidinas e outros flavonoides\nDistribui-se em três tubos de ensaio 3,0 mL de extrato hidroalcóolico. Acidificou-se o tubo I até pH 3,0 com\nHCl SR; e alcalinizou-se os tubos II a pH 8,5 e III a pH 11,0 com solução de hidróxido de sódio (NaOH SR).\nO Quadro 1 apresenta os grupos de flavonoides que podem ser detectados com as mudanças de pH da\nsolução.\nQuadro 1 – Pesquisa de flavonoides frente a pH ácido e alcalino\nFlavonoides pH ácido pH alcalino (8,5) pH alcalino (11)\nAntocianinas e antocianidinas X X x\nFlavonas, flavonóis e xantonas - - x\nFlavononóis - - x\nx: composto reage ao pH do meio; -: composto não reage ao pH do meio.\nPesquisa de leucoantocianidinas, catequinas e flavononas\nUtilizou-se os tubos I e III do teste anterior e dividiu-se seus volumes em duas partes iguais (uma das partes\nserviu de referência). Submeteu-se a aquecimento durante dois a três minutos cada uma das metades dos\ntubos I e III, cuidadosamente. Observou-se o resultado após aproximadamente 10 min. O Quadro 2\napresenta os grupos de compostos que podem ser detectados nos tubos I (pH ácido) e III (pH alcalino).\nQuadro 2 – Pesquisa de leucoantocianidinas, catequinas e flavononas frente a pH ácido e alcalino\nConstituintes pH ácido pH alcalino\nLeucoantocianidinas x -\nCatequinas x -\nFlavononas - X\nx: composto reage ao pH do meio; -: composto não reage ao pH do meio.\nPesquisa de flavonóis, flavonas, flavononóis e xantonas\nTransferiu-se 2,0 mL de extrato hidroalcóolico para um tubo de ensaio. Adicionou-se ao tubo 0,5 mL de HCl\nR e um pedaço de fita de magnésio metálico.\nPesquisa de cardiotônicos\nA 2,0 mL de extrato hidroalcóolico adicionou-se 2,0 mL de solução de ácido 3,5-dinitrobenzóico, seguido da\nadição de solução de hidróxido de potássio (KOH) 2 N.\nPesquisa de cumarinas\nISSN 18088449 3Uma alíquota de extrato clorofórmico foi cromatografado em camada delgada com uma solução clorofórmica\nde cumarina a 1% (solução padrão). Após a eluição, a cromatoplaca foi revelada com solução etanólica de\nKOH a 5%, seguida de observação sob irradiação ultravioleta (UV – λ 366 nm).\nPesquisa de esteroides e triterpenoides\nUm volume de 10 mL de extrato clorofórmico foi concentrado em chapa térmica até aproximadamente 4,0\nmL e dividiu-se o volume final em dois tubos de ensaio (um serviu de referência). Adicionou-se 1,0 mL de\nanidrido acético e 2 gotas de ácido sulfúrico (H SO R) a um dos tubos (teste para triterpenoides e\n2 4\nesteroides).\nResultados e Discussão\nOs constituintes químicos identificados nos quatro períodos do ano podem ser observados na Tabela 1.\nTABELA 1. Resultados da abordagem fitoquímica das raízes de T. subulata Sm\nMetabólitos Secundários A B C D\nSaponinas + + + +\nTaninos + + + +\nFenóis + + + +\nAlcalóides + - - -\nBases Quaternárias + + + +\nQuinonas e Antranóis - - - -\nFlavonóides Antocianinas e Antocianidinas - - - -\nAuronas e Chalconas - - - -\nFlavonas, Flavonóis e Xantonas + + + +\nFlavononóis - - - -\nFlavononas + + + +\nCatequinas S S S S\nLeucoantocianidinas + + + +\nCumarinas + + + +\nEsteróides + - - -\nTriterpenóides - + + +\nCarduotônicos - - - -\n+ = Presença; - = Ausência; S = Suspeito.\nPelos resultados expressos na Tabela 1, observa-se que saponinas, taninos, fenóis, bases quaternárias,\nalguns flavonoides e cumarinas estão presentes nas quatro amostras coletadas em diferentes períodos do\nano, não havendo, pois, influência da sazonalidade na composição química qualitativa das raízes nos meses\nde junho, setembro e dezembro. No entanto, o mês de março se destacou por ser o único em que a espécie\napresentou alcaloides e esteroides em sua composição. Isso ocorreu, provavelmente, devido ao referido\nmês fazer parte do período chuvoso no Nordeste, o que pode ter influenciado na produção de metabólitos\nsecundários pela espécie (SILVA et al., 2011).\nNo estudo do perfil fitoquimico de T. ulmifolia foi observado a presença de alcaloide e esteroides (SANTOS\net al., 2010). A presença de alcaloides no gênero pode estar relacionada com o uso popular como diurético e\nantitussígeno (SIMÕES et al., 2003; MATOSb, 1997). Os esteroides são compostos bastante encontrados\nem diversas partes das plantas, havendo relatos de algumas ações biológicas como anti-inflamatório, anti-\ntumoral, antibacteriana decorrente da bioatividade de esteroides como estigmaesterol, sendo este\nISSN 18088449 4identificado nas partes aéreas de T. subulata (SANTOS; VICTOR, 2014; BRITO FILHO, 2011).\nSegundo Rabelo, Monteiro e Soares (2011), a abordagem fitoquimica das raízes de T. subulata coletadas no\nmês de dezembro de 2010 também revelou a presença de saponinas triterpenoidais, taninos, bases\nquaternárias e flavonoides (flavonas, flavonóis, xantonas e flavononas). Tais constituintes ocorreram nas\namostras A a D; no entanto, estas também apresentaram fenóis simples, cumarinas, triterpenoides e\nleucocianidinas.\nAs saponinas apresentam algumas atividades biológicas como inseticida, antibacteriana, antifúngica,\nhemolítica e anti-inflamatoria. Algumas dessas propriedades são devido a sua natureza anfipática (SIMÕES\net al., 2003; SPARG; LIGHT; STADEN, 2004). Em testes in vitro foram identificadas ação bactericida,\nfungicida, antiviral e antitumoral para os taninos. Os flavonoides fazem parte de um dos grupos fenólicos de\nmaior destaque dentre os produtos naturais, sendo responsáveis por ação anti-inflamatória, antimicrobiana,\nantioxidante, antiviral e antitumoral (SIMÕES et al., 2003). As propriedades relatadas justificam o uso na\nmedicina popular citado por Matosb (1997), Agra, Freitas e Barbosa-Filho (2007) e Albuquerque et al. (2007).\nConclusão\nAssim, mesmo se tratando de uma análise qualitativa, há diferenças na composição química da planta\nconforme o período do ano. A presença de importantes metabólitos secundários, como saponinas, taninos,\nfenóis, bases quaternárias, cumarinas e flavonoides, aponta esta planta como uma alternativa promissora\npara obtenção de fitofármacos e/ou fitoterápicos.\nReferências\nAGRA, M.F.; FREITAS, P.F.; BARBOSA-FILHO, J.M. Synopsis of the plants known as medicinal and\npoisonous in northeast of Brazil. Revista Brasileira de Farmacognosia, v. 17, n. 1, p. 114-140, 2007.\nALARCON-AGUILARA, F.J.; ROMAN-RAMOS, R.; PEREZ-GUTIERREZ, S.; AGUILAR-CONTRERAS, A.;\nCONTRERAS-WEBER, C.C.; FLORES-SAENZ, J.L. Study of the anti-hyperglycemic effect of plants used as\nantiabetics. Journal of Ethnopharmacology, México, v. 61, n. 2, p. 101-110, jun. 1998.\nALBUQUERQUE, U.P.; MEDEIROS, P.M.; ALMEIDA, A.L.S; MONTEIRO, J.M.; LINS NETO, E.M.F; MELO,\nJ.G.; SANTOS, J.P. Medicinal plants of the caatinga (semi-arid) vegetation of NE Brazil: A quatitative\napproach. Journal of Ethnopharmacology, v. 114, p. 325-354, 2007.\nANTONIO, M.A.; SOUZA BRITO, A.R.M. Oral anti-inflammatory and anti-ulcerogenic activities of a\nhydroalcoholic extract and partitioned fractions of Turnera ulmifolia (Turneraceae). Journal of\nEthnopharmacology, v. 61, p. 215-228, 1998.\nANTOUN, M.D.; RAMOS, Z.; VAZQUES, J.; OQUENDO, I.; PROCTOR, G.R.; GERENA, L.; FRANZBLAU,\nS.G. Evaluation of the flora of Puerto Rico for in vitro antiplasmodial and antimycobacterial activities.\nPhytotherapy Research, v. 15, p. 638-624, 2001.\nARANTES, V.P.; SATO, D.N.; VILEGAS, W.; SANTOS, L.C.; LEITE, C.Q.F. Plantas do cerrado brasileiro\ncom atividade contra Mycobacterium fortuitum. Revista de Ciências Farmacêuticas Básica e Aplicada, v.\n26, n. 3, p.195-198, 2005.\nBRITO FILHO, S.G. Feofitinas e esteróides glicosilados de Turnera subulata Sm. (Turneraceae). 2011.\n155 f. Dissertação (Mestrado) - Curso de Farmácia, Pós-graduação em Produtos naturais e Sintéticos\nBioativos, Universidade Federal da Paraíba, João Pessoa, 2011.\nCHAI, T.T.; WONG, F.C. Whole-plant profiling of total phenolic and flavonoid contentes antioxidant capacity\nand nitric oxide scavenging capacity of Turnera subulata. Journal of Medicinal Plants, Malaysia, v. 6, n. 9,\np. 1730-1735, mar. 2012.\nISSN 18088449 5FERNANDES, M.G.; GOMES, R.A.; BRITO-FILHO, S.G.; SILVA-FILHO, R.N.; AGRA, M.F.; FALCÃO-SILVA,\nV.S.; SIQUEIRA-JUNIOR, J.P.; VIEIRA, M.A.R.; MARQUES, M.O.M.; Souza, M.F.V. Characterization and\nanti-staphylococcal activity of the essential oil from Turnera subulata Sm. Revista Brasileira de Plantas\nMedicinais, Botucatu, v.16, n. 3, p. 534-538, jul./set. 2014.\nGOUVEIA, A.L.A.; SILVA, T.R.P.M.; SILVA, N.M.B.; MAGNATA, S.S.L.P. Análise da atividade cicatrizante da\nTurnera subulata. Resumos expandidos do I CONICBIO/ II CONABIO/ VI SIMCBIO, Universidade\nCatólica de Pernambuco, Recife, v. 2, nov. 2013.\nGRACIOSO, J.S.; VILEGAS, W.; BATOCCHIO, M.; NASSER, L.M.; CAMARGO, E.E.S.; TOMA, W.; PAULA,\nA.C.B.; HIRUMA-LIMA, C.A.; ALMEIDA, A.B.A.; SOUZA BRITO, A.R.M. Antiulcerogenic activity of different\nextracts obtained from Turnera diffusa L. and Turnera ulmifolia L., two plants utilized in Brazilian folk.\nPhytomedicine Supplements, v. 7, p. 72, 2000.\nMAIA-SILVA, C.; SILVA, C.I.; HMCIR, M.; QUEIROZ, R.T.; IMPERATRIZ-FONSECA, V.L. Guia de plantas:\nVisitadas por abelhas na caatinga. Fortaleza: Fundação Brasil Cidadão, 2012. 195 p.\nMATOSa, F. J. A. Introdução a Fitoquímica Experimental. 2.ed. Fortaleza: Edições UFC, 1997, 141 p.\nMATOSb, F. J. A. O Formulário Fitoterápico do Professor Dias da Rocha. Informações sobre o emprego\nna medicina caseira, de plantas do Nordeste, especialmente do Ceará. 2. ed. Fortaleza: EUFC, 1997, 260 p.\nRABELO, L.Q.; MONTEIRO, R.M.; SOARES, F.P. Avaliação da atividade antimicrobiana das raízes de\nTurnera subulata Sm. 2011. 11 f. Trabalho de Conclusão de Curso (Bacharelado) – Curso de Farmácia,\nUniversidade de Fortaleza, Fortaleza, 2011.\nSANTOS, M. Á. S.; VICTOR, M. M. Síntese de aminoderivados de esteroides com potencial atividade\nbiológica. In: 37 Reunião Anual da Sociedade Brasileira de Química, 2014, Natal. Reunião Anual da\nSociedade Brasileira de Química, 2014.\nSANTOS, N.C.; DIAS, C.N.; COUTINHO-MORAES, D.F.; VILANOVA, C.M.; GONÇALVES, J.R.S.; SOUZA,\nN.S.; ROSA, I.G. Toxicidade e avaliação de atividade moluscicida de folhas de Turnera ulmifolia L. Revista\nbrasileira de Biociências, Porto Alegre, v. 8, n. 4, p. 324-329, out./dez. 2010.\nSILVA, J.O. Avaliação das atividades anti-inflamatória, antitumoral e citotóxica de extratos brutos de\nTurnera ulmifolia L. 2010. 65 f. Dissertação (Mestrado) – Ciências Biológicas, Área de concentração:\nBiologia química para a saúde, Universidade Federal de Pernambuco, Recife, 2010.\nSILVA, V.P.R.; PEREIRA, E.R.R.; AZEVEDO, P.V.; SOUSA, F.A.S.; SOUSA, I.F. Análise da pluviometria e\ndias chuvosos na região Nordeste do Brasil. Revista Brasileira de Engenharia Agrícola e Ambiental, v.\n15, n. 2, p. 131–138, 2011.\nSIMÕES, C.M.O.; SCHENKEL, E.P.; GOSMANN, G.; MENTZ, L.A.; PETROVICK, P.R. Farmacognosia: da\nplanta ao medicamento. 5.ed., Porto Alegre/Florianópolis: UFRGS/UFSC, 2003.\nSPARG, S.G.; LIGHT, M.E.; STADEN, J. Biological activities and distribution of plants saponins. Journal of\nEthnopharmacology, v. 94, n. 2-3, p .219-243, 2004.\nAgradecimentos\nO presente trabalho foi realizado em cooperação acadêmica e científica na Universidade de Fortaleza.\nISSN 18088449 6"
}