{
  "id": "26893",
  "trabalho": "USO DE SIMULADOS COMO FERRAMENTA AUXILIAR NA QUESTÃO EMOCIONAL E COGNITIVA DOS ALUNOS DO MÓDULO DE DINÂMICA CELULAR",
  "area": "CIÊNCIAS DA VIDA",
  "ano": "2016",
  "evento": "XVI - ENCONTRO DE INICIAÇÃO À DOCÊNCIA",
  "link": "http://uol.unifor.br/oul/conteudosite/?uuid=278F61D76934C3B3EE201DBE59F7FC48E5739973",
  "conteudo": "XVI Encontro de Iniciação à Docência\nUniversidade de Fortaleza\n17 a 20 de outubro de 2016\nUso de Simulados como ferramenta auxiliar na questão emocional e\ncognitiva dos alunos do Módulo de Dinâmica Celular\nMessilyana de Oliveira Mesquita¹* (ID), Thainá Alves Lira² (ID), Heitor Carneiro dos Anjos³ (ID),\nHeliene Linhares Matos4 (PC), Carla do Couto Soares Maciel4 (PC), Creuza Maria Silveira de\nAraújo Farias4 (PO)\n1. Universidade de Fortaleza – Acadêmica do Curso de Nutrição, PROMON\n2. Universidade de Fortaleza – Acadêmica do Curso de Farmácia, PROMOV\n3.Universidade de Fortaleza – Acadêmico do Curso de Educação Física, PROMOV\n4. Universidade de Fortaleza – Núcleo Comum, Centro de Ciências da Saúde\nmessilyana@hotmail.com\nPalavras-chave: Metodologia. Cognição. Aprendizagem. Exercício de simulação. Inteligência emocional.\nResumo\nO presente trabalho teve como objetivo analisar se o uso de Simulados é uma boa\nferramenta ao auxílio do aprendizado e questão emocional dos alunos do Módulo de Dinâmica\nCelular. Foram elaborados Simulados voltados para os três tipos de provas aplicados: Teste\nCognitivo, prova prática e prova do Ciclo de Discussão de Problemas (CDP). Os simulados foram\naplicados presencialmente e um deles ocorreu Online. A fim de identificar sua percepção sobre a\nmetodologia, foi proposto aos discentes uma Pesquisa de Opinião, com o intuito de verificar um\npossível desconforto emocional como insegurança e ansiedade e uma melhora no aprendizado.\nContabilizados 58 alunos participantes de pelo menos um dos Simulados, constatou-se\numa melhora significativa na aprendizagem e/ou no ponto emocional. Considerado uma boa\nferramenta, o simulado contribuiu para melhor desempenho em relação ao aprendizado cognitivo,\naumento do grau de seguridade e capacitação melhorada dos alunos.\nIntrodução\nA Universidade de Fortaleza (UNIFOR) desde 2012 usa um projeto político pedagógico\nvoltado para o discente como sujeito da aprendizagem, apoiando-se no professor, que atuará\ncomo um auxiliador do processo educativo, utilizando a aprendizagem baseada em problemas e\norientada para a comunidade (UNIFOR, 2015).\nEm Dinâmica Celular os alunos aprendem a macroscopia e microscopia do corpo humano,\ndescrevendo o sistema reprodutor, digestório, hematopoiético e nervoso sensorial, relacionando-\nISSN 21755396 1os à doenças, além dos princípios de biologia molecular, bioquímica e mecanismos de defesa do\norganismo. Esta diversidade de conteúdos é vista por meio de diferentes estratégias de ensino-\naprendizagem: Conferências, que são aulas expositivas e debatidas para maior aprofundamento\ndos conteúdos estudados; Ciclo de Discussão de Problemas (CDPs), onde são debatidos casos\nque representam situações comuns envolvendo contextos de saúde; e Aulas Práticas onde são\ntrabalhadas estruturas que permitem uma melhor compreensão dos casos de CDP.\nPor se tratar de uma “disciplina” do 1º semestre e pela Unifor se utilizar de um modo de\naprendizagem mais dinâmico, o que diferencia de tudo o que viveram no ensino fundamental e\nmédio, muitos alunos se sentem inseguros e até mesmo temerosos sobre essa novidade, visto\nque já estarão em uma nova etapa que já é algo novo (universidade), fazendo-se necessária uma\nestratégia de ensino que os auxilie tanto na questão cognitiva quanto na questão emocional.\nPensando nessa possível dificuldade, o uso de simulados seria uma excelente estratégia a\nfim de diminuir a ansiedade, nervosismo, falta de confiança do aluno, além de ajudá-lo a fixar os\nassuntos e identificar limitações quanto aos assuntos estudados. Os simulados e exercícios\nproporcionam quatro papéis no processo de aprendizagem: a apropriação de um novo\nconhecimento; o reforço de uma informação já ensinada; a familiarização com o formato do teste,\ndiminuindo o nervosismo sobre o mesmo; e a identificação de limitações e dificuldades em relação\na determinados conteúdos (VIEIRA, 2014).\nAtualmente, o uso de simulados é usado de diversas formas a fim de conceder ao aluno\nnoções sobre como poderá ser uma prova ou até mesmo uma atividade. Tal fato pode ser visto\ncom a realização de simulados “on-line” do ENEM. Tal ação foi utilizada não somente com o\nintuito do estudante se familiarizar com a prova do ENEM, mas também para o mesmo identificar\nem qual conteúdo ele possui maior dificuldade e direcionar sua aprendizagem. De acordo com um\naluno entrevistado “O simulado nos ajuda a lidar com o tempo de prova e em saber como estamos\nindo. E nos mostra como nos adaptarmos ao estilo das provas, já que estamos acostumados com\no vestibular da UnB, não tanto com o Enem.” (CALCAGNO, 2013). Observa-se que o simulado é\nalgo positivo e que foi bem recebido pelo aluno, e que tal proposta pode se adequar na forma pela\nqual a Unifor expõe o conteúdo do módulo ao aluno. O simulado serviria para o mesmo se\nfamiliarizar quanto ao estilo de prova, já que cada metodologia tem uma abordagem diferente,\nreduzindo o nervosismo que poderia vir a ter, bem como para fixar os conteúdos.\nKandel (2009) afirma que a carga emocional, seja negativa ou positiva, influencia\ndiretamente na fixação da memória e que a intensidade que as pessoas vivem certos fatos ou o\ninteresse que dedicam a determinadas tarefas, assuntos, funções, contribuem para que o fato\npermaneça na memória de longo prazo. O autor ressalta que é necessário um treinamento\nconstante, contínuo, regular, seguido de momentos de descanso para que as informações possam\nse fixar nessa memória. Isto instrui quanto se pode aprender e como se pode ensinar.\nOutro ponto a ser considerado em relação à memória é a repetição. Segundo Izquierdo\n(2009) “a repetição reforça as memórias, provavelmente recrutando cada vez mais circuitosnervosos para reforçar o armazenamento”. Entende-se que o que faz com que as memórias se\nfixem é a atenção, concentração que se dá a determinada situação e o valor emocional colocado.\nPara Costa e Souza (2006), o trabalho educativo direcionado ao desenvolvimento da\nafetividade considera três aspectos: o emocional, o comportamental e o cognitivo. Por serem\nprocessos interdependentes, implicam na capacidade à identificação e expressão de sentimentos,\ncontrole de impulsos, adiamento de satisfações, e redução de tensões. Então, o uso de métodos\nque reduzam tensões e atentem ao controle emocional do indivíduo são bons meios de ensino.\nOs simulados são uma estratégia que pode ser usada a fim do aluno identificar\ndificuldades em determinado assunto, melhorar seu aprendizado, além da questão emocional,\ntendendo a diminuir qualquer tensão, ansiedade, nervosismo que possa interferir em seu\nrendimento. Diante do exposto, o presente trabalho teve como objetivo utilizar os simulados como\nferramenta auxiliar na cognição e na questão emocional dos alunos, sendo analisada uma\nPesquisa de Opinião, além de avaliar o desempenho dos mesmos no Módulo.\nMetodologia\nForam criados simulados de Conferência, CDP e Prática pelos monitores. Os de Teste\nCognitivo e Prática eram realizados aos sábados e os de CDPs nas segundas-feiras.\nFoi aplicado um Simulado de Teste Cognitivo para o 1º NP e 2º NP, visto que os testes\ncognitivos do módulo possuem vinte questões objetivas. O primeiro ocorreu online, pois no\nsábado em que iria ser aplicado foi feriado, sendo postado domingo, não havendo correção\npresencial. Com 10 questões objetivas referentes às conferências e CDPS estudados, foi aplicado\nutilizando um formulário eletrônico elaborado com o GoogleDocs® por ser um meio fácil de\nproduzir questões, aplicá-las e corrigi-las. O link foi disponibilizado no Facebook através do grupo\norganizado pelos monitores e que serviu de comunicação e auxílio aos alunos, estreitando a\nrelação. O gabarito ficou à disposição nos horários de estudo livre e Facebook, tendo o aluno o\nsuporte do monitor para retirar quaisquer dúvidas e esclarecer tópicos de maior dificuldade.\nPosteriormente, foi postado uma Pesquisa de Opinião também online. O segundo Simulado foi\nfeito no sábado anterior à prova do 2º NP (segunda-feira). No horário AB o Simulado foi aplicado\nprojetado, contendo 15 questões objetivas. No horário CD o simulado foi corrigido. Todas as\nquestões foram comentadas e discutidas, a fim de dirimir todas as dúvidas e diminuir a tensão dos\nalunos. Ao final, foi entregue uma pesquisa de opinião.\nForam aplicados 4 CDPs, sendo produzidas questões abertas baseadas nos assuntos\nabordados. O aluno era orientado sobre o modelo da prova e, posteriormente, realizava o\nsimulado, sentindo-se menos ansioso. O discente recebia a questão, tinha o prazo de 10 minutos\npara respondê-la e, por fim, o monitor corrigia e, logo em seguida o orientavam quantos aos erros\ne acertos e no que poderia melhorar, além de servir para ele organizar suas ideias no papel sem\ntanto nervosismo. Ao final da correção, era entregue uma pesquisa de opinião sobre a atividade.\nSobre as provas práticas, os alunos realizaram uma para o 1º NP e duas para o 2º NP. Os\nsimulados eram aplicados aos sábados anteriores às provas. Foi aplicado um simulado para o 1oNP, pois um dos sábados anteriores à prova foi feriado de São José e três para a 2o NP. Como a\nprova do 2o NP foi realizada em duas partes e cada parte em duas semanas, seriam quatro\nsimulados, mas o último coincidiu com a semana que antecedia o Teste cognitivo do 2º NP e os\nalunos optaram pelo Simulado do Teste Cognitivo. No horário AB era feita uma revisão por meio\nde slides com os conteúdos estudados e no CD o simulado era aplicado, com questões feitas\npelos monitores e uso de peças anatômicas e imagens histológicas, semelhante à prova prática, a\nfim de mostrar ao aluno um modelo aproximado da prova que a maioria desconhecia. O aluno era\nentão orientado sobre as regras da prova e, posteriormente, realizava o simulado, sentindo-se\nmenos ansioso. Depois de concluído, o monitor corrigia as questões com os alunos, passando de\nbancada em bancada, divulgando a resposta correta, além de dicas e mais informações sobre a\npeça ou imagem, a fim de fixar o que foi visto e corrigir os erros cometidos pelos discentes.\nAo final da correção foi feita uma Pesquisa de Opinião com o intuito de identificar a\npercepção discente sobre a metodologia. Nela foram feitas afirmações: Me sinto ansioso(a)\nquando estudo ou faço provas; Não consigo entender os conteúdos e isso me angustia e dificulta\nainda mais meu aprendizado; Consigo entender os conteúdos, mas na hora das provas acabo\nesquecendo algumas coisas que sabia; Acho que esta atividade me deixará menos\nansioso/nervoso(a); Esta atividade me deixou mais confiante; Esta atividade me ajudou a entender\ne/ou fixar o conteúdo; As explicações me ajudaram a tirar dúvidas; Esta atividade me fez perceber\nem que assuntos/tópicos preciso melhorar; Tenho interesse em continuar participando de\natividades como esta. Os alunos teriam que marcar uma das opções: concordo totalmente;\nconcordo parcialmente; nem concordo nem discordo; discordo parcialmente; discordo totalmente.\nDepois de realizadas todas as avaliações, as respostas das pesquisas de Opinião foram\ncontabilizadas e analisadas, visando perceber as questões emocionais e cognitivas do aluno, pois\nas afirmações foram formuladas com o objetivo de perceber se o aluno tem algum sentimento\nnegativo ao realizar uma prova e se ele acha que o simulado o ajudou de alguma forma, bem\ncomo verificar seu rendimento a fim de saber se o simulado de fato os auxiliou, como afirmam.\nResultados e Discussão\nForam analisados os resultados da Pesquisa de Opinião. Depois de analisadas, são\nexpostos os maiores resultados e os mais relevantes.\nNo que tange ao Simulado de Teste Cognitivo online da 1ª NP, 49 alunos responderam o\nsimulado, mas apenas 22 deles fizeram a Pesquisa de Opinião online. Desses, 63,6% concordam\ntotalmente que se sentem ansiosos quando estudam ou fazem provas; 68,2% concordam\ntotalmente que esta atividade os ajudou a entender e/ou fixar os conteúdos, 86,4% concordam\ntotalmente que a atividade os fez perceber em que assuntos/tópicos precisam melhorar e 90,9%\nconcordam totalmente que tem interesse em continuar participando de atividades como esta.\nPara a 2ª NP, os percentuais foram mais satisfatórios. De 31 alunos, 74,2% concordam\ntotalmente que esta atividade os deixará menos ansiosos/nervosos; 83,9% concordam totalmente\nque isto os deixou mais confiantes; 74,2% concordam totalmente que os ajudou a entender e/oufixar os conteúdos e 83,9% que as explicações ajudaram a tirar dúvidas. Percebe-se que os\nalunos preferiram o Simulado presencial, pois puderam esclarecer dúvidas na correção, elevando\nos percentuais sobre a questão da ansiedade, confiança e ajuda na resolução de dúvidas.\nEm relação aos Simulados de GP, apenas 7 alunos participaram, pois a maioria ia em\nbuscas de revisão das aulas práticas e retirar dúvidas. Desses, 85,7% concordam totalmente que\nse sentem ansiosos quando estudam ou fazem provas; 71,4% concordam totalmente que esta\natividade os deixou mais confiantes, 100% concordam totalmente que esta atividade os ajudou a\nentender e/ou fixar os conteúdos e que tem interesse em continuar participando de atividades\ncomo esta. De 6, 66,7% concordam totalmente que esta atividade os deixará menos\nansiosos/nervosos e 100% concordam totalmente que as explicações ajudaram a tirar dúvidas.\nMesmo sendo poucos alunos, percebemos que os principais resultados foram satisfatórios, pois a\nmaioria concorda que está mais confiante e que a atividade os ajudou a fixar conteúdos.\nSobre as práticas, na 1ª NP, dia 12 de março, ainda não havia se pensado na Pesquisa de\nOpinião, que foi feita a partir da 2ª NP-1ª parte. Depois de criada, aplicou-se a Pesquisa Online,\nsendo postada no Facebook para que os alunos que participaram respondessem. Nem todos\nresponderam, obtendo 11 respostas. Desses, 81,8% concordam totalmente que a atividade os\ndeixará menos ansiosos/nervosos e que os deixou mais confiantes, 100% concordam totalmente\nque a atividade os ajudou a entender e/ou fixar o conteúdo, que as explicações ajudaram a tirar\ndúvidas e tem interesse em continuar participando de atividades como esta e 90,9% concordam\ntotalmente que os fizeram perceber em que assuntos/tópicos precisam melhorar.\nNa 2ª NP-1ª Parte do dia 09 de abril, a Pesquisa de Opinião também foi on-line, visto que\n6 alunos responderam, mas 15 participaram. Desses, 83,3% concordam totalmente que se\nsentem ansiosos quando estudam ou fazem provas, que esta atividade os deixará menos\nnervosos/ansiosos e mais confiantes e os fez perceber em que assuntos/tópicos precisam\nmelhorar e 100% concordam totalmente que esta atividade os ajudou a entender e/ou fixar os\nconteúdos, tirar dúvidas e têm interesse em continuar participando de atividades como esta.\nEm relação à 2º NP-1ª Parte do dia 16 de abril, a procura por parte dos alunos foi maior,\ntotalizando 18. Desses, 72,2% concordam totalmente que se sentem ansiosos quando estudam\nou fazem provas, 83,3% concordam totalmente que esta atividade os deixará menos\nnervosos/ansiosos; 77,8% concordam totalmente que esta atividade os deixou mais confiantes;\n88,9% concordam totalmente que isso os ajudou a entender e/ou fixar os conteúdos e perceber\nque tópicos precisam melhorar e 100% concordam totalmente que as explicações os ajudaram a\ntirar dúvidas e têm interesse em continuar participando de atividades como esta. Conclui-se que o\nsimulado serviu ao que pretendíamos na questão da confiança do aluno em si e no\nesclarecimento de assuntos, além de todos serem unânimes na resposta sobre ter interesse em\ncontinuar participando de atividades como esta, demonstrando que tal metodologia foi bem aceita.\nNo simulado da 2ª NP-2ª Parte, 5 alunos participaram. Desses, 100% concordam\ntotalmente que a atividade os deixará menos ansiosos/nervosos, os deixou mais confiante, osajudou a entender e/ou fixar conteúdo, que as explicações ajudaram a tirar dúvidas e tem\ninteresse em continuar participando de atividades como esta; e 80% concordam totalmente que o\nsimulado os fez perceber em que assuntos/tópicos precisam melhorar. Nota-se que o simulado foi\nbem aceito, garantindo o proposto: mais confiança, resolução de dúvidas e fixação de conteúdo.\nForam analisadas as notas dos alunos que realizaram qualquer um dos simulados,\ntotalizando 58. Desses, 36,2% tiraram 8 a 10 na média da 1ª NP e 62,1% na 2ª; 53,4% entre 4 e\n7,9 na 1ª NP e 36,2% na 2ª; 10,3% menos que 4 na 1ª NP e 1,7% na 2ª. Nota-se claramente uma\ngrande melhora nos percentuais da 1ª NP para a 2ªNP, havendo uma diminuição do número de\ndiscentes que tiraram entre 4 e 7,9 e menos que 4 na média e aumento dos que tiraram entre 8 e\n10. Conclui-se que os simulados serviram na questão emocional por diminuir nervosismo,\nansiedade e aumentar a confiança da maioria dos alunos, além da melhora das notas, ajudando\nno aprendizado e fixação de conteúdos, constatando assim que os Simulados são uma boa\nferramenta de melhora emocional e aprendizagem.\nConclusão\nDiante do exposto, foi possível analisar a questão emocional dos discentes ao lidar com\nprovas e testes, bem como sua aprendizagem e a influência dos simulados no que se refere aos\nassuntos estudados. Os dados puderam ser detectados pelos próprios alunos ao realizar os\nsimulados e responder à Pesquisa de Opinião, quanto pelos monitores e docentes por meio das\nanálises do percentual de respostas e notas dos alunos na 1ª e 2ª NP. Tal diagnóstico fornece\ninformações valiosas no sentido de buscar estratégias que desenvolvam no aluno um maior\ncontrole sobre suas emoções, mais confiança em si mesmo e a capacidade de analisar em quais\nassuntos/tópicos precisa melhorar para atingir os resultados almejados. O uso dos simulados foi\nconsiderado pela maioria dos discentes uma boa ferramenta, que contribuiu para melhor\ncompreensão dos conteúdos e detecção das lacunas de aprendizagem, além de deixá-los mais\nseguros, menos nervosos e mais capacitados.\nReferências\nCALCAGNO, Luiz. Enem: simulado ajuda o candidato direcionar a aprendizagem, 2013.\nDisponível em:\n<http://www.correiobraziliense.com.br/app/noticia/cidades/2013/10/02/interna_cidadesdf,391232/e\nnem-simulado-ajuda-o-candidato-direcionar-a-aprendizagem.shtml>. Acesso em: 21 abr. 2016\nKANDEL, E. R. Em busca da memória: o nascimento de uma nova ciência da mente. Trad: Rejane\nRubino. São Paulo: Companhia das Letras, 2009.\nCOSTA, Keyla Soares da; SOUZA, Keila Melo de. O aspecto sócio-afetivo no processo ensino-\naprendizagem na visão de Pia-get, Vygotsky e Wallon, 2006. Disponível em:<http:/\nwww.educacaoonline.pro.br/art_o_aspecto_socio-afetivo.asp?f_id_artigo=549>. Acesso em: 15\nabr. 2016.\nIZQUIERDO, I. Questões sobre memória. São Leopoldo: Unissinos, 2009.\nUNIFOR. Universidade de Fortaleza. Disponível em: <www.unifor.br>. Acesso em: 20 abr. 2016.\nVIEIRA, Thomaz. A importância do simulado no processo de aprendizagem, 2014. Disponível em:\n<http://www.folhape.com.br/blogdosconcursos/?p=35261>. Acesso em: 20 abr. 2016."
}