{
  "id": "26905",
  "trabalho": "O CONHECIMENTO DE PROFISSIONAIS DE SAÚDE DA ATENÇÃO BÁSICA SOBRE O PROGRAMA DE VITAMINA A.",
  "area": "CIÊNCIAS DA VIDA",
  "ano": "2016",
  "evento": "XXII - ENCONTRO DE INICIAÇÃO À PESQUISA ",
  "link": "http://uol.unifor.br/oul/conteudosite/?uuid=12955D82DB7912D7180045ADE170D73D3CB79C80",
  "conteudo": "XXII Encontro de Iniciação à Pesquisa\nUniversidade de Fortaleza\n17 à 21 de Outubro de 2016\nConhecimento de Profissionais de Saúde da Atenção Básica sobre o\nPrograma de Vitamina A.\nBrenda Girão Rodrigues ¹*(IC), Erika Rodrigues Vieira da Silva¹(IC), Michely Lima Brilhante, Rayanne\nRabelo Fernandes¹(IC),Claudia Machado Coelho Souza de Vasconcelos²(PQ), Paula Maria Cals Theophilo\nMaciel²(PQ)\n1. Universidade de Fortaleza – Curso Nutrição\n2. Universidade de Fortaleza – Professor (a) - Curso de Nutrição - Orientadora\nbrendagr91@hotmail.com\nPalavras-chave: Vitamina A. Deficiência de vitamina A. Profissionais de saúde.\nResumo .\nO presente estudo teve o objetivo de investigar o conhecimento e prática de profissionais da atenção básica\nsobre o Programa Nacional de Suplementação de Vitamina A (PNVITA). Trata-se de um estudo transversal,\ndescritivo de natureza quantitativa desenvolvido no período de maio a junho de 2016 com os profissionais\nde saúde atuantes em uma Unidade de Atenção Primaria à Saúde (UAPS) do município de Fortaleza. A\ncoleta de dados ocorreu por meio de questionário semi-estruturado respondido pela amostra. O presente\nestudo observou-se que 90% dos profissionais conheciam o PNVITA, embora se perceba que há a distância\npor parte de alguns profissionais que não se encontram ativamente próximos do programa, como no caso\ndos ASB e dentista. Portanto, se faz necessário o esclarecimento para os profissionais de saúde,\nressaltando alguns pontos relevantes no diz respeito ao programa nacional de suplementação da vitamina\nA, apresentando suas características, objetivos e metas, para que dessa forma seja reforçado os\nconhecimentos.\nIntrodução .\nAs vitaminas são componentes essenciais à saúde e nutrição adequadas. Embora presente em\nalguns alimentos de origem animal e vegetal ainda encontram deficiências de micronutrientes em alguns\ngrupos populacionais, constituindo-se problema de saúde pública no Brasil e em outros países. A carência\nnutricional com maior relevância é a deficiência de vitamina A (DVA) (GALLAGHER, 2005; BRASIL, 2008).\nA DVA é uma carência nutricional com prevalência em países em desenvolvimento. Segundo a\nOrganização Mundial da Saúde (OMS), a DVA afeta cerca de 19 milhões de gestantes e 190 milhões de\ncrianças em idade pré-escolar, sendo a sua grande maioria a África do Sul e Sudeste da Ásia. Em regiões\nonde a DVA é um problema de saúde pública, a suplementação da mesma é recomendada, principalmente\npara bebês e crianças de 6-59 meses de vida como forma de intervenção pública com o intuito de reduzir a\nmorbimortalidade infantil (OMS, 2013).\nSegundo a Pesquisa Nacional de Demografia e Saúde da Criança e da mulher (PNDS) com relação\naos níveis de vitamina A, foi analisado que 17,4% das crianças menores de cinco anos e 12,3% das\nmulheres apresentavam inadequações desse micronutriente. Em crianças, as maiores prevalências da DVA\nforam encontradas no Nordeste (19,0%) e Sudeste (21,6%) do País, sendo estatisticamente significante adiferença dessas prevalências em relação às das daquelas regiões Norte, Centro-Oeste e Sul (PNDS,\n2006).\nAlém de diminuir a morbidade e mortalidade infantil, a vitamina A atua no processo visual, no\ndesenvolvimento e na manutenção do tecido epitelial, na diferenciação celular de tecidos e órgãos e na\nmanutenção da imunocompetência (GALLAGHER, 2005). Diante de todas essas funções, a carência dessa\nvitamina pode causar conseqüência severa, como, por exemplo, a xeroftalmia, que é a diminuição da\nsensibilidade à luz, podendo chegar à cegueira parcial ou total, sendo muitas vezes irreversível (RAMALHO,\n2010).\nO Programa Nacional de Suplementação de Vitamina A (PNVITA), instituído pela Portaria 729, de\n13 de maio de 2005, do Ministério da Saúde, tem como objetivo reduzir e controlar a DVA em crianças de 6\na 59 meses de idade e puérperas e pós-parto imediato. A distribuição da suplementação da vitamina para\ncrianças deverá ocorrer nas Unidades de Saúde e para puérperas no pós-parto imediato será antes da alta\nhospitalar (BRASIL, 2013).\nO programa ainda estabelece ações para o combate da DVA, como a realização de atividades\nbásicas de saúde e ações educativas em alimentação e nutrição, para que a população entenda a\nimportância de consumir alimentos fonte de vitamina A e também para que reconheçam a DVA como\nproblema de saúde pública. Além disso, o programa prevê a realização de ações de estímulo para que os\npais suplementem suas crianças. Outra proposta do programa é capacitar os profissionais de saúde para\noperacionalização da suplementação e avaliação do impacto e desempenho do mesmo (BRASIL, 2005).\nNesse sentido, tratando-se a DVA como problema de saúde pública que exige prevenção e controle\npelas consequências causadas nos grupos vulneráveis (crianças, gravidas e nutrizes), este estudo teve o\nobjetivo de investigar o conhecimento e prática de profissionais da atenção básica sobre o PNVITA.\nMetodologia .\nTrata-se de um estudo transversal, descritivo de natureza quantitativa desenvolvido no período de\nmaio a junho de 2016 com os profissionais de saúde atuantes em uma Unidade de Atenção Primaria à\nSaúde (UAPS) do município de fortaleza, cuja população adscrita é de 13.500 habitantes.\nA coleta de dados ocorreu por meio de entrevista utilizando questionário semi-\nestruturado com dados relacionados ao profissional (tempo de atuação na estratégia saúde da família) e ao\nconhecimento sobre o PNVITA (público-alvo, estratégias propostas, cobertura, alimentos fontes e principais\nconsequências da carência de vitamina A.\nA população envolveu profissionais de saúde da mencionada UAPS. Para compor a amostra, os\ncritérios de inclusão foram: ter mais de cinco anos de experiência na estratégia saúde da família (ESF). O\nnão atendimento aos critérios de inclusão configurará exclusão do estudo. Os dados foram analisados\nutilizando-se estatística descritiva com uso de média, frequência e percentual.\nResultados e Discussão .\nParticiparam do estudo 20 profissionais de saúde, sendo enfermeiros (03), técnicos de enfermagem\n(04), agentes comunitários de saúde (ACS) (08), auxiliar de saúde bucal (ASB) (03), dentista (01) e técnica\nde farmácia (01). A média de tempo de trabalho na ESF foi de 11 anos.No que concerne ao conhecimento do Programa Nacional de Suplementação de Vitamina A\n(PNVITA) os profissionais em sua grande maioria mostrou conhecer bem o programa, como se revela nos\nresultados. Do total de profissionais, 90% referiram conhecer o PNVITA. Destes, os que mais conheciam\neram os ACS (100%), seguidos dos técnicos de enfermagem (75%) e enfermeiros (60%) e 80% dos ASB,\ndentista e técnica de farmácia. Dos que afirmaram não conhecer o programa, foram 25% dos técnicos de\nenfermagem e 20% dos ASB, dentista e técnica de farmácia. Os profissionais que não conheciam o\nprograma totalizaram 10%.\nNão foram encontrados outros estudos com profissionais de saúde, mas no estudo de Almeida et al.\n(2010), que avaliou o conhecimento do programa da vitamina A dos responsáveis das crianças\nsuplementadas, mostrou-se que mais da metade deles (56,5%) referiu não conhecer ou ter ouvido falar do\nPNVITA. Portanto, verifica-se que existe um desconhecimento do programa por um percentual significativo\ntanto de profissionais como de responsáveis das crianças. O desconhecimento por parte dos profissionais\nde saúde é preocupante tendo em vista que eles devem informar a população sobre o PNVITA.\nEm relação ao público que deve receber a suplementação de vitamina A e a sua periodicidade,\nobservou-se neste estudo que somente a maioria das técnicas de enfermagem e as enfermeiras sabiam\ncom precisão quem poderia receber a suplementação e sua periodicidade. Das técnicas e as enfermeiras\nentrevistadas 75% e 40% afirmaram ser as crianças de seis meses a cinco anos que devem receber a\nsuplementação. Em relação à periodicidade, 25% e 60% delas afirmaram ser de seis em seis meses,\nrespectivamente. Dos ACS somente 12,5% respondeu a periodicidade, mas de uma maneira equivocada.\nOs ASB, o dentista e a técnica de farmácia não souberam informar a periodicidade.\nEmbora esses resultados sejam significativos, ainda se esperava que todos os profissionais\nadministradores da suplementação (técnicos de enfermagem) estivessem cientes do fornecimento a cada\nseis meses, o que revela um fato negativo, pois 75% das técnicas de enfermagem não souberam responder\na periodicidade, tendo em vista que os mesmos são os profissionais responsáveis pela aplicação da\nsuplementação de vitamina A nas crianças. O Ministério da Saúde afirma que a suplementação com\nmegadose da vitamina A deve ser feita a cada seis meses, com o intervalo de quatro em quatro meses\nsendo um intervalo seguro da administração (BRASIL, 2004).\nQuanto aos registros dos suplementos administrados, 80% dos profissionais referiu que a\nsuplementação de vitamina A, são registrados no cartão de vacina das crianças e no mapa diário da\nunidade, porém 20% dos profissionais não referiram nenhuma das respostas anteriores.\nSegundo o Ministério da Saúde, os registros devem ser feitos no mapa diário de administração da\nvitamina A para que se possa ter um controle de quantas crianças estão recebendo a megadose da\nvitamina, devendo no final do dia ou da semana ser constatado o número de doses administradas para cada\ngrupo, bem como as doses perdidas (BRASIL, 2004). O que no presente estudo apresenta um numero\nmuito pequeno, partindo ser uma recomendação do ministério da saúde.\nSobre o funcionamento do PNVITA na unidade, 70% dos profissionais de saúde disseram que o\nprograma funciona adequadamente. Destes, 62,5% dos ACS responderam que o programa não funciona\nadequadamente na unidade, sendo que 100% das técnicas de enfermagem e 60% das enfermeiras\nrelataram que sim, o que configurou inconsistência de informação entre os diferentes profissionais da\nUAPS.O não funcionamento do programa segundo os ACS ocorre devido à falta de cobertura, mostrando\nque essa cobertura da suplementação da vitamina A chega a somente 85% e isso se dá como principal\nfator a falta da suplementação da vitamina A na unidade.\nVale ressaltar que o ministério da saúde destaca a necessidade de informações a coordenação\nestadual sobre os estoques de vitamina A na unidade, informando se os mesmos estão em quantidade\nsuficiente ou excedendo as necessidades de um município, para que possa haver o manejo dessas\nvitaminas para outro município que necessite ou quando os estoques estiverem faltando, fazendo\nsolicitação, em tempo hábil, tudo isso para que o programa não perca sua descontinuidade (BRASIL, 2005).\nQuanto às estratégias que a unidade estabeleceu para distribuir a suplementação de vitamina A,\n50% das técnicas de enfermagem responderam que são por meio da orientação as mães. Das enfermeiras,\n40% referiram ser nas campanhas de vacina e nos atendimentos do programa bolsa família e 60% delas\ntambém divulgam nos atendimentos de puericultura por meio da verificação no cartão de vacina. Entre os\nACS 75% realizam orientação sobre o PNVITA na visita domiciliar, em que é verificado o cartão da criança,\nse há registro da suplementação e é reforçada a importância da suplementação da vitamina A.\nNo estudo de Paiva et al. (2011) foi visto que além dos registros da suplementação da vitamina A na\ncaderneta da criança, para se obter uma melhor adesão das famílias e melhorar a cobertura é valido a\norientação verbal a população no momento da aplicação, explicando e reforçando a data da próxima dose,\ncomo forma de divulgação do programa. No presente estudo 20% das técnicas de enfermagem não\nreferiram registrar a suplementação de vitamina A no mapa diário, o que é preocupante, sabendo que são\nos profissionais administradores da suplementação.\nRessaltando sobre as principais consequências da carência de vitamina A durante a infância, 80%\ndos profissionais afirmaram que a cegueira noturna e a imunocompetência são os principais resultados da\ncarência da vitamina A e apenas 20% não souberam responder.\nSegundo os resultados observados anteriormente pode-se perceber que o conhecimento das\nprincipais consequências da carência da vitamina A é nítido pelos profissionais, pois eles relatam que um\ndos principais sinais de deficiência de vitamina A (DVA) é a visão prejudicada pelo comprometimento dos\npigmentos visuais, manifestando-se pela cegueira noturna. Além disso, como citado pelos profissionais a\nDVA também causa imunocompetência, levando ao aumento de infecções, o que está coerente com a\nliteratura (MAHAN & ESCOTT-ESTUMP, 2002).\nAinda sobre o conhecimento dos profissionais sobre a suplementação, também foi investigado\nsobre os alimentos fontes de vitamina A, sendo que 25% dos ACS afirmaram não se lembrar desses\nalimentos, mas 50% responderam ser alimentos fontes de vitamina A, fígado e cenoura. Já as técnicas de\nenfermagem 75% afirmaram ser, ovo, fígado, cenoura, manga, tomate e pimentão. As enfermeiras 40%\nrelataram que os alimentos fontes de vitamina A são a cenoura, manga e mamão. E os ASB, dentista e\ntécnica de farmácia 40% referiram ser fígado, cenoura, batata doce, pimentão e tomate.\nPercebe-se um conhecimento significativo dos profissionais de saúde sobre os alimentos fontes de\nvitamina A, entretanto, apesar desse resultado positivo, segundo a Pesquisa de Orçamentos Familiares\n(POF 2008-2009) a inadequação da vitamina A é muito alta em todas as regiões do país e que tudo isso é\nrefletivo no baixo consumo de alimentos fontes de vitamina A, o que reforça a importância da profilaxia da\nsuplementação da vitamina e que, além disso, se faz necessário que os profissionais de saúde orientem as\nfamílias a aumentar o consumo dos alimentos fontes (BRASIL, 2013).Conclusão .\nO presente estudo revelou um conhecimento positivo por partes dos profissionais de saúde sobre\no programa nacional de suplementação da vitamina A, embora se perceba que há a distância por parte de\nalguns profissionais que não se encontram ativamente próximos do programa. Portanto, se faz necessário o\nesclarecimento para os profissionais de saúde, ressaltando alguns pontos relevantes no diz respeito ao\nprograma nacional de suplementação da vitamina A, apresentando suas características, objetivos e metas,\npara que dessa forma seja reforçado os conhecimentos que devido à inovações e mudanças no âmbito da\nsaúde, possam vim a ser esquecidos, juntamente com essa apresentação positiva do programa, que os\nprofissionais tomem conhecimento, para que ocorra de maneira eficaz a fim de alcançar as propostas do\nprograma.\nReferências .\nALMEIDA, E.R; CARVALHO, A.T; NILSON, E.A.F; COUTINHO, J.G; UBARANA, J.A. Avaliação participativa\ndo programa nacional de suplementação de vitamina A em um município da Região do Nordeste do Brasil.\nCad. Saúde Publica, v. 26, n. 5, p. 949-960, Rio de Janeiro, Maio, 2010.\nBRASIL, Ministério da Saúde. Departamento da Atenção Básica. Manuais de Condutas Gerais do Programa\nNacional de Suplementação de Vitamina A. Brasília: Ministério da Saúde, 2013.\nBRASIL, Ministério da Saúde. Departamento de Atenção Básica. Vitamina A Mais: programa nacional de\nsuplementação de vitamina A: condutas gerais. Brasília: Ministério da Saúde; 2004. (Série A. Normas e\nmanuais técnicos).\nBRASIL, Ministério da Saúde. Portaria nº 729, de 13 de maio de 2005. Instituio o Programa Nacional de\nSuplementação de Vitamina A e dás outras providencias. Brasília: Diário Oficial da União da Republica\nFederativa do Brasil, 2013.\nBRASIL. Ministério da Saúde. Secretaria de Atenção à Saúde. Departamento de Atenção Básica. Guia\nalimentar para a população brasileira: promovendo a alimentação saudável. Brasília: Ministério da\nSaúde, 2008. 210 p. (Série A. Normas e Manuais Técnicos).\nBrasil. Ministério da Saúde. Pesquisa Nacional de Demografia e Saúde da Criança e da Mulher – PNDS\n2006: dimensões do processo reprodutivo e da saúde da criança/ Ministério da Saúde, Centro\nBrasileiro de Análise e Planejamento. – Brasília : Ministério da Saúde, 2009. 300 p. : il. – (Série G.\nEstatística e Informação em Saúde).\nGALLAGHER, M. L. Vitaminas. In: MAHAN, L. K., ESCOTT-STUMP, S. Krause: alimentos, nutrição &\ndietoterapia. 11. ed. São Paulo: Roca, 2005. p. 72-114.\nMAHAN, L.K; ESCOTT-ESTUMP, S. Krause alimentos, nutrição & dietoterapia. 10º edição. São Paulo:\nRoca, p .65-72, 2002.\nOMS. Diretriz: Suplementação de vitamina A em bebês e crianças de 6-59 meses de vida. Genebra,\nOrganização Mundial da Saúde, 2013.PAIVA, A.Z; CAGLIARI, M.P.P; QUEIROZ, D; SOUTO, R.A; BRITO, V.R.S; FRANÇA, I.R.X. Programa\nNacional de Suplementação de Vitamina A no Estado da Paraíba: uma analise a parti do relato de\nprofissionais da Equipe de Saúde da Família. Epidemiol. Serv. Saúde, v.20, n.3, p. 373-383, Brasília, jun-\nset, 2011.\nRAMALHO, A. Funções Reconhecidas Plenamente de Nutriente: Vitamina A. v.4. São Paulo: ILSI Brasil\nInternational Life Sciences Institute do Brasil, 2010.\nAgradecimentos .\nAgradecemos a Unidade Primaria de Saúde pela oportunidade da realização do trabalho, aos profissionais\nde saúde que contribuíram com a participação no estudo e as professoras orientadoras que acolheram a\nideia do trabalho e que colaboraram com sua disponibilidade."
}