{
  "id": "26916",
  "trabalho": "A ATUAÇÃO DO PSICÓLOGO NA ATENÇÃO PRIMÁRIA DE SAÚDE",
  "area": "CIÊNCIAS DA VIDA",
  "ano": "2016",
  "evento": "XXII - ENCONTRO DE INICIAÇÃO À PESQUISA ",
  "link": "http://uol.unifor.br/oul/conteudosite/?uuid=1558B00FA4B8B545EE947030F6249F54C769B229",
  "conteudo": "XXII Encontro de Iniciação à Pesquisa\nUniversidade de Fortaleza\n17 à 21 de Outubro de 2016\nA ATUAÇÃO DO PSICÓLOGO NA ATENÇÃO PRIMÁRIA DE SAÚDE\nLuiza Valeska de Mesquita Martins¹, Tallys Newton Fernandes de Matos², Ana Maria Fontenelle\nCatrib3.\n1. Universidade de Fortaleza – PIBIC-CNPQ.\n2. Universidade de Fortaleza – Mestrando em Saúde Coletiva.\n3. Universidade de Fortaleza – Professora de pós-graduação em Saúde Coletiva.\nvaleskamesquita@hotmail.com\ntallysnfm@gmail.com\nPalavras-chave: Atenção. Psicólogo. Saúde.\nResumo\nO Sistema Único de Sáude (SUS), vigente em nosso país nos traz um leque de princípios e\ndiretrizes a serem seguidos tanto pelo usuário quanto pelo profissional de saúde, porém, muitas vezes isso\nse torna inviável pela discrepância que há entre teoria e prática. Assim, um sistema que deveria oferecer um\nserviço de atenção primária interdisciplinar que contribuísse para que a saúde fosse acessível á todos, se\nmostra bastante ineficiente em alguns aspectos. Diante disso, o objetivo geral desse trabalho foi investigar a\natuação do profissional de psicologia na atenção primária, identificando determinantes relacionadas à sua\natuação. Para isso, utilizamos pesquisa exploratória, recorte de materiais em formato de artigos e livros,\nalém de entrevistas com quatro profissionais da área, que trouxeram aspectos importantes e dificultosos\npara um bom funcionamento do sistema. O que nos possibilitou compreender que a configuração das\npolíticas de saúde não favorecem a efetivação de uma atuação do psicólogo condizente com as demandas,\nfavorecendo para uma ausência desses profissionais nas unidades de saúde.\nIntrodução\nO conceito de saúde tem mudado radicalmente nos últimos anos, há pouco tempo significava\napenas a ausência de doença, porém foi identificado que não apresentar nenhuma doença física não\nsignificava ser saudável (MEDEIROS, 2005). A Organização Mundial da Saúde (OMS) define a saúde como\nsendo o estado de completo bem-estar físico, mental e social (SCLIAR, 2007). Assim, saúde reflete a\nconjuntura social, econômica, política e cultural.\nMedeiros (2005) afirma que saúde pode estar ligada às políticas públicas objetivando uma questão\nplural e biopsicossocial, portanto para definir saúde pode-se pensar em uma normalidade. A princípio,\nquando se fala em “normal”, consideramos um fenômeno de estado mais comum. Assim, determinando o\nestado mais frequente, determina-se o mais saudável (BACKS; et al, 2009). Parece óbvio que esse conceito\né muito relativo e subjetivo, o que pode representar um estado de saúde excelente para alguém, pode não\nsignificar o mesmo conceito para outra pessoa.\nScliar (2005, p.39) destaca que:\n“Nossa Constituição Federal de 1988, artigo 196, evita discutir o conceito de\nsaúde, mas diz que: “A saúde é direito de todos e dever do Estado, garantido\nmediante políticas sociais e econômicas que visem à redução do risco de doença e\nISSN 18088449 1de outros agravos e ao acesso universal e igualitário às ações e serviços para a\npromoção, proteção e recuperação”. Este é o princípio que norteia o SUS, Sistema\nÚnico de Saúde. E é o princípio que está colaborando para desenvolver a\ndignidade aos brasileiros, como cidadãos e como seres humanos”.\nEntão, segundo Scliar (2005), o SUS nesta concepção é o principio norteador da saúde no Brasil e\ndeve ser compreendido, num primeiro momento, como uma “Política de Estado”, resultado prático de uma\ndecisão adotada pelo Congresso Nacional, no ano de 1988 pela chamada Constituição Cidadã, que pensava\na saúde como um “Direito de Cidadania e um dever do Estado” (TEIXEIRA, 2011).\nOs princípios que o SUS carrega como projeto fundamental são a Universalidade, Equidade e\nIntegralidade, da atenção à saúde da população brasileira, significando um objetivo a ser atingido resultante\nde um processo de reforma do sistema de saúde que permaneceu de outra época, com outra visão da\nsaúde. Os princípios estratégicos se referem a diretrizes políticas, organizativas e operacionais, que atuam\nno sentido de delinear as formas de como o “sistema” irá ser executado são: “descentralização,\nregionalização, hierarquização e a participação social”. (TEIXEIRA, 2011) (OLIVEIRA, 2005).\nNeste sentido, a psicologia no campo da saúde atua como um campo interdisciplinar procurando a\naplicação de conhecimentos e técnicas psicológicas à “saúde doença” e os “cuidados de saúde”. Os\nobjetivos da psicologia neste âmbito são a promoção e a manutenção do bem-estar de indivíduos, seja na\ncomunidade ou na população em geral. (BACKS; et al, 2009). A psicologia da saúde é um campo\nmultidisciplinar formado por das ciências sociais e da saúde, incluindo antropologia médica, sociologia\nmedica, ética médica, política social, economia, epidemiologia, medicina, cirurgia e odontologia. Essa\nabordagem traz conhecimento e teoria de disciplinas cognatas para uma novo campo interdisciplinar entre a\npsicologia e esses campos relacionados em processo de evolução (Backs; Rosa; Becker; Meirelles &\nSantos, 2009).\nO campo da psicologia da saúde é amplo e as definições incluem a análise e a tendência do\nsistema de atenção à saúde para os âmbitos de recuperação, prevenção e promoção, bem como a\nelaboração de políticas da saúde de atenção. Desta maneira, é explícita a relevância da psicologia nas\natividades primárias, secundárias e terciárias, seja nos processos ou políticas, propondo o seu potencial\npara o bem-estar individual, grupal e da comunidade. Com isso, o objetivo geral do trabalho foi investigar a\natuação do profissional de psicologia na atenção primária, identificando determinantes relacionadas à\natuação.\nMetodologia\nO presente estudo descreve o desdobramento teórico e histórico, por intermédio da formação\ncultural e da produção teórica sobre o psicólogo na atenção primaria, tendo como recorte os materiais em\nformato de artigos e livros, publicados em periódicos científicos. Foi utilizada como procedimento inicial a\nRevisão Sistemática da Literatura, que se constitui como um método para análise e avaliação dos conjuntos\nde dados teóricos produzidos e registrados acerca do objeto de estudo. Ela auxiliou na tomada de decisões\noferecendo evidências, tratamento e direcionamento para a análise e interpretação As etapas que o estudo\naconteceu foram: (1) definição do objetivo da revisão, (2) identificação da literatura e (3) seleção de estudos\na serem incluídos. Outras etapas foram: (1) critérios de inclusão e exclusão de materiais, (2) definição de\ndesfecho e fins do estudo, (3) verificação dos resultados, e (4) determinação da qualidade dos estudos\n(SAMPAIO, MANCINI; 2007).\nO trabalho foi realizado, também, por intermédio do modelo de pesquisa exploratória, que tem\ncomo objetivo principal esclarecer, aprofundar e desenvolver as dificuldades propostas. Ou seja, a pesquisa\nISSN 18088449 2exploratória tem como características o aprofundamento naquele assunto que, até então, não estava sendo\ntão explorado (GIL, 2008). Neste âmbito, foram entrevistados quatro psicólogos que atuam na atenção\nprimária, sendo dois na região metropolitana e dois na capital do estado do Ceará.\nNesse tipo de pesquisa, pode-se fazer um levantamento bibliográfico por meio da pesquisa da\nrevisão sistemática e abordagem qualitativa. Na pesquisa qualitativa, se desenvolve o foco ao longo do\nperíodo, já que seu foco é bastante amplo. Esse modelo de pesquisa é definido por aquilo que não pode ser\nmensurável, pois a realidade e o sujeito são elementos indissociáveis quando levados em consideração\nseus traços subjetivos e suas singularidades. A obtenção dos dados seria de forma descritiva e\ninterpretativa. Dessa forma, o pesquisador deve enxergar o que foi pesquisado nas perspectivas dos autores\nestudados e a partir dai colocar suas próprias conclusões (NEVES, 1996).\nPara complementação da pesquisa foi realizado uma entrevista semiestruturada. Os tópicos\nabordados na entrevista foram: “Atenção primaria”, “Encontro com a teoria”, “Desencontro com a teoria” e\n“Possibilidades de mudanças e desenvolvimento”. Ademais, o trabalho correspondeu à disciplina de Prática\nde Pesquisa em Psicologia, do curso Psicologia, na Universidade de Fortaleza. Foi fundamento ético o\nrespeito e na promoção da liberdade, dignidade, igualdade e integridade do ser humano, apoiado nos\nvalores que embasam na resolução 466/12, atualmente em vigor no Brasil para pesquisa com seres\nhumanos no Brasil.\nResultados e Discussão\n Teoria do psicólogo na atenção primária\nPara Cunha (2005), a atenção primária possui características elementares: geral (não é restrita a\nfaixas etárias, tipos de problemas ou condição), acessível (em relação ao tempo, lugar, financiamentos e\ncultura), integrada (curativa, reabilitadora, promotora de saúde e preventiva de enfermidades), continuada,\nutiliza o trabalho em equipe, holística, (perspectiva física, psicológica, e social dos indivíduos e das\ncomunidades), pessoal (atenção centrada na pessoa e na enfermidade), orientada para a família e para a\ncomunidade, coordenada, confidencial e defensora dos pacientes. Neste sentido, Trindade e Teixeira\n(2007), ressaltam que nos cuidados de atenção primária os psicólogos são chamados a prestar consulta\npsicológica, tendo também de dar respostas ao nível dos programas e projetos de saúde aos vários tipos de\nproblemas humanos e institucionais.\nDe acordo com a Associação Psicológica Americana (APA) há várias adaptações para a\nintervenção psicológica na atenção básica, como: consulta psicológica, educação para a saúde, formação,\ninvestigação e desenvolvimento de parcerias comunitárias que apoiem o processo. Os psicólogos podem\nser consultores da equipe de cuidados primários com o objetivo de implantar métodos facilitadores da\ninformação sobre saúde e de melhoria da adesão. Nos cuidados de saúde primários o foco principal é a\nsaúde e o bem-estar dos indivíduos e dos grupos sociais, nas diversas fases do ciclo de vida. Logo, a\nintervenção psicológica nos centros de saúde insere-se em atividades comunitárias que visam à promoção\nde saúde e a prevenção de doenças relacionadas com o comportamento e conduta, na função assistencial\nque se concretiza na consulta psicológica. A função assistencial desenvolve-se no quadro de uma consulta\nde psicologia funcionando simultaneamente como: consulta de referência para os médicos da família e\nconsulta de apoio aos diferentes programas que são desenvolvidos nos centros de saúde (TRINDADE,\nTEIXEIRA; 2007).\nOs critérios para seleção nas consultas e atendimentos devem ser estabelecidos em função das\nnecessidades concretas de cada centro de saúde. Isso deve incluir: possibilidade de avaliação e/ou\nISSN 18088449 3acompanhamento de casos problemáticos, mudança de comportamento e prevenção, processos de\nconfronto e adaptação à doença ou incapacidade, estresse de procedimentos médicos de diagnóstico e\ntratamento, comportamento de adesão e rastreios, tratamentos médicos e atividades de autocuidados,\ncrises pessoais e familiares, perturbação de ajustamento, perturbação do desenvolvimento e dificuldades de\ncomunicação entre técnicos (CUNHA, 2005) (TRINDADE, TEIXEIRA, 2007). Um modelo de programa na\natenção primaria é o “O núcleo de apoio à saúde da família” (NASF) que é um projeto composto por\nprofissionais de diferentes áreas de conhecimento, que devem atuar de maneira integrada e apoiando os\nprofissionais das “equipes saúde da família” e as “equipes de atenção básica” para populações específicas,\ncompartilhando as práticas e saberes em saúde nos territórios (GOMES, 2007) (MEDEIROS; GUAZZELLI;\nGUARESCHI, 2005).\nO NASF busca contribuir para a integralidade do cuidado aos usuários do “sistema único de\nsaúde”, principalmente por intermédio da ampliação da clínica, auxiliando no aumento da capacidade de\nanálise e de intervenção sobre problemas e necessidades de saúde, tanto em termos clínicos quanto\nsanitários e ambientais dentro dos territórios. A equipe pode ser composta por: médico, dentista, enfermeiro,\nassistente social, educador físico, farmacêutico, fisioterapeuta, fonoaudiólogo, nutricionista, psicólogo,\nterapeuta ocupacional, sociólogo e pedagogo (GOMES, 2007) (MEDEIROS; GUAZZELLI; GUARESCHI,\n2005). Por fim, o NASF trabalha na lógica do apoio matricial, ou seja, uma estratégia de organização da\nclínica e do cuidado em saúde a partir da integração e cooperação entre as equipes responsáveis pelo\ncuidado de determinado território. São exemplos de ações de apoio matricial: discussão de casos,\natendimentos compartilhados, atendimentos individuais do profissional, construção conjunta de projetos\nterapêuticos, ações de educação permanente, intervenções no território e na saúde de grupos populacionais\ne da coletividade, ações intersetoriais, ações de prevenção e promoção da saúde, discussão do processo de\ntrabalho das equipes (BOING; CREPALDI, 2010).\n Experiência dos psicólogos na prática\n1. Atenção primária\nPara os psicólogos entrevistados o NASF presta apoio às equipes de saúde da família, seja em\natividades de educação em saúde, fazendo grupos e fortalecendo informações referentes ao calendário de\nsaúde ou referentes às demandas já existentes, que podem variar de acordo com cada campo, pois nosso\npapel principal é promover saúde e prevenir doenças para evitar maiores agravos. Além das educações em\nsaúde, eles também relatam ter atividades e visitas domiciliares.\n2. Encontro com a teoria\nPara os profissionais de psicologia na atuação da saúde primária o encontro com a teoria acontece\nquando “algumas” equipes buscam os psicólogos como parceiros, proporcionando espaço para atuar e\ndiscutir casos de relevância. Porém, segundo eles isso nem sempre que acontece e infelizmente na\ngraduação não há um preparo tão acentuado para atuação na atenção primária. Eles vivenciando poucas\ndisciplinas sobre a temática e o para complementar tem de buscar em cursos, palestras, e pós-graduação. A\nteoria repassada na faculdade, para eles, busca primeiramente entender o SUS e os desafios de fazer\nsaúde com qualidade.\n3. Desencontro com a teoria\nPara os quatro profissionais entrevistados a teoria que é estudada não se assemelha a prática,\npois se depararam com individualismo, egoísmo, centralização de atividades e equipes desunidas. Para\nexemplificar isso dois profissionais relataram que o enfermeiro e o médico fazem atendimentos, não se\ncomunicam de resultados e depois vão para outro posto de saúde. Complementam afirmando que esses\nISSN 18088449 4problemas ocasionam outros e diariamente as atividades integrativas são barradas. Outro fator de impacto é\na falta de equipamentos como transporte e estrutura do posto de saúde. Existem lugares que não\napresentam estrutura física para fazer um grupo de partilha e bem como as pessoas não estão\nacostumadas com a política assistencialista e se torna um grande desafio. Outro problema é o uso\nindiscriminado da medicalização que inibe outras atuações profissionais e torna o paciente dependente\n4. Possibilidades de mudanças e desenvolvimento\nPara os psicólogos estudados, as mudanças deveriam partir de uma dimensão política na qual os\nprofissionais de saúde fossem valorizados com qualidade de vida no trabalho, assistência e suporte com\nmateriais e estrutura para exercer suas atividades com salário digno. Para eles o salário oferecido é\n“ridículo”. Esses complementam que a ausência de concursos possibilita todos viverem a sombra de\nhumilhação e mandatos políticos induzindo um “jogo de cintura” para poder lidar com o sistema. Afirmam\ntambém que há muitas alterações que devem ser feitas e essas envolvem participação e contribuição\ncoletiva, tendo como caminho básico e educação.\nConclusão\nPode-se compreender que a configuração das políticas de saúde não favorece a efetivação de\numa atuação do psicólogo condizente com as demandas da atenção básica. Há, também, ausência de\npsicólogos nas unidades de saúde para que o trabalho possa ser desenvolvido de forma interdisciplinar\nvoltado para a atenção integral.\nOutro aspecto observado é que o ambiente é precário e necessita de investimento para que a\natuação seja efetiva e com qualidade, bem como a ausência de um treinamento para que as equipes e\nprofissionais possam trabalhar articulados. A realidade é que o SUS está em contradição com a sua\nproposta por falta de monitoramento e investimento financeiro. A proposta parece suprir as necessidades\nque a população vivência, porém a realidade é que a prática mostra sucateamento e escassez de diversas\natividades.\nOutra característica apresentada é a ausência de disciplinas na graduação em Psicologia que\nofereçam suporte para capacitar o profissional para a atuação na saúde pública e coletiva. Com isso, é\nnecessário o exercício da reflexão e critica às diferentes atenções para proporcionar uma interlocução dos\nproblemas vivenciados e efetivar politicas que possam possibilitar desenvolvimento e novas formas de\natuação.\nReferências\nBACKS.M. T. S.; ROSA. L. M.; BECKER. S. G.; MEIRELLES.B. H. S.; SANTOS. S. M. A.. Conceitos de\nsaúde e doença ao longo da história sob o olhar epidemiológico e antropológico. Revista de Enfermagem.\nRio de Janeiro, v. 17, n. 1, p. 111–117, 2009.\nBOING, E.; CREPALDI, M. A.. O Psicólogo na atenção básica: Uma incursão pelas políticas públicas de\nsaúde brasileiras. Psicologia Ciência e Profissão. São Paulo, V. 30, N. 3, p. 634-649, 2010.\nCUNHA, G. T. A.. A construção da clínica ampliada na atenção básica. São Paulo: Hucitec, 2005.\nGIL, A. C.. Métodos e técnicas de pesquisa social. São Paulo: Atlas, 2008.\nGOMES, D. C. R.. Equipe de saúde: o desafio da integração. Uberlândia: Universidade Federal de\nUberlândia, 1997.\nMEDEIROS. P. F. GUAZZELLI. A. B. GUARESCHI.N. M. F.. O conceito de saúde e suas implicações nas\npráticas psicológicas. Psicologia: Teoria e Pesquisa. Porto Alegre: V. 21 n. 3, p. 263-269, 2005.\nISSN 18088449 5NEVES, J. L.. Pesquisa qualitativa: características, usos e possibilidades. Dissertação (Mestrado) -\nCurso de Administração, Usp, São Paulo, 1996.\nPIOVESAN, A.; TEMPORINI, E. R.. Pesquisa exploratória: procedimento metodológico para o estudo de\nfatores humanos no campo de saúde pública. Revista de Saúde Pública, São Paulo, v. 4, n. 29, p.318-325,\nmaio 1995.\nOLIVEIRA, D. L.. A „nova‟ saúde pública e a promoção da saúde via educação: entre a tradição e a\ninovação. Revista Latino Americana de Enfermagem. Rio de Janeiro: Vol. 13, n. 3, p. 423-31, 2005.\nSAMPAIO, R.F.. MANCINI, M. C.. Estudos de revisão sistemática: um guia para síntese criteriosa da\nevidência científica. Revista brasileira de fisioterapia, São Carlos: v. 11, n. 1, p. 83-89, fev. 2007.\nSCLIAR .M.. História do Conceito de Saúde. Revista Saúde Coletiva, Rio de Janeiro: Vol. 17, n.1, p. 29-41,\n2007.\nTEIXEIRA, J.A.C. Psicologia da saúde: contextos e áreas de intervenção. Portugal: Climepsi, 2007.\nTRINDADE, I.; TEIXEIRA, J.A.C. Psicologia nos cuidados de saúde primários. Portugal: Climepsi, 2007.\nISSN 18088449 6"
}