{
  "id": "26915",
  "trabalho": "ATUAÇÃO DA FISIOTERAPIA NA PREVALÊNCIA DE QUEDAS EM IDOSOS",
  "area": "CIÊNCIAS DA VIDA",
  "ano": "2016",
  "evento": "XXII - ENCONTRO DE INICIAÇÃO À PESQUISA ",
  "link": "http://uol.unifor.br/oul/conteudosite/?uuid=CBE882844079AA7AE3B77376EC7882E6530F6C00",
  "conteudo": "XXII Encontro de Iniciação à Pesquisa\nUniversidade de Fortaleza\n17 à 21 de Outubro de 2016\nATUAÇÃO DA FISIOTERAPIA NA PREVALÊNCIA DE QUEDAS EM\nIDOSOS\nPriscila Mota de Araújo1* (IC), Anna Karla Ribeiro Lima1 (IC), Ana Jéssica Oliveira Lopes1 (IC), Cecilia Brito\nChaves1(IC), Francisco Jenilson de Sousa costa1(IC), José Nilson Rodrigues de Meneze2 (PO).\n1.Universidade de Fortaleza – Discentes do Curso de Fisioterapia\n2.Universidade de Fortaleza – Docente do Curso de Fisioterapia\npriih.araujo13@gmail.com\nPalavras-chave: Idosos, Fisioterapia e Quedas.\nResumo\nObjetivo: Revisar as literaturas sobre a atuação da Fisioterapia na prevalência de quedas em idoss e ver sua\neficácia. Metodologia: Foi realizado um estudo de revisão de literatura sobre Atuação da Fisioterapia no\nProcesso de Envelhecimento o no período fevereiro a abril de 2015 pesquisado na base de dados da BVS –\nBiblioteca virtual de Saúde e Scielo, com artigos de 2009 à 2015. Resultados e Discussão: A atuação do\nfisioterapia torna-se imprescindível, tanto no âmbito da prevenção, traçando medidas educacionais e\npromotoras da saúde, capazes de estimular o autocuidado e de proporcionar-lhes uma vida com mais\nindependência, quanto na reabilitação, devolvendo-lhes equilíbrio, coordenação e funcionalidade, afetados\npor alterações musculoesqueléticas e cognitivas causadas por quedas. A prática regular de exercício físico,\npode melhorar a deambulação, equilíbrio, coordenação, propriocepção, reação de tempo e a força muscular,\ninclusive de indivíduos com mais de 70 anos. Esses autores demonstraram que exercícios de força e equilíbrio\nem mulheres com 80 anos ou mais reduziram a taxa de quedas em mais de 30%. Conclusão: Dessa forma\npercebe-se a importância da fisioterapia para promoção da saúde e prevenção de quedas de idosos. Podendo\nassim melhorar as atividades de vida diária desdes indivíduos, através das praticas de atividades físicas\npropostas por esses profissionais, favorecendo o estado de velhice mais saudável. Contudo, é necessária\numa visão global sobre a população idosa, visando à manutenção da integridade cognitiva e física dos idosos\ne medidas de promoção e prevenção de qualidade de vida para os mesmos.\nIntrodução\nA queda é definida como o deslocamento não intencional do corpo, para um nível inferior\nà posição inicial, sem correção em tempo ágil, sendo determinada por situações multifatoriais\nque comprometem a estabilidade, ou seja, mecanismos envolvidos com a manutenção da\npostura (MENEZES; VILAÇA; MENEZES, 2016).\nA prevalência de quedas causam fraturas, geram outras consequências, como, medo de andar,\ndiminuição da qualidade de vida e perda da capacidade de realizar tarefas do dia a dia. Cerca de 5% das\nISSN 18088449 1quedas podem levar em fraturas, e entre 5% e 10%, em ferimentos que necessitam cuidados medicos\n(ANTES; SCHNEIDER; D’ORS, 2015).\nA queda só ocorrerá se estiverem presentes, duas condições: falência por parte do sistema de\ncontrole postural e perturbação do equilíbrio, em compensar essa perturbação. Quanto mais frágil o paciente,\nmais vuneravel a quedas e apresentando maior gravidade e maior possibilidade de fraturas (CABERLON;\nBÓS, 2015).\nAs quedas contribui para o agravamentoas condições de saúde/doença dos idosos, constituindo-se\ncomo a principal causa de acidentes e a terceira causa principal de morte em indivíduos com 60 anos ou\nmais. Estes acidentes são reconhecidos como um importante problema da saúde pública, devido à\nfrequência, a morbidade e os elevados custos económicos e sociais das lesões no idoso (HICKMAN et al.,\n2015).\nO principal problema do cuidado à saúde da população idosa. São as quedas aproximadamente 30%\ndos indivíduos com mais de 65 anos de idade caem ao menos uma vez por ano, nos quais a metade de forma\nrecorrente. A cada ano, o Sistema Único de Saúde SUS tem gastos crescentes com o tratamento de\nproblemas decorrentes das quedas em idosos. Essas quedas podem também repercutir entre os familiars e\ncuidadores, que devem se mobilizar em torno de cuidados especiais, adaptando-se a sua rotina em função\nda recuperação ou adaptação do idoso após a queda (CASTRO et al., 2015).\nÉ imperioso assinalar que as quedas em idosos possuem uma etiologia multifatorial e podem ser\nconcomitantes e somatórias, envolvendo uma interação entre fatores intrínsecos e extrínsecos.\nOs primeiros estão relacionados ao decréscimo das habilidades funcionais, gênero feminino, idosos\ncom mais de 60 anos, quedas precedentes, prejuízo da mobilidade e equilíbrio, sedentarismo, deficiência\nnutricional, déficit cognitivo, entre outros. Os segundos incluem condições de meio ambiente, pisos\nescorregadios e irregulares, solos úmidos, roupas e sapatos inadequados e iluminação precária (COSTA;\nLOPES; ANDRADE, 2012).\nEmbora a maioria das quedas não resulte em lesões graves, aproximadamente 5% das quedas em\nidosos residentes na comunidade resultam em fraturas ou hospitalização. Entretanto, muitos idosos relatam\nepisódios de queda apenas quando a mesma lhes traz sérias consequências, ignorando as quedas que não\nlhes provocaram lesões, por acreditarem que estas são inerentes ao envelhecimento (OLIVEIRA; TREVIZAN;\nBESTETTI, 2014).\nO objetivo de estudo foi revisar as literaturas sobre a atuação da Fisioterapia na prevalência de\nquedas em idoss e ver sua eficácia.\nMetodologia\nFoi realizado um estudo de revisão de literatura sobre Atuação da Fisioterapia no Processo de\nEnvelhecimento o no período fevereiro a abril de 2015 pesquisado na base de dados da BVS – Biblioteca\nvirtual de Saúde e Scielo, com artigos de 2009 à 2015.\nResultados e Discussão\nA atuação do fisioterapia torna-se imprescindível, tanto no âmbito da prevenção, traçando medidas\neducacionais e promotoras da saúde, capazes de estimular o autocuidado e de proporcionar-lhes uma vida\nISSN 18088449 2com mais independência, quanto na reabilitação, devolvendo-lhes equilíbrio, coordenação e funcionalidade,\nafetados por alterações musculoesqueléticas e cognitivas causadas por quedas (SOARES; RECH, 2015).\nA literatura evidencia a prescrição de exercícios físicos visando reduzir as quedas entre os idosos.\nUm exemplo é a proposta de Morelli et al., que sugerem um programa de exercícios específicos para idosos\ncom duração entre 50 e 55 minutos, no mínimo duas vezes por semana. As sessões devem ser constituídas\npor exercícios de movimentação articular livre, fortalecimento de músculos dos membros superiores e\ninferiores, treinamento de marcha, equilíbrio, propriocepção e treinamento funcional (FERNANDES et al.,\n2012).\nA atividade física pode ser definida como qualquer movimento corporal voluntário, realizado pela\nmusculatura esquelética que resulta em um gasto energético acima dos níveis de repouso5 . Neste sentido,\npraticar atividades físicas não é somente se engajar em exercícios ou esportes, mas executar atividades\ncotidianas como caminhar, subir escadas ou limpar a casa (ROGATTO, 2009).\nA prática da atividade física na terceira idade pode levar ao bem-estar físico e mental e à\nautoconfiança por meio do domínio do corpo, aumento de prontidão para atividades da vida diária (AVD),\nmaior disposição, maior mobilidade articular, intensificação da circulação sanguínea (sobretudo nas\nextremidades), aumento das capacidades de coordenação e reação, e por meio do combate a depressão,\nmedo, decepções, aborrecimentos, tédio e solidão, pois, além de tudo, leva o geronte à reintegração social\nna comunidade. Por conseguinte, as alterações proporcionadas pelo treinamento funcional no controle\nneuromotor são refletidas na melhora das capacidades funcionais e na diminuição da propensão a quedas,\nrepercutindo na melhora da qualidade de vida dos idosos (CADER; BARBOZA; BROMERCHENKEL, 2014).\nA prática regular de exercício físico, pode melhorar a deambulação, equilíbrio, coordenação,\npropriocepção, reação de tempo e a força muscular, inclusive de indivíduos com mais de 70 anos. Esses\nautores demonstraram que exercícios de força e equilíbrio em mulheres com 80 anos ou mais reduziram a\ntaxa de quedas em mais de 30% (PRADO et al., 2010).\nO tratamento fisioterapêutico permite um contato próximo entre profissional e paciente, pois\nhabitualmente são realizadas várias sessões entre eles, quando certos procedimentos são aplicados até\natingir-se a recuperação física. No entanto, ao se pensar em quedas de idosos, esses mesmos indivíduos já\nreabilitados voltam para casa e continuam a se expor aos riscos domésticos que, em geral, são imperceptíveis\naos olhos de quem habita aquele lar há tantos anos (GASPAROTTO; SANTOS, 2012).\nConclusão\nDessa forma percebe-se a importância da fisioterapia para promoção da saúde e prevenção de\nquedas de idosos. Podendo assim melhorar as atividades de vida diária desdes indivíduos, através das\npraticas de atividades físicas propostas por esses profissionais, favorecendo o estado de velhice mais\nsaudável. Contudo, é necessária uma visão global sobre a população idosa, visando à manutenção da\nintegridade cognitiva e física dos idosos e medidas de promoção e prevenção de qualidade de vida para os\nmesmos.\nReferências\nANTES L; SCHNEIDE I. J. C; D’ORS J. Mortality Caused By Accidental Falls Among The Elderly: A Time\nSeries Analysis. Rev. Bras. Geriatr. Gerontol, Santa Catarina, v. 18, n. 4, p.769-778, dez. 2015.\nISSN 18088449 3CABERLON I. C; BÓS A. J. G. Diferenças Sazonais De Quedas E Fraturas Em Idosos Gaúchos. Ciência &\nSaúde Coletiva, Rio Grande do Sul, v. 20, n. 12, p.3743-3752, ago. 2015.\nCADER, S.A.; BARBOZA, J. da S.; BROMERCHENKEL, A. I. E. Intervenção fisioterápica e prevenção de\nquedas em idosos. Rev. Hosp. Univ. Pedro Ernesto. Rio de Janeiro, v. 13, n. 2, p. 53-61, abr/jun. 2014.\nCASTRO et al. Testes De Equilíbrio E Mobilidade Funcional Na Predição E Prevenção De Riscos De Quedas\nEm Idosos. Rev. Bras. Geriatr. Gerontol, Itabira, Mg, v. 18, n. 1, p.129-140, mar. 2015.\nCOSTA, I. C. P.; LOPES, M. E. L.; ANDRADE, C. G. de. Risk Factors of Falls in Elderly People: Scientific\nProduction on Online Journals in The Health Field. Rev. Brasileira de Ciencias da Saude, João Pessoa, v.\n3, n. 16, p.445-52, set. 2012.\nFERNANDE et al. Efeitos da prática de exercício físico sobre o desempenho da marcha e da mobilidade\nfuncional em idosos. Fisioter. Mov., Curitiba, v. 25, n. 4, p. 821-830, out./dez. 2012.\nGASPAROTTO, L. P. R.; SANTOS, J. F. F. Q. dos. A importância da análise dos gêneros para fisioterapeutas:\nenfoque nas quedas entre idosos. Fisioter. mov., Curitiba, v. 25, n. 4, p.701-707, dez. 2012.\nHICKMAN, M. A. G et al. Participation In Older Adult Physical Activity Programs And Risk For Falls Requiring\nMedical Care, Washington State, 2005–2011. Prev Chronic Dis, Idaho do Norte, v. 12, n. 90, p.01-10, jun.\n2015.\nMENEZES, C; VILAÇA K. H. C; MENEZES R. L. Falls And Quality Of Life Of People With Cataracts. Rev Bras\nOftalmol, [s.l.], v. 75, n. 1, p.40-44, fev. 2016.\nOLIVEIRA, A. S. de; TREVIZAN, P. F.; BESTETTI, M. L. T. Environmental Hazards and Risk of Fall in The\nElderly: Systematic Review. Rev. Bras. Geriatr. Gerontol, Rio de Janeiro, v. 3, n. 14, p.637-45, mar. 2014.\nPRADO et al. A influência dos exercícios resistidos no equilíbrio, mobilidade funcional e na qualidade de vida\nde idosas. O Mundo da Saúde, São Paulo, v. 34, n. 2, p. 183-191, 2010.\nVALIM-ROGATTO et al. Nível de atividade física e quedas acidentais em idosos: uma revisão sistemática.\nRev Bras Cineantropom Desempenho Hum. v. 11, n. 2, p. 235-242, 2009.\nSOARES, I. G. E.; RECH, V. Falls prevalence in institutionalized elderly in Brazil: an integrative review. .\nRevista Kairós Gerontologia, São Paulo, v. 4, n. 18, p.47-61, fev. 2015.\nAgradecimento\nAgradeço a Deus, a instituição de ensino e ao nosso orientador Prof. Dr. José Nilson, por total apoio e\nincentivo a essa pesquisa.\nISSN 18088449 4"
}