{
  "id": "26922",
  "trabalho": "A IMPORTÂNCIA DO MONITOR COMO FERRAMENTA DE ENSINO-APRENDIZAGEM E SEU IMPACTO NO DESENVOLVIMENTO ACADÊMICO",
  "area": "CIÊNCIAS DA VIDA",
  "ano": "2016",
  "evento": "XVI - ENCONTRO DE INICIAÇÃO À DOCÊNCIA",
  "link": "http://uol.unifor.br/oul/conteudosite/?uuid=BF84FE1096365B4B5E1AD897DC01542C7AED2E84",
  "conteudo": "XVI Encontro de Iniciação à Docência\nUniversidade de Fortaleza\n17 a 20 de outubro de 2016\nA importância do monitor como ferramenta de ensino-aprendizagem e seu\nimpacto no desenvolvimento acadêmico. Francisco Wendell Xavier Barbosa¹* (ID),\nRosana Carneiro Batista² (ID), Emanuel Patricio Castelo Branco Ferreira² (ID), Wellyda Rocha\nAguiar³ (PO) Roberta Dalcico³ (PO), Otacilio Benvindo Deocleciano Júnior³ (PO).\n1. Universidade de Fortaleza – Programa de Monitoria Voluntária\n2. Universidade de Fortaleza – Curso de Farmácia\n3. Universidade de Fortaleza – Curso de Odontologia\nwendell.barbosa@edu.unifor.br\nPalavras-chave: Monitoria. Ensino. Aprendizagem. Monitor. Importância\nResumo\nAtenção farmacêutica I, trata-se de um módulo presente na matriz curricular do curso de Farmácia\nda Universidade de Fortaleza (UNIFOR) e tem como principal assunto abordado a Farmacologia\nGeral associada aos cuidados farmacêuticos direcionados aos pacientes com base no uso\nracional de medicamentos. É uma disciplina considerada de um grau de dificuldade elevado para\nalguns e regular para outros, demonstrando assim a importância do monitor nessa disciplina. O\npresente artigo teve por objetivo evidenciar a importância do monitor no desenvolvimento\nacadêmico tanto do aluno como do aluno-monitor, bem como evidenciar a sua necessidade no\nprocesso de ensino-aprendizagem. De acordo com os resultados obtidos, foi possível observar\nque a monitoria alcançou os objetivos desejados, visto que esses resultados foram favoráveis em\nrelação a importância e qualidade da monitoria e do monitor, se mostrando essencial para aqueles\nno meio acadêmico, tanto para contribuir no aprendizado de muitos, como para o crescimento\npessoal e profissional daqueles envolvidos no processo.\nIntrodução\nA monitoria trata-se de um espaço de aprendizagem ofertado aos estudantes que tem\ncomo objetivo promover a melhoria da qualidade de ensino assim como o processo de formação\nprofissional. Ela abrange o conteúdo curricular, no qual os conhecimentos e habilidades são\ntrabalhados, possibilitando aos graduandos o aprofundamento teórico e a otimização do seu\npotencial acadêmico (NATÁRIO; SANTOS, 2010).\nA vários séculos, já havia relatos sobre a prática da monitoria. Historicamente já existia a\ncompreensão de que o ensino não é tarefa única e exclusiva do professor. Frison e Moraes (2010)\nrelatam que:\nISSN 21755396 1“Já na Universidade Medieval, quando do desenvolvimento da\nescolástica e de seu método, havia monitores, denominados ‘repetidores’,\nque reproduziam a matéria desenvolvida por seus mestres (Ullmann e\nBohnen, 1994, p. 43). Do século XII ao XIII, alguns dos mestres livres\nimplantaram diferentes formas de gestão da atividade escolar, formando\nverdadeiras corporações, com variadas relações jurídicas, dentre elas, a dos\nmestres com proscholus (monitores).”\nO programa de monitoria é de grande importância formativa, pois proporciona uma troca\nde saberes, os quais quando compartilhados, não são divididos, mas multiplicados. O programa\npermite que o aluno monitor desenvolva diversas habilidades intelectuais e sociais, podendo este\ndinamizar e contextualizar os conteúdos da disciplina que monitora, a fim de facilitar a transmissão\ndos conhecimentos abordados para os demais (BARBOSA; AZEVEDO; OLIVEIRA, 2014).\nO aluno monitor tem o privilégio de experimentar, mesmo que de forma amadora, a\nemoção e os contratempos da profissão de professor universitário em seu trabalho docente. O\nfato de estar em contato com o aluno simultaneamente na posição de acadêmico e instrutor,\npermite vivenciar experiências únicas, como a contribuição para aprendizagem e conhecimento de\noutra pessoa, assim como a desilusão e descontentamento pelo desinteresse de alguns\n(MATOSO, 2014).\nO presente trabalho tem como objetivo evidenciar a importância do monitor enquanto\ninstrumento de ensino-aprendizagem para a formação e desenvolvimento dos alunos que\ncursaram a disciplina de Atenção Farmacêutica I, no período 2016.1 da Universidade de Fortaleza\n(UNIFOR).\nMetodologia\nPara obter as informações necessárias para a concretização deste estudo, ou seja,\nidentificar as possíveis contribuições da atividade de monitoria no aprendizado de estudantes do\ncurso de Farmácia no Módulo de Atenção Farmacêutica I, utilizou-se como instrumento de coleta\ndos dados um questionário com questões fechadas (na quantia de 11), portanto tratando-se de\numa pesquisa descritiva, com abordagem quantitativa, aplicado aos alunos do 4 semestre e que\ntiveram o apoio da monitoria no semestre de 2016.1. Para elaboração dessa pesquisa, foi\naplicado um questionário referente à monitoria, à disciplina e ao monitor através da ferramenta\nGoogle Docs, ferramenta essa que viabilizou a análise e avaliação por meio da construção de\ngráficos. As perguntas versaram sobre a atuação dos monitores no processo de aprendizagem\ndos alunos. De forma aleatória foram solicitados a responder ao questionário 27 alunos\nmatriculados no módulo de Atenção Farmacêutica I. Os questionários foram aplicados no mês de\njunho de 2016. O estudo manteve o anonimato e seguiu as recomendações da Portaria do\nConselho Nacional de Saúde/MS – CNS, Resolução196/96, adotando os quatro princípios básicos\nda bioética: autonomia, beneficência, não maleficência e justiça.Questionário\nPerguntas Modelo de respostas\n1. Idade? Variável\n2. Gênero? Masculino/Feminino\n3. Qual o grau de dificuldade da disciplina? Muito fácil, fácil, regular, difícil e muito difícil\n4. Quais os meios utilizados para o estudo da\nLivros, notas de aula, slides, áudios, vídeos e ajuda de colegas.\ndisciplina?\n5. Quanto a prova online auxiliou no seu aprendizado? Nada, pouco, nem pouco nem muito, muito\n6. Necessidade de mais provas online? Nada, pouco, nem pouco nem muito, muito\n7. Qual a relevância da monitoria no seu aprendizado? Grau 1, 2, 3, 4 e 5 (onde 1 é equivalente a pouco e 5 a muito)\n8. O monitor foi assíduo com as monitorias? Grau 1, 2, 3, 4 e 5 (onde 1 é equivalente a pouco e 5 a muito)\n9. O monitor apresentava domínio dos conteúdos? Grau 1, 2, 3, 4 e 5 (onde 1 é equivalente a pouco e 5 a muito)\n10. Quanto você acredita que a monitoria lhe ajudou? Grau 1, 2, 3, 4 e 5 (onde 1 é equivalente a pouco e 5 a muito)\n11. Com que frequência você buscou a monitoria? Quantidade de vezes: Nunca, 1, 2, 3, 4 ou mais\nResultados e Discussão\nEssa pesquisa foi realizada através de um questionário com 11 perguntas e aplicado a\nturma de Atenção Farmacêutica I matriculados em 2016.1. Dos 41 alunos matriculados na\ndisciplina, ocorreu 2 trancamentos e 2 reprovações, dentre os demais estudantes 27 responderam\nao questionário, sendo eles 77,8% do sexo feminino e 22,2% do sexo masculino.\nUma das perguntas presentes no questionário foi sobre a frequência com que se buscava\na monitoria (Figura 1), onde 37% daqueles que responderam buscaram a monitoria quatro vezes\nou mais, mostrando assim que sentiam necessidade de frequentar a monitoria para obter um\nmelhor desempenho na disciplina, enquanto que cerca de 44% buscaram essa ajuda apenas duas\nou três vezes, provavelmente quando se encontravam com alguma dificuldade de compreensão.\nNº de vezes que Número de\n%\nbuscou a monitoria alunos\nNenhuma 3 11.1\n1 2 7.5\n2 6 22.2\n3 6 22.2\n4 ou mais 10 37\nFigura 1. Gráfico e quadro do número de vezes que os alunos buscaram a monitoria.\nUm dos questionamentos feitos foi a respeito do grau de dificuldade da disciplina (Figura 2),\nonde 11 estudantes a consideraram de dificuldade regular, 12 avaliaram como sendo difícil e\napenas 1 avaliou como muito difícil, evidenciando assim que a disciplina é considerada pela\nmaioria de um grau de dificuldade moderado a difícil, sendo então mais um fator que mostra a\nnecessidade de um monitor.Figura 2. Gráfico do grau de dificuldade que os alunos classificaram a disciplina.\nNo decorrer do semestre houve a realização de uma prova online e quando questionados\nsobre o quanto a prova contribui para o aprendizado de cada, obteve-se um excelente resultado\nde que 16 (59,2%) pessoas dentre as que participaram da pesquisa, acharam que a avaliação\nonline contribuiu muito para o aprendizado e 11 (40,7%) indicaram que há uma grande\nnecessidade da realização de mais avaliações online (Figura 3).\nFigura 3. Gráficos da relevância da prova online em relação ao auxílio no aprendizado e a necessidade de mais provas\ncomo essa.\nNo que se refere a importância dos monitores foram realizados diversos questionamentos\ncomo a relevância no aprendizado, se o monitor foi assíduo com as monitorias, se o mesmo\napresentava domínio dos conteúdos abordados na disciplina e sobre o quanto os alunos julgavam\nque a monitoria os ajudou (Figura 4). Tais questionamentos foram avaliados numa escala de 1 a 5,\nonde 1 é equivalente a pouco e 5 a muito e nesses questionamentos, a grande maioria avaliou\ncom uma nota 5, ou seja, julgaram de extrema importância a presença do monitor no processo de\nensino-aprendizagem, considerando que o monitor esteja apto a participar desse processo.\nFigura 4. Gráficos referentes a importância dos monitores no aprendizado dos demais alunos.Conclusão\nA monitoria é uma excelente oportunidade de amadurecimento para o aluno monitor tanto\nprofissional como pessoal. Nela o monitor avança pelo caminho da docência, permitindo que o\nmesmo vivencie na prática como é esse campo de trabalho e se ele quer ou não seguir por esse\ncaminho.\nCom base na pesquisa realizada, é possível notar que a monitoria é algo imprescindível no\nmeio acadêmico, visto que foi de grande importância para o monitor assim como para os demais\nalunos. Ainda que seja possível observar o desinteresse de alguns estudantes em buscar ajuda\nna monitoria, isso não empobrece o belo trabalho que é feito pelos monitores nesse programa,\nnem diminui a importância e o valor que deve ser dado a eles. Dessa forma percebe-se que\napesar dos resultados positivos obtidos nos questionários, necessita-se da aplicação de mais\nmetodologias e diferentes métodos de ensino, a fim de estimular a busca dos demais estudantes\npela monitoria e o interesse pelos conteúdos abordados, promovendo assim saber para todos os\nparticipantes.\nReferências\nBARBOSA, Maria Gleiciane; AZEVEDO, Maria Erli Oliveira; OLIVEIRA, Mário Cézar Amorim de.\nCONTRIBUIÇÕES DA MONITORIA ACADÊMICA PARA O PROCESSO DE FORMAÇÃO INICIAL\nDOCENTE DE LICENCIANDAS DO CURSO DE CIÊNCIAS BIOLÓGICAS DA\nFACEDI/UECE. Revista da Sbenbio: Revista científica da escola da saúde, Itapipoca, v. 7, n.\n7, p.5471-5479, out. 2014. Disponível em: <http://www.sbenbio.org.br/wordpress/wp-\ncontent/uploads/2014/11/R0387-1.pdf>. Acesso em: 28 jul. 2016.\nFRISON, Lourdes Maria Bragagnolo; MORAES, Márcia Amaral Corrêa de. AS PRÁTICAS DE\nMONITORIA COMO POSSIBILITADORAS DOS PROCESSOS DE AUTORREGULAÇÃO DAS\nAPRENDIZAGENS DISCENTES. Poíesis Pedagógica, Catalão, v. 2, n. 8, p.144-158, ago/dez.\n2010. Semestral. Disponível em: <http://www.revistas.ufg.br/poiesis/article/view/14064>. Acesso\nem: 28 jul. 2016.\nMATOSO, Leonardo Magela Lopes. A importância da monitoria na formação acadêmica do\nmonitor: um relato de experiência. Catussaba: Revista científica da escola da saúde, Natal, v.\n2, n. 3, p.77-83, maio 2014. Disponível em:\n<https://www.google.com.br/url?sa=t&rct=j&q=&esrc=s&source=web&cd=2&cad=rja&uact=8&sqi=\n2&ved=0ahUKEwjJ4bWJ2pbOAhVIC5AKHanuCkkQFggkMAE&url=https://repositorio.unp.br/index.\nphp/catussaba/article/download/567/461&usg=AFQjCNEu81wrxNDBY3T8NdWtI1nkEqfBtw>.\nAcesso em: 28 jul. 2016.\nNATÁRIO, Elisete Gomes; SANTOS, Acácia Aparecida Angeli dos. Programa de monitores para o\nensino superior. Estudos de Psicologia, Campinas, v. 3, n. 27, p.355-364, jul/set 2010.\nDisponível em: <http://www.scielo.br/pdf/estpsi/v27n3/07.pdf>. Acesso em: 28 jul. 2016.\nAgradecimentos\nAgradeço a Universidade de Fortaleza (UNIFOR) e aos professores por propiciarem essa\nexperiência em nossa formação acadêmica e pelo apoio no desenvolvimento desse trabalho.\nAgradeço também aos alunos que participaram dessa pesquisa, pois graças a eles foi possível\nalcançar tais resultados."
}