{
  "id": "26927",
  "trabalho": "ANÁLISE DA VIABILIDADE DE UM SISTEMA DE DRENAGEM URBANA UTILIZANDO TUBOS DE POLIETILENO DE ALTA DENSIDADE (PEAD) EM UMA GRANDE OBRA DE FORTALEZA.",
  "area": "CIÊNCIAS EXATAS E TECNOLÓGICAS",
  "ano": "2016",
  "evento": "XXII - ENCONTRO DE INICIAÇÃO À PESQUISA ",
  "link": "http://uol.unifor.br/oul/conteudosite/?uuid=7446E00CD91F9ED6937A2655E57A5C1460342D6E",
  "conteudo": "XXII Encontro de Iniciação à Pesquisa\nUniversidade de Fortaleza\n17 à 21 de Outubro de 2016\nAnálise da Viabilidade de um Sistema de Drenagem Urbana utilizando tubos\nde Polietileno de Alta Densidade (PEAD) em uma grande obra de Fortaleza.\nÍcaro Teles Gomes 1* (IC), Max André Araújo Ferreira 1 (IC), Bruno Aragão Martins de Araújo 2 (PQ),\nFrancisco de Assis Leandro Filho 3 (PQ), Clídio Richardson Gonçalves de Lima 4 (PQ).\n1. Universidade de Fortaleza – Curso de Engenharia Civil\n2. Universidade de Fortaleza – Professor do Curso de Engenharia Ambiental e Sanitária\n3. Instituto Federal de Educação, Ciência e Tecnologia do Ceará – Campus Camocim\n4. Universidade de Fortaleza – Professor do Curso de Engenharia Mecânica\nicarokaila@hotmail.com\nPalavras-chave: Drenagem Urbana. Tubulação. Polietileno de Alta Densidade.\nResumo\nO crescimento desenfreado das grandes metrópoles constitui um desafio às novas gerações, levando o\nhomem a superar limites e descobrir oportunidades em cada dificuldade. Fazer tais alterações no espaço\nem que vivemos sem alterá-lo abruptamente, aumenta ainda mais o desafio. A capacidade de adaptação,\nalinhado ao conhecimento técnico, levou o homem a desenvolver novas tecnologias que atendam à\nnecessidade da população. O PEAD (Polietileno de Alta Densidade) é, atualmente, a maneira mais simples\nde realizar uma obra de drenagem. A utilização do PEAD, além de apresentar incríveis resultados no\nescoamento dos fluidos, é de uma instalação rápida e eficaz. Este trabalho focou na implantação do sistema\nde drenagem de um grande Shopping na cidade de Fortaleza, Ceará. As construções realizadas por essa\ngrande empresa são famosas por serem finalizadas em pouco tempo, não gerar muitos resíduos e\nutilizarem os melhores materiais disponíveis, encontrando-se na tecnologia do PEAD a união desses fatores.\nMesmo apresentando um valor elevado, em relação às tecnologias mais utilizadas, o PEAD possibilitou a\nfinalização da obra no tempo esperado e com os resultados esperados.\nIntrodução\nA drenagem é o principal meio de escoamento das águas pluviais. Este ato consiste, basicamente,\nem coletar, de maneira rápida e eficiente, os líquidos e conduzi-los para alguma massa de água existente.\nApós a precipitação, a água é coletada por bocas de lobo ou alguma estrutura de drenagem. Essa condução\né, mais comumente, feita por galerias de concreto, galerias de alvenaria ou por tubos PEAD (Polietileno de\nalta densidade).\nFatores como custo, fluxo a escoar, velocidade e a praticidade na execução da obra são os\nmotivos predominantes na escolha do material a ser utilizado.\nA situação da drenagem na maioria das cidades brasileiras é preocupante. Com a crescente\nurbanização, à área apta a receber líquidos oriundos de precipitações e permitir a sua infiltração no solo está\ndiminuindo drasticamente, aumentando o fluxo de água que escoa, precisando, assim, de uma rede maior\nde drenagem para suportar a demanda. A construção de galerias com peças pré-moldadas de concreto\neram, até alguns anos atrás, a única alternativa para expansão dessas redes de drenagem.\nAtualmente a tubulação de PEAD está sendo comercializada em larga escala pela sua rapidez na\nexecução, maior velocidade no escoamento de fluidos, tempo de vida útil e custo final na execução, servindo\na construtores e a própria população na esperança de diminuir os problemas nos dias chuvosos, fazendo\nISSN 18088449 1com que a quantidade de água que acumulada e que causam diversos contratempos. A drenagem se\nmostra essencial também para o controle de doenças e problemas ambientais causados pelo acúmulo\nirregular de água.\nMetodologia\nOs métodos de drenagem mais utilizados são as galerias em concreto armado, moldado in loco e\npeças pré-moldadas, também de concreto armado. A execução da drenagem através destes métodos\ndemanda muito tempo e mão de obra. Em contrapartida, o PEAD apresenta inúmeras vantagens frente às\nclássicas tubulações. Segundo Carvalho et al (2003), polietileno é um polímero parcialmente cristalino, cujas\npropriedades são acentuadamente influenciadas pela quantidade relativa das fases amorfa e cristalina.\nNa drenagem do empreendimento o PEAD foi o material utilizado, que, pela praticidade na\nexecução e por apresentar ótimos resultados quanto à velocidade de escoamento das águas pluviais,\napresentou-se como a melhor escolha para os projetistas. A figura 1 ilustra a tubulação utilizada na\nconstrução do empreendimento.\nFigura 1 - Tubos PEAD utilizados na obra\nFonte: Autor (2016).\nDevido ao tamanho do empreendimento, mais de 80% do terreno foi ocupado, entre prédio e\npavimentação. Essas modificações implicaram em uma mudança geral em todo o sistema de drenagem\nexistente no local. As ruas que dão acesso direto ao empreendimento foram todas reformadas e\nmelhoradas, como esboço na figura 2:\nFigura 2 - Ruas do entorno da obra\nFonte: Construção do Shopping (2015).\nISSN 18088449 2A drenagem e pavimentação nas ruas do entorno foram refeitas. Na ocasião, utilizou-se tubulação\nde seção circular com seis metros de comprimento. A tabela 1 apresenta o valor unitário dos tubos PEAD:\nTabela 1 - Preço dos tubos PEAD utilizados na obra\nTabela de Preços do PEAD - Tubos com 6 m\nDia da compra Diâmetro Ø Valor unitário\n31/07/2015 ADS 300 R$ 376,00\n31/07/2015 ADS 450 R$ 740,25\n06/01/2015 ADS 600 R$ 1.035,69\n31/07/2015 ADS 750 R$ 1.668,50\n31/07/2015 ADS 1050 R$ 2.702,50\nFonte: Autor (2016).\nA tabela 2 mostra o valor dos tubos de concreto, cada um com um metro e meio de comprimento.\nTabela 2 - Mostra o valor dos tubos, cada um com seis metros\nTabela de Preços de Tubo de Concreto. Tubos com 1,5 m\nDia da consulta Diâmetro Ø (mm) Valor unitário\n31/05/2016 Tubo de concreto 400 R$ 78,00\n31/05/2016 Tubo de concreto 600 R$ 100,00\n31/05/2016 Tubo de concreto 800 R$ 165,00\n31/05/2016 Tubo de concreto 1000 R$ 260,00\n31/05/2016 Tubo de concreto 1200 R$ 430,00\nFonte: Autor (2016).\nRessalta-se que, para obtenção da equivalência métrica, e assim um orçamento mais fidedigno, foi\nfeito uma proporção, pois cada tubo de PEAD (6 metros) corresponde a 4 tubos de concreto (1,5 metro\ncada). A tabela 3 apresenta a metragem, número de tubos e o valor pago na aquisição do material PEAD,\ndividida pelas ruas do entorno em que foram utilizadas.\nTabela 3 - Detalhamento da quantidade e valor utilizado no entorno em tubos PEAD\nTotal\nDiâmetro Ø\nm Tubos Valor\nADS 300 14 m 3 unds R$ 1.128,00\nADS 450 470 m 80 unds R$ 59.220,00\nADS 600 250 m 43 unds R$ 44.534,67\nADS 750 857 m 145 unds R$ 241.932,50\nADS 1050 8 m 2 unds R$ 5.405,00\nTotal 1599 m 273 unds R$ 352.220,17\nFonte: Autor (2016).\nISSN 18088449 3Tabela 4 mostra a quantidade em metros, número de tubos e valores utilizados nas ruas do\nentorno, caso a drenagem tivesse sido realizada com tubulação de concreto.\nTabela 4 - Detalhamento da quantidade e valor utilizado no entorno em tubos de concreto\nTotal\nDiâmetro Ø\nm Tubos Valor\n400 14 m 10 unds R$ 780,00\n600 470 m 315 unds R$ 31.500,00\n800 250 m 168 unds R$ 27.720,00\n1000 857 m 572 unds R$ 148.720,00\n1200 8 m 6 unds R$ 2.580,00\nTotal 1599 m 1071 unds R$ 211.300,00\nFonte: Autor (2016).\nA tabela 5 apresenta a metragem, número de tubos e o valor pago na aquisição do material PEAD\npara utilização na área interna do empreendimento.\nTabela 5 - Detalhamento da quantidade e valor utilizado nos setores interno em tubos PEAD\nTotal\nDiâmetro Ø\nm Quant. Tubos Valor\nADS 300 362 m 61 unds R$ 22.936,00\nADS 450 658 m 113 unds R$ 83.648,25\nADS 600 43 m 8 unds R$ 8.285,52\nADS 750 0 m 0 unds R$ -\nTotal 1063 m 182 unds R$ 114.869,77\nFonte: Autor (2016).\nA tabela 6 mostra a quantidade em metros, número de tubos e recurso utilizado na área interna,\ncaso a drenagem tivesse sido realizada com tubulação de concreto.\nTabela 6 - Detalhamento da quantidade e valor utilizado nos setores internos em tubos de concreto\nTotal\nDiâmetro Ø\nm Quant. Tubos Valor\nADS 300 362 m 243 unds R$ 18.954,00\nADS 450 658 m 441 unds R$ 44.100,00\nADS 600 43 m 29 unds R$ 4.785,00\nADS 750 0 m 0 unds R$ -\nTotal 1063 m 713 unds R$ 67.839,00\nFonte: Autor (2016).\nISSN 18088449 4Resultados e Discussão\nCom as informações de metragem e valores dos materiais, comparou-se os custos da drenagem\nutilizando PEAD com uma hipotética drenagem com galerias de concreto. Após simulação dos custos,\nobteve-se o resultado apresentado na tabela 7:\nTabela 7 - Comparação financeira entre tubos PEAD e tubos de concreto\nMATERIAL REGIÃO DA OBRA CUSTO TOTAL\nDRENAGEM ENTORNO INTERNA DE MATERIAL\nPEAD R$ 352.220,17 R$ 114.869,77 R$ 467.089,94\nConcreto R$ 211.300,00 R$ 67.839,00 R$ 279.139,00\nDiferença R$ 140.920,17 R$ 47.030,77 R$ 187.950,94\nFonte: Autor (2016).\nTrazendo as informações para o gráfico 1, observou-se a evolução dos gastos optando-se por\npolietileno de alta densidade, com um acréscimo de 187.950,94 reais no custo da obra, o que representa\naproximadamente 67,33% de custo adicional em relação à execução do serviço com o material concreto.\nGráfico 1 - Comparativo dos Custos entre Materiais\nFonte: Autor (2016).\nEmbora o custo da execução da drenagem com os tubos PEAD tenha sido bem maior que outra\nsolução de drenagem, optou-se pela sua aplicação por conta de duas grandiosas vantagens: o tempo de\nserviço e sua flexibilidade geométrica no ato das instalações.\nA economia de tempo durante a execução do serviço é uma característica já marcante do PEAD.\nContextualizando, é salutar comentar que em outra obra, também de um shopping - já concluída pelo\nmesmo grupo empreendedor – a ideia inicial era a drenagem ser feita através da galeria de concreto, porém,\nao passo que tal execução foi avançando se notou que o tempo que estava sendo investido em sua\nimplementação inviabilizava o cumprimento do prazo planejado. Como solução para minimizar o prejuízo\ncronológico, decidiu-se que os trechos futuros de drenagem seriam por meio de tubulação PEAD.\nISSN 18088449 5A flexibilidade supracitada dá-se em virtude de suas superiores propriedades mecânicas, químicas,\ncaracterísticas inerentes de sua composição. Este material promove flexibilidade em curvas e melhor\nadaptação a trechos com diferenças de cotas, facilidade também observada em pequenas distâncias entre\nos PV’s e bocas de lobo.\nA diferença financeira entre o tubo PEAD e de concreto é de aproximadamente R$ 187.000,00,\nvalor este que se torna bastante reduzido quando for levado em consideração fatores como mão-de-obra\n(homem-hora) e aluguel de maquinário - custos que seriam bem majorados com a tubulação de concreto.\nUm comparativo entre o valor total da obra, algo em torno de 500 milhões de reais, e o valor citado acima,\nrepresenta apenas 0,0376% do custo total.\nConclusão\nMediante a complexidade e o montante investido na construção de um empreendimento deste\nporte, conclui-se que esse valor é pouco significativo. Os ganhos com a celeridade de execução da\ndrenagem e o futuro aumento da velocidade de escoamento por conta da drenagem neste material, fazem\ncom que esse custo adicional chegue à construtora como compensatórios, pois é de amplo conhecimento\nque quanto mais cedo o centro comercial ficar pronto, mais rápido será o retorno financeiro.\nDessa forma, a partir do presente estudo, pode-se deduzir que o objetivo do trabalho foi alcançado,\npois ao analisar as duas obras, observou-se que o investimento em novas tecnologias é fundamental para\nelevar a qualidade do produto diminuindo os gastos e o desgaste com os clientes.\nReferências\nANDRADE, F. K. F.; Drenagem Urbana de Águas Pluviais e Sua Importância no Contexto Hidrológico –\nEstudo de Caso Da Bacia “G” No Bairro Do Junco. Sobral, 2012.\nCARVALHO, D. F.; SILVA, L. D. B.; COUTINHO, F. M. B. et al. Polietileno: Principais Tipos, Propriedades e\nAplicações. Rio de Janeiro, 2003.\nDEPARTAMENTO NACIONAL DE INFRAESTRUTURA DE TRANSPORTES. Álbum de projetos-tipo de\ndispositivos de drenagem. Rio de Janeiro, 2006.\nDIAS, F. S; ANTUNES, P. T. S. C; Estudo Comparativo de Projeto de Drenagem Convencional e Sustentável\nPara Controle de Escoamento Superficial em Ambientes Urbanos. Rio de Janeiro, 2010.\nFREIRE, C. C; OMENA, S. P. F; Princípios de Hidrologia Ambiental. Universidade Federal de Alagoas –\nUFAL e Universidade Federal de Santa Catarina – UFSC, 2005.\nPAZ, A. R; Hidrologia Aplicada. Caxias do Sul, 2004.\nTIGRE-ADS. Solução em tubulações corrugadas de PEAD. Sistemas para drenagem. São Paulo, 2012.\nTOMAZ, P.; Curso de Manejo de águas pluviais. São Paulo, 2010\nTUCCI, C. E. M.; Águas urbanas Modelos Hidrológicos. Porto Alegre. 2008\nWILKEN, P. S.; Engenharia de Drenagem Superficial. São Paulo: CETESB. 1978.\nAgradecimentos\nAgradeço a empresa em que trabalhei onde além do aprendizado forneceu os dados necessários para o\ndesenvolvimento da pesquisa, aos colaboradores deste projeto de iniciação à Pesquisa e a UNIFOR.\nISSN 18088449 6"
}