{
  "id": "26925",
  "trabalho": "ASPECTOS DA TERCEIRA IDADE EM UM CONTEXTO ORGANIZACIONAL",
  "area": "CIÊNCIAS DA VIDA",
  "ano": "2016",
  "evento": "XXII - ENCONTRO DE INICIAÇÃO À PESQUISA ",
  "link": "http://uol.unifor.br/oul/conteudosite/?uuid=6CEB9579F60AA9ACE7C1AF1493BF433010ABCEC0",
  "conteudo": "XXII Encontro de Iniciação à Pesquisa\nUniversidade de Fortaleza\n17 à 21 de Outubro de 2016\nASPECTOS DA TERCEIRA IDADE EM UM CONTEXTO\nORGANIZACIONAL.\nLícia de Carvalho Diógenes 1 (IC), Priscila Rodriges de Mesquita 2 (IC) Patricia Passos Sampaio(PC)\n1. Universidade de Fortaleza – Curso Psicologia.(IC)\n2. Universidade de Fortaleza – Curso Psicologia(IC)\n3. Universidade de Fortaleza(PC)\nEmail: liciacarvalho04@hotmail.com\nPalavras-chave: Psicologia. Terceira Idade. Organizações. Etnografia.\nResumo\nUma organização é uma combinação de esforços individuais que tem por finalidade realizar propósitos\ncoletivos que seriam inatingíveis para uma pessoa. Esse artigo tem como objetivo descrever a estrutura e o\nfuncionamento de um Centro-Dia que presta serviços à Terceira idade. Para isso, utilizamo-nos da pesquisa\nqualitativa, assim como uma aproximação do método etnográfico. A coleta de dados foi realizada por meio\nde um diário de campo onde observamos os fatos e fenômenos semelhantes como ocorrem no real, Uma\norganização é uma combinação de esforços individuais que tem por finalidade realizar propósitos coletivos\nque seriam inatingíveis para uma pessoa. Através das nossas observações conseguimos indentificar várias\nmudanças sofridas pelo idoso entre elas estão as alterações físicas, sociais e principalmente emocionais\ncomo a dependência, sentimento de inutilidade, vazio e carência afetiva. Percebemos todos esses fatores\ndentro do contexto Organizacional. A organização visitada trabalha com musicoterapia, terapia ocupacional,\narteterapia, atividades de integração com vistas a fazer com o que o idoso volte a se sentir útil e produtivo\npor meio de atividades lúdicas e cognitivas.\nIntrodução\nEsse estudo buscou compreender e descrever a estrutura e o funcionamento de uma Organização\nSocial que presta assistência à Terceira Idade por meio de atividades de integração, localizada na cidade de\nFortaleza, CE. Para alcançar o objetivo geral deste trabalho, procuramos relacionar os dados coletados com\nas categorias teóricas: terceira idade e organizações sociais.\nSegundo Maximiano(1992) uma organização é uma combinação de esforços individuais que tem\npor finalidade realizar propósitos coletivos. Por meio de uma organização torna-se possível perseguir e\nalcançar objetivos que seriam inatingíveis para uma pessoa.\nEm todas as época, os homens se juntaram em unidades mais ou menos vastas,\nprocurando estabelecer entre si relações duráveis de co-operação e vínculos\nafetivos, o que lhes permite viver e sobreviver melhor, assim como construir\nobjetos coletivos. Desde a era industrial, esse fenômeno universal tomou\namplitude e formas diversas. Em todos os campos da atividade humana,\norganizações especializadas, cada vez mais numerosas e diversificadas, surgiram\nde criações voluntárias, distinguindo-se da organização social no sentido lato.\n(LEVY, 2001, p.123).\nISSN 18088449 1A terceira idade é marcada por mudanças profundas, entre elas estão as alterações físicas, sociais,\nmentais e emocionais. Na nossa prática conseguimos indentificar bastante essas mudanças principalmente\nas de alteração emocional como a carência, a dependência dos outros, a perda de papéis e o decorrente\nsentimento de inutilidade e de vazio. Esses sentimentos são bastante recorrentes na velhice justamente por\nvivermos em uma sociedade onde aquele que não é mais produtivo para o mercado de trabalho é visto\ncomo descartável e facilmente excluído do âmbito social.\nEmbora o aumento da longevidade represente uma conquista para a população e\npara a ciência, ainda prevalece socialmente a idéia de que envelhecer é algo a ser\nevitado. Em um contexto no qual o culto da juventude é cada vez mais reforçado, a\nvelhice é permeada por estereótipos e preconceitos que a reduzem a uma fase de\ndeclínio e perdas. (COUTO, 2006, p. 321).\nPara Fraiman (2004) a velhice não é apenas uma fase na vida de um indivíduo e sim, um processo\ncontínuo e extremamente complexo embora ainda seja pouco conhecido, ele apresenta implicações tanto\npara quem o vivencia como para a sociedade que o suporta.\nEsse trabalho foi de extrema relevância para nós, enquanto estudantes, futuros profissionais de\nPsicologia, pois possibilitou que conseguíssemos entender melhor como funciona uma Organização Social e\nperceber a importância de seu bom funcionamento além de ter um conhecimento da pesquisa do tipo\netnográfico. Ademais, conseguimos perceber o idoso através de outro olhar, diferente do que tem o senso\ncomum e procurar compreendê-lo nessa fase de vida com todas as suas dificuldades vicissitudes.\nMetodologia\nPara o presente estudo, utilizamo-nos da pesquisa qualitativa que de acordo com Dantas e\nCavalcante (2006) mostra aspectos subjetivos e atingem motivações não explícitas, ou mesmo\nconscientes, de maneira espontânea.\nUtilizamos nesta pesquisa uma aproximação do método etnográfico que é um estudo de significado\nda \"vida diária\". É uma postura/posição metodológica que se opõe aos modos tradicionais de manipular os\nproblemas de ordem social (essência vista \"de fora\"), colocando que ela se cria na própria interação, sendo\numa forma diferenciada de apreender a realidade, sabendo que nenhuma delas consegue apreendê-la\ntotalmente (BRAGA, 1988).\nAs observações serão do tipo participante, que segundo Correia (2009) se refere aquela realizada\nem contato direto, frequente e prolongado do investigador. Para coleta de dados utilizamos entrevistas semi\nestruturadas com funcionários e pacientes, documentos disponibilizados pela organização(regimento interno,\nnormas e identidade organizacional) e observação participante. Todos os dados foram registrados em um\nDiáriode Campo.\nAs entrevistas foram, gravadas com autorização dos entrevistados e os dados foram analisados a\npartir da triangulação. Realizamos 10 visitas, de Abril a Maio de 2016, sendo 2 horas iniciais de\nreconhecimento do local, 2 horas finais de retorno e devolutiva e 26 horas de visitas, onde completaríamos\n30 horas na Organização.\nResultados e Discussão\nA Organização Social visitada iniciou suas atividades em 2004. Na entrevista, a proprietária nos\nrelatou que quando começou era uma empresa familiar composta por uma mulher e duas filhas:\nElas acharam que a Terceira idade era um negócio do futuro e tal, mas quando\nviram a dificuldade que é trabalhar com esse público desistiram, principamente as\nfilhas dela. Aí eu e a minha sócia atual trabalhávamos como terapeuta ocupacional\nISSN 18088449 2e compramos dela, nós mudamos algumas coisas, mudamos de endereço, fomos\nfazendo o local com a nosssa cara e estamos aqui até hoje (Proprietária).\nA Organização tem como missão o trabalho com a terceira idade, apontando a direção de sua\nreinserção e reintegração sociocultural, tornando o idoso produtivo e útil para a sociedade, além de\npromover a integração e convivência social estimulando-o cognitivamente. Dessa forma, possibilita fazer\ncom que o idoso se sinta ativo, alimentando sua autoestima para uma melhor qualidade de vida.\nReconhecendo que o idoso também é um ser produtivo, sensibilizando a família e a sociedade para que lhe\ndê a oportunidade de continuar vivo e produtivo no terceiro ciclo vital da existência.\nSegundo Laner e Cruz(2004) as organizações não são feitas somente de regras e estruturas, são\nformadas, também, por emoções, percepções, motivações, aspirações, expectativas, ou seja, por fatores\nsubjetivos. Intervir numa organização significa, por conseguinte, abordar também esses fatores, se é que se\npretende assegurar dignidade e cidadania a vida das pessoas no coletivo organizacional.\nEmbora a Organização disponha de uma equipe multidisciplinar composta por cuidadores,\nfonoaudiólogos, fisioterapeutas, terapeutas ocupacionais e professores de artes para atender às\nnecessidade do idoso apenas cinco são funcionários fixos do local. Duas sócias que trabalham na\nOrganização como terapeutas ocupacionais e também fazem parte da diretoria, duas cuidadoras, e um\ncozinheiro que também exerce outras funções quando é solicitado como, limpeza do ambiente e auxílio no\ncuidado de alguns idosos. Os outros profissionais só vão para o local quando algum paciente contrata seus\nserviços individualmente.\nNa Organização foi evidenciado bastante entrosamento entre os funcionários e pacientes fazendo\ncom que o clima organizacinal seja leve e descontráido. Acrediamos que por ser uma empresa pequena a\nrelação entre os funcionários de mesmo nível hieráquico é bem íntima e bastante informal. O clima é bem\ndescontraído e todos parecem ser uma família, percebemos que os funcionários ajudam uns aos outros\nquando é necessário realizando funções que, a princpío, não são suas. É dentro do grupo que se pode\nconseguir, auxilio e apoio, tendo em vista a consecução não somente dos objetivos individuais, como\ntambém organizacionais. (BERGAMINI, 2006 p. 99).\nAbordamos essa questão em nossas entrevistas ao perguntamos como é a relação entre os\nfuncionarios e como é para ele o clima dentro da empresa.\nBom, a nossa relação aqui é maravilhosa, eu confio muito nos meus funcionários e\naté hoje nunca tivemos problemas. Quando surge alguma coisa é algo muito\npequeno, só uma questão de ajuste mesmo. Pra trabalhar aqui tem que gostar\nmuito do público que atendemos e só por isso já conseguimos ter uma boa relação\n(Proprietária).\nA Organização é um Centro-Dia e sua estrutura traz bastante a ideia de lar. É composta por uma\nárea externa que funciona como de sala de espera, onde os pacientes esperam as atividades começarem e\nquando terminam também aguardam a chegada de alguém para buscar. Conta também com uma ala para\nterapia ocupacional grupal, outra para atividades individuais, uma cozinha e a parte externa da casa que\npossui uma mesa grande onde são realizadas as atividades de memória, artes, bingo, assim como, as\ncomemorações de aniversários e outras datas comemorativas.\nA sala de espera possui um quadro grande com os nomes dos aniversariantes do mês, e estão\nescritos nomes de funcionários e também de alguns idosos. Essa questão foi abordada nas entrevista\nquando perguntamos se são realizadas estratégias de integração como aniversários e datas comemorativas.\nÉ fundamental, eles adoram. Nós temos aniversariantes do mês, dia das mães,\nsão joão, todas as festas comemorativas a gente faz. A gente faz bingo toda terça\nfeira e tudo isso vai fazendo com que eles se sintam mais acolhidos. Também tem\nISSN 18088449 3o objetivo de premiar os funcionários com um momento de diversão por toda a sua\ndedicação à empresa. Esses eventos melhoram muito o clima organizacional e\ncriam um ambiente mais leve e descontraído (Proprietária).\nNa entrevista com a proprietária perguntamos como era a chegada dos idosos na Organização, se\neles eram trazidos por alguém ou iam por espontânea vontade. Ela relatou:\nEles sempre são trazidos por alguém quando eles chegam aqui, a gente faz uma\navaliação e vê o que eles precisam mais. Mediante essa avaliação a gente pega a\nhistória de vida, por exemplo: ele gosta muito de música, então a gente sugere a\nmúsicoterapia. Aí tem outros que já vem determinado pelo medico, quando é pra\nfazer terapia, fono, aí essas atividade são todas direcionadas.(Proprietária).\nUm fato que nos chamou atenção em relação ao espaço foi que por todo o local estão espalhados\nquadros ou imagens que remetem a ideias religiosas, como frases da bíblia e imagens de santos. Pudemos\nconstatar com as observações que a Organização é bastante atravessada pela religião, pois é um fator\npredomindante na vida dos Idosos.\nDe acordo com Oliveira (2008) no envelhecimento há uma maior busca pelo espiritual. Crenças,\ncomportamentos religiosos, práticas devocionais e atividades ligadas a grupos religiosos organizados são\nmais comuns entre os idosos que em qualquer faixa etária. A autora fala também que ser membro ativo de\num grupo religioso é considerado um dos mais importantes laços sociais ao lado da família, amigos e outros\ngrupos sociais relevantes.\nPor volta de duas vezes na semana a terapia ocupacional grupal é voltada para questões ligadas a\nreligião. Usaremos nomes fictícios quando formos nos referir às idosas que são pacientes do local. Em um\ndesses encontros, Dona Neida ficou bastante comovida, se emocionou e disse para a terapeuta que ela foi\num presente que Deus havia enviado para deixá-la mais feliz.\nOutra atividade do local que percebemos ser de bastante importância para os idosos é a\nmusicoterapia. Ela é utilizada em instituições públicas e privadas, e vem atuando em diversas áreas da\nsaúde e na prevenção das doenças do envelhecimento, não só pelo poder terapêutico da música, mas\ntambém pelos resultados dos estudos investigativos da neurociência da música. A música é capaz de\nestimular o físico, emocional e a vida social do idoso (PAZZINI, 2002). A maioria da músicas são muito\nantigas e percebemos o quanto aquele momento vem carregado de emoções.\nEm um desses encontros uma delas falou algo que nos comoveu extremamente, ela disse:\nMeu marido cantava essa música pra mim quando éramos jovens, ele era aviador\ne toda vez que ele saía para trabalhar colocava o meu retrato no bolso de sua\ncamisa, já fazem mais de trinta anos que ele morreu e eu penso nele todos os\ndias. (Dona Neida, 90 anos).\nNos dias de Arteterapia as idosas - geralmente só as mulheres participam dessa atividade – pintam\ndesenhos de rosas em panos de pratos e esculturas de gesso. Nessa atividade percebemos que elas\nficavam bastante concentradas e no final se orgulhavam do que produziram e umas elogiavam o trabalho\ndas outras.\nSegundo Alves-Rezende (2012) a arterapia proporciona o contato com o potencial criativo de cada\num, promovendo a resolução dos conflitos interiores por meio de recursos artísticos e expressivos.\nPossibilitando o alívio do estresse, diminuição da ansiedade e melhora da concentração e memória.\nUma outra idosa que frequenta o local é conhecida por ser agressiva e não se relacionar bem com\nos demais membros do grupo. Certa vez, uma cuidadora do local pediu que uma de nós acompanhasse\nessa senhora até a sala de espera e ficamos aflitas devido aos comentários que havíamos escutado. Mas a\nISSN 18088449 4conversa que tivemos com ela nos surpreendeu, pudemos ver como naquela idosa havia uma falta de\ncompreensão, a agressividade podia ser a forma que ela usava para ser ouvida. Ela disse para uma de nós:\nVai lá em casa qualquer dia desses? Eu moro com meu filho mas passo o dia\nsozinha, queria muito que você fosse pra gente conversar. Você mora em longe?.\nTambém percebemos que o tema da vaidade, se referindo a cuidar de si está bastante viva na\nterceira idade. Segundo Motta (1982) no imaginário social o envelhecimento é um processo que se\ndesenrola com desgaste, limitações crescentes e perdas físicas e de papéis sociais, em trajetória que finda\ncom a morte. A mesma autora relata que as perdas são tratadas principalmente como problemas de saúde,\nexpressas em sua maioria na aparência do corpo, que remete ao que lhe acontece com o enrugamento, o\nencolhimento e o descoramento dos cabelos, por exemplo.\nQuando você é jovem você nunca pensa em quando vai ficar velho, você só quer\naproveitar a vida, é a melhor fase. Depois que a gente envelhece vem as doenças,\na pele fica feia, o cabelo fica branco e assim vai. Mas eu gosto muito de me\narrumar,as pessoas sempre falam que sou muito vaidosa. Eu acho que a gente\ntem que se cuidar independe da idade (Dona Marta, 93 anos).\nOutro tema que notamos presente foi em relação à sexualidade, elas costumam conversar sobre o\nassunto e na maioria das vezes, provocava grande agitação e bom humor no grupo, e até mesmo em nós,\nobservadoras já que ainda há um certo tabu em falar de sexo na Terceira Idade, pois como cita Ballone\n(2002) a sociedade aliena e exclui o idosos das vivências sexuais. Justamente por sermos carregados de\nrepresentações sociais relacionadas à essa fase de vida acabamos nos surpreendendo com a naturalidade\nque elas levam esses assuntos.\nConclusão\nEsse estudo foi de grande importância, pois por meio dele que aumentamos o nosso conhecimento\nsobre o funcionamento de uma Organização, relacionando a teoria com a prática. Pudemos ver a realidade\ncom uma visão mais crítica, pois tínhamos o conhecimento teórico, o que facilitou na hora da observação.\nNa era contemporânea damos cada vez mais valor ao jovem, mas o envelhecimento da população\nbrasileira é uma realidade que se aproxima cada dia mais e a sociedade precisa estar atenta para lidar com\nisso. O Centro-Dia que estudamos, possibilita com que o idoso se sinta ativo reintegrando-o à sociedade,\nmas infelizmente os locais que realizam esse tipo de trabalho na maioria das vezes são organizações\nprivadas. Assim, boa parte da população idosa classe baixa não pode usufruir desses serviços.\nPortanto, fica claro, que deverão ocorrer mudanças no governo, em vez de velhos ou descartáveis,\nestes devem ser respeitados por serem sábios e experientes. E para que essa mudança ocorra, são\nnecessárias medidas como: melhorias na saúde e no bem estar, direitos fundamentais garantidos e inclusão\ndos mesmos para a sociedade atual.\nUma das diculdades encontradas foi que no começo foi difícil pois tínhamos alguns mitos e\npreconceitos em relação à esse público mas que foi superada pois desconstruimos nosso preconceitos,\ncomo por exemplo, ligados à sexualidade e de como mesmo com tantas limitações físicas ainda há várias\nmaneiras de o idoso se sentir ativo e últil para a sociedade, contrubuindo com o que pode oferecer.\nAcreditamos que uma nova possibilidade seria pesquisar mais a fundo como a família influencia no\nprocesso de envelhecer e como é a relação dos idosos com os familiares e o que mudou para eles nessa\nfase de vida.\nISSN 18088449 5Referências\nAlves-Rezende MCR, Wayama MT, Pires-Soubhia AM, Poi WR, Bresciani KDS, Fonseca LEC. A inserção\nda terceira idade na qualidade de vida. Rev Odontol Araçatuba 2012; 33 (Spec1):5\nBallone, G. J. Sexo nos Idosos. In PsiqWeb Psiquiatria Geral, 2002.\nBERGAMINI, Cecília W. Motivação nas organizações. 4. ed. São Paulo: Atlas, 1997.\nBRAGA, C. M. L. A etnometodologia como recurso metodológico na análise sociológica. Ci. Cult., v.\n40, n. 10, p. 957-66, out. 1988.\nCorreia, Maria da Conceição Batista. A observação participante enquanto técnica de investigação.\nPensar Enfermagem Vol. 13 N.º 2 2º Semestre de 2009.\nCOUTO, M. C. P. P. et al. Resiliência no envelhecimento: risco e proteção. In: FALCÃO, D. V. S. et al.\n(Org.). Maturidade e velhice: pesquisa e intervenções psicológicas. São Paulo: Casa do Psicólogo,\n2006. p. 315-338.\nDANTAS, M.; CAVALCANTE, V. Pesquisa qualitativa e Pesquisa quantitativa. Recife, PE: Universidade\nFederal de Pernambuco, 2006. (Trabalho de graduação da Disciplina Métodos e Técnicas de Pesquisa).\nFraiman, Ana. Coisas da idade / Ana P. Fraiman, São Paulo: Alexa Cultural, 2004.\nLANER, ALINE S.;CRUZ,J.B. Repensando as Organizações: da formação à participação. Florianópolis:\nFundação Boiteux, 2004.\nLEVY, A. Ciências Clínicas e Organizações Sociais – sentido e crise do sentido / Belo Horizonte, São\nPaulo, 2001.\nMAXIMIANO, A. C. - Introdução a administração. 3ª ed., São Paulo, Editora Atlas, 1992.\nMotta AB. Visão antropológica do envelhecimento. In: Viana de Freitas E et al. Tratado de geriatria e\ngerontologia. 2a ed. Rio de Janeiro: Guanabara Koogan; 2006. p. 78-82\nOLIVEIRA, Yeda Aparecida de Duarte / Maria Lúcia Lebrão / Vanessa Luiza Tuono / Ruy Laurenti\nRELIGIOSIDADE E ENVELHECIMENTO: UMA ANÁLISE DO PERFIL DE IDOSOS DO MUNICÍPIO DE\nSÃO PAULO Saúde Coletiva, año/vol. 5, número 024 Editorial Bolina São Paulo, Brasil, 2008.\nPazzini. D.M - Musicoterapeuta. Graduada pelas Faculdades Metropolitanas Unidas - UniFMU. Extensão\nUniversitária em Psicogerontologia PUC-SP e Gerontologia USP-SP. Pós-graduada em Gestão de Saúde da\nPessoa Idosa – FINOM.\nAgradecimento\nDeixamos nosso sincero agradecimento à Professora Orientadora Patrícia Passos Sampaio e ao monitor da\ndisciplina de Prática Integrativa IV, Lucas Falcão Nogueira que contribuíram significativamente para que\nrealização deste artigo fosse possível. Agradecemos também à Organização por ter permitido que\nrealizássemos as observações no local.\nISSN 18088449 6"
}