{
  "id": "26932",
  "trabalho": "A UTILIZAÇÃO DE CASOS CLÍNICOS COMO FORMA DE APRIMORAMENTO DO ENSINO DO EXAME NEUROLÓGICO",
  "area": "CIÊNCIAS DA VIDA",
  "ano": "2016",
  "evento": "XVI - ENCONTRO DE INICIAÇÃO À DOCÊNCIA",
  "link": "http://uol.unifor.br/oul/conteudosite/?uuid=BCAA9D48D69A7E97BA96F656E8009A0AAE4C7C03",
  "conteudo": "XVI Encontro de Iniciação à Docência\nUniversidade de Fortaleza\n17 a 20 de outubro de 2016\nA utilização de casos clínicos como forma de aprimoramento do ensino do exame neurológico\nIsabelle Rodrigues Schramm¹* (ID), Sara Alcântara de Carvalho¹ (ID), Giovanna Diogo Diógenes\nQuezado¹ (ID), Amanda de Souza Evangelista¹ (ID), Francisco Wandemberg Rodrigues dos\nSantos² (PO)\n1. Universidade de Fortaleza – PROMOV\n2. Universidade de Fortaleza – Docente do curso de Medicina\nPalavras-chave: exame neurológico; aprendizagem baseada em problemas\nResumo\nO ensino médico deve adaptar-se às novas exigências, buscando uma maior interação e\nparticipação dos alunos de graduação. Diante disso, o papel dos monitores acadêmicos é\nfundamental para buscar ativamente atender a essas novas exigências junto aos alunos. O uso\nde metodologias ativas é fundamental no processo de formação médica, principalmente na forma\nde casos clínicos, facilitando a contextualização e a consolidação do conteúdo. Um importante\nassunto que deve ser abordado com casos clínicos é o exame neurológico, devido às suas\ncomplexidade e densidade. O presente trabalho tem o objetivo de analisar se a aplicação de\ncasos clínicos torna o aprendizado do exame neurológico mais efetivo. Trata-se de um estudo\ncaso-controle transversal quantitativo, para o qual foi feita a comparação dos resultados dos pré-\ntestes e pós-testes realizados pelos alunos que comparecem à atividade com casos clínicos,\nalém da comparação das notas obtidas no Teste Cognitivo do Módulo de Habilidades Médicas III\ndos alunos que participaram e dos que não participaram. A amostra foi composta por sessenta e\nseis alunos do terceiro semestre do curso de Medicina, dos quais, vinte e seis compareceram à\natividade com casos clínicos e quarenta participaram apenas mediante análise dos Testes\nCognitivos. Houve prevalência do sexo feminino (65%) e a faixa etária variou de dezoito a trinta e\ndois anos. 92,3% dos alunos que compareceram à atividade não possuíam formação superior\nprévia, e nem expertise no assunto. Comparando as questões com maior número de acertos no\npós-teste em relação ao pré-teste, pode-se observar que em seis questões os acertos\naumentaram em 31,2%, 42,4%, 19,3%, 11,5%, 7,7% e 9,2%; outras duas questões mantiveram a\nmesma porcentagem de acertos tanto no pré-teste, quanto no pós-teste; em outras duas\nquestões, houve diminuição de 27% e 7,7%, respectivamente. Quanto ao Teste Cognitvo, das\ncinco questões, apenas em duas delas os alunos que estiveram presente na atividade obtiveram\nISSN 21755396 1melhor rendimento. Conclui-se, portanto, que o efeito da atividade com casos clínicos é mais\nsignificativa sobre a memória recente do que na memória tardia.\nIntrodução\nO rápido progresso ensino-tecnológico exige que o ensino médico adapte-se às novas\nexigências do processo de aprendizagem, buscando uma participação mais dinâmica e interativa\ndos alunos de graduação (BROGIN et al, 1999). Em meio a isso, o monitor acadêmico tem papel\nfundamental para atender às novas demandas. Sendo um elo entre professor e aluno, o monitor\né um facilitador do trabalho docente ao direcionar grupos, discussões e elaborar estratégias que\nfavoreçam o esclarecimento dos conteúdos, visto que na maioria das vezes os professores não\ndispõem de tempo suficiente para tais atividades (DA SILVA, 2012). Além disso, ser monitor\npermite o aprofundamento do conhecimento a cerca da disciplina ensinada e a experiência do\ndesenvolvimento de uma atividade pedagógica, os quais são aspectos importantes para a\nformação de professores universitários no que diz respeito às habilidades didáticas (DE\nOLIVEIRA, 2013).\nPara que o monitor desempenhe seu papel o mais eficazmente possível, deve buscar\nutilizar metodologias ativas. As metodologias ativas são muito visadas por permitirem o maior\ndesenvolvimento dos pensamentos crítico e social, bem como do raciocínio em relação ao\nassunto abordado. Um exemplo de metodologia ativa é a resolução de problemas, ou seja,\nproblematizar situações leva o aluno a observar a realidade do problema, determinar pontos-\nchaves, teorizar, criar hipóteses de solução e aplicar, então, à realidade (NAGHETTINI, 2010).\nNo ensino médico, a resolução de problemas baseia-se principalmente na resolução de casos\nclínicos.\nDe acordo com a evolução do processo de ensino, foi inserido o método PBL (Problem\nBased Learning), no qual há um problema central, de preferência objetivo, simples e inovador\nque estimula os alunos a tentarem resolvê-lo utilizando conhecimentos prévios e pesquisando\ndiferentes informações. Ele possui diversas vantagens, como o aumento da assimilação de\nconteúdos, uma boa base de conhecimento integrada, a aprendizagem de como se buscar\ninformações em bases de dados e uma melhor experiência na prática clínica. O PBL utiliza\nbastante os casos clínicos, os quais são ainda a base para a aprendizagem médica\n(GROSSMAN, 2006).\nO PBL é o método utilizado no módulo de Habilidades Médicas do Curso de Medicina da\nUniversidade de Fortaleza, o qual tem como objetivos principais o desenvolvimento de\nhabilidades de semiologia, em procedimentos médicos, em laboratório clinico, de comunicação e\nem informática (MÓDULO DE HABILIDADES MÉDICAS I, 2014). O Laboratório de Habilidades é\nfundamental para a preparação dos estudantes de Medicina como forma de treinar\nantecipadamente as habilidades com o próprio paciente (PEZZI, 2008).Nesse contexto, um conteúdo essencial abordado no processo de graduação médica é a\nSemiologia, afinal, desenvolve o raciocínio clínico e as habilidades de comunicação com o\npaciente e de realização do exame físico (BRITO, 2011). A semiologia do aparelho neurológico,\nem particular, ao ser realizada pode reduzir muito a morbidade e a mortalidade a partir da\nidentificação de desordens neurológicas e consequentes realizações de intervenções, o que\nevidencia sua importância (JAGODA, 2004). Após a realização da história clínica e do exame\nfísico neurológico chega-se ao correto diagnóstico em 73% dos casos, fato que implica no\nreconhecimento da semiologia neurológica como uma etapa indispensável na formação médica.\n(MARANHÃO-FILHO, 2007).\nA realização do exame semiológico neurológico exige treinamento e habilidade por\npossuir detalhes diversos, devendo ser iniciada pela avaliação do estado mental do paciente,\nseguida de sua história clinica, para então iniciar a avaliação física, a qual é composta pelo\nexame dos pares de nervos cranianos, da função motora, dos reflexos, da função sensitiva e da\ncoordenação motora e do equilíbrio (JAGODA, 2004).\nDessa forma, o presente trabalho buscou aplicar o uso da metodologia ativa dos casos\nclínicos durante a monitoria, relacionados ao assunto de exame neurológico, para avaliar se tal\natividade torna mais eficaz tanto a contextualização, quanto a consolidação de um conteúdo tão\nfundamental e complexo, bem como o desenvolvimento do raciocínio clínico. Os resultados são\nde grande valor para o seguimento de tal atividade nos próximos semestres.\nMetodologia\nTrata-se de um estudo caso-controle transversal quantitativo, realizado com estudantes\ndo 3º semestre do curso de Medicina da Universidade de Fortaleza, executado no ano de 2016.\nOs instrumentos de coleta utilizados foram o pré-teste e o pós-teste elaborados por alunas do\nPrograma de Monitoria Voluntária do módulo de Habilidades Médicas III e aplicados antes e após\na aula com casos clínicos, respectivamente, com o objetivo de analisar o efeito de tal\nmetodologia sobre a memória recente dos alunos. Foram utilizados ainda os Testes Cognitivos\naplicados pelos professores, através do qual comparou-se os acertos obtidos pelos alunos que\ncomparecerem à atividade com casos clínicos e os dos alunos que não compareceram, com o\nobjetivo de analisar o efeito desta metodologia sobre a memória tardia. Os dados foram\ncompilados no programa Epi Info 7.1.5. Os aspectos éticos foram respeitados, mediante\nassinatura dos Termos de Consentimento Livres e Esclarecidos e sigilo quanto às identidades\ndos alunos participantes. Além disso, os princípios de autonomia, benefiência e não-maleficência\nforam preservados.\nResultados e Discussão\nA amostra foi constituída por sessenta e seis alunos do terceiro semestre do curso de\nMedicina. Desses, vinte e seis compareceram à atividade com casos clínicos, sendo submetidosà realização do pré-teste e do pós-teste, enquanto os outros quarenta alunos participaram\napenas mediante a análise dos seus Testes Cognitivos pelos pesquisadores.\nDo total da amostra, houve a prevalência do sexo feminino, constituindo 65% da amostra\ne a faixa etária variou de dezoito a trinta e dois anos.\nPara caracterizar melhor o perfil dos estudantes participantes da aula, foi perguntado se\neles possuíam alguma formação superior prévia e se já haviam entrado em contato com o\nconteúdo, anteriormente ao módulo Habilidades Médicas III, e 92,3% responderam “Não” para\nambas as perguntas. Dessa forma, a interferência nos resultados finais do contato prévio com o\nassunto mostra-se irrelevante.\nAs dez questões dos questionários pré-teste e pós-teste eram objetivas e foram\ndevidamente aplicadas antes e após a aula, respectivamente. Comparando as respostas de tais\nquestionários, observou-se que o número de acertos de seis questões aumentou no pós-teste em\nrelação ao pré-teste, de duas questões manteve-se o mesmo e de outras duas diminuiu.\nComparando as questões com maior número de acertos no pós-teste em relação ao pré-\nteste, pode-se observar que as questões 1 (um) e 4 (quarto) obtiveram um aumento significativo,\nde 31,2% e de 42,4%, respectivamente. As questões 2 (dois), 6 (seis), 7 (sete) e 8 (oito) também\nobtiveram resultados favoráveis, com o número de acertos sofrendo aumento de 19,3%, 11,5%,\n7,7% e 9,2%, respectivamente. Já as questões 3 (três) e 5 (cinco) mantiveram a mesma\nporcentagem de acertos tanto no pré-teste, quanto no pós-teste, enquanto que nas questões\nnove e dez, houve diminuição de 27% e 7,7%, respectivamente.\nAo comparar a porcentagem de acertos no pré-teste e no pós-teste, pode-se observar que,\nno pré-teste, a maioria dos alunos acertou 60%, enquanto que, no pós-teste, a maioria dos alunos\nacertou 80%. O aumento ocorrido indica uma efetividade da metodologia utlizada na memória\nrecente, já que os alunos mostraram um melhor rendimento após a resolução dos casos clínicos\nna atividade.Para comparar os Testes Cognitivos, contendo as questões que abordavam os assuntos\ncomentados durante a atividade, foi feita a separação de dois grupos: os alunos que\ncompareceram à aula e os alunos que não compareceram à atividade. Das cinco questões dos\nTestes Cognitivos, apenas em duas delas os alunos que estiveram presente na atividade\nobtiveram melhor rendimento, como pode ser observado no gráfico:\nDesse modo, percebe-se que o efeito sob a memória tardia não foi tão perceptível quanto\nsob a memória imediata. Contudo, é importante observar que o percentual de acertos dos alunos\nque compareceram a atividade foi satisfatório, por ter sido maior ou igual a 65,3% em todas as\nquestões, chegando a 93% na questão 13 (treze).\nConclusão\nA análise dos resultados e discussões, sob o embasamento teórico da introdução, indicam que,\npor mais que o efeito sobre a memória tardia não tenha sido tão significativo, a metodologia ativa\ncom a utilização de casos clínicos é importante, pois é efetiva na memória recente e, a partir da\nanálise dos dados, percebe-se que contribui para o melhor rendimento dos alunos no processode ensino-aprendizagem de um conteúdo fundamental para a graduação médica que é o exame\nneurológico.\nReferências\nNAGHETTINI, A. et al. Diretrizes em métodos de ensino e avaliação do processo de ensino-\naprendizagem do curso de Medicina da UFG, GO, 2010.\nGROSSMAN, Eloísa; CARDOSO, Maria Helena Cabral de Almeida. As narrativas em medicina:\ncontribuições à prática clínica e ao ensino médico. Rev. bras. educ. med., Rio de Janeiro , v.\n30, n. 1, p. 6-14, Apr. 2006 . Available from\n<http://www.scielo.br/scielo.php?script=sci_arttext&pid=S0100-\n55022006000100002&lng=en&nrm=iso>. access on 24 Mar. 2016.\nhttp://dx.doi.org/10.1590/S0100-55022006000100002.\nBROGIN, Renato et al. A Monitoria acadêmica: uma proposta no ensino médico. Semina:\nCiências Biológicas e da Saúde, v. 18, n. 2, p. 15-18, 2004.\nDA SILVA, Rosineide Nascimento; DE BELO, Maria Lusia Morais. Experiências e reflexões de\nmonitoria: contribuição ao ensino-aprendizagem. Scientia Plena, v. 8, n. 7, 2012.\nJAGODA, Andy; RIGGIO, Silvana. What you forgot about about the neurological exam, part 1:\nhistory, mental status, cranial nerves. Consultant live, Dec. 2006. Available from\nwww.consultantlive.com/articles/what-you-forgot-about-neurologic-exam-part-1. acess on 24 Mar.\n2016.\nJAGODA, Andy; RIGGIO, Silvana. What you forgot about about the neurological exam, part 2:\nmovement, reflexes, sensation, balance. Consultant live, Dec. 2006. Available from\nwww.consultantlive.com/articles/what-you-forgot-about-neurologic-exam-part-1. acess on 24 Mar.\n2016.\nMódulo de Habilidades Médicas III do Curso de Medicina da Unifor, Versão 2014.\nDE OLIVEIRA, Suellen Rodrigues; MAZIERO, Andressa Merlin. Vivenciando a docência:\nparticipação ativa do monitor nas aulas teóricas. Gestão e Saúde, v. 1, n. 1, p. pag. 2095-2102,\n2013.\nPEZZI, L.; NETO, S. P. O Laboratório de habilidades na formação médica. Cadernos da ABEM,\nv. 4, p. 16-22, 2008.\nMARANHÃO-FILHO, Péricles de Andrade; MARANHÃO, Eliana Teixeira. A evolução do Exame\nNeurológico e alguns sinais descritos a partir do século XX Semiologia Neurológica. Rev. bras.\nneurol, v. 43, n. 1, p. 5-11, 2007.\nAgradecimentos\nAgradecemos aos docentes do módulo Habilidades Médicas III por todo o suporte e apoio\ndurante o Programa de Monitoria, bem como aos alunos que compareceram à atividade e\naceitaram participar da pesquisa."
}