{
  "id": "26930",
  "trabalho": "PERSPECTIVAS DA APLICAÇÃO DO MÉTODO DO ESTUDO DE CASO EM PESQUISAS JURÍDICAS",
  "area": "CIÊNCIAS JURÍDICAS",
  "ano": "2016",
  "evento": "XVI - ENCONTRO DE PÓS-GRADUAÇÃO E PESQUISA",
  "link": "http://uol.unifor.br/oul/conteudosite/?uuid=3576C757DA68D513713560DE48F24931031AC9FF",
  "conteudo": "XVI ENCONTRO DE PÓS-GRADUAÇÃO E PESQUISA\nUniversidade de Fortaleza\n17 a 20 de outubro de 2016\nPerspectivas da aplicação do método do estudo de caso em pesquisas\njurídicas\nAndréa De Boni Nottingham1* (PG), Andréa Maria Sobreira Karam2* (PG), Cylviane Maria Cavalcante de\nBrito Pinheiro Freire3* (PG), Mônica Mota Tassigny4 (PQ).\n1Mestrado em Direito Constitucional, Universidade de Fortaleza, Fortaleza-CE;\n2Mestrado em Direito Constitucional, Universidade de Fortaleza, Fortaleza-CE;\n3Doutorado em Direito Constitucional, Universidade de Fortaleza, Fortaleza-CE;\n4Professora Titular do Programa de Pós-Graduação em Administração e Professora Colaboradora do Programa de Pós-\nGraduação em Direito Constitucional, Universidade de Fortaleza, Fortaleza-CE.\nandreadeboni@edu.unifor.br\nandreakaram@uol.com.br\ncylvianne@yahoo.com.br\nPalavras-chave: Estudo de caso. Pesquisas jurídicas. Direito. Método.\nResumo\nEste artigo tem por finalidade apresentar breve análise sobre a utilização do estudo de caso como método\nde pesquisa científica desenvolvida no campo do Direito. Destarte, tem por objetivo geral, verificar quando é\nque o estudo de caso se mostra adequado para ser adotado como método em uma pesquisa jurídica e\ncomo deve ser a sua respectiva aplicação. Os objetivos específicos, por sua vez, consistem em: investigar\ncomo se perfaz o método do estudo de caso; descrever seus principais conceitos, origem e forma de\naplicação; identificar os cuidados necessários para sua concretização; e averiguar se o estudo de caso vem\nsendo adotado como método de pesquisa jurídica, e, mais especificamente, como método escolhido pelos\ndiscentes do Programa de Pós-Graduação em Direito Constitucional da Universidade de Fortaleza (PPGD-\nUNIFOR). Para tanto, realizou-se pesquisa qualitativa e quantitativa, de fonte bibliográfica e documental, de\ncaráter exploratória, explicativa e descritiva. Feito isso, como resultado, conclui-se que o estudo de caso é\num método aplicável à pesquisa jurídica, desde que elaborado corretamente, podendo ser utilizado como\nforma de superar as críticas recorrentes com relação à produção científica meramente bibliográfica\nproduzidas pelos estudantes da área do Direito. Porém, apesar da evidente compatibilidade, percebe-se\nque esse método ainda é pouco explorado, devendo ser cada vez mais incentivado entre os acadêmicos da\nárea jurídica.\nIntrodução\nAs pesquisas produzidas na seara do Direito brasileiro vêm, há algum tempo, sofrendo críticas\nrecorrentes por parte de comunidades acadêmicas de outras esferas do conhecimento, sobretudo, em\nrazão do diminuto uso de fontes empíricas quando da elaboração de pesquisas jurídicas, as quais, de\nacordo com os críticos, quase sempre se restringem às fontes bibliográficas e/ou documentais. (BITTAR,\n2015, p. 23)\nVale evidenciar que os métodos que geralmente são utilizados na produção de pesquisas jurídicas,\nsão constituídos, especialmente, por estudos teórico-descritivos, fundamentados, sobretudo, por revisão\nliterária oriunda de pesquisa bibliográfica. De outro lado, é perceptível que, atualmente, há um maior\nfomento para que os pesquisadores da área jurídica inovem nos métodos adotados, no sentido de alcançar\nalguma aplicabilidade prática, como por exemplo, o estudo de caso.\nEste artigo tem por finalidade apresentar breve análise sobre a aplicação do estudo de caso como\nmétodo de pesquisa científica desenvolvida no campo do Direito. Desta forma, foram relatados os\nresultados de uma pesquisa levada a efeito sobre a utilização do estudo de caso como método de pesquisa\n1escolhido para ser adotado nas teses e dissertações dos discentes do Programa de Pós-Graduação em\nDireito Constitucional da Universidade de Fortaleza (PPGD-UNIFOR).\nSendo assim, o objetivo geral deste artigo consiste em verificar quando é que o estudo de caso se\nmostra adequado para ser adotado como método de uma pesquisa jurídica e como deve ser a sua\nrespectiva aplicação. Quanto aos objetivos específicos, por sua vez, intentam: investigar como se perfaz o\nmétodo do estudo de caso; descrever seus principais conceitos, sua origem e forma de aplicação; identificar\nos cuidados necessários para sua concretização; e averiguar se o estudo de caso vem sendo adotado como\nmétodo de pesquisa jurídica, e, mais especificamente, como método escolhido pelos discentes do Programa\nde Pós-Graduação em Direito Constitucional da Universidade de Fortaleza (PPGD-UNIFOR).\nIsto posto, o presente artigo mostra-se cientificamente relevante, vez que seus resultados\ncomprovam, sobretudo, que o método do estudo de caso é plenamente compatível com a pesquisa jurídica,\ndesde que realizado corretamente, podendo ser utilizado como forma de superar as críticas recorrentes com\nrelação a produção científica meramente bibliográfica produzidas pelos estudantes da área do Direito.\nPorém, apesar da evidente compatibilidade, percebe-se que esse método ainda é pouco explorado,\ndevendo ser cada vez mais incentivado entre os acadêmicos da área jurídica. Ademais, para que a\npesquisa jurídica acompanhe a evolução da ciência do Direito, deve adaptar-se aos novos paradigmas que\nbuscam resultados mais pragmáticos, eficientes e eficazes, voltados para realidade fática.\nMetodologia\nA metodologia empregada no presente trabalho caracteriza-se, primordialmente, por pesquisa de\nfonte bibliográfica e documental, consolidada a partir de estudos extraídos de livros, artigos científicos,\nimpressos de periódicos, bem como de revistas eletrônicas de bases de dados indexadas. Quanto à\nabordagem, define-se como qualitativa e quantitativa, vez que, além de se dedicar a compreender e\nexaminar o problema e sua contextualização, visou catalogar e analisar os dados que foram coletados por\nmeio de questionário semiestruturado, aplicado no mês de março de 2016, junto a 35 (trinta e cinco)\ndiscentes que estão cursando disciplinas presenciais do mestrado e doutorado do Programa de Pós-\nGraduação em Direito Constitucional (PPGD) da Universidade de Fortaleza (UNIFOR). No tocante aos\nobjetivos, a metodologia utilizada consubstancia-se como exploratória, explicativa e descritiva, pois teve por\nfim investigar, interpretar e descrever, de forma detalhada, o fenômeno estudado e o método de\ninvestigação usado na pesquisa, propiciando assim uma maior aproximação com a problemática.\nResultados e Discussão\nEm que pese o estudo de caso não ser um método de pesquisa científica tradicionalmente adotado\nna seara do Direito, não se pode olvidar que ele é totalmente compatível com a pesquisa jurídica, desde\nque realizado de forma correta. Assim, para entender como é que se desenvolve o passo a passo do\nreferido método, é primordial compreender, inicialmente, o que é o estudo de caso, quais são os seus\ninstrumentos, quando ele pode ser utilizado como método de pesquisa no âmbito do Direito e como se dá a\nsua metodologia de aplicação. Além disso, também é essencial identificar quando é que a sua utilização é\nindicada em pesquisas jurídicas.\nDestaque-se que o estudo de caso é um método de investigação empírica que consiste, sobretudo,\nem: planejamento, técnicas de coleta de dados e sua respectiva análise. Com efeito, quando o objeto de\numa determinada pesquisa possui perguntas do tipo: “como” e “por que”, o método de estudo de caso, pode\nser considerada uma escolha viável e adequada. Diante disso, depreende-se que não existe uma fórmula\nprecisa para determinar a aplicabilidade do estudo de caso a dado objeto. Neste diapasão, a escolha varia,\n2conforme a questão de pesquisa, isto é, quanto mais o objeto da pesquisa se dedica a explicar “como ou\npor que algum fenômeno social funciona”, mais relevante será a adoção do método de estudo de caso.\nAdemais, se as questões necessitarem de uma “descrição ampla e profunda de algum fenômeno social”,\ntambém será de grande importância apostar no referido método. (YIN, 2010, p. 24)\nVale salientar que alguns autores, ao delinear o passo a passo que o pesquisador deve galgar rumo\nao desenvolvimento de um estudo de caso, explicam que há três providências fundamentais para a\nprodução do estudo de caso: a primeira é constituída pela escolha e delimitação do objeto de estudo, assim\ncomo das particularidades que serão analisadas; a segunda se refere ao trabalho de campo, que envolve a\ncoleta de dados e a organização e estruturação dos levantamentos; a terceira volta-se para a formalização\ndocumental e exame das informações relacionadas que vão servir de fundamento para o relatório final, o\nqual deverá ser preparado consoante os parâmetros previamente estabelecidos. (CHIZZOTTI, 1995, p. 102-\n103)\nQuanto à finalidade do estudo de caso, de acordo com Gil (2002, p. 55), intenta propiciar uma visão\ngeral da problemática ou de discernir os prováveis “fatores que o influenciam ou são por ele influenciados”.\nÀ vista disso, percebe-se que é primordial que o pesquisador selecione os instrumentos e as técnicas\nadequadas para fazer a coleta de dados necessários para a realização do desenvolvimento, assim como\ndas conclusões de sua pesquisa.\nDestarte, quando o pesquisador optar pelo método de estudo de caso, somente deverá proceder a\ncoleta de dados, após a definição clara e precisa do tema, bem como do enunciado e das questões guias.\nAlém disso, deverá fazer o planejamento completo da pesquisa e de seu protocolo, o levantamento do\nmaterial constante do plano do estudo e a respectiva escolha das técnicas de coleta de dados. (MARTINS,\n2008, p. 22)\nRessalte-se que a preparação de um trabalho científico, deve ter um planejamento metódico formado\npor uma sequência lógica de momentos. (SEVERINO, 2002, p. 73). O método caracteriza-se como sendo o\n“instrumental da pesquisa\". É ele que vai delimitar a distinção que existe entre aquilo que se define como\ncientífico, “investigação lastreada metodologicamente”, e o que se preconiza como opinião ou senso\ncomum, “expressão de um subjetivismo”. Por conseguinte, qualquer pesquisa que se pretenda rigorosa e\nque tenha por objetivo resultados científicos, deve estar fundamentada em um método. (BITTAR, 2015, p.\n11)\nNesse enredo, considerando que os experimentos e levantamentos que são compilados para a\nprodução de estudos de caso não são provenientes de procedimentos metodológicos rígidos, o que pode\nprejudicar a qualidade de seus resultados, é essencial, que o pesquisador que pretende proceder a um\nestudo de caso, redobre sua atenção tanto no planejamento quanto na coleta e análise dos dados. (GIL,\n2001, p. 54)\nPortanto, depreende-se que a pesquisa científica, tem por objetivo se aproximar constantemente da\nrealidade que nunca tem um fim, produzindo uma mistura peculiar entre “teoria e dados”, isto é, uma busca\ncontínua para a elucidação da realidade. Para tanto, os métodos científicos são utilizados para solucionar e\nresponder questões levantadas. (MINAYO, 1993, p. 23).\nCom o escopo de constatar se o estudo de caso está sendo escolhido como método de pesquisa a\nser aplicado nas teses e dissertações dos discentes do Programa de Pós-Graduação em Direito\nConstitucional da Universidade de Fortaleza (PPGD-UNIFOR), realizou-se levantamento de dados por\nintermédio de questionário semiestruturado, aplicado no mês de março de 2016, junto a 35 (trinta e cinco)\ndiscentes que estão cursando disciplinas presenciais do aludido programa.\n3O questionário que foi aplicado aos discentes constituiu-se de seis perguntas objetivas do tipo\nmúltipla escolha, com resposta única, isto é, o discente deveria assinalar apenas uma única opção como a\nresposta que melhor se adequasse ao questionamento formulado.\nCom o fito de coletar as informações relativas à adoção do método do estudo de caso, foram\nformuladas as seguintes questões com suas respectivas alternativas:\n1. Qual o seu curso? a) Mestrado; b) Doutorado;\n2. Qual a sua área de concentração? a) Direito Público; b) Direito Privado;\n3. Você já definiu o seu objeto de pesquisa? a) Sim; b) Não;\n4. Caso já tenha definido seu objeto de pesquisa, você utilizará o método de estudo de caso? a) Sim;\nb) Não;\n5. Caso ainda não tenha definido seu objeto de pesquisa, você pretende utilizar o método de estudo\nde caso? a) Sim; b) Não;\n6. Se você NÃO vai utilizar o método de estudo de caso, marque abaixo a opção que mais se\naproxima do motivo: a) Não conheço o método do estudo de caso na pesquisa jurídica; b) Penso que o\nmétodo de estudo de caso é complexo e não tenho tempo hábil para desenvolvê-lo; c) Acredito que o\nmétodo de estudo de caso não se adequa a pesquisa jurídica; d) O meu objeto de pesquisa não é\ncompatível com o método de estudo de caso.\nOs resultados da amostragem em alusão demostraram, de um modo geral, que: dos 35 (trinta e\ncinco) discentes entrevistados, 09 (nove) utilizarão o método de estudo de caso, isto é, apenas 25,72% dos\nentrevistados farão uso desse método. De outro lado, 74,28% dos entrevistados não adotarão o estudo de\ncaso em suas pesquisas. Desses 74,28%, aproximadamente 19,2% afirmaram que não utilizarão o estudo\nde caso por não conhecerem a aplicação do citado método na pesquisa jurídica; 38,4% informaram que não\nfarão uso de tal método, por entender que seus objetos de pesquisa são incompatíveis com o método; e\n42,3% disseram que acreditam esse método é muito complexo e que, por isso, não teriam tempo para\ndesenvolvê-lo.\nDesta feita, em conformidade com os resultados obtidos com a aplicação dos referidos questionários,\npode-se afirmar que o estudo de caso não tem sido um método utilizado com frequência entre os alunos do\nmestrado e do doutorado do PPGD-UNIFOR, notadamente, em virtude da suposta incompatibilidade com o\nobjeto de pesquisa e pela complexidade de seu desenvolvimento, que demandaria um maior lapso\ntemporal.\nDe fato, a aplicação do estudo de caso, como visto, exige tempo, vez que é necessário um\nplanejamento pormenorizado da pesquisa, com a escolha prévia das ferramentas adequadas e análise dos\nresultados levantados, frisando-se que tudo isso deve ser antecedido por um estudo teórico prévio da\ntemática por parte do pesquisador. No entanto, tempo é uma questão de organização. Se o estudo de caso,\nconforme visto, é um método adequado para enriquecer a pesquisa jurídica, por aproximar o Direito da\nrealidade da qual ela emerge, tempo não deveria ser o problema.\nIsto posto, infere-se que a adoção do método do estudo de caso nas pesquisas realizadas no campo\ndo Direito não exclui a necessidade de um estudo teórico-bibliográfico que fundamente o pesquisador na\nanálise do caso concreto, trata-se de motivar uma espécie de pesquisa que possua os componentes\npróprios do Direito: lei, em um sentido genérico e abstrato; e realidade, circunstâncias das quais as normas\nnascem e às quais elas se dirigem. O estudo de caso se sobressai vez que permite uma maior aproximação\ndo pesquisador com a realidade, cujos resultados de seu trabalho científico poderão ser aplicados\nfaticamente ao caso concreto. (SILVEIRA, 2015, p. 6)\n4Portanto, o uso do método do estudo de caso na pesquisa jurídica valoriza o trabalho do pesquisador,\npois denota que a busca não se restringiu somente aos aspectos teóricos da ciência jurídica, mas foi mais\nadiante, procurou respostas na realidade social, que pudessem apresentar dados concretos, viabilizando\nmaior credibilidade para uma futura aplicabilidade prática do trabalho produzido, de forma que cada\nresultado encontrado será mais do que mera reprodução de texto, trará algo novo para determinado\nfenômeno humano, que servirá de auxílio para a melhoria do sistema jurídico.\nTanto é assim, que a utilização do estudo de caso nas dissertações de mestrado e nas teses de\ndoutorado tem sido incentivada pelos programas de pós-graduação stricto sensu, o que pode ser percebido\npelo fato de 70% das teses indicadas pelos próprios programas ao prêmio anual da CAPES, congratula as\nmelhores teses de doutorado no Brasil, que apresentarem análise de julgados ou estudos de caso, com\nexceção daquelas que tratam de assuntos primordialmente filosóficos e de teoria do direito, para as quais o\nreferido método seria inadequado. (MONEBHURRUN; VARELA, 2013, p. 433)\nConclusão\nDiante do exposto, infere-se que existe uma recorrente crítica advinda de comunidades acadêmicas\nde outras áreas do conhecimento, que apontam que as pesquisas desenvolvidas no campo do direito\npossuem uma limitação metodológica, por tradicionalmente se restringirem à simples análise teórica e\nbibliográfica dos fenômenos jurídicos. Por meio deste artigo, apresentou-se breve ensaio sobre a aplicação\ndo estudo de caso como método de pesquisa jurídica, a fim de demonstrar, a partir da análise de seu\nconceito, origem e forma de aplicação, a possibilidade de utilização desse método no desenvolvimento de\ntrabalhos científicos na seara do Direito.\nOs resultados do presente trabalho demonstram que, para que o estudo de caso seja utilizado de\nforma segura, é preciso que siga rigorosamente uma metodologia de aplicação, a iniciar pela exata\ndefinição do objeto de pesquisa que, inclusive, será determinante para constatar se o estudo de caso é o\nmétodo adequado para a pesquisa a ser desenvolvida. Após definir o tema, o pesquisador deve ir a campo\npara coletar dados, sempre observando o planejamento previamente estabelecido, para evitar erros que\ncomprometam os resultados. Por fim, deve-se formalizar a pesquisa desenvolvida, por meio de documento\nescrito. Somente com a observância desse passo a passo, o estudo de caso se apresenta como apto e\nseguro à produção científica inovadora na pesquisa jurídica.\nDestarte, ficou amplamente demonstrado a compatibilidade entre o método do estudo de caso e a\npesquisa jurídica, no entanto, para evitar o comprometimento dos resultados obtidos, o pesquisador deve\nobservar atentamente as fases estabelecidas no processo de investigação. Sendo assim, depreende-se que\no método do estudo de caso na pesquisa jurídica deve ser cada vez mais incentivado, posto que ainda é\npouco utilizado quando comparado a outros métodos. A referida assertiva pode ser constatada a partir dos\nresultados obtidos na pesquisa por amostragem, realizada por meio de questionário aplicado junto a 35\n(trinta e cinco) discentes do mestrado e doutorado do PPGD-UNIFOR, em que verificou-se que apenas 09\n(nove) discentes adotarão o estudo de caso.\nVale destacar que uma das mais conceituadas Escolas de Direito do Brasil, a Fundação Getúlio\nVargas de São Paulo, já vem adotando o método do estudo de caso, tanto no ensino, quanto na pesquisa,\njustamente por entender que esse método é indispensável para formação de um jurista, para que este seja\ncapaz de encontrar soluções adequadas e pragmáticas frente à problemas reais.\nNestes termos, para melhorar a performance e a funcionalidade dos trabalhos desenvolvidos no\ncampo do Direito e por conseguinte aumentar o número de publicações e a qualidade científica na referida\nárea, é imprescindível que o método do estudo de caso seja utilizado de forma mais frequente em\n5pesquisas jurídicas. Ademais, a pesquisa deixa de ser uma mera repetição de teorias já sedimentadas, para\nser reflexo de transformações sociais e, ao mesmo tempo, solução para problemas reais, sem deixar,\nobviamente, de desmerecer o aporte bibliográfico essencial para o embasamento do pensamento do\npesquisador, que já parte com uma ideia estruturada da teoria.\nReferências\nBITTAR, Eduardo Carlos Bianca. Metodologia da pesquisa jurídica. São Paulo: Saraiva, 2015.\nCHIZZOTTI, Antônio. Pesquisa em ciências humanas e sociais. 2. ed. São Paulo: Cortez, 1995.\nGIL, Antônio Carlos. Como elaborar projetos de pesquisa. 4. ed. São Paulo: Atlas, 2002.\nMARTINS, G. A. Estudo de caso: uma estratégia de pesquisa. 2. ed. São Paulo: Atlas, 2008.\nMINAYO, Maria Cecília de Souza. Ciência, técnica e arte: o desafio da pesquisa social. In: MINAYO, Maria\nCecília de Souza (Org.). Pesquisa social: teoria, método e criatividade. Petrópolis: Vozes, 2000.\nMONEBHURRUN, Nitish; VARELLA, Marcelo D. O que é uma boa tese de doutorado em Direito? Uma\nanálise a partir da própria percepção dos programas. Revista Brasileira de Políticas Públicas, Brasília, v. 3,\nn. 2, p. 423-443, dez. 2013.\nSEVERINO, Antônio Joaquim. Metodologia do trabalho científico. 22. ed. São Paulo: Cortez, 2002.\nSILVEIRA, Maísa Cristina Dante da. Estudo de caso: breve análise e adequação à pesquisa jurídica.\nDireitoNet, jun. 2005. Disponível em: <http://www.direitonet.com.br/artigos/exibir/2105/Estudo-de-caso-\nbreve-analise-e-adequacao-a-pesquisa-juridica>. Acesso em: 25 nov. 2015.\nYIN, Robert K. Estudo de caso – Planejamento e Métodos. Tradução de Ana Thorell. 4. ed. Porto Alegre:\nBookman, 2010.\nAgradecimentos\nÀ Professora Doutora Mônica Mota Tassigny, pela ajuda e orientação no presente artigo. À equipe\nque compõe a Secretaria do Programa de Pós-Graduação em Direito Constitucional da Universidade de\nFortaleza, pelo auxílio no fornecimento de algumas informações necessárias à coleta de dados. Aos nossos\nfamiliares, sempre incentivadores da nossa vida acadêmica.\n6"
}