{
  "id": "26947",
  "trabalho": "A ORALIDADE NO ENSINO JURÍDICO BRASILEIRO E A EXPERIÊNCIA NORTE-AMERICANA DE ENSINO-APRENDIZAGEM",
  "area": "CIÊNCIAS JURÍDICAS",
  "ano": "2016",
  "evento": "XVI - ENCONTRO DE INICIAÇÃO À DOCÊNCIA",
  "link": "http://uol.unifor.br/oul/conteudosite/?uuid=8E6E179CFEC55F71B3D6F398D26DD8FC0EF6B992",
  "conteudo": "XVI Encontro de Iniciação à Docência\nUniversidade de Fortaleza\n17 a 20 de outubro de 2016\nA oralidade no ensino jurídico brasileiro e a experiência norte-americana de\nensino-aprendizagem\nCarlos Henrique Gomes de Alcântara1* (ID), Alexander Perazo Nunes de carvalho2 (PO)\n1. Universidade de Fortaleza – Programa de Monitoria Voluntária\n2. Universidade de Fortaleza – Curso Direito\ncahegoal@hotmail.com\nPalavras-chave: .\nOralidade. Metodologias de ensino. Experiência norte-americana de ensino\nResumo\nBusca-se com este artigo mostrar que a oralidade possui sua importância ao longo do\ncurso de Direito em Faculdades ou Universidades. Para isso, seria fundamental o uso de\nmetodologias de ensino aprendizagem que facilitem esse desenvolvimento. Com isso, tenta-se\nmostrar metodologias alternativas de ensino utilizadas pelas Universidades norte-americanas,\ncom o objetivo de serem incentivadas no Brasil.\nIntrodução\nÉ por meio da oralidade que conseguimos nos expressar e transmitir o que aprendemos.\nNem sempre o que aprendemos ouvindo é transmitido da mesma forma que escrevemos. Em uma\napresentação de Monografia ou em uma prova da magistratura, por exemplo, é exigida uma\napresentação do seu discurso a respeito do assunto. E uma Faculdade ou Universidade que\nincentiva seus alunos a praticarem isso, formam profissionais com mais capacidade de expressão.\nAs provas deveriam não só abordar questões escritas, mas também questões feitas oralmente\npelos professores. A Resolução CNE/CES nº 9/2004 contém as diretrizes curriculares dos cursos\nde Direito e o art. 9ª possui a seguinte redação que autoriza as instituições de ensino a criarem\noutras formas de avaliar o aluno.\nArt. 9º. As Instituições de Educação Superior deverão adotar formas específicas\ne alternativas de avaliação, interna e externa, sistemáticas, envolvendo todos\nquantos se contenham no processo do curso, centradas em aspectos\nconsiderados fundamentais para a identificação do perfil do formando. (grifo\nnosso)\nQuando não somos incentivados a desenvolver técnicas para falar em público, ficamos\ncom medo de expor o que pensamos ou inseguros e não conseguimos transmitir algo que\nsabemos. Nossa capacidade de transcender, ou seja, falar ao nosso próximo fica comprometido.\nFerreyra (2007, p. 27) diz que cabe pensar, então, que obstaculizar nossa transcendência\nsignifica criar repressões internas ou externas que se materializam em complexos, medos,\nISSN 21755396 1bloqueios, alienações, inseguranças, segregações, vassalagens, escravidões e, sobretudo,\nsituações de injustiças.\nVisando isso, metodologias como os seminars e as lectures, sessões de tribunal simuladas\ne a metodologia EARP poderiam ser utilizadas pelas Universidades e Faculdades brasileiras ao\nlongo da graduação, buscando desenvolver o pensamento crítico e a oralidade nos alunos.\nMetodologia\nO estudo é baseado em uma pesquisa bibliográfica, de natureza qualitativa e teórica, em\nque se buscaram artigos científicos veiculados em revistas, em periódicos e em sites acadêmicos,\nassim como livros nas áreas afins ao tema.\nResultados e Discussão\n1. A oralidade no ensino jurídico brasileiro\nEm um mundo cada vez mais competitivo, a prática da oralidade se torna imprescindível\npara o profissional do Direito. Provas deveriam não só testar os conhecimentos dos alunos, mas\ntambém a capacidade de falar e transmitir aquilo que aprendeu. Nem sempre aquilo que falamos\né transmitido da mesma forma que escrevemos, pois a fala permite a formalidade e a\ninformalidade enquanto uma prova escrita, seja de concurso ou uma prova de graduação,\ngeralmente só se admite a formalidade. As pessoas precisam saber que escrever não é a mesma\ncoisa que falar, assim como ler não é a mesma coisa que ouvir.\nAlgumas diferenças entre a fala e a escrita são apontadas por KOCH (1997, p.32):\nSabe-se, porém, que essas diferenças não são tidas como absolutas, já que são as\npráticas da sociedade que criam novas formas de discursos e existem discursos orais que\nempregam o uso da escrita, assim como escritos que reproduzem a nossa fala. Salienta bem esse\nraciocínio Moreira (2003, p. 175) que diz:\n[...] os textos são construídos de acordo com as suas condições de produção,\nassim, não é o simples fato de um texto ser produzido oralmente que o caracteriza\ncomo oral, podendo haver textos cuja influência da escrita é tão determinante que,\nna sua estrutura, haja marcas bem delimitadas dos padrões próprios da escrita.\nUm exemplo típico é o texto jurídico, proferido oralmente num tribunal: a única\ncaracterística de oralidade desse é a sua produção acústico-articulatória, porque\ndesde os padrões gramaticais até os prosódicos são altamente regulados pela\nescrita. [...] O inverso também se aplica: um texto como uma carta informal,embora marcado graficamente no papel – o que o caracterizaria como “escrito” –\nguarda marcas bem definidas de oralidade (hesitações, repetições, redundâncias,\netc.). É como se, no primeiro caso, tivéssemos um texto escrito oralizado e, no\nsegundo, um texto oral escrito.\nFaz-se necessário “transcender” para além de nós, ou seja, criar a capacidade de\ntransmitir aquilo que pensamos e repassar ao nosso próximo. Então, se somos impedidos ou não\nincentivados para se comunicar com o outro, desenvolvemos ao longo do tempo medo,\ninsegurança, dependência da opinião alheia e não criamos a nossa própria opinião. E quando não\nse permite a transmissão de suas ideias, ou seja, obstaculizando-o, ele não consegue se\nexpressar bem.\nFerreyra (2012, p. 27) saliente que a expressão pode bem ser comparada com a força\ncentrífuga que exerce “pressão” do EU até o exterior. Devido a uma necessidade vital que temos\nde transcender, permanentemente tendemos a ultrapassar as “fronteiras” de nosso corpo, já que\nnossa personalidade não se detém na epiderme; ela transcende ao mais próximo, até o mais\nachegado: a família, os amigos e companheiros, o bairro e ainda mais além. A transcendência do\nhomem no tempo e no espaço é uma aspiração incontrolável. [...] Nesta proposta educativa,\nconcebemos a expressão como energia de transcendência. Queremos asseverar precisamente\nisso quando dizemos [...] que os meios e tudo criado pelo homem são extensões de seus próprios\nmeios e faculdades corporais.\nNa Resolução CNE/CES nº 9/2004 estão contidas as diretrizes curriculares dos cursos de\nDireito. Nela, pode-se perceber pelo art. 3º que o graduando tem que desenvolver ao longo do\ncurso uma boa argumentação jurídica, aliada a uma boa compreensão crítica e reflexiva dos\nfenômenos sociais, aplicando as normas jurídicas de acordo com o caso concreto.\nArt. 3º. O curso de graduação em Direito deverá assegurar, no perfil do\ngraduando, sólida formação geral, humanística e axiológica, capacidade de\nanálise, domínio de conceitos e da terminologia jurídica, adequada\nargumentação, interpretação e valorização dos fenômenos jurídicos e\nsociais, aliada a uma postura reflexiva e de visão crítica que fomente a\ncapacidade e a aptidão para a aprendizagem autônoma e dinâmica, indispensável\nao exercício da Ciência do Direito, da prestação da justiça e do desenvolvimento\nda cidadania. (grifo nosso)\nAs provas orais devem fazer parte das nossas provas tradicionais (provas que se aplicam,\ngeralmente, questões discursivas com objetivas). Diante disso, visando justamente treinar e\ncapacitar o aluno a desenvolver técnicas de argumentação ou instigá-lo a praticar mais esse\nquesito, é que se poderiam adotar formas alternativas de aplicação de provas, como por exemplo,\nrealizando na 1ª nota parcial uma prova escrita valendo 5 pontos e outra prova oral valendo 5\npontos cada uma. E a 2ª nota parcial poderia ser da mesma forma ou somente uma prova oral.\nNa Resolução CNE/CES nº 9/2004, pode-se perceber pela leitura do art. 4ª que o\nprofissional do Direito tem que ter a capacidade de argumentar e de persuadir seu ouvinte.\nArt. 4º. O curso de graduação em Direito deverá possibilitar a formação\nprofissional que revele, pelo menos, as seguintes habilidades e competências:\n[...]\nVI – utilização de raciocínio jurídico, de argumentação, de persuasão e de reflexão\ncrítica;\nVII – julgamento e tomada de decisões;[...]\n2. Metodologias norte-americanas de ensino aprendizagem\nSabe-se que a tradição no ensino brasileiro é voltada mais para um método expositivo, em\nque o professor expõe o conteúdo e o aluno apenas escuta e não reflete a respeito. É uma rotina\nnas escolas e Universidades brasileiras. Às vezes, quando perguntados, os alunos não\nrespondem bem o que é perguntado, sentem medo de participar, ficam nervosas e com vergonha\ndo que os outros vão achar. Quando respondem, o fazem de forma simples, sintética e de forma\npouco aprofundada, não respondendo ao que é perguntado ou acabam desviando o assunto.\nFaz-se necessário, como eternos aprendizes, questionar o conteúdo abordado. Mas para\nisso, o aluno precisa ter estudado algo a respeito do assunto para que as devidas reflexões sejam\nfeitas. A partir disso, o aluno se torna mais crítico e capaz de realizar mudanças sociais.\nDemo (2007, p. 10-11) ensina que por “questionamento”, compreende-se a referência à\nformação do sujeito competente, no sentido de ser capaz de, tomando consciência crítica,\nformular e executar projeto próprio de vida no contexto histórico. Não significa apenas criticar,\nmas, com base na crítica, intervir alternativamente. Inclui a superação da condição de massa de\nmanobra, ou de objeto de projetos alheios. Um dos sentidos mais fortes da educação é\nprecisamente a passagem de objeto para sujeito, o que significa formação da competência [...].\nAssim, no questionamento aparece tanto a descoberta crítica, quanto a capacidade de mudar,\nrepresentando ambos os momentos sinalização clara de que se supera a massa de manobra e se\ninicia uma rota alternativa, na qual a autonomia histórica e solidária se desenha cada vez mais e\nmelhor.\nA aluna de Direito da Faculdade Getúlio Vargas do Rio de Janeiro (FGV Rio) Adriana\nSimonsen Reino (2010, p. 21-22), estudou na Universidade de Yale e teve a experiência com a\nmetodologia socrática, e nos revela novas formas de ensino que poderiam ser utilizadas pelas\nUniversidades brasileiras e que afastaria o método expositivo.\nNos Estados Unidos, por exemplo, onde o método socrático é um pilar de\nensinamento nas grandes universidades ali instituídas, a experiência do aluno é\nmuito valorizada pelas instituições de ensino [...] Deste modo, em adotando como\nreferência a Universidade de Yale, particularmente, existem dois tipos de aula: os\nseminars e as lectures. Os primeiros contam, no máximo, com 18 alunos e um\nprofessor, que se reúnem ao redor de uma mesa, estando os alunos e o professor\nde igual para igual, trocando informações por meio de discussões, comentários,\nperguntas e observações, uma vez por semana.\nNesse tipo de aula, raramente o professor é quem domina a conversa, devendo\ncada aluno se preparar de antemão para essas conversas e devendo, um deles,\nguiar as perguntas a serem feitas aos seus colegas e professor para guiar o\ndebate. A nota dessa aula será então baseada na participação do aluno nesses\ndiferentes aspectos e na entrega de um trabalho escrito de 15 a 20 páginas. Os\nlectures, em contrapartida, são aulas nas quais um professor se posiciona na\nfrente das aulas, ensinando determinado material a um grupo de 20 a 200 alunos.\nVisando desenvolver a tomada de decisão no aluno e o seu julgamento, o livre docente da\nUniversidade de São Paulo (USP) Oscar Barreto descreve a sua experiência com as\nUniversidades norte-americanas de Harvard, Yale e Columbia. Barreto (2001, p. 365) diz que ométodo de ensino adotado nas escolas de Direito exige o preparo prévio dos materiais; para cada\numa das 15 horas de aulas semanais, a aluno deve passar duas horas estudando os seus\nrepertórios de jurisprudência. Nos seminários, restritos a 12 ou no máximo 18 estudantes, estes\ntêm a possibilidade de conversar com os instrutores, de maneira informal, bem como de exercitar-\nse em trabalhos de pesquisa e de redação. [...] Frequentemente são realizadas sessões de\ntribunal simuladas (moot courts), nas quais o estudante figura como advogado, atuando perante\njuízes de carreira, membros do corpo docente ou escolhidos dentre os alunos mais distintos do\nterceiro ano. [...] Os exames, realizados no fim de cada semestre, são escritos; consistem na\nsolução fundamentada de um caso ou problema. A nota leva mais em conta a análise e o\nraciocínio demonstrados pelo examinando do que a exatidão da solução.\nPerceba que os se que as Universidade e Faculdades poderiam incentivar a realização de\nsessões de tribunal simuladas ao longo da graduação, buscando capacitar e treinar a oralidade\nem público.\n2.1 Método EARP\nO Método de Ensino Aprendizagem pela Resolução de Problemas (EARP) é um método\nque se baseia na tentativa e no erro quando se busca a solução para o caso concreto, solução\nesta que não pode ser definitiva, mas de forma a proporcionar um meio temporário até que outra\nsolução possa refutá-la. O método pode ser descrito abaixo:\nP TE EE P\n1 2\nNa primeira, a situação problema é apresentada aos alunos, no grande grupo - é o\nmomento P do esquema popperiano. Nessa etapa deve ocorrer a leitura do enunciado do\n1\nproblema apresentado e a identificação das questões propostas pelo enunciado, bem como o\nesclarecimento de termos desconhecidos. Na segunda, os alunos buscam identificar cada questão\nespecífica nela contida, propondo hipóteses explicativas e identificando/formulando objetivos de\naprendizagem - é o momento TE do esquema popperiano, neste caso ampliado para incluir os\nobjetivos de aprendizagem. Essa etapa inclui a apresentação de hipóteses explicativas para as\nquestões identificadas no passo anterior (os alunos se utilizam, neste fase, dos conhecimentos de\nque já dispõem sobre o assunto); também nessa etapa ocorre a identificação/formulação dos\nobjetivos de aprendizado que permitirão o aprofundamento de seus conhecimentos sobre o tema\ngerador do problema e as questões que nele estão presentes. Essa etapa é fundamental para o\nprocesso de ensino-aprendizagem - sem a sua adequada realização, as etapas seguintes estarão\ncomprometidas. (RODRIGUES, 2012, p.348)\nNa terceira, são realizados estudos individuais e/ou em grupos de trabalho, buscando\ntestar as hipóteses propostas e adquirir novos conhecimentos que permitam alcançar os objetivos\nde aprendizagem; é um primeiro momento de EE no esquema popperiano, ampliado no que se\nrefere ao alcance dos objetivos de aprendizagem. Na quarta etapa - após os estudos individuais\ne/ou em grupos de trabalho, realizados fora do grande grupo - são rediscutidos em sala de aula,no grande grupo, o problema e as soluções hipotéticas apresentadas, agora à luz dos novos\nconhecimentos adquiridos; é um segundo momento EE do esquema popperiano, agora com a\npresença e participação de todos os alunos e com a análise apenas das hipóteses sobreviventes\nna etapa anterior; é também nesta etapa que há o processo mais aguçado de refutação e\ncorroboração de hipóteses, surgindo então P (ou P , P , P ...). (RODRIGUES, 2012, p.348)\n2 2 3 4\nConclusão\nAnalisando o que foi dito, pode-se perceber que o aluno, para que possa estar preparado\npara a oralidade e adotá-la como uma forma de torná-lo mais interativo, participativo e opinativo,\ndeveria cobrar de suas Faculdades e Universidades uma melhor preparação para uma formação\nde qualidade. Cursos preparatórios poderiam ser necessários para a formação plena do\ngraduando, pois o despreparo pode ser um déficit, mas para minimizar isso, as instituições de\nensino poderiam oferecer disciplinas optativas ou mesmo aulas e turmas voltadas para discussão\ne debate, não só no mestrado ou doutorado, mas ao longo de toda a graduação.\nReferências\nBARRETO FILHO, Oscar. Novos métodos no ensino do direito: a experiência americana. Revista\nda Faculdade de Direito, Universidade de São Paulo, São Paulo, v. 63, p. 355-378, dez., 1967.\nDisponível em: <http://www.revistas.usp.br/rfdusp/article/view/66567>. Acesso em: 04 Ago. 2016\nBRASIL. Conselho Nacional de Educação. Resolução CNE/CES n.º 9/2004. Disponível em:\n<http://portal.mec.gov.br/cne/arquivos/pdf/rces09_04.pdf>. Acesso em: 05 jul. 2016\nDEMO, Pedro. Educar pela pesquisa. 8ª Edição. Campinas: Autores Associados, 2007.\nFerreyra, Erasmo Norberto. A linguagem oral na educação de adultos. Tradução: Jussara Haubert\nRodrigues. Porto Alegre. ArtMed, 2007.\nKOCH, I.G.V. Interferências da oralidade na aquisição da escrita, p. 31-38. Trabalho de\nLinguagens Aplicadas, Campinas, 1997.\nMOREIRA, Cláudia Martins. Leitura e oralidade: caminhos que se cruzam. Letras de Hoje. Porto\nAlegre. v. 38, nº 2, p. 171-195, junho, 2003.\nREINO, Adriana Simonsen. Por que fazer perguntas em sala de aula? Cadernos FGV Direito Rio:\nEducação e Direito, Rio de Janeiro, n. 5, p. 19-24, set. 2010. Disponível em:\n<http://migre.me/fGqXC>. Acesso em 21 jul. 2016.\nRODRIGUES, Horácio Wanderley. Estratégias didáticas na educação jurídica: alternativas para o\nprocesso de ensino-aprendizagem nos cursos de Direito. In: LIMA, Gretha Leite Maia Correia;\nTEIXEIRA, Zaneir Gonçalves. Ensino jurídico: os desafios da compreensão do Direito. Fortaleza:\nFaculdade Christus, 2012. p. 323-354\nAgradecimento\nAgradeço a Deus pela força diária, ao professor Alexander Perazo Nunes de Carvalho pela\nsua disponibilidade de sempre e a Universidade de Fortaleza pelo fomento a pesquisa."
}