{
  "id": "26940",
  "trabalho": "APOSENTADORIA E BEM-ESTAR SUBJETIVO DE PESSOAS IDOSAS",
  "area": "CIÊNCIAS DA VIDA",
  "ano": "2016",
  "evento": "XVI - ENCONTRO DE PÓS-GRADUAÇÃO E PESQUISA",
  "link": "http://uol.unifor.br/oul/conteudosite/?uuid=0417B23FDA0E4F20D7C4EE8724C391D972DBEEBD",
  "conteudo": "XVI ENCONTRO DE PÓS-GRADUAÇÃO E PESQUISA\nUniversidade de Fortaleza\n17 a 20 de outubro de 2016\nAPOSENTADORIA E BEM-ESTAR SUBJETIVO DE PESSOAS IDOSAS\nLia Pinheiro Freitas 1*(PG), Edgar Gomes Marques Sampaio 2 (PG), Suzanne Vieira Saintrain 1 (PG),\nSandy Kaena Soares de Freitas, 1 (PG), Lucianna Pequeno Leite 1 (PG), Maria Vieira de Lima\nSaintrain 3 (PQ)\n1 Programa de Pós-Graduação em Saúde Coletiva, Universidade de Fortaleza, Fortaleza - CE;\n2 Programa de Pós-Graduação em Saúde Pública, Universidade Federal do Ceará, Fortaleza - CE;\n3 Docente do Programa de Pós-Graduação em Saúde Coletiva, Universidade de Fortaleza, Fortaleza – CE.\n* liapinheiro22@gmail.com\nPalavras-chave: Idosos. Aposentadoria. Qualidade de Vida.\nResumo\nO crescimento da população de idosos é um fenômeno mundial, resultante da melhora nas condições\ngerais de vida e avanços consideráveis na ciência e na tecnologia. A chegada da aposentadoria, que ocorre\ngeralmente com o processo de envelhecimento, é considerada um fenômeno de grandes transformações.\nPara uma oportuna avaliação da qualidade de vida desses longevos, utiliza-se a Escala de Bem-estar\nSubjetivo. A presente pesquisa tem como objetivo relacionar o processo da aposentadoria com o bem-estar\nsubjetivo em pessoas idosas no Município de Fortaleza, Ceará. Estudo do tipo transversal, descritivo e\nanalítico. Realizado nas Unidades de Atenção Primária à Saúde do Município de Fortaleza, utilizando\nquestionários versando sobre dados sociodemográficos e aplicação da Sub-escala 2 do Bem-estar\nSubjetivo. Foram alcançados os seguintes resultados: foram entrevistados 226 idosos com idade entre 60 e\n89 anos, média de 69 anos. Prevaleceram: viúvos (95; 42%), aposentados (159; 70,4%), renda se até dois\nsalários mínimos (193; 85,4%), até cinco anos de escolaridade (125; 55,3%). Houve significância estatística\n(p<0,05) entre ser aposentado e as seguintes variáveis: gosto da minha vida (p= 0,036), minha vida está\nruim (p=0,017), estou insatisfeito com minha vida (p=0,032), considero-me uma pessoa feliz (p=0,023).\nComo conclusão do estudo, conseguimos observar que o processo de aposentadoria não influenciou\nnegativamente na qualidade de vida dos idosos aposentados, certificado através das respostas positivas\nquando questionados sobre aspectos gerais de suas vidas, revelando sentimentos positivos quanto à\naposentadoria.\nIntrodução\nO Brasil está passando por um processo de envelhecimento populacional rápido e intenso, fato\nevidenciado pelo último censo do Instituto Brasileiro de Geografia e Estatística (IBGE) realizado em 2010, o\nqual revelou um total de 20.590.599 (10,8%) de brasileiros com 60 anos ou mais (BRASIL, 2010), e pela\nestimativa do Banco Mundial de que em 2050 a população idosa brasileira será de aproximadamente 65\nmilhões (BANCO MUNDIAL, 2011).\nNessa perspectiva, a chegada da aposentadoria, que ocorre geralmente com o processo de\nenvelhecimento, é considerada um fenômeno de grandes transformações. Estudos realizados no Brasil\nindicam que aposentadoria mal planejada é um dos fatores determinantes para o suicídio entre idosos\nbrasileiros (MINAYO et al., 2012).\nPara uma parte da sociedade, a cessação da fonte de renda pelo trabalho desestabiliza a estrutura\nsocioeconômica, afetando o padrão de vida do aposentado (NÉRI, 2007). Assim, a diminuição da renda se\ntorna uma das principais fontes de preocupação decorrente da aposentadoria. As pessoas, ao se\naposentarem, deixam de fazer aquilo que por um longo período de tempo representou ganhos financeiros,\n1realização profissional e pessoal, sendo natural que a proximidade desse evento gere expectativas e, mais\nainda, quando essa mudança se torna uma ameaça ao padrão de vida (CINTRA; RIBEIRO, 2007).\nDurante muito tempo, a qualidade de vida foi avaliada por meio de indicadores econômicos e sócio\ndemográficos, indicadores objetivos, que retratam apenas as condições de vida dos indivíduos.\nRecentemente, os indicadores sociais, que incluem critérios de julgamento pessoal do bem-estar e da\nsatisfação com a vida, foram incorporados aos estudos sobre qualidade de vida (CARDOSO; FERREIRA,\n2009).\nA dimensão subjetiva da qualidade de vida, também chamada de bem-estar subjetivo (BES),\nmanifesta-se por meio da satisfação com a vida e de respostas emocionais. A satisfação com a vida\nassocia-se à satisfação com domínios específicos da vida (lazer, saúde, finanças, vida pessoal/afetiva e\ngrupo de pertença) e à satisfação global com a vida atual, passada e futura, assim como à visão dos outros\nsignificantes a respeito da própria vida. Em outras palavras, o bem-estar subjetivo diz respeito aos motivos\npelos quais as experiências pessoais se dão de forma positiva, razão pela qual se baseia tanto no\njulgamento cognitivo quanto nas reações afetivas resultantes dessas experiências (CARDOSO; FERREIRA,\n2009; MARCONCIN, 2010).\nA partir do exposto, esse trabalho se propôs a relacionar o processo da aposentadoria com o bem-\nestar subjetivo em pessoas idosas no Município de Fortaleza, Ceará.\nMetodologia\nTratou-se de em estudo transversal, descritivo e analítico.\nO universo da pesquisa foi constituído por pessoas idosas assistidas pelas Unidades de Atenção\nPrimária à Saúde do Sistema Único de Saúde do Município de Fortaleza – Ceará, no Nordeste Brasileiro.\nOs idosos foram examinados em locais por conveniência, como domicílio, UAPS e espaços sociais\nfrequentados pelos mesmos no período de setembro de 2014 a março de 2015.\nPara a coleta de dados foi realizada por um único pesquisador o qual utilizou um questionário\nversando sobre: a) dados sócio demográficos (idade, estado civil, sexo, aposentadoria, renda e anos de\nestudo); e b) o instrumento Sub-escala 2 do Bem-estar Subjetivo (itens 48 a 62). A Escala de bem estar\nsubjetivo é um método científico de pesquisa utilizado em diversas áreas da saúde (DIENER E CHAN,\n2011). Esta escala foi validada no Brasil por Albuquerque e Tróccoli (2004) é composta por componentes\nrelativos à satisfação com a vida, afeto positivo e afeto negativo (Andrews e Withey, 1974). A avaliação\ncorresponde a uma escala psicrométrica do tipo Likert de cinco pontos. Os componentes do número 48 a 62\n(sub-escala 2) destinam-se avaliar a apreciação relativa à satisfação ou insatisfação com a vida. Registra o\nnível de concordância ou discordância com variação entre 1 (Discordo plenamente) a 5 (Concordo\nplenamente).\nA amostra foi definida em 226 idosos, tomando por base o número de idosos no ano de 2010\n(N=202.814) da cidade de Fortaleza (DATASUS, 2010), tamanho mínimo de amostra para estimar\nproporção populacional com proporção máxima esperada de 20%, nível de significância de 5% (intervalo de\nconfiança de 95%) e erro máximo admissível de 5%.\nOs dados obtidos foram digitados e analisados utilizando-se o programa estatístico SPSS 20.0 for\nwindows (SPSS Inc., Chicago, IL, USA). Considerou-se com significância estatística p≤0,05.\nO projeto de pesquisa foi aprovado no Comitê de Ética (Parecer n°200/2009) e, somente após a\nassinatura do “termo de consentimento livre e esclarecido” teve início a coleta de dados.\n2Resultados e Discussão\nForam entrevistados 226 idosos com idade entre 60 e 89 anos, média de 69 anos. Desse total, 95\n(42%) eram viúvos, 159 (70,4%) referiram serem aposentados e 193 (85,4%) afirmaram receber uma renda\nse até dois salários mínimos. Quanto aos anos de estudo, prevaleceram os idosos com até cinco anos de\nescolaridade, 125 (55,3%).\nDas 159 pessoas idosas aposentadas, 146 (91,8%) relataram estar satisfeitas com a vida. Do total\nde participantes aposentados, 106 (67,9%) afirmaram que aproveitam as oportunidades da vida, 123 (82%)\navaliaram a vida de forma positiva, 90 (60%) declararam ter conseguido tudo que esperava da vida, 104\n(67,1%) classificaram que a vida está de acordo com o que desejam para si e 121 (81,2%) não consideram\na vida sem graça.\nO diferencial desta pesquisa foram os seguintes resultados, do total de aposentados, 155 (98,1%)\nafirmaram gostar da vida, 148 (93,7%) reiteraram que a vida não está ruim, 144 (91,7%) não estão\ninsatisfeitos com a vida e, finalmente, 152 (96,8%) se consideraram uma pessoa feliz; pois traz à tona uma\ndiscussão de que a aposentadoria acarreta, principalmente, problemas sociais e psicológicos aos idosos.\nO exercício do trabalho diário sempre foi considerado como um espaço de compartilhamento social,\nindependência financeira e ocupação tanto para o corpo quanto para a mente. Sobre essa temática, Caldas\n(2009) diz que a aposentadoria pode ser considerada o final de uma fase da vida. Contudo, ocupar-se e\nrealizar atividades durante esta nova fase pode trazer benefícios para a pessoa aposentada.\nEssa afirmativa é contrariada por Rodrigues et al. (2005), quando afirma que a aposentadoria pode\nlevar a perdas materiais, psicológicas e sociais capazes de acarretar uma diminuição da autoestima e da\nmotivação e, por consequência, um adoecimento mental, refletindo em crises depressivas, alcoolismo,\nansiedade e até mesmo suicídio.\nApós a análise geral dos dados foi percebido nesta pesquisa a forte presença de aspectos positivos,\napresentados pelos participantes, do fato de estarem aposentados. Em contradição a essa percepção,\nestudo realizado por Magalhães et al. (2004) afirma que o processo de aposentar-se pode ser vivenciado\ncomo uma ruptura imposta pelo mundo externo, gerando frustração e sentimento de esvaziamento, uma vez\nque o trabalho estava fortemente associado à identidade. Deve-se ressaltar que, quando a aposentadoria é\nassimilada de forma negativa, pode ocasionar comprometimentos na estrutura psíquica do sujeito.\nOs entrevistados revelaram reações otimistas quando abordados sobre a satisfação com sua vida e\nse aproveitam as oportunidades da vida, demonstrando equilíbrio emocional frente à aposentadoria. Nesse\nsentido, Soares et al. (2007) destaca a importância de serem elaboradas outras formas de satisfação com a\naposentadoria, substituindo os estímulos gratificantes derivados da identidade profissional por novas formas\nde busca pelo prazer, pois, essa nova etapa pode ser tão gratificante quanto às vivências das fases\nanteriores, desde que possibilite o desenvolvimento pessoal, preservando-se a autoestima e desvinculando-\nse a ideia na qual só se obtém satisfação por meio de atividades laborativas.\nAo serem indagados sobre a avaliação da vida de forma positiva, se conseguiram tudo que\nesperavam da vida, e se a vida está de acordo com o que desejam para si, os idosos foram assertivos em\nsuas respostas, demonstrando o lado confiante do processo de aposentar-se. Corroborando esses\nachados, Kunzler (2009) mostra em seu estudo, que a opção pelo lazer nessa fase da vida pode ser\nconsiderada uma mudança positiva. A predisposição de usufruir maior tempo livre dependerá de como cada\num se preparou financeiramente ao longo da vida. O preparo prévio, tanto financeiro quanto biopsicossocial\n3com a finalidade de uma aposentadoria satisfatória, aparece como sendo fator fundamental a ser pensado\npelo individuo durante sua vida profissional.\nAinda falando sobre a satisfação durante o período da aposentadoria, Delgado (2010), destaca que\na aposentadoria inaugura reflexões sobre ser velho, sobre o sentimento a respeito do corpo e dos lugares\ndo velho na sociedade. Reflexões estas que podem ser positivas ou negativas, dependendo dos\ninvestimentos feitos pelo trabalhador que está prestes a se aposentar. Ter uma aposentadoria que satisfaça\no indivíduo não somente depende do fato de se realizarem atividades prazerosas, ou ter um rendimento\ncondizente com as próprias necessidades, ou ainda ter tempo livre, mas principalmente ter o conhecimento\npessoal do corpo, os limites a serem estabelecidos, as necessidades a serem alcançadas, ou seja, um\nautoconhecimento com a finalidade de se conquistar uma melhor adaptação para essa nova etapa da vida.\nQuanto interrogados se consideram a vida sem graça, grande parte dos participantes negou tal\npergunta, aspecto que se mostra como outro ponto positivo fundamental para uma aposentadoria\nsatisfatória. Pode-se dizer que, para muitos, a aposentadoria significa a liberação de atividades rotineiras e\ndesgastantes, um período caracterizado pelo descanso (BOTH et al., 2012).\nCorroborando essa indicação, Santo, Góes e Chibante (2014) referem que outros pontos positivos\ntambém foram evidenciados pelos idosos, aparecendo com menor frequência e se tornando pontuais,\nporém, sentimentos como: a satisfação de dever cumprido, uma renda fixa mediante recebimento da\naposentadoria, poder aproveitar a família, conhecer um mundo novo, foram destacados como prazerosos\naspectos de uma nova etapa vivenciada.\nQuando observada a categoria: “Você gosta da sua vida?”, a maioria dos respondentes confirmou\ntal afirmação, anunciando que o processo da aposentadoria não é vivenciado de forma negativa ou doentia,\nnão lhes traz nenhum desconforto psíquico aparente. Quanto a isso, Magalhães et al. (2004) dizem que a\naposentadoria também pode se transformar em grande fonte de tensão quando associada à diminuição do\npoder aquisitivo.\nApós serem indagados sobre a satisfação com a vida, se a vida está ruim, e se consideram a si\ncomo felizes, as respostas foram as mais positivas possíveis, confirmando que a aposentadoria não precisa,\nnecessariamente, ser encarada como um fator desagradável na vida dos idosos nem ser sinônimo de\ndoenças, mas sim, perceber que essa etapa de transição pode estabelecer uma relação positiva e benéfica\nnão somente com a família e seu círculo social, como também melhorando a autoestima com a retomada de\nantigos projetos, consequentemente, uma qualidade de vida positiva.\nEntretanto, o estudo de Santo, Góes e Chibante (2014) contradiz essa afirmação quando declara\nque grandes \"vilões\" são vivenciados pelos idosos durante a aposentadoria, dentre eles, a questão da baixa\nremuneração advinda da aposentadoria; dispor de tempo hábil para realizar tarefas prazerosas e não\nreceber remuneração para sua realização se mostrou uma grande frustração; a necessidade de haver uma\nreentrada no mercado de trabalho por questão de complemento de renda familiar, e não somente por\ntrabalhar com prazer associado, acabou aparecendo como um grande medo, o que vem a se tornar um fato\nrelevante a ser discutido.\nConclusão\nEmbora, nesta pesquisa, tenha predominado idosos viúvos, renda de até dois salários mínimos,\nrelativa baixa escolaridade e aposentados, é admissível certificar que o processo de aposentadoria não\n4influenciou negativamente na qualidade de vida dos idosos aposentados, evidenciado pelos sentimentos\npositivos identificados nas pessoas frente à aposentadoria.\nConsequentemente, uma qualidade de vida salutar foi ressaltada através de respostas afirmativas\nquando questionados sobre sua felicidade, satisfação com a vida. Desvendou-se que o processo da\naposentadoria não interferiu na saúde física e mental da maioria dos idosos entrevistados.\nPortanto, torna-se imprescindível que se conheça a real interpretação do idoso quanto à\naposentadoria, com intuito de direcionar o cuidado e favorecer a manutenção da sua autonomia e\nindependência, buscando uma vida mais saudável.\nReferência\nALBUQUERQUE, A. S.; TRÓCCOLI, B.T. Desenvolvimento de Uma Escala de Bem-Estar Subjetivo.\nPsicologia: Teoria e Pesquisa, v.20, n: 2, p. 153-164, 2004.\nANDREWS, F. M.; WITHEY, S. B. Developing measures of perceived life quality: results from several\nnational surveys. Social Indicators Research, n. 1, p. 1-26, 1974.\nBOTH, T.L., KUJAWA, D.R., WOBETO, M.I., SAVARIS, V. Consideração sobre o idoso aposentado: uma\nintervenção da Terapia Cognitivo-Comportamental como instrumento de preparação à aposentadoria. Passo\nFundo (RS): Revista Brasileira de Ciência do Envelhecimento Humano, v. 9, n.1,p. 90-101. 2012.\nBRASIL. Instituto Brasileiro de Geografia e Estatística – IBGE (Brasil). Sinopse do Censo Demográfico\n2010. Ministério do Planejamento e Gestão. Disponível em www. http://censo2010.ibge.gov.br. Acesso em\n24.02.2016.\nBRASIL. Ministério da Saúde. População residente no Estado do Ceará. DATASUS, 2010. Disponível em:\nhttp://tabnet.datasus.gov.br/cgi/tabcgi.exe?ibge/cnv/popce.def Acesso em: 22 de junho de 2016.\nBANCO MUNDIAL. Envelhecendo em um Brasil mais velho. Disponível em\nhttp://siteresources.worldbank.org. Acesso e, 15.03.2016.\nCALDAS, C.P. Preparação para uma aposentadoria ativa. In: Júnior, J.C.B. (Org.). Empreendedorismo,\nTrabalho e Qualidade de Vida na Terceira Idade, p. 141-151. São Paulo. 2009.\nCARDOSO, Myrian Cristina da Silva; FERREIRA, Maria Cristina. Envolvimento religioso e bem-estar\nsubjetivo em idosos. Psicol. cienc. prof., Brasília , v. 29, n. 2, p. 380-393, 2009.\nCINTRA,T.S, RIBEIRO, D.F. O mundo do trabalho e o processo de envelhecimento: o cotidiano e as\nrepresentações de aposentados. In : Anais do Anais do 3. Congresso Internacional de psicologia e 9.\nsemana de Psicologia; 2007 set 18- 21. Maringa, Brasil. Maringá PR, 2007.\nDELGADO, J. Velhice, corpo e narrativa. Porto Alegre (RS): Horizontes Antropológicos, v. 34, p.189-212\n(ano 16), 2010.\nDIENER, E., CHAN, M.Y. Happy People Live Longer: Subjective Well-Being Contributes to Health and\nLongevity. Applied Psychology: health and well-being. V.3, n, 1–43, 2011.\nKATZ, S. et al. 1970. In: FREITAS, E.V., PY, L.; CANÇADO, F.A.X.; DOLL, J., GORZONI, M.L. Tratado de\ngeriatria e gerontologia. Rio de Janeiro: Guanabara Koogan. Cap 72.p.609-16, 2002.\nKUNZLER, R.B. A ressignificação da vida cotidiana a partir da aposentadoria e do envelhecimento.\nTese de doutorado em Serviço Social. Porto Alegre (RS): Pontifícia Universidade Católica do Rio Grande do\nSul. 2009.\nMAGALHÃES, M.O, KRIEGER, D.V, VIVIAN, A.G, STRALIOTTO, M.C.S, POETA, M.P. Padrões de\najustamento na aposentadoria. Aletheia, v. 1, n.19. 2004.\n5MINAYO, M. C. S., CAVALCANTE, F. G., MANGAS, R. M. N., SOUZA, J. R. A. Autópsias psicológicas\nsobre suicídio de idosos no Rio de Janeiro. Ciência e Saúde Coletiva, v. 17, p. 2773-2781. 2012.\nMORAES, E.N. Atenção à saúde do Idoso: Aspectos Conceituais. Brasília, DF: Organização\nPanAmericana da Saúde, Representação Brasil; 2012.\nNÉRI, M.C. Renda, consumo e aposentadoria: evidências, atitudes e percepções. Ensaios\nEconômicos. v. 663, p.1-27. 2007.\nRABELO, D.F. Declínio cognitivo leve em idosos: fatores associados, avaliação e intervenção. Rev Min\nCiênc Saúde. v.1, p.56-68, 2009.\nRODRIGUES, M., AYABE, N.H., LUNARDELLI, M.C.F., CANÊO, L.C. A preparação para a aposentadoria: o\npapel do psicólogo frente a essa questão. São Paulo (SP): Revista Brasileira de Orientação Profissional,\nv.6, n.1,p. 53-62. 2005.\nSAINTRAIN, M.V.L. Saúde da pessoa idosa no contexto da Saúde Coletiva. In: SAINTRAIN, M.V.L.;\nPINHEIRO, C.P.O.; SILVA, R.M. (Orgs.). Saúde do Idoso: estudos e práticas do processo do\nenvelhecimento. Fortaleza, Edições UFC, 2012.\nSOARES, D.H.P., COSTA, A.B., ROSA, A.M., OLIVEIRA, M.L.S. Aposenta-ação: programa de preparação\npara aposentadoria. Estudos Interdisciplinares do Envelhecimento, v.12, p. 143-161, 2007.\nAgradecimentos\nAgradecemos primeiramente a Deus, por nos conceder tantas vitórias. Á nossa orientadora, Maria\nVieira, por sua dedicação, atenção e paciência com seus orientandos. Aos nossos colegas pela parceria\nnas descobertas, nos desafios e nas conquistas, pela cumplicidade e pela motivação perseverante.\n6"
}