{
  "id": "26954",
  "trabalho": "TECNOLOGIA NA EDUCAÇÃO: AJUDA OU ATRAPALHA O ENSINO?",
  "area": "CIÊNCIAS DA VIDA",
  "ano": "2016",
  "evento": "XVI - ENCONTRO DE INICIAÇÃO À DOCÊNCIA",
  "link": "http://uol.unifor.br/oul/conteudosite/?uuid=CD4EF1AC7D2DB43F3743266C21CFAEA977CCC0B4",
  "conteudo": "XVI Encontro de Iniciação à Docência\nUniversidade de Fortaleza\n17 a 20 de outubro de 2016\nTecnologia na educação: ajuda ou atrapalha o ensino?\nLaryssa Drielly Rodrigues da Silva¹ * (ID), Angela Teresa Nogueira de Vasconcelos² (PO).\n1. Universidade de Fortaleza – PROMON\n2. Universidade de Fortaleza – Curso Psicologia\nlaryssa-drielly@hotmail.com\nPalavras-chave: Metodologia ativa. Tecnologia. Aprendizagem. Ensino.\nResumo\nO presente artigo apresenta os resultados de uma pesquisa feita para o XVI Encontro de Iniciação\nà Docência através do programa de Monitoria Voluntária, realizado pelo Centro de Ciências da\nSaúde (CCS) da Universidade de Fortaleza – UNIFOR. O trabalho foi desenvolvido a partir de\numa pesquisa qualitativa e bibliográfica. A tecnologia pode ser vista como uma nova forma de\nmetodologia ativa de aprendizagem, produzindo qualidade e não quantidade de conhecimento. A\ntecnologia digital quando bem utilizada tem a capacidade de criar novas formas e espaço para\nensino e aprendizagem. Este trabalho me possibilitou conhecer mais sobre as metodologias ativas\ne o uso da tecnologia no ambiente de sala de aula.\nIntrodução\nO presente artigo apresenta os resultados de uma pesquisa feita para o XVI Encontro de\nIniciação à Docência através do programa de Monitoria Voluntária, realizado pelo Centro de\nCiências da Saúde (CCS) da Universidade de Fortaleza – UNIFOR. Esta pesquisa tem por\nobjetivo investigar se a tecnologia inserida no contexto acadêmico poderia ser uma nova\nmetodologia ativa, e de que formas ela ajudaria ou atrapalharia o ensino.\nPara isso, fez-se necessária minha presença na qualidade de monitora da professora\nAngela Vasconcelos, na disciplina de Prática Integrativa IV do curso de Psicologia. Esta disciplina\npossui como objetivo, compreender a estrutura e funcionamento de instituições e organizações\nsociais e suas implicações na sociedade através do método etnográfico. Nessa disciplina, o que é\nconstruído na sala de aula advém das vivências em campo dos alunos, e é descrita e analisada\npor eles. A partir da observação participante e seus escritos no diário de campo, nos reunimos\numa vez por semana para discussão de suas observações e dúvidas, com a finalidade da\nconstrução de um artigo científico articulando prática e teoria, onde essa teoria resulta das outras\ndisciplinas estudadas no semestre 4 do curso.\nISSN 21755396 1Durante um semestre busquei compreender de que forma tornar mais fácil o acesso do\nconteúdo aos alunos em uma disciplina tão diferente como as Práticas Integrativas.\nSegundo Moran (1995, p.126) “a tecnologia deve servir para enriquecer o ambiente\neducacional, propiciando a construção de conhecimentos por meio de uma atuação ativa, crítica e\ncriativa por parte de alunos e professores”. A tecnologia pode ser vista como uma nova forma de\nmetodologia ativa de aprendizagem, produzindo qualidade e não quantidade de conhecimento,\nonde ocorre um confronto com a realidade que se está pesquisando e estudando (Schlemmer,\n2001). Quando usada corretamente torna-se uma aliada, levando o aluno a pensar e ter uma\nreflexão sobre determinado assunto, mas pode ser usada de forma inadequada, sendo assim,\napenas uma distração.\nNo decorrer deste artigo, apresentarei de que forma a tecnologia foi usada como uma\nmetodologia ativa na minha condição de monitora, e se o impacto desta foi positivo ou negativo.\nMetodologia\nO trabalho foi desenvolvido a partir de uma pesquisa qualitativa e bibliográfica. Segundo\nBaztán (2014, p. 11) a metodologia qualitativa é uma abordagem centrada na cultura e no\ncomportamento dos grupos humanos e que tem como finalidade explorar o espectro de opiniões e\nas várias representações sobre a temática investigada (BAUER E GASKELL, 2002).\nA pesquisa bibliográfica “é a busca da problematizacão de um projeto de pesquisa a partir\nde referências publicadas, analisando e discutindo as contribuições culturais e\ncientíficas.” (CARVALHO et al., 2004).\nA principal vantagem da pesquisa bibliográfica é saber se alguém já publicou algo\nreferente àquele assunto e se é interessante repetir a análise, além de ser importante para\nestudos históricos e o fato de permitir ao investigador saber dos fenômenos para além de sua\nsuperficialidade (CARVALHO et al., 2004). Através da pesquisa bibliográfica, temos suporte\nteórico para elaboração de todo e qualquer artigo científico.\nEssa pesquisa iniciou-se em Fevereiro de 2016 e finalizou-se em Julho de 2016, ocorrendo\nem 3 etapas. A primeira, com o processo de início da monitoria, a segunda se deu em sala de\naula, com os alunos e a professora. Nesta etapa priorizou-se a procura de novas metodologias\nativas. E na terceira houve a construção deste artigo, levando à finalização da pesquisa e os\nresultados desta.\nAs informações aqui coletadas serão divulgadas apenas em contexto acadêmico. Durante\ntodo o processo tive orientação e supervisão da professora de Prática Integrativa IV, Angela\nVasconcelos.\nResultados e Discussão\nSegundo Levy (1999) apud Schlemmer (2001), os indivíduos estão menos tolerantes com\nrelação a cursos uniformes, que possuem métodos de aprendizagem tradicionais e que não\ncorrespondem as suas expectativas ou trajetos de vida. Diante disso, em confronto ao modeloimposto tradicional, as metodologias ativas surgem como proposta para novas formas de ensino,\nonde o aluno passa a ser um sujeito ativo e independente na busca de informações e\nconhecimento. (MORAN, 2000).\nA própria disciplina de Prática Integrativa IV, é vista como uma metolodiga ativa, pois os\nalunos saem da sala de aula indo a campo, e se confrontam com o real problema e objeto de\nestudo, em busca de conhecimento e informação. Hoje, buscam-se novas formas de ensino e\naprendizagem e a tecnologia pode ser vista como uma nova forma de metodologia de\naprendizagem.\nAs novas tecnologias digitais se apresentam como uma nova metodologia ativa e permite a\nfacilidade do processo ensino-aprendizagem. Assim, como afirma Graham & Metaxas (2003:1), “a\ninternet está revolucionando os métodos de pesquisa”. Segundo Almeida, (2000, p. 34) “[...] a\ninteração que se estabelece entre as ações do aluno e as respostas do computador promove a\nparticipação ativa do aluno”. Os ambientes virtuais de aprendizagem permitem a interatividade\nentre o aprendiz e o objeto de seu interesse e representam uma motivação, despertando no aluno\na vontade de interagir e de organizar seu conhecimento, ampliando o seu saber e a sua visão de\nmundo.\nA interação do aluno com a internet possibilita uma inovação nas formas de leitura e\nescrita. Segundo Lévy:\n[...] os textos na internet se apresentam formando uma cadeia de\ninformações, com seqüência livre para o usuário (ou aprendiz) ligada de maneira\ncriativa por meio de links. Esses textos podem ser modificados, ampliados e\nreconstruídos a partir da pesquisa em diferentes áreas do conhecimento,\nencontradas no “mundo virtual” rompendo com a forma hierárquica da estrutura\nescolar tradicional. (LÉVY apud SLOCZINSKI; CHIARAMONTE, 2005).\nAlém disso, a tecnologia evolui para além da internet no computador e hoje é possível o\nfácil acesso a ela através de nossos celulares. Possuímos fácil acesso a algo que acontece do\noutro lado do mundo em poucos minutos, mas também um rápido acesso durante a aula, a um\nlivro, uma pesquisa, um dicionário.\nNas minhas observações como monitora, fiz uso da tecnologia, através da internet, dos\ngrupos de WhatsApp. Grupos de WhatsApp são comunidades virtuais, que segundo Schlemmer &\nCarvalho (2005, p. 2), “são redes eletrônicas de comunicação interativa autodefinidas,\norganizadas em torno de um interesse ou finalidade compartilhados”.\nEssa comunidade virtual possui uma comunicação assíncrona, que é um método de\ncomunicação que não exige a interação do aprendiz no momento em que é transmitida, Então,\natravés da criação desse grupo virtual, foi possível ter uma comunicação com os alunos para além\nda aula, uma comunicação à distância, onde os alunos visualizavam quando podiam, sempre\nparticipando , interagindo, cooperando e aprendendo. Assim, dúvidas eram tiradas, ideias\ncompartilhadas, informações dadas, sugestões de textos e livros para aulas seguintes,\norientações e outras. Valle ressaltar que, esses encontros virtuais não substituem o espaço físico,mas que Segundo Belloni (1999, p. 87), \"esses ambientes oferecem condições para que a\ninteratividade, essencial para uma comunicação extraclasse entre professor e alunos, possam ser\ndesenvolvidos\". Nesse caso, a interatividade entre alunos, monitora e professora.\nA tecnologia digital quando bem utilizada tem a capacidade de criar novas formas e espaço\npara ensino e aprendizagem e os ambientes de ensino como faculdade e escolas na\ncontemporaneidade, devem fazer a inclusão dos estudantes nesse mundo tecnológico\nrespeitando as limitações de cada um.\nNa pesquisa feita a tecnologia mostrou resultados positivos e através dos grupos de\nWhatsApp, permitiu uma maior proximação e interação dos alunos e monitora, incorporando assim\nvantagens e possibilidades na relação ensino-aprendizagem.\nÉ fato que, a utilização dos recursos que a tecnologia nos proporciona, nos concede uma\nnova forma de escrita, levando-nos a refletir sobre o próprio pensar, podendo gerar um maior\nconhecimento sobre o assunto.\nConclusão\nEste trabalho me possibilitou conhecer mais sobre as metodologias ativas e o uso da\ntecnologia no ambiente de sala de aula e como esta veio a se tornar algo positivo na pesquisa\natravés dos grupos virtuais.\nO desenvolvimento dessa experiência como monitora e dessa pesquisa supervisionada\ndurante o curso de graduação em Psicologia foi de singular importância para minha formação\nacadêmica. Certamente, este, configura um dos momentos em que podemos promover por nós\nmesmos, a confrontação entre aquilo que construímos no campo teórico e a aplicabilidade deste\nem uma prática concreta, que se apresenta, sempre singular, confusa, inquieta, angustiante e\ninusitada.\nEssa experiência como monitora reconfigurou meu universo de percepções e me permitiu\ntambém refletir sobre o significado do professor. Ademais, existiram fatores motivacionais para\nisso, como a oportunidade da iniciação à docência.\nReferências\nBAUER, M. W.; GASKELL, G. Pesquisa qualitativa com texto, imagem e som: um manual\nprático. Petrópolis: Vozes, 2002.\nLÉVY, P. Cibercultura. Rio de Janeiro: Editora 34, 1999.\nMORAN, J. M. et al. Novas tecnologias e mediação pedagógica. 6. ed. Campinas: Papirus,\n2000.\nMORAN, J. M. Novas tecnologias e o re-encantamento do mundo. Revista Tecnologia\nEducacional. Rio de Janeiro, vol. 23, n2. p.126, set. / out. 1995.\nBAZTÁN, A. Á.; MARTINS C. J. A pesquisa qualitativa de enfoque etnográfico. Grácio editor,\n2014.ALMEIDA, M. E. Informática e formação de professores. Secretaria de Educação e Distância.\nBrasília: Ministério da Educação. Secd, 2000.\nSCHLEMMER, E. Projetos de aprendizagem baseados em problemas: uma metodologia\ninteracionista/construtivista para a formação de comunidades em Ambientes Virtuais de\nAprendizagem. Calabor- Revista Digital da CVA, Porto Alegre, v.1, n. 2, p. 10-19, nov. 2001.\nBELLONI, M. L. Educação a distância. Campinas: Autores Associados, 1999.\nCARVALHO, D. et al. Pesquisa Bibliográfica. Goiânia: 16 jun. 2004. Disponível em:\nhttp://pesquisabibliografica.blogspot.com.br.\nGRAHAM, L.; METAXAS, P. T. Of course it’s true; I saw it on the internet! - Critical Thinking\nin the Internet Era. In Communications of The ACM, n.º 5 (vol. 46), May 2003. Retirado de\nhttp://www.wellesley.edu/CS/pmetaxas/CriticalThinking.pdf.\nSLOCZINSKI, H.; CHIARAMONTE, M. S. Ambiente virtual: interação e aprendizagem.\nInformática na Educação - teoria & prática, v. 8, n. 1, Porto Alegre: UFRGS, 2005.\nSCHLEMMER, E. ; CARVALHO, J. O. F. Gestão de um consórcio nacional para educação a\ndistância organizado na forma de comunidade virtual de aprendizagem: a estratégia da\nCVA-RICESU. Curitiba, São Leopoldo, v.3,n.10,1-9,005. Disponível em\nhttp://www.ricesu.com.br/colabora/n10/artigos/n_10/pdf/id_01.pdf.\nAgradecimentos\nPrimeiramente gostaria de agradecer aos meus pais que me permitiram o ingresso na\nUniversidade de Fortaleza e que sempre estão ao meu lado na tomada de decisões. Quero\nagradecer também à Universidade de Fortaleza – UNIFOR pela possibilidade de iniciação à\ndocência através do Programa de Monitoria Voluntária e à Professora Angela Vasconcelos pelo\napoio durante todo o período da monitoria."
}