{
  "id": "26967",
  "trabalho": "INSTRUMENTOS DE AVALIAÇÃO APLICADOS EM UM RESTAURANTE DA REDE HOTELEIRA EM FORTALEZA, CEARÁ.",
  "area": "CIÊNCIAS DA VIDA",
  "ano": "2016",
  "evento": "XXII - ENCONTRO DE INICIAÇÃO À PESQUISA ",
  "link": "http://uol.unifor.br/oul/conteudosite/?uuid=93CD6CF9CDEED2B493A4CF0D3691FFDFDDF014A2",
  "conteudo": "XXII Encontro de Iniciação à Pesquisa\nUniversidade de Fortaleza\n17 à 21 de Outubro de 2016\nInstrumentos de avaliação aplicados em um restaurante da rede hoteleira\nem Fortaleza, Ceará.\nRafael Vasconcelos Araújo*1 (IC), Laís Ripardo Fernandes2 Christiane Pineda Zanella³ (PO)\n1. Universidade de Fortaleza – PIBIC/CNPQ\n2. Universidade de Fortaleza – Curso Nutrição\n3. Universidade de Fortaleza – Doutora em saúde coletiva.\nrafaelaraujo89@hotmail.com\nPalavras-chave: Hotelaria. Fiscalização hoteleira. Unidade de alimentação e nutrição. Vigilância Sanitária.\nResumo\nA classificação hoteleira foi criada a partir da necessidade de se estabelecer um padrão para meios de\nhospedagem em crescimento constante, e também de estabelecer limites aos empreendedores com relação\naos aspectos naturais da área em que os estabelecimentos se localizam e que deveriam ser respeitados.\nCom a histórica preocupação do governo brasileiro na segurança alimentar de sua população, em 2004, a\nAnvisa publicou a Resolução – RDC nº 216. Essa consta que todo serviço de alimentação deve possuir um\nmanual de Boas Práticas. Diante disso, essa pesquisa tem por objetivo conhecer os instrumentos utilizados\npara avaliação de uma unidade de alimentação e nutrição no contexto da hotelaria. O presente estudo é do\ntipo transversal de caráter descritivo e desenvolveu-se em restaurante localizado na Praia de Iracema.\nForam estudados, aplicados e comparados dois instrumentos para avaliação de uma Unidade de\nAlimentação e Nutrição (UAN) no contexto da hotelaria: Steton 360 e o check list contido na RDC 216.\nConcluiu-se que enquanto a avaliação da rede Intercontinental Hotels Group (IHG) aborda aspectos como,\nconforto, estética, variedade e qualidade de serviço, a Resolução RDC nº 216, avalia quanto ao controle de\nqualidade, à adequação de documentações exigidas, à segurança alimentar e sanitária da unidade de\nalimentação e nutrição. Desse modo, as duas avaliações complementam-se, garantindo melhor serviço\nprestado aos clientes e também hóspedes de um hotel.\nIntrodução\nAtualmente, uma verdadeira revolução vem ocorrendo na indústria brasileira de hotéis\n(BOJAR,2003). O substancial desafio da gestão hoteleira na recente indústria da hospitalidade está em\nprestar serviços de qualidade aos turistas e mantê-los satisfeitos (KUO, 2009).\nNa atividade hoteleira, a qualidade precisa estar associada a todos os procedimentos, pois é\nindispensável que os setores e os indivíduos envolvidos tenham como propósito a qualidade total para\ncompleta satisfação do cliente (SANTOS, 2004).\nSegundo o Ministério do Turismo, um bom indicador da qualidade do atendimento nos hotéis\nbrasileiros consiste no aumento do número de turistas que chegam ao Brasil. O número de entradas no País\ncresceu exponencialmente e continua a crescer (BRASIL, 2004).\nA classificação hoteleira foi criada a partir da necessidade de se estabelecer um padrão para\nmeios de hospedagem em crescimento constante, e também de estabelecer limites aos empreendedores\ncom relação aos aspectos naturais da área em que os estabelecimentos se localizam e que deveriam ser\nrespeitados. Seu objetivo principal é o de orientar a sociedade sobre os aspectos físicos e operacionais do\nISSN 18088449 1estabelecimento e estabelecer compatibilidade entre qualidade e preço, para que, por exemplo, hotéis de\nclassificação inferior não cobrem os preços de um hotel de classificação superior. No entanto para garantir\nque as normas estabelecidas estejam sendo cumpridas regularmente, é importante estabelecer meios de\ncomunicação interna para controlar e fiscalizar os estabelecimentos (ROIM; PEREIRA, 2012).\nTendo em vista a expansão do turismo, cresce a preocupação com o fornecimento de refeições,\ntanto em qualidade sensorial quanto em qualidade higiênico-sanitária. Sobretudo no setor hoteleiro, pois o\nconceito de hospedagem sempre esteve ligado à alimentação e os turistas encontram-se comumente fora\nde seus hábitos alimentares, tornando-se, assim, alvos de doenças transmitidas por alimentos (SILVA JR,\n2008).\nCom a histórica preocupação do governo brasileiro na segurança alimentar de sua população, em\n2004, a Anvisa publicou a Resolução – RDC nº 216. Essa consta que todo serviço de alimentação deve\npossuir um manual de Boas Práticas, documento que descreve as operações realizadas pelo\nestabelecimento, incluindo, no mínimo, os requisitos higiênicos-sanitário dos edifícios, a manutenção e a\nhigienização das instalações, dos equipamentos e utensílios, o controle de água do estabelecimento, o\ncontrole integrado de vetores e pragas urbanas, a capacitação profissional, o controle da higiene e saúde\ndos manipuladores, o manejo dos resíduos e o controle a garantia da qualidade do alimento fornecido\n(BRASIL, 2004).\nA RDC nº 216 também preconiza que todos os responsáveis pelas atividades de manipulação dos\nalimentos devem ser submetidos a cursos de capacitação, abordando, pelo menos, contaminantes\nalimentares, doenças transmitidas por alimentos, manipulação higiênica dos alimentos e Boas Práticas\n(BRASIL, 2004).\nA implantação da avaliação da Anvisa gera inúmeros benefícios, como a produção de alimentos\ncom melhor qualidade e maior segurança, a diminuição das reclamações por parte dos consumidores,\nmelhora do ambiente de trabalho, sendo estes mais limpos e seguros, com colaboradores desempenhando\nsuas funções com maior motivação e produtividade. Além de proporciona mais saúde e qualidade de vida\naos consumidores (SILVA JR, 2008).\nDiante da magnitude e importância reconhecida da avaliação das Boas Práticas como meio de\nassistência à saúde do consumidor, essa pesquisa tem por objetivo conhecer os instrumentos utilizados\npara avaliação de uma unidade de alimentação e nutrição no contexto da hotelaria.\nMetodologia\nO presente estudo é do tipo transversal de caráter descritivo. O estudo desenvolveu-se em\nrestaurante de um hotel localizado na Praia de Iracema. Este consiste em uma empresa de autogestão e\nconcessão nas dependências do hotel, situado em área nobre de Fortaleza. A pesquisa aconteceu entre os\nmeses de fevereiro a junho de 2016.\nForam estudados dois instrumentos para avaliação de uma Unidade de Alimentação e Nutrição\n(UAN) no contexto da hotelaria. O primeiro foi o aplicativo Steton 360, que avalia os itens da vistoria padrão\nda rede IHG que o hotel faz parte. Uma vez que o acesso a esse aplicativo só é permitido a profissionais\ncredenciados, os dados nele contidos foram coletados por meio de uma entrevista com a profissional\nresponsável pela classificação da rede de hotéis. O segundo instrumento utilizado foi o check list contido na\nRDC 216.\nISSN 18088449 2Após estudados os itens avaliados em cada instrumento de avaliação, estes foram aplicados ao\nrestaurante em questão separadamente. Os dados obtidos na aplicação do Steton 360 e do check list\ncontido na RDC 216 foram então comparados.\nResultados e Discussão\nO hotel é submetido a uma auditoria realizada pela equipe da rede de hotéis Intercontinental Hotels\nGroup (IHG), com frequência de nove meses, assim como todos os hotéis que fazem parte desta rede. A\nauditoria é realizada por meio de uma plataforma inserida em um aplicativo virtual de propriedade da rede\nIHG nomeado Rize Point, o qual tem o objetivo de manter a coerência global entre suas franquias de hotéis,\ncriando uma avaliação precisa baseada em parâmetros pré-estabelecidos pela rede no que se refere ao\nhotel por completo, incluindo a unidade de alimentação e nutrição inserido neste (IHG, 2016).\nApós a realização da auditoria, são apontadas as inadequações existentes e suas respectivas ações\ncorretivas, obtendo um prazo de no máximo três meses para as adequações necessárias. O hotel deve\npossuir no mínimo 80% de adequação, sob risco de fechamento permanente do local, caso não atinja esse\npercentual mínimo (IHG, 2016).\nSegundo o documento redigido pela rede de hotéis IHG (2016), da qual o restaurante em questão\nfaz parte, a cozinha deve possuir seus componentes fora da visualização dos hóspedes, a menos que a\nvisualização completa seja apropriada com o tema do restaurante, bem como a passagem entre a cozinha e\nas áreas vistas pelo hóspede devem ser projetadas de forma a inibir a visualização direta da cozinha. Além\ndisso, deve haver separação acústica entre a área da cozinha, as passagens da cozinha e as áreas vistas\npelos hóspedes. Quanto a ao refeitório dos clientes, o local deve dispor de bancadas secas, com\nacabamento combinando com a decoração do ambiente e a passagem entre a cozinha e as áreas vistas\npelo hóspede devem ser projetadas de forma a inibir a visualização direta da cozinha e a decoração e os\nmateriais devem combinar com o estilo e acabamento do ambiente.\nAinda segundo a rede IHG (2016), os utensílios de mesa feitos de poliestireno não são permitidos e\ntodas as áreas de alimentos e bebidas devem estar sempre limpas e em bom estado de conservação. No\nmínimo, essas áreas devem ser limpas depois de todas as ocasiões de refeições e/ou períodos de pico. No\nrefeitório dos clientes, o restaurante deve fornecer o espaço de pelo menos 1,39 m² por assento.\nOs níveis de iluminação devem ser ajustados de acordo com o horário do dia e a atividade do\nhóspede no restaurante e todas as luminárias devem ter controle de intensidade luminosa e conter todos os\ncomponentes necessários para isso. A unidade deverá fornecer também lâmpadas de cor quente. Não são\npermitidas luminárias fluorescentes com tamanho de 0,6 m x 0,6 m e 0,6 m x 1,2 m. É obrigatória iluminação\ndos degraus ou desníveis em todo o restaurante (IHG, 2016).\nO refeitório dos clientes deve possuir estrutura permanente em madeira, bancada em pedra natural\nou sintética, a qual deve ter cobertura de proteção. As mesas ou bancadas devem ser permanentes, não\nsendo aceitas unidades móveis. Mesas temporárias de buffet com toalhas ou lycra não são permitidas. São\npermitidas apenas toalhas de mesa de linho. As mesas devem combinar com a decoração da área de\nrefeição e devem possuir bases de decoração fixas e não são permitidas mesas dobráveis (IHG, 2016).\nQuando disponível, o balcão do atendente/caixa deve combinar com o estilo e acabamento do\nconceito do restaurante e toda a fiação, equipamentos e áreas de trabalho não devem estar visíveis aos\nhóspedes. O número de assentos deve ser igual a 40% da contagem total dos quartos de hóspedes, no\nmínimo. Os assentos devem ser estofados em tecidos e não são permitidas cadeiras empilhadas. A vidraria\ndeve ser transparente, padronizada, adequada ao uso. Copos plásticos não descartáveis são permitidos\npara refrigerantes. Os talheres devem ser apropriados para os itens do menu e guardanapos de papel\nISSN 18088449 3descartáveis grandes, com três camadas, são obrigatórios para os serviços de café da manhã e almoço, a\nmenos que guardanapos de linho sejam fornecidos. O serviço de jantar deve oferecer guardanapos de pano\n(IHG, 2016).\nA rede IHG ainda preconiza que todas as ofertas de alimentos disponíveis (café da manhã, almoço,\njantar e banquete) devem incluir pelo menos uma poção opção vegetariana, pratos adequados para pessoas\ncom alergias, sensibilidades ou preferências, pratos populares internacionalmente reconhecidos. Além disso\no menu deve incluir itens recém-preparados, como carnes magras grelhadas e peixes, legumes cozidos no\nvapor, cereais integrais e frutas. Os menus do jantar e o do bar devem incluir itens de alimentos e bebidas\nconhecidos e regionalmente relevantes (IHG, 2016).\nA unidade também conta com a avaliação obrigatória realizada pela Agência Nacional de Vigilância\nSanitária (ANVISA), a Resolução RDC nº 216, de 15 de setembro de 2004, o qual tem o objetivo de\nestabelecer procedimentos de Boas Práticas para serviços de alimentação a fim de garantir as condições\nhigiênico-sanitárias do alimento preparado, aplicada a todos os serviços de alimentação que realizam\nalgumas das seguintes atividades: manipulação, preparação, fracionamento, armazenamento, distribuição,\ntransporte, exposição à venda e entrega de alimentos preparados ao consumo, tais como cantinas, bufês,\ncomissarias, confeitarias, cozinhas industriais, cozinhas institucionais, delicatéssens, lanchonetes, padarias,\npastelarias, restaurantes, rotisserias e congêneres (BRASIL, 2004).\nDiferentemente da avaliação aplicada pela rede IHG, a Resolução RDC nº 216, realizada através de\ndenúncias, considera os seguintes pontos: alimentos preparados (cozidos, mantidos quentes e expostos ao\nconsumo; alimentos cozidos, mantidos refrigerados, congelados ou à temperatura ambiente, que necessitam\nou não de aquecimento antes do consumo; alimentos crus, mantidos refrigerados ou à temperatura\nambiente, expostos ao consumo), antissepsia, Boas Práticas, contaminantes, Controle Integrado de Vetores\ne Pragas Urbanas, desinfecção, higienização, limpeza, manipulação de alimentos, manipuladores de\nalimentos, Manual de Boas Práticas (documento que descreve as operações realizadas pelo\nestabelecimento, incluindo, no mínimo, os requisitos higiênico-sanitários dos edifícios, a manutenção e\nhigienização das instalações, dos equipamentos e dos utensílios, o controle da água de abastecimento, o\ncontrole integrado de vetores e pragas urbanas, a capacitação profissional, o controle da higiene e saúde\ndos manipuladores, o manejo de resíduos e o controle e garantia de qualidade do alimento preparado),\nmedida de controle, produtos perecíveis, registro, resíduos, saneantes, serviço de alimentação,\nProcedimento Operacional Padronizado - POP (procedimento escrito de forma objetiva que estabelece\ninstruções sequenciais para a realização de operações rotineiras e específicas na manipulação de\nalimentos) (BRASIL, 2004).\nA avaliação conta com um check list de 89 itens, de acordo com todos os aspectos abordados na\nResolução RDC nº 216, onde se pode assinalar a cada item se o mesmo possui ou não adequação ou\ntambém se não se aplica, bem como conta com espaços para a transpor a ação corretiva necessária à\ninadequação referente e seu prazo de correção. De acordo com a gravidade das inadequações detectadas,\no restaurante será submetido a uma autuação de adequação das irregularidades incluindo um prazo para as\ndevidas correções e pagamento de multa, caso não realize as alterações necessárias, ou também poderá\nter interdição imediata com pagamento de multa (BRASIL, 2004).\nConclusão\nÉ possível concluir que a avaliação realizada pela rede de hotéis, a qual o restaurante estudado é\nsubmetido, é consideravelmente diferente das abordagens aplicadas pela avaliação feita através da\nResolução RDC nº 216.\nISSN 18088449 4Enquanto a avaliação da rede IHG aborda aspectos como, conforto, estética, variedade e qualidade\nde serviço, a Resolução RDC nº 216, avalia quanto ao controle de qualidade, à adequação de\ndocumentações exigidas, à segurança alimentar e sanitária da unidade de alimentação e nutrição.\nDesse modo, pode-se reconhecer que as duas avaliações se complementam, garantindo melhor\nserviço prestado aos clientes e também hóspedes de um hotel.\nReferências\nBOJAR, E. A. Estudo projeta crescimento da hotelaria no País. Hotelnews, São Paulo, 314. ed., maio/jun.\n2003. Disponível em:\nhttp://www.revistahotelnews.com.br/2006/ssHome/index.php?id=6&subld=408&edicao=314&meio=../ssEdico\nesAnteriores/meioEdicao.php&y=2003. Acesso em: 09 maio 2016.\nBRASIL. ANVISA. Agência Nacional de Vigilância Sanitária. Resolução RDC nº 216, de 15 de setembro de\n2004. Regulamento Técnico de Boas Práticas para Serviços de Alimentação.\nINTERCONTINENTAL HOTELS GROUP (Estados Unidos). Rise Point: Case Study. 2016. Disponível em:\n<http://rizepoint.com/wp-content/uploads/2016/03/RizePoint-Case-Study-IHG.pdf>. Acesso em: 10 jun. 2016.\nKUO, C.-M. The managerial implications of an analysis of tourist profiles and international hotel employee\nservice attitude. International Journal of Hospitality Management, v.28, p. 302-309, 2009.\nROIM, T. P. B.; PEREIRA, J. I. M. A classificação hoteleira e sua importância para a qualidade dos serviços\nprestados pelos meios de hospedagem. Revista Científica Eletrônica de Turismo. Ano IX, n. 17, 2012.\nSANTOS, D. M. C. dos. Segurança alimentar: aspectos técnicos e sócio-culturais sobre riscos potenciais\nna rede hoteleira de Florianópolis – SC. 2004. Dissertção (Mestrado Em Turismo E Hotelaria) – Universidade\ndo Vale do Itajaí – UNIVALI, Balneário Camboriú, 2004.\nSILVA JR., E. A. da. Manual de controle higiênico-sanitário em serviços de alimentação. 6.ed. atual.\nSão Paulo: Livraria Varela, 2008.\nAgradecimentos\nAgradecemos imensamente à professora supervisora Christianne Pineda Zanella, por ter nos\norientado com tanto afinco, bem como a toda a equipe colaboradora do restaurante estudado e, finalmente,\nà Universidade de Fortaleza (UNIFOR), por nos proporcionar esta oportunidade de aprimorar nossos\nconhecimentos acadêmicos e nosso desenvolvimento em pesquisas científicas.\nISSN 18088449 5"
}