{
  "id": "26970",
  "trabalho": "BIODANÇA E A PSICOTERAPIA CENTRADA NA PESSOA",
  "area": "CIÊNCIAS DA VIDA",
  "ano": "2016",
  "evento": "XXII - ENCONTRO DE INICIAÇÃO À PESQUISA ",
  "link": "http://uol.unifor.br/oul/conteudosite/?uuid=38630003E6E1F40EAF2076E49C71A9760AD40002",
  "conteudo": "XXII Encontro de Iniciação à Pesquisa\nUniversidade de Fortaleza\n17 à 21 de Outubro de 2016\nBIODANÇA E A PSICOTERAPIA CENTRADA NA PESSOA\nThiago Colares Patriota 1* (IC), Jardel Aguiar Bluhm 2* (IC), Rocelinda Farias Rolim 3* (IC), Márcio\nAcselrad 4 (PQ).\n1. Universidade de Fortaleza – Curso de Psicologia.\n2. Universidade de Fortaleza – Curso de Psicologia.\n3. Universidade de Fortaleza – Curso de Psicologia.\n4. Universidade de Fortaleza – Pesquisador/Orientador.\nthiagoc.patriota@gmail.com\njardelbluhm@gmail.com\nlinda.farias.r@gmail.com\nPalavras-chave: Biodança. Abordagem Centrada na Pessoa. Psicologia. Dança. Música.\nResumo\nA presente produção acadêmica teve como objetivo nos inserir em um grupo de biodança, utilizando o\nmétodo etnográfico e observação participante como metodologia da pesquisa, participando do cotidiano do\ngrupo e assim compreendendo as semelhanças que a biodança apresentava com a Abordagem Centrada\nna Pessoa. Foi de suma importância a compreensão e vivência desse sistema para que pudéssemos\nanalisar que tipos de funções e práticas eram colocadas a cada experiência. A importância da música e da\ndança para uma melhora subjetiva do grupo, com base em acontecimentos singulares também estão\npresentes no trabalho, após a leitura esperamos conseguir transmitir nossas experiências a partir da\ninserção no campo.\nIntrodução\nEste artigo apresenta resultados de uma pesquisa desenvolvida para a disciplina de Prática\nIntegrativa IV, do curso de Psicologia da Universidade de Fortaleza (UNIFOR). Essa disciplina tem como\nobjetivo nos inserir em um grupo ou organização social para melhor compreender algumas práticas a partir\nde um estudo de campo.\nO tema escolhido para a realização desta pesquisa foi a biodança, analisando as suas semelhanças\ncom a psicoterapia centrada na pessoa, e que mudanças essa prática poderia trazer para o indivíduo dentro\nde um grupo como forma terapêutica. A escolha do tema se deu a partir de uma percepção de escassez de\nestudos acerca dessa área, onde partimos de um interesse do grupo de aprender mais sobre essa prática.\nO objetivo da pesquisa é buscar que tipos de semelhanças elas tem entre si e o que esta teoria busca em\nsua prática, para melhor analisar as mudanças que a biodança traz consigo.\nDiscutiremos sobre a teoria da biodança proposta por Rolando Toro nos anos 60, a relação da dança\ne da música dentro da biodança, experiências levadas a partir do sujeito presente no grupo, vivências\nsingulares e coletivas. O grupo observado se encontra no Centro de Desenvolvimento Humano (CDH),\norganização social que tem uma proposta de desenvolvimento psíquico, sócio-histórico, espiritual, físico e\nintelectual.\nMetodologia\nA realização desta pesquisa se deu a partir do método etnográfico e da observação participante. O método\netnográfico de pesquisa é um conjunto de concepções e procedimentos utilizados tradicionalmente pela\nAntropologia para fins de estudar uma cultura, para a descrição de um povo, estudar um grupo humano.\nPara ANGROSINO (2009) etnografia é:\n1“…uma maneira de estudar grupos organizados, duradouros, que podem ser chamados de\ncomunidades ou sociedades. O modo de vida peculiar que caracteriza um grupo é entendido\ncomo a sua cultura. Estudar cultura envolve um exame dos comportamentos, costumes e\ncrenças aprendidos e compartilhados do grupo.”\nO método etnográfico é conduzido em um estudo de campo, onde o pesquisador se dirige ao campo de\ninteresse para viver as experiências que eles vivem. Por ser multifatorial onde você pode se utilizar de uma\nou mais técnicas de pesquisa. É personalizada por você ser tanto pesquisador quanto observador daquela\ncultura. Requer um compromisso de longo prazo para que seja feito um estudo aprofundado do caso, de\ninteração. É indutivo, holístico e dialógico (ANGROSINO, 2009).\nJá a observação participante, nos coloca dentro daquele grupo a fim de poder participar de suas crenças,\nseus rituais etc. A utilização desses métodos nos permite fazer um mergulho na cultura pretendida e\naprimorar nossa pesquisa de uma maneira importantíssima, para uma interação maior e um aprendizado\nmaior sobre a cultura de interesse (ANGROSINO, 2009).\nO instrumento para a coleta de dados foi o diário de campo, um caderno com espaço suficiente para\nanotações, comentários e reflexão, para uso individual do investigador em seu dia a dia. Nele se anotam\ntodas as observações de fatos concretos, fenômenos sociais, acontecimentos, relações verificadas,\nexperiências pessoais do investigador, suas reflexões e comentários. (GERHARDT; SILVEIRA, 2009, p. 76\napud FALKEMBACH, 1987)\nAinda, para uma melhor compreensão da prática de biodança foram realizadas 6 (seis) visitas ao Centro de\nDesenvolvimento Humano (CDH) dentro do grupo de Biodança no horário de sete horas as dez horas no\nperíodo da noite, com a presença dos três integrantes todas as segundas-feiras. Onde participávamos do\ngrupo como ouvintes e como integrantes, isso nos possibilitou observar e entender a visão que cada\nmembro do grupo possuía sobre a biodança.\nResultados e Discussão\nCarl Rogers foi o criador da Abordagem Centrada na Pessoa (ACP), esta que se inseri na\nabordagem humanista. Rogers acredita que em todo indivíduo existe uma tendência atualizadora e que todo\nindivíduo possui recursos para uma auto compreensão, através disso é possível um melhor entendimento a\ncerca de diversas questões que por diversas vezes ficam imersas no sujeito. Ela se caracteriza como uma\nabordagem fenomenológica que dá ênfase na experiência subjetiva do indivíduo. Existem três objetivos\nbásicos e necessários para uma descoberta do núcleo positivo que existe em cada sujeito e para que aja\numa melhor relação entre terapeuta e cliente. São elas: a congruência, a empatia e aceitação incondicional\ndo sujeito. (ROSENBERG; ROGERS, 1977)\nA biodança surgiu com o antropólogo, sociólogo e psicólogo Rolando Toro Arañeda, como “um\nsistema de integração afetiva, renovação orgânica e reaprendizagem das funções originárias da vida. Foi\ncriado no Chile nos anos 60, enquanto Toro trabalhava em um hospital psiquiátrico e percebeu a força da\ndança e do movimento que vêm carregado de emoções, e que isso seria capaz de alterações fisiológicas\nque poderiam despertar um potencial adormecido, seria como uma “DANÇA DA VIDA”. (NOBRE, 2008)\nToro (2002) relata que existem seis funções que podem ser didaticamente separadas para serem\nmelhor compreendidas em: Permissiva, Facilitadora, Integração, Deflagradora, Criadora e Transcendente.\nSegundo Nobre (2008) com a Permissiva, o grupo tenta fazer com que os novos integrantes sintam-se livres\ndentro do grupo, diminuindo seus mecanismos de defesa, fazendo com que eles mostrem-se como\n2realmente são. O facilitador é a pessoa que estimula as atividades no grupo, possuindo um papel\nfundamental no grupo, incentivando os integrantes e dirigindo o curso da sessão. A integração são as formas\nusadas pela facilitadora para a criação da intimidade dentro do grupo. Pode ser feito de várias formas como\nintegração motora, afetivo motora e ideomotora, permitindo mais tarde uma integração entre o sentir, pensar\ne agir. Deflagradora é a sutileza que a facilitadora possui ao observar as reações, os comentários e as\nexpressões dos participantes, é dessa forma que ela é capaz de deflagrar situações e emoções ocultas,\ntrabalhando um processo de crescimento individual. A criadora é aquilo que os integrantes fazem dentro da\nsessão, aquilo que eles reagem com as falas da facilitadora, a letra da música, a sua batida, os sentimentos\nque correm em suas mentes entre outros. O transcendente é o ampliar limites da sua própria existência.\nExistem funções de conexão com a vida que se exerce em uma sessão de biodança, que seriam: 01.\nConexão consigo mesmo; 02. Conexão com o semelhante; 03. Conexão com o universo. Segundo NOBRE\n(2008) trabalhavam-se linhas de vivência, mas não necessariamente todas as linhas eram colocadas em\ncada sessão, dependiam do que o grupo trazia. Seriam elas Vitalidade, Afetividade, Sexualidade,\nCriatividade, Transcendência, mas que por motivos metodológicos não iremos nos aprofundar nessa\nquestão.\nAs sessões de biodança eram divididas em duas vivências, onde a primeira vivência formava-se\numa roda onde os integrantes poderiam falar o que quisesse sem nem um julgamento prévio que pudesse\nser observado. Alguns integrantes trouxeram questões sobre a politica do país, questões familiares, sessões\nantigas etc. As vivências são guiadas por um facilitador, que não necessariamente é da área da Psicologia,\npor exemplo a facilitadora que nos recebeu era de uma área diferente de estudos, mas que tinha formação\nem biodança, o que possibilitou ela a guiar as vivências de maneira empática com grupo.\nA segunda vivência entra a parte da música, da dança, da relação com o outro dentro do sentir-se\nali. Como uma intensa experiência de viver o aqui e agora, uma “experiência original de nós mesmos, da\nnossa identidade, anterior a qualquer elaboração simbólica ou racional” (TORO, 2002). A vivência é\nessencialmente uma experiência de unidade, pois nela “não há dissociação entre mente e corpo, há um\ncorpo que por meio do movimento funda um saber original sobre a realidade e sobre si próprio” (REIS,\n2009). A música era um estímulo de vínculo afetivo, tem efeito ligado a parte emocional, ao ânimo da\npessoa. Pode gerar diversos sentimentos, entre eles: o de alegria e de tristeza, de amor e raiva e tantos\noutros. A música está no centro da biodança, direciona a vivência, conduz o movimento. O seu “poder” está\nna emoção que ela deflagra e no grau de integração que pode ser gerado. No entrar em contato com essa\nemoção, o “viver a emoção”, muitas vezes bastante reprimida, poderá vir a acontecer a liberação daquele\nsentimento, o desfazer daquele “nó”. (NOBRE, 2008). A dança para Rolando Toro (2002) é:\n“Um modo de ser no mundo que representa uma via privilegiada de acesso à\nnossa identidade original, e também, a expressão da unidade orgânica do homem\ncom o universo. Esta noção da dança como “movimento integrativo” é muito antiga\ne revela, através da história, numerosas expressões culturais como a dança\nprimitiva, as danças órficas, cerimônia tântrica ou as danças giratórias do sufismo.”\nAs semelhanças entre a terapia proposta por Carl Rogers (1902-1987) com a prática de biodança\nestava exatamente em três pontos discutidos em sua teoria que seriam segundo NOBRE (2008):\ncongruência, empatia e aceitação. Seriam essas as etapas que estaríamos buscando em nossa pesquisa,\nanalisar o quão isso estaria certo e que mudanças a biodança traria para o grupo. Tentando situar um pouco\no que seriam essas três partes comentaremos um pouco sobre elas. Segundo Rogers (1998) a aceitação\nseria quando se estabelece um vínculo de força e de confiança com o cliente. Empatia pode-se dizer de um\nvínculo semelhante um em relação ao outro, de se perceber no lugar do outro. Enquanto congruência é a\n3exatidão entre a comunicação e a expressão, quando o cliente toma consciência de toda a situação ao qual\nestá imerso.\nEm nossa pesquisa foi possível experienciar a biodança dentro do grupo, onde conseguimos\nanalisar de forma participativa as características terapêuticas que essa prática trazia para os integrantes.\nNossa dinâmica com o grupo foi bastante positiva, nos sentimos inseridos e acolhidos pelo coletivo, o que\npode ser percebida dentro de uma das perspectivas abordadas mais acima, seria a aceitação. Ali nesse\nprimeiro momento estabelecemos um vínculo de confiança com a facilitadora e mais a frente com o grupo.\nPor conta disso houve um maior entendimento sobre esse universo antes desconhecido por nós. Sempre\nmuito aberto e bastante acolhedor, o grupo fazia questão de esclarecer nossas dúvidas e curiosidades,\nDurante as vivências pudemos perceber vários sentimentos que eram colocados em suas falas e também\nem suas danças, assim como suas experiências de vida, suas experiências singulares e grupais. A empatia\npraticada nessas vivências podia ser percebida durante a dança, durante o escutar de cada um e durante a\ninteração não verbal. O grupo na biodança é algo imprescindível, onde cada um tem sua singularidade, mas\nque forma um todo, algo que podemos ligar com a concepção de NOBRE (2008, apud Carl Rogers, 1974)\npara grupo, que seria “Um sistema autorregulador onde cada pessoa individualmente é parte fundamental\nconstituinte do todo, ao mesmo tempo que é o todo em si.”\nNossas imersões dentro do campo foram diferentes para cada um, momentos onde nos sentíamos\nbem, outros onde estávamos desconfortáveis com o que estava acontecendo, era inédito, era algo de\nestranhamento e que por muitas vezes nos levou a várias reflexões. Com o tempo as vivências foram se\ntornando algo mais natural e que possibilitava nos entregarmos ao que estávamos vivendo ali, e reintegrar\ncom acontecimentos singulares de nós. Algo que era perceptível no grupo era o colocar de cada um, o\nmomento em que cada um se manifestava, podendo apresentar momentos de tristeza, alegria, força etc.\nA dança nos permitia, ou quase que nos levava para o outro, mesmo em momentos de individuação,\nsempre existia o olhar ao próximo e para si mesmo. Essa comunicação não verbal advinda da dança\ncolocada pelo grupo, mas também da fala verbal, pode-se dizer que o sujeito estava tomando consciência\nde si a partir de sentimentos e gestos apresentados. A facilitadora em alguns momentos nos mostrava um\ncaminho para o próximo. Houve momentos que por conta de uma certa timidez ficávamos dançando\nolhando para o chão em vez de olhar para o grupo, ela de maneira bastante empática nos dizia que\ndeveríamos dirigir nossa atenção nos sujeitos ali presentes, se dança sozinho mas dentro do grupo e para o\ngrupo, isso nos integrava de maneira singular mas junto do outro, paradoxal pensar assim, mas a biodança\né a integração do singular para o grupo, mas não tirando a subjetividade individual. Não só a dança mas a\nmúsica estava dentro dessas vivências, a escolha da música não era feita de maneira aleatória, era visto o\nque se tinha discutido na primeira vivência, a maneira empática como a facilitadora se colocava, uma\nsemelhança entre os sentimentos apresentados, a música era pensada em cima disso, o que advém de\numa aceitação praticada pela escuta da facilitadora que conduzia a segunda vivência a partir da dança e da\nmúsica.\nFalando de uma das sessões específicas onde o momento em que todos estávamos vivendo, no\ncaso o momento político em nosso país, durante a roda de conversa houve diversos discursos de\ninsatisfação pelo estado em que o país se encontrava, opiniões expostas, e ao perceber isso a facilitadora\ntentou integrar na segunda vivência colocando músicas que exaltavam um sentimento de patriotismo, um\nsentimento de trabalhar esse conflito trazido por muitos para que se pudesse refletir e melhorar aquela\nmistura de sentimentos, como angústia, raiva, medo etc. Então de maneira sempre a tentar se colocar no\nnosso lugar, e de como estávamos nos sentindo a facilitadora tentava amenizar isso trazendo reflexões,\noutra relação era a dança onde eramos colocados a uns movimentos que levavam a um levantamento de\n4ânimo, no sentido de ajudar a sentir. E esse sentir era passado pela dança, a maneira como dançávamos\nsozinhos mas para o grupo e para o país.\nAs semelhanças foram se mostrando para nós de maneiras diferentes mas sempre levando ao\nmesmo ponto, conseguimos perceber ao longo desses relatos um pouco da experiência acerca da prática\nda biodança e de como ela se aproxima com a abordagem centrada na pessoa.\nConclusão\nConcluímos que a biodança integra alguns aspectos trazidos na Abordagem Centrada na Pessoa,\nque abordamos neste artigo como empatia, congruência e aceitação. Precisaríamos nos aprofundar mais\nem cima dessa teoria e prática para apresentar diversas perspectivas em que a biodança se baseia e seus\nbenefícios para o sujeito. Devido a metodologia da disciplina de Prática Integrativa IV, que estaríamos em\ncapo durante quatro meses não pudemos adentrar em certos pontos.\nNo entanto, acreditamos que explanamos de maneira sucinta as nossas experiências durante esse\ntempo em campo, e participando do grupo de biodança, essa prática mostrou-se uma prática que vem de\numa apreensão subjetiva para uma terapia incomum. Essa prática terapêutica que ajuda de certa forma os\nsujeitos ali inseridos, mesmo não sendo uma psicoterapia institucionalizada podemos considerá-la um\nmomento terapêutico para o grupo. Essa terapia seria uma apreensão subjetiva do individual e do grupo, de\ncomo era visto a biodança por cada um, que tipo de entendimento aquilo trazia, e isso era que se dava de\nforma terapêutica, a prática funcionava como terapia para alguns.\nA experiência dentro do grupo de biodança nos proporcionou um entendimento aprimorado para\nesse sistema biocêntrico, e com isso pudemos fazer essa análise junto a abordagem centrada na pessoa e\nsuas semelhanças, foi de extrema importância a realização deste trabalho, buscando novas formas de\nterapia, buscando semelhanças entre psicoterapias tradicionais e de como isso é trabalhado na biodança.\nReferências\nANGROSINO, M. Etnografia e Observação Participante. São Paulo: ARTMED, 2009.\nGERHARDT, T; SILVEIRA, D. Métodos de Pesquisa. Rio Grande do Sul: UFRGS, 2009.\nNOBRE, M. A Biodanza de Rolando Toro e a Psicoterapia de Carl Rogers. Rio de Janeiro, 2008.\nREIS, A. C. Biodança: a dança da vida. Pensamento biocêntrico, Pelotas, v. 11, p. 70-93, 2009.\nROGERS, C; ROSENBERG, R. EPU. A pessoa como centro – São Paulo, 1997.\nROSENBERG, R; ROGERS, C. A Pessoa Como Centro. São Paulo, 1977.\nTORO, R. Biodanza. São Paulo: Olavobrás, 2002.\nAgradecimentos\nGostaríamos de agradecer ao nosso Professor Orientador Márcio Acselrad pela ajuda e cooperação na\nrealização deste artigo, foi de um grande prazer durante o semestre. Agradecimentos ao Centro de\nDesenvolvimento Humano e a turma de Biodança pela disponibilidade, e por nos aceitar dentro de suas\nvivências para a realização deste trabalho científico, obrigado.\n5"
}