{
  "id": "26979",
  "trabalho": "O PERMANENTE NO TEMPORÁRIO: A EXPERIÊNCIA COM AS CORES DE LE CORBUSIER NO CAMPUS DA UNIFOR",
  "area": "CIÊNCIAS EXATAS E TECNOLÓGICAS",
  "ano": "2016",
  "evento": "XXII - ENCONTRO DE INICIAÇÃO À PESQUISA ",
  "link": "http://uol.unifor.br/oul/conteudosite/?uuid=542DF598CB99BFD0C89D5AF8A410D623E249A2C2",
  "conteudo": "XXII (cid:0)Encontro (cid:0)de (cid:0)Iniciação (cid:0)à (cid:0)Pesquisa\nUniversidade (cid:0)de (cid:0)Fortaleza\n17 (cid:0)à (cid:0)21 (cid:0)de (cid:0)Outubro (cid:0)de (cid:0)2016\nO Permanente no Temporário: A experiência com as cores de Le Corbusier\nno Campus da Unifor. Ana Flavia de Morais Machado1 * Angelica Castro Abreu2 Manuela de Oliveira\nCampos3 Victor Seledônio Castro4 Ana Cecilia Serpa Braga Vasconcelos5\n1. Universidade de Fortaleza – Arquitetura e Urbanismo (IC)\n2. Universidade de Fortaleza – Arquitetura e Urbanismo (IC)\n3. Universidade de Fortaleza ­ Arquitetura e Urbanismo (IC)\n4. Victor Seledonio Castro ­ Arquitetura e Urbanismo(IC)\n5. Universidade de Fortaleza ­ Arquitetura e Urbanismo (PQ)\n*a naflaviamchd@gmail.com\nPalavras­chave: I ntervenção Temporária. Florence Cosnefroy. Cor. Le Corbusier. Campus da Universidade de Fortaleza.\nResumo\nEsta pesquisa deriva de um workshop realizado por meio disciplina Teoria e História da Arquitetura\ne do Urbanismo 5: Debates Contemporâneos, no qual foi possível a aproximação e participação de alunos e\ndocente do curso de Arquitetura e Urbanismo e docente na intervenção artística temporária “Cores\nCompartilhadas, a percepção cromática em Le Corbusier”, realizada no campus da Universidade de\nFortaleza em maio de 2016, pela artista Florence Cosnefroy. Objetiva­se compreender os processos da\nexposição mencionada e refletir sobre seus impactos (experiências espaciais). O aporte teórico da reflexão\nproposta levou em conta a compreensão do trabalho de Le Corbusier com as cores na arquitetura. Por\nmeio de entrevistas, foi possível evidenciar os trabalhos de Florence Conesfroy, relacionando­os com suas\nreferências e com a intervenção temporária a qual desenvolveu no campus da Unifor. Também, houve\naproximação teórica sobre as condições das intervenções temporárias nos tempos atuais, tendo em vista a\nsua recorrência e o seu caráter global, e propondo reflexões sobre a importância dessas instalações no\ncontexto de arquitetura e do espaço urbano. Como pesquisa de campo, houve a participação e observação\ndireta de seus membros na instalação artística, oportunidade na qual foi possível coletar as experiências de\nalunos por meio de relatorios e entrevistas realizadas e disponibilizadas pela docente. Por fim, a pesquisa\nprocura elucidar as relações entre cor e arquitetura, tendo em vista os propósitos dessa relação e os\nimpactos percebidos por meio das experiências.\nIntrodução\nEsta pesquisa procura explicitar os principais processos da intervenção artística temporária “Cores\nCompartilhadas, a percepção cromática em Le Corbusier”, realizada no campus da Universidade de\nFortaleza pela artista Florence Cosnefroy e refletir sobre seu caráter de permanência, por meio\nexperiências espaciais coletivas e individuais. Buscou­se perceber a integração e o envolvimento do homem\ncom o espaço. A pesquisa tomou, como ponto de partida, uma breve aproximação à trajetória do artista e\narquiteto Le Corbusier, com foco na sua contribuição para estudos e aplicação de cores na arquitetura.\nAdemais, buscou­se compreender e estudar a obra da artista francesa Florence Cosnefroy, com destaque\nàs suas referências para a intervenção temporâria desenvolvida no campus da Universidade de Fortaleza\n(UNIFOR). Considerou­se relevante, ainda, compreender o universo das intervenções temporárias na\narquitetura, te ndo em vista a sua recorrência na atualidade e seu caráter global, ressaltando relações entre\nISSN 18088449o caráter efêmero e os impactos duradouros de tais eventos. Por fim, o artigo relata as experiências dos\nalunos na exposição, seja como entrevistados ou participantes do processo de montagem, para elucidar as\nrelações entre cor e arquitetura, tendo em vista propósitos desta relação e impactos percebidos por meio\ndas experiências.\nMetodologia\nA presente pesquisa é resultado de participação direta de seus membros num workshop intitulado\n“Cores Compartilhadas: percepção cromática em Le Corbusier”. Desta feita, assume caráter peculiar, tendo\nem vista que os pesquisadores participaram da experiência, refletiram sobre ela, e puderam, também,\ncolher informações relativas aos seus resultados e impactos.\nPara o embasamento teórico, foram levantadas referências bibliográficas que abordassem três\neixos temáticos, sejam eles: a obra de Le Corbusier e suas relações com a cor; o trabalho da artista\nFlorence Cosnefroy e as intervenções temporárias contemporâneas na arquitetura. Para complementar\ndados da artista Cosnefroy, foi realizada entrevista semi­estruturada.\nO levantamento de campo consistiu, além da própria observação participante (SERRA, 2006),\ntambém a realização de registros fotográficos das etapas de entrevista e montagem da exposição. A\npesquisa documental foi baseada na análise de relatórios e entrevistas realizados com 29 alunos e\ndisponibilizados pela docente da disciplina.\nResultados e Discussão\nEmbora já bastante discutida entre arquitetos e estudantes de arquitetura, a obra de Le Corbusier\npossui um aspecto marcante, porém pouco observado e divulgado, que torna proveitosa uma breve revisão\nde seu legado arquitetônico: a cor. Seus trabalhos escritos revelam desde o começo de sua carreira o\ninteresse pela cor como elemento fundamental na arquitetura.\nLe Corbusier foi um grande arquiteto do século XX, referência até hoje para gerações de arquitetos.\nEmbora seja mais conhecido por seus edifícios modernistas, foi também escultor e pintor, e muito de sua\nexperiência na área artística está presente em seus projetos. Sua relação com a cor apresentou evolução\nao longo do tempo, e pode ser dividida em duas fases: uma purista e outra pós­purismo. (KLINKHAMMER,\n2011)\nSegundo o próprio Le Corbusier (2000, p.13), em sua obra Vers une Architecture (em português,\nPor uma Arquitetura), “nossos olhos são feitos para ver as formas sob a luz”. Assim, o arquiteto mostrava\nsua grande preocupação com a forma, vendo a luz e a cor como elementos de percepção da forma e para a\nforma.\nA paleta de cores purista era reduzida, pois a cor era vista como um elemento perigoso na\nexpressão do volume e poderia desorganizar ou mesmo ocultá­lo por meio de suas características. O ápice\ndo pensamento purista de Le Corbusier na arquitetura está rebatido na famosa Villa Savoye, onde foram\naplicados os princípios de orientação da cor de acordo com a exposição à luz solar, camuflagem através da\ncor e tom local como essência na criação de uma unidade plástica. (KLINKHAMMER, BARBARA).\nDestaca­se, também, outro trabalho de Le Corbusier com as cores poucos anos antes da Villa Savoye: as\ncasas para trabalhadores em Pessac, de 1924. Curtis (2008), sobre essas casas, afirmou que “as paredes\nISSN 18088449lisas das casas cúbicas foram pintadas com uma rica paleta de tons fortes de verde, azul e marrom, ou de\nbranco”.\nPode­se dizer que a obra de Le Corbusier passou a ser conhecida pela concepção de objetos\narquitetônicos predominantemente brancos. Contudo, vide o referencial teórico apontado, percebe­se a\npresença de outras cores nas concepções arquitetônicos ao longo de sua carreira. Sobretudo a partir dos\nanos 1930, marcados pela pré­fabricação e padronização da habitação, verifica­se que a concepção do\narquiteto com relação à cor almeja novos interesses. O Pavilhão Suíço (1931­1933) revela uma nova\nabordagem de aplicação de cor por Le Corbusier. As cores de sua paleta são usadas como forma de\ncontribuição para a diferenciar os cômodos e contrastar com a rigidez das formas concebidas de acordo\ncom os princípios industriais. Seus projetos a partir de então, como aqueles realizados para Chandigarh, na\nÍndia, nos anos 1950, reforçam o interesse do arquiteto em aplicar cores vibrantes nas fachadas de concreto\naparente.\nConstata­se o legado de Le Corbusier, na segunda década do século XXI, no trabalho de diferentes\nprofissionais, entre eles, artistas e estudiosos que o referenciam numa pluralidade de reinvenções teóricas e\npráticas. Como indivíduo inerente a esse grupo, destaca­se Florence Cosnefroy (1968­) pelo trabalho que\ndesenvolve com enfoque no uso da cor e pela possível releitura de Corbusier em suas instalações artísticas\nrecentes.\nFrancesa, especificamente da cidade de Lorient (Brittany), Cosnefroy nasceu em 1968. Formou­se\nem administração de empresas, pela HEC de Paris e obteve o título de mestre em História da Arte pela\nUniversidade de Paris (Paris Quest Nanterre La Défense). Atualmente, atua como professora de Arte e,\ntambém, artista plástica. Neste ofício, desenvolve um trabalho que tem referências em artistas modernos\nsituados entre os anos 1920 e 1970, a exemplo de Le Corbusier, Yves Klein, Henri Matisse, Joan Miró,\nAlexander Calder, Kazimir Malevich, Wassily Kandinsky, Frantisek Kupka, Josef Albers, Johannes Iten e\nGerard Richter. Ressalta­se que os artistas mencionados usam a cor como elemento expressivo de suas\nobras e, alguns deles, desenvolvem paletas de cores. Na entrevista realizada para esta pesquisa, Cosnefroy\ndemonstrou também admiração pelos artistas Niki de Saint Phalle, Helio Oiticia, Sonia Delaunay e Diego\nVelasquez.\nAssim como os diferentes artistas mencionados, na obra de Florence Cosnefroy o uso da cor e de\nsua expressividade são recorrentes. Além desse aspecto, a artista inclui a participação das pessoas, que\nimprimem em suas cores suas histórias e memórias, como relatado a seguir, sobre um trabalho chamado\nColorama, que buscou associar memórias e cores:\nUso a paleta de cores para dar suporte a uma espécie de matriz. Estou desenvolvendo um\ntrabalho desde 2009 chamado Colorama, ou seja, memórias coloridas. Peço às pessoas\npara descreverem uma cor e contarem memórias associadas a cada uma delas; pode ser\numa boa ou má lembrança, ou até uma imagem mental. Agrupo todas as cores mencionadas\ne formo, assim, uma paleta de cores. Quando se clica na cor, o retrato aparece com um texto\nque conta a história associada a ela. Portanto, a cor é o elo entre as pessoas, entre suas\nmemórias. Passado algum tempo, percebi que as lembranças brotavam sem nenhuma\ninibição por parte daqueles que as contavam, ou seja 'sem filtro'. Todas as pessoas que\nconheci tinham algo a dizer sobre cores. A cor permite a associação de idéias. A sensação\nvisual parece fazer ativar a memória. Tive momentos de compartilhamento com esse\ntrabalho. É um trabalho artístico que envolve o público. A partir daí, montei trabalhos para\ncidades, e pude fazer instalações monumentais.(tradução nossa) (COSNEFROY, 2016, p.7)\nISSN 18088449O trabalho recente de Florence aborda as paletas de cores do arquiteto e pintor Le Corbusier.\nSegundo Cosnefroy, ao trabalhar com amostras de cores, ela foi introduzida à paleta de cores mais belas,\nexatamente aquelas desenvolvidas por Corbusier. Sua obra pode ser discutida a partir de uma perspectiva\nmais ampla: a das intervenções temporárias na arquitetura ou no espaço urbano, considerados eventos\ncada vez mais comuns na sociedade contemporânea, como forma de criar e recriar a rotina, conforme\nFontes (2012). Surgem com o intuito de modificar o ritmo acelerado de apenas ir e vir que muitas vezes faz\no usuário ignorar a cidade ou o edifício e o que eles oferecem, para instigar a curiosidade e mudar as\nrelações sociais entre o espaço urbano e os cidadãos.\nAs intervenções temporárias podem transformar um espaço que antes não era relevante em uma\nárea de convivência ou até mesmo dar uma nova vida a um local que já possuía um uso, como por exemplo\numa área que no dia a dia da rotina se limitava a ser um local de passagem, se transforma em um local de\nconvívio, potencializando o seu uso. Neste sentido, enquanto eventos que podem revitalizar espaços\nurbanos e incentivar interações entre as pessoas e delas com o espaço, é possível que provoquem\nimpactos positivos que podem ser duradouros. (FONTES, 2012)\nA convite da Fundação Edson Queiroz, em Fortaleza­Ceará, Brasil, Florence Cosnefroy\ndesenvolveu um trabalho no campus da Universidade de Fortaleza, que foi denominado \"Cores\nCompartilhadas\". O trabalho contou com algumas fases, sendo a primeira delas um embasamento teórico\ncontextualizando a obra de Le Corbusier. Esse período durou cerca de 3 semanas e a artista contou com\nentrevistas, expositores de cor e materiais de vivências anteriores para ilustrar o processo.\nPara análise dos resultados obtidos durante o acontecimento do evento ministrado por Florence na\nUniversidade de Fortaleza, utilizou­se de pesquisa documental, onde 21 relatos de autoria dos alunos\nparticipantes foram estudados sob uma perspectiva mais subjetiva, tendendo a uma abordagem psicológica.\nDurante a realização do evento Florence entrevistou 29 participantes, dando­lhes a opção de escolha de\numa cor, sendo esta integrante da paleta que Le Corbusier utilizava em suas obras, solicitando uma\njustificativa da escolha realizada. Após a análise dos relatórios e entrevistas, expressões recorrentes foram\nlevadas em consideração para que a compreensão de certos aspectos que fizeram parte do inconsciente\ncoletivo da turma durante a vivência pudessem ser melhor entendidos.\nOs relatos são, em maioria, introduzidos com qualificações positivas sobre as diferentes\nexperiências. Majoritariamente, as justificativas dessa afirmação levam a acreditar na veracidade da\nmesma, que não foi utilizada como forma de estender o texto produzido, pelo aluno, de maneira vã, como\nesclarece um aluno em seu relatório: “F oi um trabalho muito gratificante, pois pudemos obter um\naprofundamento e maior conh ecimento sobre as obras e o grande arquiteto Le Corbusier, que é uma\nreferência na arquitetura mundial.\" ( VASCONCELOS, 2016, p.9)\nNo constante aos relatórios, algo de grande relevância a ser considerado é o fator surpresa. Esta\nreação pode ser explicada por dois motivos. O primeiro é o pouco conhecimento por parte dos alunos sobre\na carreira de Le Corbusier, não apenas como arquiteto, mas como artista plástico completo, com parte de\nsua carreira dedicada à pintura. Mais que isso, há a surpresa de que o uso de cores na sua arquitetura foi\nintenso, já que o que mais se conhece a respeito de sua obra é a volumetria e outros aspectos de\nISSN 18088449composição formal. Outro ponto a ser destacado é o despertar para a observação das cores como influência\nna percepção dos ambientes, no sentido das sensações vividas pelas esxperiências dos usuários.\nRessalta­se, portanto, a importância das cores no processo de percepção ambiental. Isso ocorre\nnão apenas do ponto de vista coletivo, mas também, de maneira individualizada, partindo de experiências\núnicas e pessoais, como explica Freitas (2007, p.5): “mesmo que a reação à cor seja algo instintivo, não\npodemos negar as experiências que o homem vai acumulando em sua memória no decorrer de sua vida\nque o define e o faz agir de determinadas maneiras.\"\nConfirmando essa unicidade de percepção e a maneira como ela está ligada a fatores abstratos\ne inconscientes, ao discorrer sobre a fase de escolha das cores da paleta de Le Corbusier durante o\nworkshop, houve uma grande recorrência às palavras \"memória\", \"sentimento\", \"lembrança\" e \"história\",\ncomo exemplificado no depoimento de outro aluno: \" A experiência foi bem nostálgica, faz com que\ntenhamos boas lembranças, e essas lembranças acabam ficando ainda mais presentes em nossa vida.\"\n(VASCONCELOS, 2016, p.4)\nA segunda etapa do evento, derivada da experiência imediatamente anterior e realizada em sala,\nestava relacionada à exposição. Florence inspirou­se nos edifícios coloridos de Le Corbusier,\nespecialmente, naqueles de Chandigarh (India) para destacar a arquitetura do Centro de Convivência do\ncampus. A intervenção contava com a envelopagem dos grandes pilares do Centro de Convivência da\nUniversidade, com um material sintético plástico, colável. Como parte dessa exposição, as superfícies\nenvidraçadas do corrimão da escada de acesso ao pavimento superior e do guarda­corpo do segundo piso\nforam coloridas.\nPela importância no processo de aprendizagem, deve­se citar a participação voluntária dos alunos\nna montagem da exposição. Essa oportunidade tornou possível a fixação dos conhecimentos adquiridos de\numa maneira interativa e lúdica, causando aos alunos um sentimento de orgulho por ter feito parte de\nmaneira direta, fazendo­os entender o propósito de todo o workshop.\nO resultado da exposição foi bastante positivo sob a ótica de diversas pessoas e grupos. Os\nparticipantes do workshop tiveram a oportunidade de ver a paleta de cores anteriormente estudada sendo\nfixada nas dependências internas de um edifício do campus da Universidade de Fortaleza, levando­os a\nrefletir e fazer analogias à obra do próprio Le Corbusier. Foram ouvidos comentários até mesmo de pessoas\nalheias ao evento fazendo elogios a respeito de como as cores tinham dado vivacidade ao ambiente,\nquebrando a monotonia do local monocromático.\nAlém disso, a participação dos alunos foi suporte para a exposição, dada a importância das\nentrevistas a respeito da escolha de uma cor presente na paleta de Le Corbusier, coletadas em sala e que\nestamparam duas grandes instalações de madeira e tiveram espaço de destaque no Centro de Convivência\ndo campus durante todo o tempo de exibição do evento. É interessante notar que houve uma escolha\nmajoritária pelas tonalidades de azul e verde, muitas vezes por motivos relacionados à natureza.\nLembranças de infância, momentos familiares e viagens ao interior do Estado foram bastante mencionados.\nF. Cosnefroy foi além e, durante a sua estadia em Fortaleza, a artista pôde conhecer a obra de Helio\nOiticica, no espaço de exposições da Universidade, artista plástico brasileiro, fato que despertou seu\ninteresse em prestar­lhe uma homenagem por meio da releitura de uma obra da série “Metaesquema”\nISSN 18088449(1958, guache sobre cartão). A intervenção se utilizou de aplicação de material adesivo e sintético (de fácil\nremoção, revelando sua condição temporária) sobre partes envidraçadas das esquadrias da biblioteca da\nUniversidade, partindo da composição do conjunto das formas e das cores utilizadas por Oiticica na obra\ncitada. O resultado foi um vitral colorido que certamente influiu sobre a interação do usuário com o edifício.\nDessa forma, a sua obra se renova pelo diálogo firmado com um artista contemporâneo de nacionalidade\nbrasileira.\nAssim, com base nos conhecimentos adquiridos e nas experiências vivenciadas, muitos alunos\ndespertaram para o aguçamento da percepção ambiental por meio das cores. Certamente isso poderá se\nrefletir na atividade profissional como arquitetos e urbanistas, pois um processo antes intuitivo e\ninconsciente de escolha de cores revelou­se mais prático e intencional, e relacionado à estratégias de\nsensações que se quer transmitir para o usuário (seja de um edifício ou de uma cidade).\nConclusão\nConsidera­se que intervenções de caráter pontual e, no caso, temporário, têm potencial de\ntransformar um espaço, revitalizando e otimizando seu uso, instigando a curiosidade dos usuários e\ntranseuntes. Por meio da participação e observação da instalação artística de Florence Cosnefroy no\nCampus da UNIFOR, verifica­se que o modo como a cor é utilizada na arquitetura influencia nas percepções\ne lembranças, de maneira intencional ou não, e pode causar as mais variadas emoções, motivando também\na permanência no local. Outro ponto importante da referida intervenção foi a possibilidade de releitura da\nobra de Le Corbusier pelos estudantes de arquitetura, e uma aproximação com o aspecto “cor” de sua\narquitetura, uma vez que o aspecto “forma”, até então, era aquele mais reconhecido, divulgado e\napreendido por eles. Os aspectos mencionados revelam o caráter permanente de uma intervenção\ntemporária que envolveu a comunidade em seu processo, que eventos que modificam os espaços podem\nser experiências marcantes, coletiva e individualmente.\nReferências\nCORBUSIER, Le. P or uma Arquitetura. 6. ed. São Paulo: Editora Perspectiva, 2000.\nCOSNEFROY, Florence. Entrevista de Florence Cosnefroy para a pesquisa de alunos de arquitetura\nda Unifor. Fortaleza: Universidade de Fortaleza, 2016.\nCURTIS, William J.R. Arquitetura Moderna desde 1900. 3a ed. Porto Alegre: Bookman, 2008.\nFONTES, Adriana. I ntervenções temporárias e marcas permanentes na cidade contemporânea. Vol. 8,\nn. 1, p. 31­48, jan/jun 2012.\nFREITAS, Ana Karina. (2007) Psicodinâmica das cores em comunicacao. Disponível em:\n<http://www.iar.unicamp.br/lab/luz/ld/Cor/psicodinamica_das_cores_em_comunicacao.pdf > Acesso em: 11\nde agosto de 2016.\nKLINKHAMMER, Barbara. After Purism: Le Corbusier and color. Preservation, Education and\nResearch, Tenesse, v.4, p.19 ­ 38, 2011.\nSERRA, Geraldo. Pesquisa em Arquitetura e Urbanismo Guia prático para o trabalho de\npesquisadores em pós­graduação. São Paulo: Edusp, 2006.\nVASCONCELOS, Ana Cecilia S.B (org.). Relatórios de alunos sobre a exposição “Cores\nCompartilhadas ­ Percepção Cromática em Le Corbusier” ­ de Florence Cosnefroy. Material produzido\nna disciplina “Teoria e História da Arquitetura e do Urbanismo 5: Debates Contemporâneos”. Fortaleza:\nUniversidade de Fortaleza, 2016.\nAgradecimentos\nAgradecemos à Fundação Edson Queiroz pela oportunidade de participar do workshop e a Florence\nCosnefroy pelos conhecimentos adquiridos por meio de sua obra.\nISSN 18088449"
}