{
  "id": "26982",
  "trabalho": "EDUCAÇÃO E SEXUALIDADE: DIÁLOGO NECESSÁRIO NO CONTEXTO ESCOLAR",
  "area": "CIÊNCIAS HUMANAS",
  "ano": "2016",
  "evento": "XXII - ENCONTRO DE INICIAÇÃO À PESQUISA ",
  "link": "http://uol.unifor.br/oul/conteudosite/?uuid=7995CE70842B4104FA9AD4DE22366C21D47625D2",
  "conteudo": "XXII Encontro de Iniciação à Pesquisa\nUniversidade de Fortaleza\n17 à 21 de Outubro de 2016\nEDUCAÇÃO E SEXUALIDADE: DIÁLOGO NECESSÁRIO NO CONTEXTO\nESCOLAR.\nJoscilene Alves de Sousa 1* (IC), Pedro Jônatas da Silva Chaves 2 (IC), Bruno Mesquita\nBarbosa 3 (IC), Karine Kévine da Rocha Sousa 4 (IC), Antônio Soares de Andrade 5 (IC), Ailton Batista de\nAlbuquerque Junior 6 (PQ).\n1. Universidade Estadual do Ceará – Licenciatura em Pedagogia\n2. Universidade Estadual do Ceará – Licenciatura em Pedagogia\n3.Universidade Estadual do Ceará – Licenciatura em Química\n4. Universidade Estadual do Ceará – Licenciatura em Pedagogia\n5. Instituo Federal do Ceará – Licenciatura em Educação Profissional, Científica e Tecnológica\n6. Pedagogo do IFCE/Itapipoca - Especialista em Gestão, Coordenação Escolar, Educação a Distância e Educação Inclusiva\nJoscilene.alves@aluno.uece.br\nPalavras-chave: Diversidade. Educação. Sexualidade.\nResumo\nA nossa sociedade é composta por uma diversidade de pessoas, diante disso fazem-se necessárias\nreflexões sobre as relações entre esses indivíduos principalmente quando tratamos do tema da diversidade\nrelacionada à questão da sexualidade. Cientes da existência do tema transversal de orientação sexual nas\nescolas e certos da importância do mesmo é que surgiu esse trabalho. Com base em vivências escolares\npodemos perceber a falta do diálogo sobre a sexualidade em diferentes etapas da educação básica, no\nensino médio a temática está mais presente, porém, a abordagem sobre a questão nos pareceu limitada.\nVisto essa realidade à pesquisa teve como objetivo geral realizar uma análise crítica sobre as práticas\ndesenvolvidas nas escolas de ensino médio ao trabalharem sobre sexualidade cotidianamente. Nessa\nperspectiva os objetivos específicos foram: verificar de que forma os professores abordam a questão da\nsexualidade em sala e de que maneira esse trabalho contribui para formação dos estudantes e se o mesmo\nsupre as dúvidas que esses jovens têm sobre o assunto. A pesquisa é qualitativa de caráter exploratório,\nrealizada em durante os meses de maio e junho de 2016. A mesma justifica-se pela importância da\ntemática no contexto educacional que é cenário de grandes preconceitos. Utilizou-se como instrumento de\ncoleta de dados questionários, foram sujeitos da pesquisa alunos(as) do ensino médio da rede pública de\nItapipoca. As reflexões sobre os dados coletados apontam que pouco se discute sobre sexualidade nas\nescolas. Essa constatação mostra a necessidade de mudança na abordagem sobre sexualidade no\nambiente escolar.\nIntrodução\nApesar de muitos tabus terem sido quebrados ao longo do tempo, muitos precisam ser\ndesconstruídos principalmente essa dificuldade que existe em tratar de questões que envolva a\nsexualidade. Não é aceitável que nos dias atuais esse tema ainda seja tabu dentro do ambiente familiar e\nnos espaços escolares. E se as famílias se privam de debater esse assunto à escola não pode negar esses\nconhecimentos aos seus estudantes. E para que esse assunto seja bem trabalhado na educação básica\nele necessita ser debatido nos espaços de formação inicial de professores, ou seja, nas universidades.\nOs cursos de formação de professores precisam tratar sobre os temas que estão atrelados a\nsexualidade. Essa temática pode ser vista de forma transversal nos cursos de licenciatura ou em um\ncomponente curricular especifico dos cursos, isso na perspectiva de uma formação que possa contribuir\n1futuramente para a construção de conhecimentos sobre o assunto nas escolas e a desconstrução de\npreconceitos e descriminação que são realidades em nossa sociedade.\nAs indagações que nos nortearam para a elaboração deste trabalho surgiram a partir da\nconsciência da importância desse tema para a formação dos estudantes. Nos questionamos como é\nabordado as temáticas sobre sexualidade nas escolas no ensino médio, e se esses momentos realmente\ncontribuem para a formação dos jovens. Essa investigação justifica-se pela relevância da temática nos dias\natuais onde vivemos diariamente cercados por preconceitos, e descriminação como relação às diversas\norientações sexuais e por esse tema ser um tabu para muitas pessoas o que dificulta o acesso a\ninformações corretas sobre o assunto.\nNa produção desse artigo partimos do objetivo geral de realizar uma análise crítica sobre as\npráticas desenvolvidas nas escolas de ensino médio ao trabalharem com a temática de educação e\nsexualidade no dia a dia escolar. Diante disso, como objetivos específicos, a pesquisa orientou-se para:\nverificar de que forma os professores abordam a questão da sexualidade em sala e de que maneira esse\ntrabalho contribui para a formação dos estudantes e se o mesmo supre as dúvidas que esses jovens têm\nsobre o assunto.\nDiante do cenário atual da educação, e inquietados por essa realidade, elaboramos este trabalho\ninvestigativo de caráter qualitativa e exploratório, cujos sujeitos participantes foram alunos(as) do ensino\nmédio da rede pública de Itapipoca. Consideramos muito importante os alunos terem abordagens sobre\neducação e sexualidade de forma que contemple suas dúvidas e esclareçam temáticas presentes em nosso\ncotidiano como homofobia, gênero, misoginia, violências sexuais etc. isso na perspectiva de formação\nintegral dos alunos(as) que é algo previsto na Lei de Diretrizes e Bases da Educação Nacional - LDBN Nº\n9.394, de 20 de dezembro de 1996.\nMetodologia\nO trabalho caracteriza-se como uma pesquisa qualitativa com caráter exploratório, pois “não se\nrestringe a uma contagem ou a uma descrição, mas busca-se a essência do fenômeno ou teoria” (BONAT,\n2009, p.12). Houve um estudo teórico sobre o assunto que nos deu suporte para as análises dos dados\ncoletados e nos ajudou na elaboração das ideias sobre a temática. Inicialmente analisamos os Parâmetros\nCurriculares Nacionais – PCN (1996) que tratam do tema transversal “orientação sexual”. Posterior a isso\nrealizamos a pesquisa de campo, os instrumentos utilizados na coleta de dados em campo foi um\nquestionário foi direcionado aos alunos (as) do ensino médio da rede pública de ensino. Os sujeitos da\npesquisa foram 15 pessoas de diferentes gêneros com faixa etária variando entre 17 e 26 anos, no artigo\neles estão identificados pela palavra “estudante” em caixa alta sucedido de uma letra do alfabeto, essa\nmedida foi realizada na intenção de preservar a identidade dos entrevistados. Ao fim da coleta de dados, a\nanálise dos mesmos foi realizada à luz das ideias de teóricos que discutem a temática em questão que é a\neducação e sexualidade como: Louro (2007), Foucault (1988), Silva Junior (2011) entre outros.\nResultados e Discussão\nAntes de qualquer colocação nos parece fundamental conceituar essa palavra tão polêmica que é\n“sexualidade”. Bechara (2011) nos diz que é “qualidade de sexual”; “conjunto de características e\ncomportamentos relacionados com o desejo sexual”. Por outro lado, Foucault (1988) esclarece que “a\nsexualidade é o nome que se pode dar a um dispositivo histórico” e que “não se deve concebê-la como\numa espécie de dado da natureza que o poder é tentado a pôr em xeque, ou como um domínio obscuro\n2que o saber tentaria, pouco a pouco, desvelar. ” (FOUCAULT, 1988, p.100). O autor ainda acrescenta algo\na mais ao nos dizer:\nAtravés deste termo tento demarcar [...] um conjunto decididamente heterogêneo que\nengloba discursos, instituições, organizações arquitetônicas, decisões regulamentares,\nleis, medidas administrativas, enunciados científicos, proposições filosóficas, morais,\nfilantrópicas. Em suma, o dito e o não dito são os elementos do dispositivo. O dispositivo é\na rede que se pode estabelecer entre estes elementos (FOUCAULT, 1979, apud LOURO,\n2007, p. 210).\nO autor nos faz entender que por trás dessa palavra existem várias outras temáticas que não\ndevemos desconsiderar quando tratamos do assunto, sexualidade não se restringe ao sexo ou mesmo as\nquestões biológicas, sexualidade está atrelada a inúmeras questões sociais.\nNunca se tratou tanto de assuntos ligadas à sexualidade como nos dias atuais, mas tamanha\nvisibilidade ao tema não está totalmente associada a algo positivo. Percebemos que estamos envolvidos\npor vários diálogos sobre questões de preconceito, desrespeito e até mesmo violência quando o assunto é\nsexualidade. E lavando a temática para o contexto escolar, por tratar-se de um tema obtuso, é sempre\nmuito polêmica abordá-lo.\nAinda que desde 1974 o Conselho Federal de Educação tenha reconhecido o Parecer de\nnúmero 2264/74 que faz referência à educação sexual como desígnio a ser implementado\nno programa de 2º grau (Ensino Médio), em muitas escolas até hoje este objetivo não se\nconsolidou. (SILVA JUNIOR, 2011, p. 220).\nSe analisarmos essa realidade exposta pela autora, nos damos conta de que isso é um fato real,\nnão há essa consolidação, falar sobre sexualidade na escola ainda é incomum e muitos justificam essa\nausência por falta de tempo nos espaços das aulas, pois os currículos escolares são extensos e não dão\nmargem para debates sobre sexualidade. E mesmo em dias atuais existem pessoas que não concordam\nque sejam abordado essa temática em sala de aula, reforçando essa realidade Silva Junior (2011)\nesclarece que:\nQuando o Governo Federal promulgou, na década de 80, essa necessidade da educação\nsexual na escola - pedagógica e institucional - as manifestações imediatas prontamente\ninstituíram dois grupos: um mais conservador, advertindo a “responsabilidade” sobre o\ntema, e outro mais liberalizante, evidenciando, mais que a necessidade, a urgência do\nassunto. (SILVA JUNIOR, 2011, p.220).\nMas a problemática nunca deveria ser essa, contra ou a favor da introdução da temática nas\nescolas, a questão é reconhecer que falar de sexualidade é falar de gente, de ser humano, de pessoas e o\nespaço escolar é formado por essas pessoas, então é fundamental discutir sobre isso nesse ambiente que\ntem por pretensão a formação plena do ser. Diante disso concordamos com as pessoas liberalizantes que\nacreditam na necessidade e urgência de debates sobre sexualidade no contexto escolar. E concordamos\ncom os Parâmetros Curriculares Nacionais quando tratam da questão do tema transversal de orientação\nsexual que esclarece o papel da escola diante do trabalho com essa temática ao dizer:\nA escola deve informar e discutir os diferentes tabus, preconceitos, crenças e atitudes\nexistentes na sociedade, buscando, se não uma isenção total, o que é impossível de se\nconseguir, uma condição de maior distanciamento pessoal por parte dos professores para\nempreender essa tarefa. (BRASIL, 1996, p.83).\nA instituição social escola tem como proposito sistematizar e realizar o processo de ensino-\naprendizagem, segundo a LDBN Nº 9.394/96 essa educação desenvolvida nas escolas tem como\nfinalidade: “[...] o pleno desenvolvimento do educando, seu preparo para o exercício da cidadania e sua\nqualificação para o trabalho. ” (BRSIIL, 1996). Diante disso fica claro que essas instituições escolares são\nespaços de formação cientifica, teórica e também formação humana, então nos parece essencial debater\nquestões sobre sexualidade e outras temáticas envolvidas a esse assunto.\n3Analisando a realidade das ações nas escolas sobre a sexualidade que é fundamental para a\nformação integral dos alunos percebemos que a abordagem sobre esse tema é desenvolvido de forma\nmuito vaga e não aprofundada, isso é evidente na fala dos entrevistados. “Estudei na escola uma educação\nsexual tradicional, baseada no órgão (pênis = menino / vagina = menina), não havia debate, era mostrado à\nanatomia do corpo masculino e feminino, conceitos biológicos, unicamente isso. ” (ESTUDANTE B).\nÉ um consenso entre os entrevistados à abordagem vaga sobre essa temática que é tão ampla,\nisso fica evidente na fala de todos, para ilustrar podemos citar a seguinte: “Sobre sexualidade só estudei o\nbásico, DST, o uso de camisinha, o pouco que aprendemos é fraco, alias fraquíssimo. Acredito que\ndeveriam aprofundar mais o ensino sobre esse assunto. ” (ESTUDANTE F). As falas nos fazem perceber\nque os alunos querem saber mais sobre o assunto e percebem que a escola não proporciona isso, indo de\nacordo com essa realidade outro estudante deixa claro como ocorreu sua formação sobre sexualidade no\nensino médio:\nTodos os saberes relacionados à sexualidade disponíveis a mim no ensino básico se\nfaziam possíveis a partir de duas perspectivas, Assuntos ligados à gravidez na\nadolescência, DSTs e AIDS. Estes conhecimentos não eram tratados em sala de aula,\ntradicionalmente, pelo empenho dos professores em desenvolver tais problemáticas, mas\nsim descendia de um projeto do ensino médio intitulado de SPE - Saúde e Prevenção nas\nEscolas, do qual eu mesmo fui participante. Não foram problematizadas questões\nfundamentais referentes à sexualidade e gênero, e isto produziu defasagem nos\nconhecimentos que construí inicialmente acerca dos temas. Não existe na escola regular,\nainda que seja sugerido nos PCN e Plano Nacional de Educação a pauta de discussão de\nassuntos de Direitos Humanos, creio que nisto está compreendido o trato de sexualidade e\ngênero dentro do espaço escolar. (ESTUDANTE A).\nA fala do estudante A esclarece bem como a escola desenvolve o trabalho sobre sexualidade,\npercebemos que existe uma “terceirização” dessa responsabilidade, percebemos não só por essa fala, mas\npela análise dos questionários em geral, que o assunto se limita a falas sobre DSTs, uso de preservativos e\ngravidez na adolescência. Essa realidade é contraditória, já que não vai de acordo com as orientações dos\nParâmetros Curriculares Nacionais que dizem que “a proposta de Orientação Sexual considera a\nsexualidade nas suas dimensões biológica, psíquica e sociocultural. ” (BRASIL, 1996, p. 81), ou seja, de\nforma ampla e não limitada como ocorre diariamente nas escolas.\nOs alunos têm esse desejo de saber mais sobre o assunto e isso fica evidente em suas respostas\nquando foram questionados sobre o que desejavam estudar em sala de aula relacionado ao tema\nsexualidade, a fala seguinte deixa claro essa curiosidade e desejo de debater esse assunto;\nEsperava que a escola tratasse de todos os assuntos que envolvem a questão da\nsexualidade. Debater sobre gênero, a existência de diferentes orientações sexuais, a\nhomofobia e a violência contra as pessoas que não se enquadram no padrão da\nheterossexual que a sociedade prega. (ESTUDANTE J).\nAs palavras do estudante esclarecem o desejo de discutir e descontruir essa heteronormatividade\nconstruída socialmente. Não podemos acreditar e reproduzir que o normal é ser heterossexual, e condenar\ntodos que fogem dessa norma, a escola deve ser espaço para essa desconstrução. É preciso deixar claro\npara os alunos o que Louro defende:\nÉ intolerável conviver com um sistema de leis, de normas e de preceitos jurídicos,\nreligiosos, morais ou educacionais que discriminam sujeitos porque seu modo de ser\nhomem ou de ser mulher, suas formas de expressar seus desejos e prazeres não\ncorrespondem àquelas nomeadas como \"normais\". (LOURO, 2007, p. 201).\nOutra colocação sugerida pelos entrevistados é bem expressada na citação a seguir: “Eu gostaria\nde ter estudado sobre a questão de gênero, porque eu percebo que a escola contribui para propagar entre\n4as crianças estereótipos sobre os comportamentos masculino e feminino. Quando isso acontece à escola\nreproduz o preconceito. ” (ESTUDANTE L). Parece-nos coerente essa fala, pois a escola não pode ser local\nde reprodução de preconceitos, ela é local ideal para desconstrução dessas práticas que ferem as\npessoas.\nSobre educação e sexualidade, admito que mesmo com minha presença enquanto mulher\ntransexual na sala de aula, e única da escola os/as professores/as não puxavam debates,\ndiscussão de termos e até mesmo abertura de momentos para voz e expressar de falas\nsobre minha condição e os desafios que até ali eu tinha passado, enfim, minha idade\nescolar foi totalmente um ensino tradicional, pontual, sem brechas e focalizado na\npreparação para exames como vestibular/Enem. (ESTUDANTE B)\nDiante de todo o exposto é notório que a escola aborda a temática sexualidade de forma\nsuperficial não possibilitando aos alunos uma abordagem sobre questões que lhes interessam e são\nfundamentais para a construção de sua identidade, visam muito responder as demandas do currículo\noficial e as avaliações externas e acabam não colaborando para o desenvolvimento integral dos alunos.\nConclusão\nAtravés da sistematização crítica dos dados coletados foi possível inferir uma abordagem tanto\nquanto simplista sobre sexualidade nas escolas de ensino médio, uma vez que a prática docente deixou de\nconsiderar as várias temáticas que estão por trás da palavra sexualidade.\nPor outro lado, não podemos desconsiderar que os conteúdos trabalhados com relação à\nsexualidade são importantes para os alunos, mas não devem ser os únicos debatidos no espaço escolar,\npois, os alunos demostram curiosidade sobre assuntos que a escola não aborda. Estes resultados\nclaramente mostram a relevância dessa temática para a formação integral dos estudantes, mas o mesmo\nnão está sendo problematizado no espaço escolar.\nDessa maneira, conclui-se que falar sobre sexualidade, descontruir preconceitos e construir\nconhecimentos sobre o assunto é fundamental para os alunos em todos os anos escolares. Essa prática\ncontribuirá para formação dos estudantes e para a construção de uma sociedade mais consciente sobre a\nexistência de uma diversidade sexual e menos preconceituosa.\nReferências\nBECHARA, Evanildo. Dicionário da língua portuguesa Evanildo Bechara. 1. ed. Rio de Janeiro: Editora\nNova fronteira, 2011.\nBRASIL. Constituição Federal. 1988.\n______. Lei de Diretrizes e Base da Educação Nacional (LDBN). Lei Nº 9.394 de 20 de dezembro de\n1996.\n______. Parâmetros Curriculares Nacional. Orientação Sexual. Brasília: MEC/SEF. 1996.\nBONAT, Debora. Metodologia da pesquisa. 3. ed. — Curitiba: IESDE Brasil S.A., 2009.\nFOUCAULT, Michel. História da sexualidade: a vontade de saber. Tradução M. Thereza Albuquerque e J.\nA. Guilhon Albuquerquer. 11. ed. Rio de Janeiro: Graal, 1988.\n5LOURO, Guacira Lopes. Gênero, sexualidade e educação: das afinidades políticas às tensões teórico-\nmetodológicas. Educação em Revista. Belo Horizonte. n. 46. p. 201-218. dez. 2007.\nNOGUEIRA, Daniela Macias. Gênero e sexualidade na educação. Anais do I Simpósio sobre Estudos de\nGênero e Políticas Públicas, ISSN 2177-8248. Universidade Estadual de Londrina, 24 e 25 de junho de\n2010.\nSILVA JUNIOR, Jonas Alves da. Sexualidade e Educação: Um Diálogo Necessário. Revista Lugares de\nEducação, Bananeiras/PB, v. 1, n. 2, p. 218-238, jul.-dez. 2011 ISSN 2237-1451 Disponível em:\n<http://periodicos.ufpb.br/ojs2/index.php/rle>. Acessado em: 20 de maio 2016.\nAgradecimentos\n6"
}