{
  "id": "26997",
  "trabalho": "REAVALIAÇÃO DO CRIME DE INFANTICÍDIO: O ESTADO PUERPERAL EM CONSONÂNCIA COM A INIMPUTABILIDADE. SANÇÃO OU ISENÇÃO DE PENA?",
  "area": "CIÊNCIAS JURÍDICAS",
  "ano": "2016",
  "evento": "XVI - ENCONTRO DE PÓS-GRADUAÇÃO E PESQUISA",
  "link": "http://uol.unifor.br/oul/conteudosite/?uuid=59B7721007D0913E532855AABE5A16E68CDB172F",
  "conteudo": "XVI ENCONTRO DE PÓS-GRADUAÇÃO E PESQUISA\nUniversidade de Fortaleza\n17 a 20 de outubro de 2016\nReavaliação do Crime de Infanticídio: o estado puerperal em\nconsonância com a inimputabilidade. Sanção ou isenção de pena?\nLuciana Guedes Teixeira1 * (PG), Sidney Soares Filho2 (PQ).\n1. Aluna do Programa de Pós-Graduação em DIREITO E PROCESSO PENAL, Universidade de Fortaleza, Fortaleza -\nCe. lucianagteixeira@terra.com.br\n2. Professor Doutor da Universidade de Fortaleza, Fortaleza - Ce.\nPalavras-chave: Infanticídio. Estado Puerperal. Inimputabilidade. Isenção Penal\nResumo\nO presente trabalho trata da reavaliação do Crime de Infanticídio, no intuito de observar, com um olhar mais\nclínico e crítico, os efeitos que o estado puerperal possa incidir na mãe parturiente, na iminência de\nsancionar ou isentar a mãe parturiente pelo crime praticado. Abordam-se os aspectos desse crime à\ninfluência que o estado puerperal possa desencadear nessa mãe, assim como os aspectos legais sobre o\nreferido assunto. Sabe-se que o Infanticídio é um crime não muito comum, mas de relevância social, por ser\no agente ativo, a própria mãe. Tal crime abala não somente a sociedade, mas, principalmente, a própria\nmãe que, após gerar em seu ventre, por nove meses, um feto, advindo de uma gestação, na maioria das\nvezes conturbada, ou de um pré-natal mal sucedido, ou até inexistente, é “impedida”, psicologicamente, de\nexercer a tão sonhada maternidade. Acredita-se que o alto grau de perturbação psicológica, pós-parto,\npossa ser o influenciador/desencadeador desse crime tão bárbaro. Valendo salientar que, todas as mães\nparturientes passam pelo estado puerperal, mas, nem todas, são influenciadas por ele. Este estudo, através\nde pesquisas bibliográficas em livros e artigos expõe o tema, correlacionando a mãe infanticida, com o\nestado de inimputabilidade.\nIntrodução\nO crime de Infanticídio está descrito no art. 123 do CP, e é definido da seguinte maneira: “matar, sob a\ninfluência do estado puerperal, o próprio filho, durante o parto, ou logo após”. A pena cominada varia de 02 a\nseis anos de detenção. De acordo com o artigo é notório destacar vários itens ocultos: é crime próprio,\nagente ativo a mãe, agente passivo o filho, nascente ou nascido. Para que se caracterize o crime de\ninfanticídio, é imprescindível que o filho nasça com vida. Diferentemente do crime de aborto, onde a gravidez\né interrompida.\nO Crime de Infanticídio não é recente, mas é um crime difícil de ser detectado; há a necessidade de buscar\nentendimento em outras áreas de estudos, não só na medicina, mas estudos envolvendo a área psicológica,\nterapêutica e a psiquiátrica. Sendo ainda relevante a figura de um perito.\nA expressão Infanticídio veio do latim infanticidium, que significa assassínio de criança, em especial o\nrecém-nascido. De acordo com o artigo, a mãe infanticida, necessariamente, precisa estar sob a influência\ndo estado puerperal. Este, por sua vez precisa ser estudado com afinco, para se detectar em que momento\na parturiente está ou não influenciada por ele. É um fator determinante, para que se prove a sua existência,\npois será a partir desse entendimento que sua imputabilidade será diminuída ou não.\nO estado puerperal é um período de transição pós - parto. Sua influência poderá causar perturbações fisio-\npsíquicas, alterando todo o metabolismo da mulher.\n1Sendo assim, o objetivo geral deste trabalho é analisar as transformações fisio-psíquicas do estado\npuerperal, assim como seus efeitos. Como objetivos específicos, procurou-se conceituar este crime, assim\ncomo o estado puerperal e a inter-relação entre ambos. No que concerne aos aspectos metodológicos, às\nhipóteses foram investigadas através de um estudo descritivo-analítico, por meio de pesquisas on-line e\nbibliográficas em livros, publicações especializadas e legislação aplicável ao tema. Em relação aos objetivos,\na pesquisa será descritiva de modo a buscar descrever, classificar, interpretar e esclarecer o fenômeno\nobservado; e exploratória, buscando-se aprimorar o tema, gerando, dessa forma, novas informações,\nservindo estas de auxílio a novas pesquisas.\nPor fim, frise-se que o estudo do Crime de Infanticídio deu-se de forma amena, sendo abordados tão\nsomente os aspectos mais relevantes a perfeita compreensão do objeto deste estudo.\nMetodologia\nRecorreu-se a estudo bibliográfico e exploratório, aprofundando-se a questão com base na legislação e na\ndoutrina existente sobre o tema, caracterizando uma pesquisa de natureza pura, isto é, cuja utilização dos\nresultados se destina a finalidade de ampliar o conhecimento sobre o tema. A abordagem metodológica é de\nnatureza qualitativa, por não se basear em análises numéricas do fato jurídico analisado e sim na ampliação\ne qualificação do entendimento sobre a matéria. Os objetivos serão buscados de forma descritiva, visto que\nse descreverá e explicará o tema apresentado, visando esclarecer o problema\nResultados e Discussão\nA origem da palavra infanticídio vem do latim, infanticidium que significa “assassínio de criança”,\ncom especialidade a recém-nascida (MUAKAD, 2002). Para Cléber Masson (2012), “O infanticídio [...]\nsignifica a morte de um infante [...] praticado pela mãe contra seu próprio filho, nascente ou recém-nascido,\ndurante o parto ou logo após, influenciada pelo estado puerperal”. Logo:\nPossui, pois, iguais elementares do crime de homicídio, mas a elas foram\nagregados outros elementos especializantes, atinentes aos sujeitos, ao tempo e a\nmotivação do crime. Não se exige, entretanto, nenhuma finalidade especial para\nfavorecer a mãe com a figura típica privilegiada, tal como o motivo de honra. É\nsuficiente esteja ela influenciada pelo estado puerperal. (MASSON, 2012)\nO estado puerperal resulta em profundas alterações psíquicas e físicas, que chegam a transformar\na mãe, deixando-a sem plenas condições de entender o que está fazendo. O puerpério é o período que se\nestende do início do parto até a volta da mulher às condições pré-gravidez. Sobre o estado puerperal,\nGuilherme de Souza Nucci (2006, p. 587), conceitua da seguinte forma: “Estado Puerperal é aquele\nmomento que envolve a parturiente durante a expulsão da criança do ventre materno [...]”.\nO autor Fernando Capez (2014) se posiciona a respeito da referência em relação à cláusula\ntemporal “durante o parto ou logo após”, sendo imprescindível diferenciar o aborto, infanticídio e homicídio.\nÉ óbvio que antes de iniciar um parto, qualquer ação contra um feto (ocisão) será aborto. O parto se inicia\ncom a dilatação do colo do útero, expulsando o feto, impelindo para o exterior, esvaziando o útero, e\nconsequentemente a expulsão da placenta, findando o parto. Nesse momento, caso o infante seja\neliminado, ocorre o crime de infanticídio ou homicídio; o que vai diferenciar é a influência ou não do estado\n2puerperal, entende-se que seja analisado cada caso concreto, para obtenção de um entendimento melhor,\nsobre a duração do estado puerperal (CAPEZ, 2014).\nO Código vigente segue o critério fisiopsicológico, extraído da criminologia. O referido critério advém\nde duas classes de fatores, segundo o qual, se explica a conduta da infanticida, de acordo com Pierangelli\n(2005, p. 98): “[...] uns são endógenos derivados dos traumas trazidos pelos transtornos puerperais, e outros\nexógenos, que se fundamentam nas consequências de uma coação ético-social”.\nAndré Stefam (2010) vincula o elemento fisio psíquico ao estado puerperal, fazendo uma junção a\numa perturbação mental transitória, podendo causar excitação ou delírio na parturiente. Stefam (2010)\naprofunda sua análise ao dizer que o puerpério, dentro da área médica, é um estado fisio-psíquico envolve\ntoda a gestante no parto; com variação de intensidade, podendo estender-se no pós - parto.\nObserva-se que no puerpério, existe um quadro preocupante e frequente, chamado de disforia pós-parto ou\nmaternity blues, que inclui sintomas depressivos leves, podendo surgir em cerca de 50% a 85% das mães;\nsendo comum elas terem reações adversas como: choro fácil, irritabilidade, labilidade de humor, e\ncomportamento hostil para com seus familiares. Essa disforia é um quadro que dura até duas semanas;\npodendo desaparecer sem o auxílio médico, mas caso se instale por período superior a duas semanas,\npodendo evoluir para um quadro depressivo (ROBERTA DE MEDEIROS, 2015, online).\nLogo, existem consequências quando se tem um mau puerpério, e a respeito disso ponderou\nRaquel Soifer (1986, p. 83):\nA mulher torna-se ensimesmada, afastada, triste, rejeita o filho, em geral declara\nque não pode vê-lo, sofre insônia, inapetência, descuida-se da própria aparência,\nnão se veste, não se banha nem se penteia. Muitas vezes faz referencias a\nalucinações, geralmente auditivas, ou exprime ideias delirantes. Tal estado pode\nremitir por si mesmo, ao cabo de alguns dias, semanas ou meses. [...] As ideias\ndelirantes são do tipo paranoide: alguém vem roubar a paciente, mata-la,\nenvenená-la. Também podem apresentar sentimentos de auto depreciação e\nautocensura com características melancólicas: ela se vê inútil, imprestável, não\nsabe se ponderar, criar os filhos, etc...”\nSendo necessário avaliar, no caso concreto, por meio de perícia médica, se houve desequilíbrio\npsíquico, sob a influência do estado puerperal, diminuindo a capacidade de entendimento e auto inibição da\nparturiente. Ainda segundo Capez (2014, p. 139):\nNão é por outra razão que a lei exige que a parturiente esteja “sob a influência” do\nestado puerperal. Havendo dúvida acerca da existência do puerpério, o delito de\ninfanticídio não deve ser afastado, uma vez que incide aqui o princípio do in dubio\npro réu, ou seja, na dúvida deve prevalecer à solução mais favorável a ele. Do\ncontrário, teria de responder por delito mais grave, o homicídio.\nA gravidez é um momento esperado por todas as mulheres, mas nem todas são acometidas desse\nfenômeno. Muito embora seja desejada, por si só já é uma fonte de estresse. Há nesse período, aumento da\nprodução de hormônios. Um deles é o corticotrofina, produzido pela glândula suprarrenal, que é o que está\nrelacionado ao estresse. Esses hormônios produzidos durante o período gravídico podem vir a provocar\ninstabilidade emocional na mulher. Os hormônios prolactina e oxitocina ajudam a mulher a liberar leite\n3materno, contrai o útero durante o parto e auxilia a liberação da placenta. Estudos comprovam a influência\ndesse hormônio no comportamento materno.\nEsse quadro é tão intenso e alarmante que, Raquel Soifer (1986), menciona a preocupação da\nfamília, no intuito de procurar a ajuda de um psiquiatra, pois a mãe poderá tentar o suicídio ou o ataque\ndireto ao bebê. Assim, com a prática do infanticídio, resultando na eliminação da dor e terror, desenvolvidos\nperante o estado puerperal agravado.\nPara Antônio Carlos da Ponte (2012), esse quadro é mais preocupante e leciona: “[...] mesmo\nmentalmente sã, a mulher parturiente, abalada pela dor física do parto, fatigada, sacudida pela emoção,\npode sofrer perturbação da consciência ou impulso volitivo, vindo em decorrência dessas alterações, a\nmatar o próprio filho”.\nObserva-se que, além das psicoses que afloram na parturiente durante o parto ou logo após,\nconstituindo o privilegium, existem casos em que, dias após o parto, outras psicoses já presentes\nanteriormente em genitoras, possam se afloraram em decorrência da agravação do estado puerperal. Nesse\ncaso, a genitora responderá pelo delito de homicídio, incidindo a regra do art. 26 do CP, a inimputabilidade.\nCapez (2014, p. 140), explica:\nOcorre, por vezes, que o parto pode provocar transtornos psíquicos patológicos\nque suprimem inteiramente a capacidade de entendimento e determinação da\ngenitora. Nessa hipótese, em que o estado puerperal ocasiona doença mental na\nmãe, a infanticida ficará isenta de pena diante da aplicação da regra do art. 26,\ncaput, do CP (inimputabilidade). Se, contudo, em decorrência desse estado, a mãe\nnão perder inteiramente a capacidade de entender o caráter ilícito do fato e de\ndeterminar-se de acordo com esse entendimento, incidirá o parágrafo único do art.\n26 do CP (há simples perturbação da saúde mental). Se, por fim, a mãe sofrer\nmera influência psíquica, que não se amolde às hipóteses supramencionadas,\nresponderá pelo infanticídio, sem atenuação.\nAcerca da inimputabilidade, se faz necessário colacionar o art. 26, da legislação penal brasileira,\npelo Decreto Lei nº 2848, de 07 de Dezembro de 1940:\nArt. 26 - É isento de pena o agente que, por doença mental ou desenvolvimento\nmental incompleto ou retardado, era ao tempo da ação ou da omissão,\ninteiramente incapaz de entender o caráter ilícito do fato ou de determinar-se de\nacordo com esse entendimento. (Redação dada pela Lei nº 7.209, de 11.07.1994)\nRedução de pena\nParágrafo único - A pena pode ser reduzida de um a dois terços, se o agente, em\nvirtude de perturbação de saúde mental ou por desenvolvimento mental incompleto\nou retardado não era inteiramente capaz de entender o caráter ilícito do fato ou de\ndeterminar-se de acordo com esse entendimento. (Redação dada pela Lei nº\n7.209, de 11.07.1984).\nVê-se que, o estado puerperal necessita influenciar a parturiente, estando ele em nível elevado ao\nponto de causar perturbações na mesma, abalando o seu estado psicológico, assim, configurando a prática\ndo crime de infanticídio. Já o crime de homicídio se caracteriza quando, mesmo cometido pela parturiente,\n4estando no estado puerperal, o mesmo em nada influencia para a prática do delito. Damásio de Jesus\n(2013, p. 140) disserta da seguinte forma:\nAssim, se o puerpério não causa nenhuma perturbação psicológica na mulher, se\nela matar o próprio filho, pratica crime de homicídio. Entretanto, é possível que o\nestado puerperal cause na mulher uma perturbação psicológica de natureza\npatológica. Nessa hipótese, é preciso distinguir. Se essa perturbação psíquica\nconstitui doença mental, está isenta de pena nos termos do art. 26, caput. Se a\nperturbação psíquica não lhe retira a inteira capacidade de entender e de querer,\nresponde pelo delito de infanticídio, porém com a pena atenuada, em face do art.\n26, parágrafo único, do estatuto penal.\nRicardo Bina (2009, p. 206), é mais dinâmico, quando o assunto é sobre crime de infanticídio:\nO estado puerperal pode provocar a exclusão da culpabilidade quando for intenso\na ponto de impedir a mãe de entender o caráter ilícito de causa conduta, sendo\ndenominado nesse caso psicose puerperal, que por analogia in bonam partem, é\nequiparado à doença mental para fins de aplicação da lei penal. Nesse caso,\ndependerá de laudo comprovando a hipótese de inimputabilidade da mãe no\nmomento do crime.\nConvém verificar que, todos os autores aqui citados, mencionam uma perturbação psicótica,\nneuroses, abalos, dores, alucinações, histerias, ou algo similar, decorridos da influencia do estado puerperal.\nE é, justamente analisando esses fatos que se deve repensar na sanção, hoje imposta à mãe infanticida,\ndecorrente de uma ação julgada como dolosa, em retirar a vida de seu próprio filho, após nove meses de\ngestação.\nConclusão\nAcredita-se que a legislação penal pune como crime a parturiente, pelo fato de que a influência do\nestado puerperal, não se confunde com a inimputabilidade penal. Observa-se que em algumas parturientes,\na fragilidade é mais perceptível, podendo vir acompanhada de perturbações psíquicas com quadro\ndepressivo, onde ao tempo do crime, poderá perder sua capacidade motora, psíquica ou psicológica,\ncaracterizando um estado de inimputabilidade. Identifica-se ao longo deste trabalho, com base no que foi\nestudado, que após a constituição do momento de incapacidade, e consequentemente do reconhecimento\nda inimputabilidade, a parturiente sem dúvida, necessita de um tratamento e acompanhamento\nmédico/terapêutico, por entender que ao tempo do parto, ou até mesmo após sua realização, estado\npuerperal abalado, ocasiona perturbações psíquicas, acumuladas com outras psicoses, abala ou retira por\ncompleto ou parcial, o seu discernimento.\nAnte o abordado no presente trabalho, nota-se que, a parturiente, após passar o período\ngestacional, na maioria das vezes, tendo que suportar as mudanças físicas e psicológicas, cumuladas com\ndesconfortos em geral, ainda anseia pela chegada de seu filho; mas, a influência que o estado puerperal\nabalado ocasiona, é muito mais avassalador, e jamais ansiado pela mãe, que, involuntariamente, finaiza não\nsó a uma vida de seu filho, mas ao desejo de ser mãe.\n5Contudo, se faz necessário reavaliar o crime de infanticídio como um todo, haja vista que a\naplicação de uma sanção a mãe infanticida passa a ser injusta e arbitrária, ante aqui os requisitos\nelencados.\nReferências\nBRASIL. Constituição Federal. Brasília: Senado Federal, 5 de outubro de 1988. Disponível em:\n<http://www.planalto.gov.br/ccivil_03/Constituicao/Constituicao.htm>. Acesso em 02 de Julho de 2016.\nBINA, Ricardo. Coleção Estudos Direcionados Medicina Legal, Volume 13, 2. ed. Saraiva, 2009. (ebook).\nBITENCOURT, Cezar Roberto. Tratado de Direito Penal: Parte Especial 2. Do Crime Contra a Pessoa.\n13 ed. Revista, ampliada e atualizada de acordo com as leis 12.653, 12.720 e 12.737/12: Saraiva, 2013.\nCAPEZ, Fernando. Curso de Direito Penal. Parte Especial 2. 14.ed. Saraiva, 2014.\nESTEFAM, André. Direito Penal. Parte Especial. Saraiva, 2010.\nGRECO, Rogerio. Curso de Direito Penal. Parte Especial. Vol 2. 8 ed. Rio de Janeiro: Impetus, 2011.\nJESUS, Damásio de. Direito Penal. Parte Especial. 2 vol. Saraiva, 2013.\nMASSON, Cleber Rogerio. Direito Penal. Parte Especial 2. Esquematizado. 4. ed. Rio de Janeiro: Forense,\nSão Paulo: Método, vol. 2, 2012.\nMEDEIROS, Roberta de. Revista Psique Ciência & Vida. Ano VIII. nº 99 (online), 2015.\nMIRABETE, Julio Fabbrini. Manual de Direito Penal: Parte Especial. vol 2. Atlas, 2011.\nMUAKAD, Irene Batista. O Infanticídio: Análise da Doutrina Médico-legal e da Prática Judiciária. São\nPaulo: Mackenzie, 2002.\nNUCCI, Guilherme de Souza. Manual de Direito Penal: Parte Geral. Parte Especial. 2 ed, Revista\natualizada e ampliada. São Paulo: Revista dos Tribunais, 2006.\nPIERANGELI, José Henrique. Manual de Direito Penal Brasileiro: Parte Especial. São Paulo: Revista dos\nTribunais, 2005.\nPONTE. Antonio Carlos da. Inimputabilidade e processo penal, 3. ed. Saraiva, 2012. (ebook).\nPRADO, Luiz Regis. Curso de Direito Penal Brasileiro: Parte Especial. 11 ed. Revista atualizada e\nampliada. 2013.\nSOIFER, Raquel. Psicologia da Gravidez: Parto e Puerpério. 4. ed. Porto Alegre: Artes Médicas, 1986.\nAgradecimentos\nAo Deus supremo, a minha família, ao Professor Sidney Filho e a Universidade de Fortaleza, por acreditar e\nincentivar a realização deste artigo.\n6"
}