{
  "id": "26993",
  "trabalho": "RELEVÂNCIA DA OFICINA PAIS E FILHOS PARA A REORGANIZAÇÃO FAMILIAR",
  "area": "CIÊNCIAS DA VIDA",
  "ano": "2016",
  "evento": "XXII - ENCONTRO DE INICIAÇÃO À PESQUISA ",
  "link": "http://uol.unifor.br/oul/conteudosite/?uuid=F7A6CBAF57CD689DFE83728DA5F3BDD2DAC81815",
  "conteudo": "XXII Encontro de Iniciação à Pesquisa\nUniversidade de Fortaleza\n17 à 21 de Outubro de 2016\nRELEVÂNCIA DA OFICINA PAIS E FILHOS PARA A REORGANIZAÇÃO\nFAMILIAR\nSara Sanielly Freitas Facundo 1* (IC), Geísa Rodrigues Ferreira 2* (IC), Angela Teresa Nogueira de\nVasconcelos 3 (PQ)\n1. Universidade de Fortaleza – Curso de Psicologia\n2. Universidade de Fortaleza – Curso de Psicologia\n3. Universidade de Fortaleza – Curso de Psicologia\nsarafreitasfacundo@gmail.com\nPalavras-chave: Parentalidade. Divórcio. Família. Reorganização familiar. Instituições\nResumo\nEste artigo tem como principal objetivo expor a relevância que a Oficina Pais e Filhos possui na construção\nda nova estrutura familiar após o divórcio. O artigo foi produzido durante a disciplina de Prática Integrativa\nIV, do curso de Psicologia da Universidade de Fortaleza (Unifor), quando foi realizado um trabalho de campo\nutilizando-se da observação participativa, de inspiração etnográfica. O trabalho foi realizado na Oficina Pais\ne Filhos, com famílias que estavam passando pelo processo de divórcio e definição de guardas, observando\ncomo cada família lidava com essa situação e procurava se reorganizar a partir da inserção no grupo. Além\ndisso, procuramos também observar como se dava a participação da psicóloga e dos profissionais de direito\npara lidar com esses tipos de situações. Observamos que a proposta da Oficina benefícios para cada família\nque participa, pois através de palestras para os pais e atividades lúdicas para as crianças, a família que\nantes era considerada conjugal, passa a ser considerada parental, pois os pais deixaram de ser conjugues,\nmas continuam possuindo uma relação parental por possuírem filhos em comum.\nIntrodução\nO presente trabalho é resultado de um estudo da disciplina de Prática Integrativa IV, do curso de\nPsicologia da Universidade de Fortaleza (UNIFOR), que tem como proposta participar de Instituições Sociais\npara interagir, desenvolver e analisar dinâmicas dos grupos sociais com o intuito de integrar conhecimentos\nteóricos e práticos a partir das informações coletadas nas visitas a instituições, organizações ou grupos. Em\nespecial, a proposta deste trabalho foi observar um grupo de psicólogos e estagiários de Psicologia e Direito\nque promovem a Oficina de Pais e Filhos na Instituição Fórum Clóvis Beviláqua, a qual fora produzida pelo\nConselho Nacional de Justiça (CNJ).\nDe acordo com Léuy (2001), o grupo, a organização social e a instituição são elementos teóricos e\npráticos, conceitos e regras que tem como finalidade organizar o trabalho de criação institucional\nconsiderando o contexto histórico e representações imaginárias da sociedade. Ainda segundo o autor, o\ngrupo favorece o surgimento de relações mais elaboradas e pode caracterizar-se pelo sentimento de\npertencimento coletivo de grupos restritos (primários) ou de organizações mais vastas. A organização refere-\nse a uma unidade orientada para produção de bens, idéias e de serviços, sendo formada por pessoas e\ngrupos, meios técnicos e conhecimentos que possibilitam em um objetivo comum, já a instituição está\nrelacionada com referências, valores e normas, cujos são utilizados pelas organizações para delimitar um\nobjetivo.\nO objetivo da Oficina Pais e Filhos é promover técnicas para que pais que possuem processo nas\nVaras de Família referente à guarda, alimentos e divórcio, possam compreender a relevância de um diálogo\nconstrutivo entre eles e os filhos a fim de evitar sofrimento psíquico, bem como a Síndrome de Alienação\nISSN 18088449 11\nParental . Além disso, visa conscientizar esses pais da importância de que ambos estejam presentes na\nvida dos filhos e para que os pais entendam que apesar da relação conjugal ter findado, eles ainda\nassumirão uma relação parental entre si e que os filhos podem ser as principais vítimas caso este vínculo\nseja feito de forma alienada ou problemática.\nÉ notório que a maior parte dos processos de guarda e alimentos é resultado de divórcios\nconturbados, sendo que estão cada vez mais frequentes e que as instituições de justiça bem como os\nprofissionais não conseguem dar conta das especificidades da psique humana relacionadas a esses\nprocessos. Com isto, muitas vezes não possuem o olhar diferenciado frente ao caso resultando na\ndesvalorização dos sentimentos dos envolvidos e não promovem diálogos entre as partes com a finalidade\nde conscientizar sobre os prós e contras de um processo dificultoso e o sofrimento que pode causar às\npartes. A Oficina Pais e Filhos têm como diferencial a promoção de um ambiente propício a diálogos e à\nconscientização dos pais, onde são utilizados vídeos que retratam a realidade das partes envolvidas, relatos\nde casos, além de expor os principais sentimentos e sofrimentos dos filhos, a fim de darem aos pais\npossibilidades para resolverem os problemas entre si sem envolver os filhos e sem a ajuda de terceiros, mas\nque eles possam assumir a Parentalidade Cooperativa.\nO trabalho proposto buscou compreender e descrever a estrutura e funcionamento do grupo\ninserido no Fórum Clóvis Beviláqua localizada na cidade de Fortaleza (CE), que promove um diálogo\nconstrutivo a pais que estão passando por processos judiciais na Vara de Família em relação aos filhos. Os\nobjetivos específicos é apresentar o objetivo do grupo; expor os procedimentos envolvidos por ele;\napresentar as relações que a organização estabelece com a comunidade, com outras instituições e\norganizações sociais.\nMetodologia\nPara este trabalho foi utilizada a pesquisa qualitativa, tendo como inspiração o método etnográfico.\nConhecer os aspectos vivenciados no ambiente observado, a partir da pesquisa de campo haverá uma\nconstrução de conhecimento baseado no confronto entre nossas hipóteses e nossas observações.\nSegundo Schwartz & Schwartz (apud Victoria, Knauth e Hassen, 2000), a observação participante\ncaracteriza-se como um processo no qual o observador mantém uma situação social que tem como\nfinalidade realizar uma investigação cientifica. O observador vai estar frente a frente com os observados e\nao participar da vida deles no cotidiano, vai colhendo os dados. Logo, o observador faz parte do contexto\nsob observação, modificando e sendo modificado ao mesmo tempo.\nPara a documentação dos dados obtidos durante as observações, será usado o diário de campo,\nem que os observadores registram descrições do ambiente, os dias e horários das observações, tarefas\ncotidianas e análise do comportamento dos observados. Esses métodos serão utilizados para um\ndesenvolvimento e uma melhor visualização da aplicação prática.\nResultados e Discussão\nAlém da família e da justiça, a Oficina de Pais e Filhos é regida pela instituição educativa, visto que\nela apresenta técnicas que possibilitam uma comunicação produtiva entre pais e filhos que estão\nrespondendo por processos nas Varas de Família da organização do Fórum Clóvis Beviláqua. Em suma, a\nOficina possibilita que os próprios pais desenvolvam a capacidade de refletir a respeito do sofrimento\n1 “A Síndrome de Alienação Parental (SAP) é um distúrbio da infância que aparece quase exclusivamente no\ncontexto de disputas de custódia de crianças. Sua manifestação preliminar é a campanha denegritória contra um dos\ngenitores, uma campanha feita pela própria criança e que não tenha nenhuma justificação.“\nGARDNER, Richard A. O DSM-IV tem equivalente para o diagnóstico de Síndrome da Alienação Parental SAP?2002.\nDisponível em. http://www.alienacaoparental.com.br/textos-sobre-sap-> Acesso em: 24 out. 2015.\nISSN 18088449 2psíquico gerado pelas brigas judiciais e pessoais perante os filhos, além de contribuir para que os autores do\nprocesso consigam resolver a ação judicial de uma maneira saudável a fim de evitar os desgastes\nemocionais provenientes dos processos.\nA grande maioria dos processos encaminhados ao Centro Judiciário para que os autores\nparticipem da Oficina de Pais e Filhos são dificultosos, visto que o sofrimento do rompimento de um\nmatrimônio é considerado, de acordo com Nascimento et al. (2006), uma perda ambígua, pois além do ato\nda dissolução do casamento, as partes terão que assumir o papel de ex-cônjuges e uma relação parental.\nOu seja, esta perda é considerada indefinida por gerar, ainda conforme a autora, uma “confusão sobre a\nausência e presença de cada um na vida do outro, e, principalmente no início da separação, as fronteiras\nentre cada um dos ex-cônjuges e as fronteiras familiares ainda não estão suficientemente claras.” (p. 438)\nDe acordo com Santos (2002), o Movimento Institucionalista teve origem na França em 1950 com\na finalidade de questionar práticas sociais de profissionais e que, segundo Baremblitt (1996), este\nmovimento possui dois ideais máximos: auto-análise e autogestão. A autoanálise refere-se à análise feita\npelo próprio grupo ou comunidade referentes as suas próprias necessidades para que eles possam se\norganizarem de acordo com as demandas que através deles são percebidas e caso seja necessário,\napresentar estas análises para, em conjunto com “experts” construírem e organizar métodos para suprir\nessas demandas percebidas por eles.\nEstes ideais contribuem para que haja a presença e a valorização do saber coletivo e que pode ser\nassociado com as partes presentes na Oficina, em que fica evidente a ausência do processo de auto-\nanálise, visto que a maioria dos autores dos processos não analisa as próprias necessidades e que muitas\nvezes não tem consciência delas, dando aos “experts” de direito o poder de solucionar suas próprias\nquestões. Um exemplo disso pode ser observado no relato da psicóloga e coordenadora que chama atenção\npara o fato da dependência que os seres humanos têm ao ponto de necessitar que a instituição de justiça\ninterfira na vida deles para resolver seus problemas. O Movimento Institucionalista, ainda segundo o autor,\ncontribui à resolução dos problemas de um grupo a partir do momento em que eles refletem de forma crítica\ne percebam outras formas de soluções a partir dos seus próprios saberes juntamente com o saber dos\nprofissionais e para que elaborem, em conjunto, medidas para sanar seus próprios problemas.\nA Oficina de Pais e Filhos favorece a produção da auto-análise para que os pais consigam\nperceber os principais comportamentos que causam sofrimento psíquico a eles e aos filhos a partir de\nvídeos; proporciona a conscientização dos pais em relação ao vínculo conjugal desfeito e a estabelecer uma\nrelação parental saudável; contribui para que as fronteiras desta nova relação sejam compreendidas e que\neles precisam assumir o papel de responsabilidade perante os filhos organizando-se para oferecer uma\nrelação saudável e compreender que um não pode privar o filho da presença do outro a fim de evitar a\nSíndrome de Alienação Parental.\nSendo assim, a partir desta auto-análise em conjunto com os “experts” da área de psicologia e\ncom os pais, os quais participam e interagem dando exemplos da vida pessoal e situações vividas, as partes\nenvolvidas podem se organizar e perceber suas necessidades para que a resolução do processo seja eficaz\ne benéfico para ambos e aos filhos. Desse modo, eles mesmos podem apresentar suas demandas aos\nprofissionais do direito e que não necessitem reabrir o processo novamente por não concordar ou sentir-se\ninsatisfeito com o decreto do juiz.\nAo decorrer dos séculos as relações familiares vão se modificando significativamente a fim de\nacompanhar às necessidades de cada época. Segundo Roudinesco (1944), havia a família tradicional, a\nfamília moderna, e por volta de 1960, surge a família contemporânea ou pós-moderna que a partir de uma\nISSN 18088449 3relação geralmente de curto período, une dois indivíduos em busca de realizações sexuais. Nesse tipo de\nfamília, o número de divórcios, separações e recomposições conjugais são frequentes.\nÉ inegável que o número de divórcios e separações está ainda mais frequente, as relações da\nfamília pós-moderna estão se dividindo em dois outros conceitos, relação parental e conjugal. De acordo\ncom Silva Neto et al. (2011, p. 34) as uniões conjugais vêm crescendo consideravelmente, juntamente com\nos divórcios e, segundo os autores, muitas vezes a relação familiar é rompida em consequência da\n“ideologia do amor romântico e de outras ideias que não levam em consideração as demandas relacionais\nde um mundo em constante transformação”, resultando na relação parental caso a relação tenha advindo\nfilhos.\nEm concordância com Akel (2009), a família é considerada uma instituição importante para a\nmanutenção da sociedade e pela proteção dos próprios membros, principalmente dos filhos, visto que a\nrelação familiar harmoniosa e equilibrada resulta no desenvolvimento emocional saudável. A autora cita que\na família tem direitos e obrigações perante a lei em relação aos filhos no âmbito de educar, amar e criá-los,\ntodavia a forma como esta relação é feita depende da disciplina interna de cada família, bem como\ncostumes e regras. Ademais, é dever dos pais evitar sofrimentos psíquicos e enfatizar o desenvolvimento\nsaudável do filho, principalmente em casos de divórcios, visto que, segundo a autora, durante a convivência\nno mesmo lar, a criança desfruta da presença física e do apoio psicológico dos pais e quando este\nrompimento se dá de forma conflituosa e com não-ditos abala a estrutura psicológica dos membros da\nfamília.\nOs problemas pessoais entre os membros da família tornam-se, assim, mais complexos e\nintensos, pois tendem a se potencializar após a separação e o divórcio, abalando a\nestrutura psicológica de todos os seus membros e dificultando, a cada dia, a solução\npacífica das dificuldades. (AKEL, p. 57, 2009)\nAinda de acordo com Akel (2009), o divórcio resulta na origem da família monoparental, a qual se\ncaracteriza pela presença de apenas um dos genitores na criação dos filhos e na maioria dos casos os\ncasais divorciados inserem-se nessa nova configuração, visto que a guarda dos filhos fica no poder de um\ndos pais e o outro perde o poder familiar, sendo responsável pela prestação de alimentos e visitas, tornando-\no aquele que assiste o desenvolvimento dos filhos sem o direito de participar e interferir. Segundo a autora,\na pós-modernidade pode ser a grande responsável pela forma como muitos lidam com o divórcio gerando\nainda mais sofrimento aos filhos.\nDe fato, inevitável que, diante de um mundo pós-globalizado, a vida familiar não sofresse\nmodificações, contudo, tais alterações sociais propiciaram aos casais que avaliassem a\nruptura de seus relacionamentos com menos importância e seriedade, ocasionando maior\nnúmero de conflitos em relação à guarda dos filhos, que sofrem diretamente os desgastes\nde uma união desfeita e a desestrutura do lar. (AKEL, p. 58, 2009)\nUm dos principais objetivos da Oficina de Pais e Filhos é contribuir para que essa nova relação\nconturbada em que muitos dos que são encaminhados pelas Varas de Família se encontram seja feita de\nforma menos agressiva e que os pais tenham uma comunicação positiva em favor aos filhos, procurando\nconscientizar e apresentar para estes pais o quanto a criança pode sofrer com as discussões deles, além\ntambém para evitar a Síndrome de Alienação Parental e o sofrimento dos filhos devido à comunicação\nagressiva que muitos pais apresentam entre eles mesmos gerando o sofrimento nos filhos, além do\nsentimento de culpa pelo fato da criança acreditar ser o motivo da briga dos pais. Em suma, a Oficina busca\nfazer com que os pais saibam o real significado da parentalidade, que é de oferecer o melhor aos filhos e\nnão os privando da presença do outro genitor, visto que muitos esquecem que possuem essa nova relação\nperante os filhos e com o outro gerador diante das brigas judiciais e usam os próprios filhos como arma\ncontra o outro.\nISSN 18088449 4Foi possível perceber que uma minoria dos autores dos processos que são enviados para\nparticipar da Oficina possui uma relação saudável e se importam com o bem-estar emocional dos filhos.\nSegundo Akel (2009, p. 59), o texto constitucional inseriu a guarda conjunta com a finalidade de estabelecer\numa co-responsabilidade parental para que, apesar da ruptura, favorecer a reaproximação de ambos os pais\ncom os filhos que visa em, de acordo com a autora, “proteger o menor dos sentimentos de desamparo e\nincerteza que lhe submete a desunião” a qual considera a guarda familiar um avanço na família, visto que\nela diminui o sofrimento gerado pela ausência de um dos genitores na vida do menor.\nConclusão\nO objetivo principal do nosso trabalho foi explicar de uma forma precisa o funcionamento da\nOficina Pais e Filhos, abordando assuntos como divórcios, guardas e pensão alimentícia, que muitas vezes\ngeram conflitos entre o casal e acabam interferindo nos filhos. Buscamos autores que falassem sobre essas\ntemáticas para relacionar com nossas observações feitas a campo.\nNossas observações foram bastante ricas, pois a partir da observação participativa, podemos ter\num aprofundamento maior no assunto, o que nos deixou ainda mais interessadas na temática a qual\nescolhemos e ainda facilitou a relação com a teoria.\nEm suma, podemos destacar a empolgação que sentimos ao abordar esse assunto, e que a cada\nobservação, novo acontecimento nos levava a pesquisar ainda mais e descobrir a diversidade e a\ncomplexidade que possui a estrutura familiar. A experiência de poder realizar este trabalho nos trouxe muita\ngratidão, por termos a oportunidade de nos aprofundar ainda mais sobre as complexidades de cada família\nque passa por problemas que vem a desestruturá-las, os efeitos que esses problemas causam em cada\nindivíduo. E podemos observar a importância e a eficácia que a Oficina Pais e Filhos possui, pois esta vem\ncomo uma maneira de ajudar as famílias que estão passando por esses problemas, a solucioná-los de\nmodo a que seja menos impactante e doloroso para todos.\nReferências\nAKEL, Ana Carolina Silveira. Guarda compartilhada:: um avanço para a família. 2. ed. Rio de Janeiro: Atlas,\n2008.\nBAREMBLITT, Gregório Franklin. Compêndio de Análise institucional e outras correntes: Teoria e Prática.\n3ª Ed. Rio de Janeiro: Rosa dos Tempos. 1996\nLEUY, André. Ciências Clínicas e Organizações Sociais: Sentido e Crise do Sentido. Autêntica: Belo Horizonte,\n2001\nNASCIMENTO, Cecilia Cassiano et al . Apego e perda ambígüa: apontamentos para uma discussão. Rev. Mal-\nEstar Subj., Fortaleza , v. 6, n. 2, set. 2006 . Disponível em\n<http://pepsic.bvsalud.org/scielo.php?script=sci_arttext&pid=S1518-61482006000200008&lng=pt&nrm=iso>.\nAcesso em 21 out. 2015.\nROUDINESCO, Elisabeth. A família em Desordem. Rio de Janeiro, 2003.\nSANTOS, Nair Iracema Silveira dos. Movimento Institucionalista e Análise Institucional no Brasil. v. 15, n.\n1. Santa Maria: Revista Ciências Sociais e Humanas. 2002.\nSILVA NETO, João Alves da; STREY, Marlene Neves; MAGALHÃES, Andrea Seixas. Sobre a motivação para a\nconjugalidade. In: WAGNER, Adriana (Org.). Desafios psicossociais da família contemporânea: Pesquisas e\nReflexões. Porto Alegre: Artmed, 2011. Cap. 2. p. 34-52.\nVICTORA, Gomes Ceres et al. Pesquisa Qualitativa em Saúde: uma introdução ao tema. Tomo Editorial, 2000.\nISSN 18088449 5ISSN 18088449 6"
}