{
  "id": "27003",
  "trabalho": "EVOLUÇÃO E PERSPECTIVAS DA EDUCAÇÃO A DISTÂNCIA: UMA\r\nVISÃO CRÍTICO-ESTRUTURAL.",
  "area": "CIÊNCIAS HUMANAS",
  "ano": "2016",
  "evento": "XXII - ENCONTRO DE INICIAÇÃO À PESQUISA ",
  "link": "http://uol.unifor.br/oul/conteudosite/?uuid=A9181B1EDD350F6232AC400920FA510FD2676903",
  "conteudo": "XXII Encontro de Iniciação à Pesquisa\nUniversidade de Fortaleza\n17 à 21 de Outubro de 2016\nEVOLUÇÃO E PERSPECTIVAS DA EDUCAÇÃO A DISTÂNCIA: UMA\nVISÃO CRÍTICO-ESTRUTURAL.\nAilton Batista de Albuquerque Junior 1* (IC), Francivan\nGomes Rodrigues 2 (IC), Joscilene Alves de Sousa 3 (IC), Pedro Jônatas da Silva Chaves 4 (PQ).\n1. Instituto Federal do Ceará (IFCE) – Pedagogo - Área (Professor de Extensão)\n2. Universidade Aberta do Brasil – Universidade Estadual do Ceará (UAB UECE) - Licenciatura em Geografia\n3. Universidade Estadual do Ceará – Licenciatura em Pedagogia\n4. Universidade Estadual do Ceará – Pós-Graduação em Gestão Escolar e Coordenação Pedagógica\nailton.junior@ifce.edu.br\nPalavras-chave: Educação. Mídias. Tecnologia.\nResumo\nEste artigo tem o objetivo ensaísta de conceituar a modalidade de Educação a Distância (EaD) através de\ndiversos autores renomados, elencando alguns acontecimentos e instituições que se tornaram marco\nhistórico para a consolidação da atual Educação a Distância (EaD) vivenciada no Brasil. Ocorreu a\nutilização da pesquisa bibliográfica realização em sites confiáveis, livros introdutórios para a EaD, artigos,\nconsultas na legislação que regulamenta as diretrizes para a modalidade em EaD, assim como consulta em\nobras de autores que abordam o assunto. Percebe-se que cada vez mais a EaD é usada na educação\nbásica, educação superior e os cursos abertos. Em vista, essa modalidade de educação está crescendo\nglobalmente e, pouco a pouco, vai se tornando a principal modalidade na promoção de oportunidades para\na maioria das pessoas. Além dos acontecimentos históricos, este artigo vai trabalhar a evolução da\nEducação a Distância, desde seus primórdios e por consequência suas implicações e desafios que\nmotivaram sua regulamentação no sistema de ensino brasileiro, assim como as novas formas de enxergar o\ncurrículo e o processo de ensino aprendizagem focando a interação e colaboração para a formação do\nprofessor em uma sociedade global.\nIntrodução\nContemporaneamente, pode-se considerar que no Brasil existem duas modalidades de educação:\nEducação Presencial e Educação a Distância. Nos cursos regulares utilizam-se tradicionalmente a\nmodalidade de Educação Presencial, onde os professores e alunos se encontram em um mesmo ambiente\nfísico e no mesmo tempo, na forma do ensino convencional.\nQuando se fala na modalidade de Educação a Distância (EaD) nos referimos que os alunos se\nencontram separados fisicamente do professor, no tempo e no espaço, sendo que a mesma acontece\ndevida o intenso uso das tecnologias da informação e da comunicação, podendo contar com momentos\npresenciais na medida do necessário, logo a EaD traz um recurso imenso e importante para atender um\nnúmero muito grande de alunos, de forma mais efetiva que outras modalidades de ensino, sem correr o\nrisco de reduzir a qualidade dos serviços oferecidos, por contar com os recursos tecnológicos nas áreas da\ninformação e da comunicação, que a cada dia se modernizam e abrem possibilidades para o processo de\nensino-aprendizagem.\nA cada momento surgem novas abordagens em decorrência da utilização crescentes de multimídia\ne ferramentas de interação a distância na oferta e na procura de cursos, devido à expansão da internet,\nque torna possível o contato do aluno com o professor, mesmo que não fisicamente, mas em momento real,\ntornando possível o acesso a um grande número de informações necessárias ao processo de ensino.\n1Maia e Mattar (2007), falam que a Educação a Distância é praticada nos mais variados setores. O\ndesenvolvimento desta modalidade de ensino serviu para implementar os projetos educacionais, nas mais\ndiversas e complexas situações, como nos cursos profissionalizantes, capacitação para o trabalho,\ncampanhas de alfabetização, assim como em estudos formais nos mais diversos níveis e campos da\neducação.\nMetodologia\nO estudo contou com uma pesquisa de abordagem qualitativa, sendo a mesma conceituada por\nNeves (1996, p. 1) como “um conjunto de diferentes técnicas interpretativas que visam a descrever e a\ndecodificar os componentes de um sistema complexo de significados. Tendo por objetivo traduzir e\nexpressar o sentido dos fenômenos do mundo social”.\nNa sua realização se utilizou a pesquisa bibliográfica que segundo Fonseca (2002) “ é feita a partir\ndo levantamento de referências teóricas já analisadas, e publicadas por meios escritos e eletrônicos, como\nlivros, artigos científicos, páginas de web sites”. Ademais, vale-se da pesquisa de campo que nas palavras\nde Gonsalves (2001) “é o tipo de pesquisa que pretende buscar a informação diretamente com a população\npesquisada”\nOutrossim, o estudo atendeu as prescrições contidas na resolução nº 510 de 07 de abril de 2016\nque dispõe sobre as normas aplicáveis a pesquisas em Ciências Humanas e Sociais cujos procedimentos\nmetodológicos envolvam a utilização de dados diretamente obtidos com os participantes ou de informações\nidentificáveis ou que possam acarretar riscos maiores do que os existentes na vida cotidiana.\nResultados e Discussão\nA priori, busca-se aqui conceituar o que vem a ser EaD na medida em que os significados se\nencontram no dia-a-dia dos usuários dessa modalidade de ensino, logo Educação a Distância é o processo\nde ensino-aprendizagem em que o professor não está presente fisicamente, mas se relaciona\nsistematicamente com os alunos por meio das diversas ferramentas de comunicação e de informação.\nObserva-se que dependendo da metodologia utilizada e do entendimento de cada autor os conceitos de\nEaD vão se aprofundando, mas todos se referem ao que diz respeito as formas de comunicação entre os\nprincipais elementos do sistema de ensino, o professor e o aluno. Portanto, podemos dizer que Educação a\nDistância é o processo de ensino-aprendizagem mediado por tecnologias, onde o professor e o aluno estão\nseparados espacial e temporariamente, conforme especifica o decreto. 5.622/2005:\nA Educação a Distância é a modalidade na qual a mediação didática-pedagógica nos\nprocessos de ensino e aprendizagem ocorre com a utilização de meios tecnológicos de\ninformação e comunicação, com estudantes e professores desenvolvendo atividades\neducativas em lugares diversos. (BRASIL, 2005).\nA definição se intensifica na medida em que as transformações vão exigindo mais tecnologias, os\nmétodos vão se transformando e há mudanças nas relações entre professor aluno.\nMoore em 1973 já trazia essa concepção de EaD, falando na necessidade de facilitar essa\ninteração para o ensino aprendizagem.\nEnsino a distância pode ser definido como a família de métodos institucionais onde as\nações dos professores são executadas à parte das ações dos alunos, incluindo aquelas\nsituações continuadas que podem ser feitas na presença dos estudantes. Porém, a\ncomunicação entre o professor e o aluno deve ser facilitada por meios impressos,\neletrônicos, mecânicos e outros.\n2A modalidade de Educação a Distância exige muito do comprometimento do aluno, visto que esse\ntem que ter controle sobre seu tempo, por isso e importante conhecer o seu papel dentro desse processo.\nPois e de funda mental importância a organização para que venha ter um bom desempenho. Quando se\ndecide fazer um curso a distância, se aceita a participar de um novo desafio e hora de se desenvolvem o\nhabito de planejar e organizar sua aprendizagem, e manter se no controle e cria melhores condições para\nseu desenvolvimento, segundo Paulo freire “ninguém nos ensina a faze-las interagindo com os outros”. Já\no professor tutor é outro personagem da Educação a Distância que acompanha os módulos e administra a\nmetodologia usando a melhor prática didática, com o objetivo de superar as possíveis dificuldades dos\nalunos com os conteúdos específicos.\nApesar de tantas definições sobre a Educação a Distância, a maioria dos autores concordam em\num ponto em que há uma dificuldade para se chegar a um consenso sobre essa modalidade de ensino,\ndevido ela está relacionada ao fato de existir uma carência na definição de seus fundamentos. Holmberg\n(1985) considerava como base dos fundamentos da EAD a teoria da interação da comunicação:\nA expressão “educação a distância” cobre as distintas formas de estudos em todos os\nníveis que não se encontram sob a contínua e imediata supervisão dos tutores, presentes\ncom seus alunos na sala de aula, mas, não obstante, se beneficiam do planejamento,\norientação e acompanhamento de uma organização tutorial.\nQuanto ao nível mundial alguns fatos ocorreram no século XIX que fizeram revolucionar essa\nmodalidade, dos quais é importante citar, segundo Vasconcelos (2010) que a Gazeta de Boston anuncia\num curso na modalidade a distância, na edição de 20 de março de 1728, tinha o professor Caleb Philipps\ncomo idealizador, oferecendo material para o ensino e tutoria por correspondência.\nÉ apenas em 1951 que a África entra na história da EAD, com a criação da universidade de\nSudáfrica, que se destaca atualmente como a única universidade a distância da África, que se dedica\nexclusivamente a desenvolver cursos nesta modalidade, salientando-se ainda que do ano de 1990,\nbaseada na declaração de Budapeste é implantada na Europa, a Fundação da Associação Europeia de\nEducação a Distância, e foi elaborado o relatório da Comissão sobre educação aberta e a distância na\nComunidade Europeia, que institui normas para os diversos níveis de educação na modalidade a distância.\nEm 1904 é dado o pontapé oficial para surgimento da EaD no Brasil, através do Jornal do Brasil\nregistrando na sessão de classificados, um anúncio que oferecia profissionalização por correspondência\npara datilógrafos. Além disso, lá pelas décadas de 40, surge o Instituto Universal Brasileiro, que unido ao\nInstituto Monitor juntaram-se a outras instituições similares foram responsáveis pelo atendimento de\nmilhões de alunos em cursos abertos de iniciação profissionalizantes a distância.\nÉ interessante pontuar que na década de 90, vários acontecimentos surgem para difundir a\nEducação a Distância, como a TV Escola, um canal educativo da Secretaria de Educação a Distância do\nMinistério da Educação. Em 1992 é criado a Universidade Aberta de Brasília, e em 1995 é criado o Centro\nNacional de Educação a Distância, nesse mesmo ano foi criado o programa TV Escola da Secretaria de\nEducação a Distância do MEC.\nOportuno lembrar que, inicialmente no Brasil, a modalidade de Educação a Distância se destacou\npor meio das universidades privadas e organizações não governamentais, que ofertavam cursos voltados\npara profissionalização das pessoas assim como também para atender os jovens e adultos fora do sistema\nde ensino regular. Somente após a década de 90 é que a maioria das instituições se dedicou para\nutilização da Educação a Distância para o Ensino Superior no país. Com o uso de novas tecnologias da\n3informação e da comunicação a EAD vem atingindo grandes números de usuários dessa modalidade e\nalcançando o sucesso de multiplicar esses números a cada ano.\nJá no século XXI surge uma Rede de Educação Superior compostas por várias instituições\npúblicas, que se comprometeram pela democratização do acesso à educação de qualidade por meio da\nEducação a Distância, oferecendo cursos de Graduação, Pós-Graduação e cursos de extensão.\nNo Brasil, o ato mais significativo para a evolução da Educação a Distância foi a criação da Lei\nFederal 9.394/96, Lei de Diretrizes de Bases da Educação, no dia 20 de dezembro de 1996, que\nestabelece as diretrizes da educação brasileira, trazendo uma assimilação do que seria, no futuro bem\npróximo, a realidade da educação nacional, frisando a necessidade de uma regulamentação dessa\nmodalidade de ensino.\nA modalidade de Educação a Distância é mencionada em diversos atos governamentais, como\ndecretos e portarias, mas ela está expressamente regulamentada pelo Decreto Federal 5.622 de 19 de\ndezembro de 2005, apesar de alguns aspectos ainda apresentarem necessidades de regulamentação.\nConclusão\nDiante do trabalho realizado se pode considerar que a Educação a distância se encontra nas\ncondições mais democráticas das modalidades de ensino, uma vez que tem as tecnologias da nova\ngeração para superar os obstáculos surgidos no decorrer do processo educacional.\nQuando relatados todos os fatos históricos, acontecimentos e obstáculos superados chega-se a\nentender que valeu o esforço praticado pelas instituições particulares e organizações não governamentais\nquando investiram em projetos políticos pedagógicos e na capacitação de profissionais para o trabalho em\ncursos de Educação a Distância.\nFoi longo o processo de aceitação dessa modalidade de Educação, mas hodiernamente são\nnotáveis a aceitação e o crescimento do número de matrículas em EaD, que é superado a cada ano, sendo\nque o Ministério da Educação (MEC) participa desse processo investindo na inovação tecnológica e no\nprocesso de incorporação destas tecnologias no ambiente de ensino e aprendizagem.\nPercebe-se que o aprender não depende exclusivamente do modelo de educação, seja ela a\ndistância ou presencial, mas sim do esforço constante do aluno em buscar o aprender e da dedicação\nconstante do professor em se propor socializar os conhecimentos.\nO estudo não teve pretensão de delinear verdades absolutas e incontestáveis, mas buscou\ndespertar curiosidades para que outras pesquisas possam ser efetuadas, uma vez que ainda existe um\nlongo caminho a ser percorrido para melhoria dessa modalidade e eliminação de preconceitos e estigmas.\nReferências\nBRASIL, Decreto 5.622 de 19 de dezembro de 2005. Regulamenta o Art. 80 da Lei 9.394/96 de 20 de\ndezembro de 1996, que estabelece as Diretrizes e Bases da educação nacional. Disponível em:\n<http://www.planalto.gov.br/>. Acesso em: 14 abr. 2016.\nBRASIL. Lei Nº 9.394, DE 20 de dezembro de 1996. Estabelece as diretrizes e bases da educação\nnacional. Disponível em: <http://www.planalto.gov.br/ccivil_03/Leis/L9394.htm>. Acesso em: 19 ago. 2016.\nFONSECA, J. J. S. Metodologia da pesquisa científica. Fortaleza: UEC, 2002. Apostila.\nGONÇALVES, E.P. Iniciação à pesquisa científica. Campinas, SP: Editora Alínea, 2001.\nHOLMBERG, B. Educação a Distância: situação e perspectiva. Buenos Aires, 1985\n4MAIA, C; J. MATTAR. ABC da EAD: a Educação a Distância hoje. 1. Ed. São Paulo: Pearson. 2007.\nMOORO, Michael. Teoria da Distância Tradicional. Revista Brasileira de Aprendizagem Aberta e a\nDistância. Disponível em: <http://www.abed.org.br/site/pt>. Acesso em 11 abr. 2016.\nNEVES, J. L. Pesquisa qualitativa: características, usos e possibilidades. Caderno de pesquisa em\nadministração, v. 1., n. 3., 1996.\nVASCONCELOS. S.P.G. Educação a Distância: histórico e perspectivas. Universidade Estadual do Rio\nde Janeiro (UERJ). Disponível em: <http://www.filologia.org.br/viiifelin/19.htm>. Acesso em 11 abr. 2016.\nAgradecimentos\n5"
}