{
  "id": "27000",
  "trabalho": "A IMPORTÂNCIA DA APRENDIZAGEM COOPERATIVA PARA OS ALUNOS UNIVERSITÁRIOS.",
  "area": "CIÊNCIAS EXATAS E TECNOLÓGICAS",
  "ano": "2016",
  "evento": "XVI - ENCONTRO DE INICIAÇÃO À DOCÊNCIA",
  "link": "http://uol.unifor.br/oul/conteudosite/?uuid=C71839B583077F23BE6231C5CFC5B8E0A9A74131",
  "conteudo": "XVI Encontro de Iniciação à Docência\nUniversidade de Fortaleza\n17 a 20 de outubro de 2016\nA Importância da Aprendizagem Cooperativa para os alunos\nuniversitários. Eduardo Régis Barreira de Figueirêdo1* (ID), Pedro Araújo Nogueira2 (ID),\nThaylle Lins Cavalcante3 (ID), José Rubens Rodrigues de Souza4 (PO), Vera Lúcia da Silva5\n(PO), Paulo Ricardo Pinheiro Sampaio4 (PO).\n1. Curso de Engenharia Mecânica – Universidade de Fortaleza – Programa de Monitoria Voluntária.\n2. Curso de Engenharia Civil – Universidade de Fortaleza – Programa de Monitoria Institucional.\n3. Curso de Engenharia de Produção – Universidade de Fortaleza – Programa de Monitoria Institucional.\n4. Universidade de Fortaleza – Engenharia Civil.\n5. Universidade de Fortaleza – Ciência da Computação.\neduardoregis82@hotmail.com\nPalavras chave: Aprendizagem cooperativa. Estudo coletivo. Compartilhar conhecimentos. Monitoria. Trabalho em\nequipe.\nResumo\nNeste trabalho, foi realizado um estudo, na Universidade de Fortaleza, sobre os benefícios\nque a aprendizagem cooperativa pode trazer aos alunos universitários, como, a importância de\ncompartilhar conhecimentos para facilitar no aprendizado, a motivação para estudar, a elevação\nda autoestima e a capacidade de gerar novas amizades. Nesse artigo, ressaltamos a necessidade\nde trabalhar em equipe nos dias atuais para a conquista de emprego e mostramos, também, que é\npossível, utilizando essa metodologia de estudo, superar as dificuldades de um dos conteúdos\nmais difíceis, que é a matemática.\nIntrodução\nA matemática é, no Brasil, a disciplina em que as pessoas têm mais dificuldade em\naprender no ensino fundamental e médio, por conta disso muitos alunos sentem muita dificuldade\nnas cadeiras de Cálculo I, II e III quando ingressam na faculdade de engenharia, pois muitas\nvezes a dificuldade do universitário está em conteúdos da Matemática básica, tais como funções e\ngráficos de funções.\nNo decorrer do semestre passado, fizemos uma análise do número de alunos que\nfrequentavam a monitoria para a disciplina de Cálculo I e da dificuldade que eles apresentavam\npara aprender o conteúdo. Com isso, concluímos que a maioria dos alunos não haviam estudado\npara tentar sanar as dúvidas, resultando assim na dependência que eles tinham dos monitores\npara resolver os exercícios propostos pelos professores. Ademais, muitas vezes, o tempo ofertado\nISSN 21755396 1aos monitores para atenderem as pessoas individualmente era insuficiente pelo grande número de\nestudantes que procuravam a monitoria. Portanto, pensando no atendimento de todas as pessoas\ne visando estimular os alunos a pesquisarem e a estudarem, resolvemos implementar uma\nmetodologia de estudo que solucionasse esses problemas: a aprendizagem cooperativa.\nA aprendizagem cooperativa é um método de estudo que foi desenvolvido na década de\n1980 onde os integrantes trabalham juntos, afim de elaborar um objetivo comum. A principal\nfunção da aprendizagem cooperativa é evitar que algum aluno trabalhe sozinho, pois para\ningressar em um grupo de estudo no qual esse método é seguido, “o integrante deve: desenvolver\npesquisas, compartilhar resultados e resolver os problemas coletivamente. ” (SPENCER KAGAN,\n1990)\nDe fato, com a globalização da economia, o mercado vem se tornando cada vez mais\nconcorrido. Por conta disso, as empresas têm divido equipes, entre os funcionários, com o\nobjetivo de acelerar o método de produção e gerar mais lucro. “ Em função disso, o mercado\npassou a buscar profissionais cujas características pessoais incluam a facilidade de integração\nsocial e estejam aptas a exercer atividades em grupo e a trabalhar em equipe. ” (MARCO\nANTÔNIO PEREIRA, 2003, p.2)\nDiante disso, reconhecendo a importância da Universidade de Fortaleza como uma das\nuniversidades que mais insere seus egressos no mercado de trabalho, é interessante que os\nestudantes aprendam a trabalhar em equipe. Com isso, o objetivo desse trabalho é apresentar os\nbenefícios que a aprendizagem cooperativa pode trazer aos alunos durante atividade acadêmica,\npara que, futuramente, outros estudantes e monitores possam beneficiar-se desse método de\nestudo.\nMetodologia\nAntes de iniciar esse trabalho, fizemos uma revisão bibliográfica sobre aprendizagem\ncooperativa. Por conta disso, reconhecemos a grande importância que esse método pode trazer\npara a monitoria e para os estudantes, pois apresentava uma metodologia de estudo que faz com\nque os alunos se sintam estimulados a estudar.\nPara comprovar os benefícios da aprendizagem cooperativa, foi criado um grupo de estudo\nem uma rede social (WhatsApp), no qual os integrantes tinham que estudar por conta própria\nantes de comparecerem à monitoria. Quando faltavam duas semanas para as provas, o monitor\nmarcava dois dias com os alunos em que eles se encontravam para tirar dúvidas e revisar\nespecificamente para as provas.\nNeste grupo existia algumas regras em que os alunos deveriam seguir, tais como:\n1. Para consultar o monitor os alunos teriam que ter tentado resolver toda a lista proposta\npelos professores deles em sala de aula.\n2. Não podia acumular conteúdo.\n3. Os integrantes tinham que compartilhar seus conhecimentos no grupo.4. Além disso, cada integrante tinha uma função na equipe, como: de pesquisar livros que\napresentassem didáticas diferentes, de trazer exercícios além da lista proposta, de realizar\npesquisas sobre conteúdo estudado e de realizar a resolução das questões. Vale ressaltar\nque essas funções eram revezadas entre os alunos em cada etapa de avaliações.\nResultados e Discussão\nPor exigir as condições acima, somente seis alunos aceitaram ingressar no grupo, dos\nquais só um tinha uma nota acima da média. A tabela abaixo mostra as seguintes notas da 1NP1,\nantes da montagem grupo:\nTabela 1: 1NP1.\nALUNO A B C D E F\nNOTA 4,5 6 4,5 5 7 8\n1NP1\nFonte: Pesquisa direta realizada pelo autor desse artigo.\nPor seguinte, ao iniciarmos a aplicação do método de ensino, haviam encontros\ncontinuados semanalmente e dois encontros específicos para a prova. Consequentemente,\nnotamos que os alunos começaram a se sentirem motivados a estudarem, e com isso, eles\nobtiveram as seguintes notas da 2NP1:\nTabela 2: 2NP1.\nALUNO A B C D E F\nNOTA 8,5 9 8,5 8 7 10\n2NP1\nFonte: Pesquisa direta realizada pelo autor desse artigo.\nAnalisando os resultados acima, temos que somente um aluno não conseguiu aumentar a\nnota, porém o grupo todo o motivou a continuar na equipe, ressaltando a importância de trabalhar\ncoletivamente. Diante disso, com a dedicação e o comprometimento dos integrantes em melhorar\nmais ainda as notas da 1NP2, obtivemos o seguinte resultado:\nTabela 3: 1NP2.\nALUNO A B C D E F\nNOTA 9 9 10 9 9,5 9\n1NP2\nFonte: Pesquisa direta realizada pelo autor desse artigo.Diante das notas acima, os alunos notaram a evolução que eles obtiveram em torno do\nsemestre, pois todo o grupo tinha a possibilidade de passar pela cadeira sem ir para a avaliação\nfinal. Com isso, eles se sentiram estimulados a estudar mais ainda para última prova e, por causa\ndeles, realizamos quatro encontros para revisão e tira dúvidas para 2NP2, e obtivemos os\nseguintes resultados:\nTabela 4: 2NP2.\nALUNO A B C D E F\nNOTA 10 10 9,5 10 9 9,5\n2NP2\nFonte: Pesquisa direta realizada pelo autor desse artigo.\nO gráfico abaixo mostra a média das notas em cada avaliação:\nGráfico 1: Médias do grupo.\nFonte: Pesquisa direta realizada pelo autor desse artigo.\nCom essas notas, todos os integrantes do grupo foram aprovados, sem precisar da\navaliação final, e o objetivo principal da equipe foi cumprido. Ademais, vale ressaltar o grande\ndesempenho do aluno A, pois quando ele procurou a monitoria, estava extremamente\ndesestimulado com a cadeira porque além de ser a segunda vez que ele estava fazendo, a\nprimeira nota dele foi um 4,5 e depois que ele ingressou no grupo, os companheiros o ajudaram e\nmotivaram muito a conquistar essa nota 10 na 2NP2. Por causa disso, ele e mais dois alunos\nderam um depoimento para este trabalho, mostrando a importância da aprendizagem cooperativa\ne da monitoria.- Depoimentos:\n“O método foi muito bom, nos deu a oportunidade para dizer o que estava em dúvida e de\nexplicar cada detalhe devagar. Isso é muito importante para o aluno e me motivou bastante.\nPosso dizer também, que esse método me mostrou a importância de resolver as listas de\nexercícios que os professores passavam para estudar, pois antes eu não resolvia nenhuma. ”\n(Aluno A)\n“A formação de grupos de estudo em certos horários da monitoria é muito importante. Eu\nacho que você percebendo que tem alguém com mais dificuldade, o que deve é ajudar e eu gostei\nmuito de poder fazer isso, como também, gostei muito de poder aprender com os outros alunos.\nIsso foi muito interessante, porque além de adquirir conhecimentos, novas amizades são criadas. ”\n(Aluno B)\n“A monitoria é essencial, não somente para aqueles que têm dificuldades na disciplina,\nmas também para aqueles que querem um reforço nos estudos. É muito importante para estimular\no estudo diariamente. O aluno percebendo que está com dificuldades, deve procurar ajuda, e essa\najuda seria a monitoria. ” (Aluno C)\nConclusão\nCom os resultados obtidos, podemos concluir que a aprendizagem cooperativa é muito\neficiente para os alunos, pois a autoestima, a vontade de adquirir conhecimentos e o desempenho\nnas avaliações são elevados. Podemos ressaltar também, que a importância de trabalhar em\nequipe e de fazer novas amizades no primeiro semestre foram essenciais para o desempenho dos\nintegrantes do grupo. Por consequência disso, seria muito interessante que esse método de\nestudo fosse aplicado com mais frequência pelos monitores para que mais pessoas possam\nadquirir os benefícios trazidos por essa excelente forma de estudo.\nReferências\nBRANDT, R. On Cooperative Learning: A conversation with Spencer Kagan: depoimento. [\ndezembro de 1989 / janeiro de 1990 ]. California: Educational Leadership. Entrevista concedida a\nSpencer Kagan.\nFIRMIANO, E. P. Aprendizagem Cooperativa na Sala de Aula (2011). PRECE, São Paulo, v.1,\np.5-8, 12 de fevereiro de 2011.\nPEREIRA, M. A. A.; FREIRE, J. E.; SEIXAS, J. A. Evolução e mudanças organizacionais: a\nimportância do trabalho em equipe (2003). XXIII ENEGEP, Ouro Preto, MG, Brasil, v.1, p.1-2, 21 a\n24 de outubro de 2003.\nPINHO, E. M.; FERREIRA, C. A.; LOPES, J. P. As opiniões de professores sobre a aprendizagem\ncooperativa (2013). Rev. Diálogo Educ., Curitiba, v. 13, n. 40, p. 913-919, set./dez. 2013.\nTIJIBOY, A. V.; MAÇADA, D. L.; SANTAROSA, L. M. C.; FAGUNDES, L. C. Aprendizagem\nCooperativa em Ambientes Telemáticos (1999). Informática na Educação: teoria e prática. Porto\nAlegre, v.2, n.1, p.19-20, maio, 1999.Agradecimentos\nGostaria de agradecer aos alunos que fizeram parte do grupo de estudo, pois a dedicação\ne o esforço que eles tiveram para fazer parte da equipe serviu de motivação para realização deste\ntrabalho. Ressalto também, a importância dos co-autores e dos orientadores para a elaboração\ndesse artigo, que ajudaram em todos os momentos em que lhes foram solicitados um\nquestionamento sobre a construção desta pesquisa científica."
}