{
  "id": "27004",
  "trabalho": "A ORGANIZAÇÃO DA PRODUÇÃO DE FLORES NO CEARÁ",
  "area": "CIÊNCIAS HUMANAS",
  "ano": "2016",
  "evento": "XXII - ENCONTRO DE INICIAÇÃO À PESQUISA ",
  "link": "http://uol.unifor.br/oul/conteudosite/?uuid=349781ED768D94B84850E382FA10347E4F88CDFE",
  "conteudo": "XXII Encontro de Iniciação à Pesquisa\nUniversidade de Fortaleza\n17 à 21 de Outubro de 2016\nA organização da produção de flores no Ceará.\nKassia Kiss Silva da Costa 1* Leandro Vieira\nCavalcante 2\n1. Universidade Estadual do Ceará – Curso Geografia.\nkassia_kiss93@hotmail.com\n2. Universidade Estadual do Ceará – Doutorando em Geografia.\nPalavras-chave: Agronegócio. Produção de flores. Ceará.\nResumo\nDentre as novas áreas que tem se destacado na produção de flores e plantas ornamentais, temos o Estado\ndo Ceará, que vem se destacando nessa atividade nas últimas duas décadas, sobretudo por apresentar\ncondições para o desenvolvimento dessa produção, como o solo e clima favoráveis e o apoio do Estado, na\ncriação de políticas públicas voltadas ao setor. A produção no Ceará é desenvolvida em cinco regiões:\nCariri, Maciço de Baturité, Região Metropolitana de Fortaleza, Vales do Curu e Aracatiaçu e Planalto da\nIbiapaba. O objetivo é apresentar como se deu a organização da produção de flores no Ceará. Nossa\ninverstigação nos apontou que o Estado foi o principal agente para que essa atividade acontecesse no\nCeará e também nos revelou o destaque do Planalto da Ibiapaba em relação às outras áreas de produção\nde flores no Ceará.\nIntrodução\nA produção de flores e plantas ornamentais no Ceará é considerada recente, haja vista que\nsomente nas duas últimas décadas é que o estado tem se destacado nessa produção em escala comercial.\nAlguns fatores contribuíram para isso, como: solo e clima favoráveis a essa produção, a proximidade do\nestado com os principais mercados consumidores, como a Europa, e os incentivos governamentais para as\nempresas se instalarem no estado. Os principais produtos cultivados, associados a esse mercado no Ceará\nsão: flores temperadas, principalmente rosas, flores tropicais, folhagens, bulbos e plantas ornamentais.\nO papel do Estado foi de grande relevância para inserção da produção de flores e plantas\nornamentais no Ceará, essa atividade já existia no estado, mas com pouca expressão. Pode-se afirmar que\nfoi o Estado o principal agente incentivador para que essa atividade agrícola acontecesse em grande escala.\nO mesmo contratou técnicos estrangeiros, para que realizassem um diagnóstico das melhores áreas\npropícias a essa produção, que inicialmente estava voltada para a exportação.\nForam identificadas cinco regiões propícias ao desenvolvimento do setor: Cariri, Maciço de\nBaturité, Região Metropolitana, Vales do Curu e Aracatiaçu e Planalto da Ibiapaba. Dentre essas regiões a\nque mais se destaca é o Planalto da Ibiapaba.\nMetodologia\nPara dar conta dos objetivos lançamos mão dos seguintes procedimentos metodológicos: a)\nlevantamento e leitura de material bibliográfico, se baseou na reunião de diversos trabalhos (artigos,\nmonografias, dissertações, teses, jornais, anuários, relatórios e livros), com temas direta ou indiretamente\nrelacionados à pesquisa; b) levantamento e organização de pesquisa documental se deu com a busca de\nmateriais que fossem interessantes para a pesquisa em órgãos públicos; c) levantamento e organização de\nISSN 18088449 1séries estatísticas de variáveis e indicadores de interesse para a pesquisa; d) formação de uma hemeroteca,\nforam obtidas em sites dos principais jornais do estado do Ceará: Diário do Nordeste, O Povo, O Estado e\nTribuna do Ceará. Também buscamos notícias em revistas, blogs, portais de notícias, órgãos públicos etc.;\ne e) realização de trabalhos de campo no Planalto da Ibiapaba - CE, Maciço de Baturité - CE e Fortaleza -\nCE.\nResultados e Discussão\nFoi apenas no final dos anos 1990, que a produção de flores e plantas ornamentais passou a se\ndestacar no Estado do Ceará. Apesar disso, de acordo com o Serviço Brasileiro de Apoio às Micro e\nPequenas Empresas - Sebrae (2005), a história da floricultura no Ceará pode ser dividida em quatro fases\ndistintas. A primeira fase, que vai de 1919 a 1921, marca o início da atividade no Ceará, quando as\nprincipais espécies cultivadas eram: Rosa, Dhalia, Hydrangea, Nephrolepsis e flores tropicais, produzidas\napenas nas proximidades de Fortaleza.\nNo intervalo dessa primeira fase para a segunda, a publicação do Sebrae (2005, p. 04) ressalta:\nÉ importante registrar, que de 1921 a 1970, a floricultura cearense registrou um\navanço muito tímido, apenas acompanhando o crescimento gradativo do mercado\ninterno, ressaltando que toda a produção e consequente comercialização dos\nprodutos oriundos dessa atividade, centralizaram-se principalmente, em duas\nfamílias de produtores de origem estrangeira, uma japonesa e outra portuguesa,\natravés da exploração de suas terras localizadas na região metropolitana de\nFortaleza.\nA segunda fase, que vai de 1970 a 1980, é marcada pela expansão do plantio de flores em áreas\nfora de Fortaleza, na região da Serra de Baturité, nos municípios de Baturité, Guaramiranga e Pacoti, com\nos produtores Cândida Nuto (Flora Tropical), Hugo Varella (Floricultura Guaramiranga) e Francisco Chaves\n(Sítio Vale das Rosas) (ROCHA, 2006, p.74). Produziam-se, principalmente, rosas, flores tropicais,\ngypsophila e gérbera, entre outros. (SEBRAE, 2005). \"A produção destinava-se a atender notadamente um\nmercado varejista que estava começando a ser criado.\" (SEBRAE, 2005, p. 04).\nA terceira fase da produção de flores no Ceará, que vai de 1994 a 1996, é o \"início dos primeiros\ncultivos em estufas, de rosas, através da empresa Agropecuária Jereissati, no Sítio Arvoredo, em Pacoti.\"\n(ROCHA, 2006, p.74), empresa essa de propriedade do ex-governador do Ceará, Tasso Jereissati. Outras\náreas também se destacam nesse período, segundo a publicação do Sebrae (2005, p.04):\nO início dos primeiros cultivos em estufas, de flores de corte e em vaso, tendo\ncomo exemplo a empresa Naturalis Tropicus, localizada em Maranguape/CE, e\nvários produtores da Serra de Baturité; e de projetos voltados para a exportação,\ncomo é o caso da Quinta das Flores, em Paracuru, com a Ananas.\nAinda sobre essa fase, Oliveira e Brainer (2007, p.44) afirmam que:\nA partir de 1994, iniciaram-se os cultivos com a utilização de tecnologia mais\navançada, incluindo estufas, com a produção voltada à exportação. Foram\nestabelecidas as bases de produção de abacaxi ornamental ( Ananas sp.) no\nmunicípio de Paracuru, com o produto destinando-se, principalmente, ao mercado\neuropeu.\nISSN 18088449 2E a quarta fase, que vai de 2000 a 2006, é marcada pelos grandes projetos de produção de flores\nlocalizados, principalmente, na Serra da Ibiapaba, com destaque das empresas Cearosa e Reijers.\n(SEBRAE, 2005). Nessa última fase tem-se o destaque do papel do Estado no incentivo à expansão da\nprodução de flores e plantas ornamentais no Ceará, principalmente, no incentivo à instalação de empresas\nprodutora de rosas no Planalto da Ibiapaba.\nDe acordo com Silva (2006), o Governo do Estado do Ceará implementou várias políticas de\nincentivo à floricultura. Em 1998, cria-se o Programa Cearense de Agricultura Irrigada - PROCEAGRI, o\nprimeiro apoio à atividade, e que tinha como objetivo estimular produções em áreas com potencial de\nirrigação, como a fruticultura, horticultura e floricultura. Segundo Silva (2006), outros programas e projetos\nforam desenvolvidos no Ceará e contribuíram para a dinamização da produção de flores: O Programa\nSetorial Integrado de Promoção das Exportações de Flores e Plantas Ornamentais - FloraBrasilis; o Projeto\nCentro Agroflores de Inovação Tecnológica; o Projeto Caminhos de Israel e o Projeto Flores do Ceará.\nA Agência de Desenvolvimento do Ceará - ADECE foi criada pelo Governo do Estado do Ceará\ncom a finalidade de executar as políticas e diretrizes oriundas da Secretaria do Desenvolvimento Econômico\n- SDE1, sendo composta por câmaras setoriais. A Câmara Setorial das Flores - CSF, atualmente é o\nprincipal instrumento de articulação entre a iniciativa privada e o Estado. A ADECE e a CSF tem papel de\ndestaque na dinamização da floricultura no Ceará, são elas que demandam as políticas públicas e os\neventos voltados ao setor.\nAtravés de uma série de programas e políticas de governo criadas, o Governo do Estado do\nCeará é um dos principais agentes que estimula a produção de flores e plantas ornamentais, dentre esses\nestímulos do Governo cearense está a realização de eventos do setor. Alguns eventos são realizados no\nestado, para que se tenha a promoção dos produtos cultivados, entre eles podemos citar a Agroflores,\nrealizada durante a Semana Internacional da Fruticultura, Floricultura e Agroindústria - FRUTAL.\nAtualmente no Ceará são identificadas cinco regiões da produção de flores e plantas\nornamentais: Região Metropolitana de Fortaleza, Maciço de Baturité, Cariri, Vales do Curu e Aracatiaçu e\nPlanalto da Ibiapaba. Dentre essas regiões tem-se o destaque do Planalto da Ibiapaba, por possuir as\nmaiores empresas do estado, maior produção e número de empregos. No mapa seguinte pode-se notar a\nlocalização dessas cinco regiões de produção de flores.\n1 Disponível em: <http://www.adece.ce.gov.br/>. Acesso em: 21 de mar. de 2016.\nISSN 18088449 3Mapa 01 - Regiões produtoras de flores e plantas ornamentais no Ceará\nFonte: Agropolos, 2013. Base cartográfica: IBGE, 2010.\nISSN 18088449 4Organização: Kassia Costa, 2016. Projeto Cartográfico: Roberto Jarllys Reis Lima, 2016.\nNa Região Metropolitana de Fortaleza cinco municípios se destacam na produção de flores e\nplantas ornamentais na RMF: Fortaleza, Aquiraz, Caucaia, Eusébio, Maranguape e Pindoretama\n(AGROPOLOS, 2014).\nA RMF se destaca na produção de plantas ornamentais (palmeiras, crótons, mini-cactus,\nmussaendas, minilacres, ficus, bromélias), flores em vaso (crisântemos) e flores tropicais (helicônias,\nantúrios) e gramas (ROCHA, 2006). A produção nessa região é controlada por pequenos produtores, que\ncultivam para fornecer esses produtos, principalmente, para jardins de casas, condomínios e sítios. Além de\ncomercializarem as plantas, também oferecem serviços de jardinagem e vendem os produtos, como vasos e\nadubos. Em Fortaleza, Aquiraz e Eusébio esses estabelecimentos são facilmente observados na rodovia\nCE-040.\nNo Maciço de Baturité, de acordo com Agropolos (2014), os municípios que se destacam na\nprodução de flores e plantas ornamentais nessa região são: Aratuba, Baturité, Guaramiranga, Mulungu,\nPacoti, Palmácia e Redenção. Os principais produtos florais cultivados na região são: flores tropicais,\nfolhagens, crisântemos, copo de Leite, rosas, lysianthus e plantas ornamentais. O principal município\nprodutor é Guaramiranga, neste encontra-se a Cooperativa dos Produtores e Floricultores de Guaramiranga\n(COOPERFLOR), criada há seis anos, com sede localizada no centro da cidade e composta por vinte e\ncinco pequenos produtores.\nOs municípios que produzem flores e plantas ornamentais nos Vales do Curu e Aracatiaçu são\nsão: Tejuçuoca, Pentecoste, Paraipaba e Paracuru. As variedades produzidas são: plantas ornamentais,\ngramas, bulbos de amarílis, calladium, ananás em vaso, cactáceas e suculentas. (AGROPOLOS, 2014).\nUma das principais empresas da região é a Companhia de Bulbos do Ceará - CBC, fundada em 2004, no\nSítio Barreira Vermelha, em Paraipaba e trabalha com a produção, beneficiamento e exportação das\nespécies Canna indica, Amaryllis e Caladium.\nNo Cariri os municípios produtores são: Barbalha, Crato e Jardim. As principais espécies\nproduzidas são: crisântemos, rosas, plantas ornamentais, folhagens e flores tropicais. Essa região possui a\nAssociação de Produtores de Flores e Plantas Ornamentais do Cariri (Cariri Flora) e o Mercadão das flores,\nem Juazeiro do Norte, que atua como uma das principais empresas da região do Cariri, possuindo uma\ndistribuidora e duas lojas em Juazeiro do Norte, e uma filial no Crato.\nNo Planalto da Ibiapaba os municípios produtores de flores e plantas ornamentais nesta região\nsão: Carnaubal, Guaraciaba do Norte, Ibiapina, São Benedito, Tianguá, Ubajara, e Viçosa do Ceará. As\nprincipais espécies produzidas são: rosas, folhagens e plantas ornamentais.\nPodemos identificar que dentre essas regiões a que mais se destaca é o Planalto da Ibiapaba,\npor abrigar as principais empresas produtoras de flores, com destaque nacional e internacional: Grupo\nReijers, Cearosa, Flora Fogaça e Grupo Swart. Em consequência disso, também possui o maior número de\nempregos no setor e maior produção em relação as outras regiões do Ceará. Abriga também a Escola de\nFloricultura do Ceará - Tecflores, localizada em São Benedito.\nConclusão\nAtravés deste trabalho percebemos o destaque do Ceará na produção de flores, que mesmo\nconhecido por outras atividades agrícolas e pela seca, apresenta condições ambientais, econômicas e\nISSN 18088449 5políticas propícias par esse tipo de produção em relação aos outros estados, como a aproximação com os\nprincipais mercados consumidores internacionais, clima e solo favorável, com insolação constante,\npermitindo o cultivo de flores durante todo o ano.\nTambém nos apontou o destaque do Planalto da Ibiapaba em relação às outras áreas de produção\nde flores no Ceará, por possuir grandes empresas produtoras principalmente de rosas. Assim, essa região\npossui maior produção e número de empregos dentre as outras regiões. Outro fator que faz que essa região\nse destaque é o apoio do Estado para que essa produção se realize nesse espaço.\nPercebemos também o forte papel do Estado na produção de flores e plantas ornamentais\ncearenses no incentivo a expansão da produção. Afinal, é através desse agente que hoje é realizada essa\natividade no estado. As empresas produtoras de flores foram instaladas com incentivos governamentais\n(fiscais, financeiros e infraestruturais), para fins de comercialização em larga escala, visando a exportação.\nO Estado do Ceará também criou programas e eventos voltados para o setor, mas que apenas beneficia as\ngrandes empresas e o pequeno produtor acaba ficando excluído.\nReferências\nAGROPOLOS. Panorama da Floricultura do Ceará 2013. Fortaleza, 2014.\nOLIVEIRA, A. A. P.; BRAINER, M. S. de C. P. Floricultura: Perfil da atividade no Nordeste brasileiro. -\nFortaleza: Banco do Nordeste do Brasil, 2007. 354p. – (Série Documentos do ETENE, n. 17).\nROCHA, L. B. A produção de flores no Estado do Ceará em Baturité, Redenção e São Benedito.\nDissertação (Mestrado em Geografia), Universidade Federal do Ceará - UFC, Fortaleza, 2006.\nSEBRAE. Serviço Brasileiro de Apoio às Micro e Pequenas Empresas. Estudo Setorial floricultura.\nFortaleza - CE, 2005.\nSILVA, E. A. Competitividade das exportações de plantas vivas e produtos de floricultura do Ceará e\ndo Brasil de 1998 a 2004. Dissertação (Mestrado) - Departamento de Economia Agrícola, Pós Graduação\nem Economia Rural, Universidade Federal do Ceará, Fortaleza, 2006, p. 78.\nAgradecimentos\nA Universidade Estadual do Ceará - UECE.\nA minha amiga e orientadora Profª. Drª. Camila Dutra dos Santos.\nAo meu amigo Leandro Cavalcante por toda ajuda.\nISSN 18088449 6"
}