{
  "id": "27010",
  "trabalho": "A CONTRIBUIÇÃO DAS PRÁTICAS AMBULATORIAIS EM MEDICINA NO PROCESSO ENSINO-APRENDIZAGEM DOS GRUPOS DE ESTUDOS DIRIGIDOS: UM RELATO DE EXPERIÊNCIA.",
  "area": "CIÊNCIAS DA VIDA",
  "ano": "2016",
  "evento": "XVI - ENCONTRO DE INICIAÇÃO À DOCÊNCIA",
  "link": "http://uol.unifor.br/oul/conteudosite/?uuid=A063FF07DCAEB5FFC686267ACE5C115C922F9F06",
  "conteudo": "XVI Encontro de Iniciação à Docência\nUniversidade de Fortaleza\n17 a 20 de outubro de 2016\nA contribuição das práticas ambulatoriais em Medicina no processo ensino-\naprendizagem dos Grupos de Estudos Dirigidos: um relato de experiência.\nRubens Torres de Holanda Cavalcante Filho¹* (ID), Danielle\nPessoa Lima² (PO)\n1. Universidade de Fortaleza – PROMOV\n2. Universidade de Fortaleza – Curso de Medicina\nrubenstorres92@gmail.com\nPalavras-chave: Monitoria. Docências. Ensino. Aprendizagem. Ambulatório.\nResumo\nObjetivos: Este relato de experiência pretende transmitir quais foram as melhorias na\naprendizagem e no ensino que foram obtidas após o semestre letivo com o grupo,\ncorrelacionando com as práticas ambulatoriais que o autor do trabalho vivenciou no mesmo\nperíodo e a possível influência delas nesse processo; Metodologia: Relato de experiência,\nocorrido ocorreu no período de fevereiro a junho de 2016, em uma instituição particular de ensino\nsuperior do município de Fortaleza – CE. A amostra consistia de uma grupo de 8 alunos fixos, de\numa população de acadêmicos do terceiro semestre do curso de Medicina da UNIFOR com faixa\netária media de 20 anos de idade. Toda a experiência compartilhada pelos discentes foi obtida por\nmeio de discursos verbais, diretos e francos durantes os feedbacks realizados após os períodos\nde prova; Resultados: Foi possível ratificar a importância da aplicação dos conhecimentos\nestudados na disciplina de Exame Neurológico e Geriatria para os acadêmicos e, com isso,\nmotivar os estudantes a aprenderem o conteúdo e a praticarem os conhecimentos adquiridos;\nConclusão: A experiência adquirida nos ambulatórios médicos contribui significativamente para a\nmelhoria do processo de ensino-aprendizado. Reitera-se a importância das práticas ambulatoriais\ncomo um potencial auxiliador no processo de ensino-aprendizagem, principalmente no que diz\nrespeito à motivação e à logística da monitoria a ser empregada pelo monitor.\nIntrodução\nNo sistema educacional da sociedade contemporânea, depreende-se que o processo de ensino-\naprendizagem consiste em uma complexa interação comportamental entre professores e alunos,\nsendo capaz de possibilitar o diálogo entre o conteúdo formal, que é o conteúdo curricular e os\nconteúdos únicos que, são as vivências, histórias e individualidade, tanto do professor como do\naluno, que são os sujeitos do processo educacional. Neste sentido, a monitoria consiste em uma\nISSN 21755396 1estratégia de ensino que contribui para a formação do aluno nas atividades de ensino, pesquisa e\nextensão da graduação, propiciando ao monitor a oportunidade de compartilhar (aprendendo e\nensinando) seus conhecimentos com os alunos. Dessa forma, a monitoria passa a ter\nresponsabilidade no processo da docência universitária, assim como também na qualidade da\nformação profissional, contribuindo no planejamento das ações pedagógicas (DE OLIVEIRA,\n2015).\nAlém disso, o programa de monitoria possibilita ao aluno experimentar e vivenciar a formação\npara o futuro docente. Essa vivência tornou-se um privilégio aos alunos aprovados, pois o\nprograma de monitoria torna-se de fundamental importância para o despertar da vocação da\nprofissão escolhida, assim possibilita a compreensão das atribuições do docente antes mesmo de\nadentrar em sala de aula. Poder-se-ia dizer também que a monitoria é importante nas disciplinas\ndo ensino superior, uma vez que ultrapassa a obtenção de um título e vai mais além de tudo isso,\npois perpassa as relações estabelecidas de trocas de conhecimentos entre o professor orientador\ne o aluno monitor (DA SILVA, 2015).\nA Universidade de Fortaleza (UNIFOR), por meio do Programa de Monitoria Voluntária\n(PROMOV), oferece aos acadêmicos matriculados na instituição a possibilidade de participação\nativa em uma monitoria, sendo um serviço amplamente disponível nos diversos cursos e\ndisciplinas do local. Nesse local, diversas são as metodologias que podem ser empregadas para\naprimorar a experiência da monitoria. Dentre elas, estão, por exemplo, o apoio do monitor aos\nalunos durante as aulas ministradas pelo professor, os treinamentos monitorados acompanhando\nos alunos em aulas teóricas e práticas em sala de aula ou em laboratórios específicos e os grupos\nde estudos dirigidos. Esse último constitui uma maneira de proporcionar um processo de ensino-\naprendizado com um grupo de alunos reduzido, em encontros periódicos, com o objetivo de\nintensificar ainda mais o vínculo entre o monitor e o monitorado, além de otimizar a transmissão\ndos conhecimentos necessários (DE AZEVEDO, 2014).\nNesse ínterim, o módulo de Habilidades Médicas III, relativo ao terceiro semestre do curso de\nMedicina da Universidade de Fortaleza (UNIFOR), é uma das disciplinas do curso que oferece aos\nacadêmicos a oportunidade de exercerem a monitoria em todos os parâmetros citados, inclusive,\ncom a estratégia dos grupos de estudo dirigido. Dentre outros temas, esse módulo aborda a\nsemiologia e o exame neurológico, além do estudo da Geriatria. No curso da disciplina, os\ndiscentes aprendem as técnicas para a avaliação física do sistema nervoso e algumas das\npossíveis alterações patológicas encontradas na semiologia neurológica. Além disso, na disciplina\nde Geriatria, os acadêmicos aprendem como realizar a anamnese geriátrica e como aplicar as\nescalas de avaliação do idoso, além de outras particularidades de notável importância na\navaliação geriátrica (Módulo de Habilidades Médicas III, 2016).\nAssim, diante da complexidade de temas e de assuntos envolvidos nessa disciplina, a disciplina\nde Habilidades Médicas III tem, no monitor e nos grupos de estudos, notórias ferramentas para\nmelhorar o processo de ensino-aprendizado entre professores, monitores e alunos monitorados.Já no ciclo clínico da Medicina, a partir do 5ª semestre no caso da UNIFOR, os acadêmicos\npassam a realizar atendimentos ambulatoriais em diversos serviços de especialidade no Núcleo\nde Atenção Médica Integrada (NAMI). Isso faz parte do cenário de estratégias práticas para o\nensino-aprendizagem no curso (DE CAMPOS, 2001).\nEntretanto, apesar de um local de prática de notável evidência na formação médica em\nassistência à saúde, ainda não significativos estudos em Educação Médica sobre os potenciais\nbenefícios que essa vivência ambulatorial pode proporcionar ao aluno que é, simultaneamente,\num monitor de uma disciplina de conteúdo semelhante o afim (STELLA, 2009).\nEm vista disso, este relato de experiência tem como objetivo descrever a vivência e os\nconhecimentos adquiridos pelo autor durante a monitoria voluntária que exerceu no módulo e no\nperíodo mencionado. Mais especificamente, pretende-se transmitir quais foram as melhorias na\naprendizagem e no ensino que foram obtidas após o semestre letivo com o grupo,\ncorrelacionando com as práticas ambulatoriais que o autor do trabalho vivenciou no mesmo\nperíodo e a possível influência delas nesse processo.\nMetodologia\nEste trabalho consiste em um relato de experiência, sendo, assim, uma descrição dos\nconhecimentos adquiridos e das experiências vivenciadas pelo autor em determinado assunto ou\ncontexto, de um ponto pessoal e com uma abordagem mais flexível e informal se comparada a\noutras formas de estudo. Este estudo ocorreu no período de fevereiro a junho de 2016, em uma\ninstituição particular de ensino superior do município de Fortaleza – CE. A amostra consistia de\numa grupo de 8 alunos fixos, de uma população de acadêmicos do terceiro semestre do curso de\nMedicina da UNIFOR com faixa etária media de 20 anos de idade. A descrição das experiências\nfoi realizada tendo como base as melhorias no processo ensino-aprendizagem que o monitor pôde\nadquirir durante as diversas atividades desempenhadas no âmbito do grupo de estudo dirigido\nrelativo ao módulo de Habilidades Médicas III. As reuniões do grupo de estudos ocorria uma vez\nna semana, todas as segundas-feiras, no horário de 12:30h à 14:00h contando com a participação\ndo próprio monitor e do grupo de alunos. Durante a atividade, o monitor auxiliava os estudantes\nno treinamento dos procedimentos médicos das práticas aprendidas nas aulas e, eventualmente,\nrealizava uma revisão teórica dos assuntos abordados em sala de aula. Para escrever o relato, foi\nrealizada uma revisão teórica e bibliográfica em artigos originais publicados em revistas cientificas\ne dados obtidos por meio da experiência do enunciador, tais como: os feedbacks dos acadêmicos\nacerca do grupo de estudo, a assiduidade e a participação deles nos treinamentos, a percepção\ndo real nível de aprendizagem obtido, a adesão deles ao plano de ensino e à logística dos\nencontros. O presente trabalho não acarretou quaisquer danos físicos ou morais aos participantes.\nNão houve coleta de dados ou quaisquer formas de obtenção de informações do acadêmicos\nenvolvidos. Toda a experiência compartilhada pelos discentes foi obtida por meio de discursosverbais, diretos e francos durantes os feedbacks realizados após os períodos de prova. Este\ntrabalho também não acarretou onus financeiro para a instituição.\nResultados e Discussão\nDurante o primeiro semestre de 2016, concluí o sétimo semestre do curso de Medicina da\nUNIFOR, em que tive a oportunidade de cursar os módulos de Psiquiatria, Neurologia,\nReumatologia, além de Habilidades Médicas VII e Ações Integradas em Saúde VII.\nConcomitantemente, participei do programa de monitoria voluntária como monitor do módulo de\nHabilidades Médicas III, do terceiro semestre desse curso, disciplina a qual os estudantes\naprendem, dentre outros temas, a Semiologia Neurológica e a Geriatria.\nNo módulo de Ações Integradas em Saúde VII, os alunos realizam atendimentos ambulatoriais em\nquatro rodízios durante o semestre. Um deles é o estágio no Lar Torres de Melo, em que os\nacadêmicos têm a oportunidade de ter mais contato com a Geriatria na prática clínica. Nesse\nperíodo, pude compartilhar um pouco da minha experiência com os alunos do GED, pois minhas\naulas na instituição eram às quintas-feiras e as monitorias eram na segunda-feira da semana\nseguinte. Nesse contexto, por exemplo, em uma das reuniões com os alunos monitorados,\nexpliquei aos discentes como era a rotina de atendimento nesse ambiente de cuidado ao idoso,\nalém de exemplificar como era realizada a aplicação da técnica de anamnese geriátrica na prática,\ncorrelacionando os aspectos teóricos que são aprendidos no módulo de Habilidades Médicas III\ncom a prática. Em outro momento, contei aos alunos como era importante ter atenção à\nlinguagem verbal e à não-verbal com o idoso, além de ter cuidado com o espaço físico do\natendimento. Também contextualizei e ilustrei determinadas doenças que os estudantes\naprendem na disciplina, como o Delirium e a Depressão Unipolar, pois pude atender pacientes\ncom essas comorbidades, o que me permitiu explanar, com uma maior riqueza de detalhes, aos\nacadêmicos como é o quadro clínico e a abordagem diagnóstica e terapêutica dessas patologias.\nAlém disso, também expliquei aos alunos como ocorre, na prática, a aplicação das escalas de\navaliação geriátrica, assim como outros instrumentos de avaliação geriátrica que não são muito\nexplorados na referida disciplina. Ademais, também promovi reflexões com os discentes acerca da\natual gestão de saúde no cuidado com o idoso, exemplificando com a situação a qual o Lar Torres\nde Melo se encontra, em que ocorrem constantes greves dos funcionários por falta de\npagamentos do Governo, o que compromete o bem-estar e o cuidado das pessoas que lá\nresidem. Assim, pude ratificar a importância da aplicação dos conhecimentos estudados na\ndisciplina de Geriatria para os acadêmicos e consegui, com isso, motivar os estudantes a\naprenderem o conteúdo e a praticarem os conhecimentos adquiridos.\nJá no módulo de Habilidades Médicas VII, os alunos realizam os atendimentos ambulatoriais em\ndois rodízios. No primeiro, eu tive a oportunidade de atender no serviço de Neurologia do Núcleo\nde Atenção Médica Integrada (NAMI). Nesse ambulatório, pude conhecer, na prática, várias\ndoenças de notória importância na clínica, como o AVC e o Parkinson, além de praticar o exame\nneurológico durante o exame físico dos pacientes. Nesse ínterim, eu era o único monitor dadisciplina que estava tendo essa oportunidade de acompanhar o ambulatório de intrínseca\ncorrelação com os conteúdos abordados no módulo do qual eu era monitor. Isso me permitiu,\nnovamente, enriquecer a experiência da monitoria. Foi possível, por exemplo, exemplificar para os\nalunos como era realizada a aplicação do exame neurológico na prática clínica, não só utilizando\nas técnicas aprendidas por eles em sala de aula, mas também ilustrando outras maneiras de\naplicar essa forma de avaliação médica, já que os professores que me orientavam no ambulatório\nsempre aprofundavam mais essa temática. Além disso, também pude contextualizar para os\ndiscentes como eram os achados patológicos e as alterações encontradas na semiologia\nneurológica, o que se tornou algo positivo no que diz respeito aumentar o interesse dos\nestudantes pelo assunto, uma vez que, nas aulas do módulo, eles aprendem a realizar, na maioria\ndo tempo, o exame neurológico em pacientes normais, sem encontrar alterações fisiológicas.\nAdemais, isso também contribuiu para que eu pudesse imaginar e elaborar melhor as situações\nclínicas durante os treinamentos com os alunos, já que, como monitor, um dos meus papéis era\nprepará-los para as avaliações teórico-práticas da disciplina em questão. Em contrapartida, no\nque tange à experiência do ambulatório, a oportunidade de que tive de revisar os conteúdos já\ncitados em sala de aula com os professores do Habilidades Médicas III também me ajudou\ndurante os atendimentos ambulatoriais, já que se trata de um conteúdo extenso, complexo e que\neu já havia esquecido em grande parte, já que havia 4 semestres passados desde que cursei o\nreferido módulo. Então, assim como na Geriatria,toda essa experiência me permitiu uma melhora\nna logística das monitorias do assunto.\nConclusão\nDurante o semestre em que houve a experiência desse relato, a vivência prática da clínica médica\ncontribuiu para enriquecer a minha experiência e me deixar mais preparado e confiante para\ncompartilhar esses temas com outros acadêmicos. De fato, no exercício da monitoria, é primordial\nque o discente realize uma harmônica combinação entre o conhecimento do assunto e a\nmetodologia de ensino a ser aplicada. Enquanto a logística da monitoria e forma com que o\nmonitor vai passar o conhecimento aos alunos estão em constante evolução e aprimoramento\ndurante essa forma de iniciação à docência, o conteúdo da disciplina fica, muitas vezes, imutável\ndesde de a época em que o monitor estava aprendendo os temas em questão. Isso faz a\nmonitoria perder um pouco de sua qualidade e de sua potencialidade. Assim, com o monitor\nrenovando seu conteúdo teórico e adquirindo novas perspectivas de abordagem dos assuntos, a\nexperiência do ensinar se torna mais diversificada e flexível. Considerando-se o conhecimento\nclínico como um dos mais primordiais no aprendizado médico, as práticas ambulatoriais emergem\ncomo uma maneira importante para a fixação e a aplicação dos assuntos pertinentes à Medicina.\nNo que diz respeito ao aprendizado dos alunos, isso parece ser um fator de notória contribuição\nno que diz respeito à aquisição dos conteúdos, tendo em vista que esses estudantes,aparentemente, se entusiasmam mais com os assuntos estudados e vêem um sentido mais\nimportante e prático naquilo que estudam, o que facilita a aprendizagem.\nDessa maneira, a experiência adquirida nos ambulatórios médicos contribui significativamente\npara a melhoria do processo de ensino-aprendizado. Embora este trabalho não seja quantitativo e\nnão tenha levantado, estatisticamente, nenhuma mudança percentual no perfil de nota e no\nrendimento dos alunos em relação ao que foi abordado no relato, enfatizo e reitero a importância\ndas práticas ambulatoriais como um potencial auxiliador no processo de ensino-aprendizagem,\nprincipalmente no que diz respeito à motivação e à logística da monitoria a ser empregada pelo\nmonitor.\nReferências\nDA SILVA, Elma Alves; DOS SANTOS, Marta Maria Minervino. MONITORIA: SUA IMPORTÂNCIA\nNA FORMAÇÃO DOCENTE. In: Anais do Congresso de Inovação Pedagógica em Arapiraca.\n2015.\nDE AZEVEDO, Marcela Nishina; CROSSETTI, Geraldo Lopes. A CONTRIBUIÇÃO DA PRÁTICA\nDE MONITORIA DE QUÍMICA PARA ALUNOS DO ENSINO SUPERIOR. Anais do Salão\nInternacional de Ensino, Pesquisa e Extensão, v. 6, n. 1, 2014.\nDE CAMPOS, Francisco Eduardo et al. Caminhos para aproximar a formação de profissionais de\nsaúde das necessidades da atenção básica. 2001.\nDE OLIVEIRA, Augusto César Alves et al. O PAPEL DA MONITORIA NO PROCESSO ENSINO-\nAPRENDIZAGEM. CADERNOS DE EDUCAÇÃO, SAÚDE E FISIOTERAPIA, v. 2, n. 3, 2015.\nMódulo de Habilidade Médicas III, Curso de Medicina da UNIFOR, 2016.\nSTELLA, Regina Celes de Rosa et al. Cenários de prática e a formação médica na assistência em\nsaúde. Revista brasileira de educação Médica, 2009.\nAgradecimentos\nPresto meu agradecimento, primeiramente, à Universidade de Fortaleza (UNIFOR) pela promoção\ndo evento e pelo inventivo que tem dado ao programa de monitoria voluntária. Também sou grato\na todos os professores e professoras envolvidos na disciplina de Habilidades Médicas III,\nespecialmente à professora Danielle Pessoa Lima, por todo o apoio que me deu, desde a época\nem que era aluno do módulo citado. Também agradeço a todos os funcionários do Laboratório de\nHabilidades Médicas, cujos esforços diários possibilitam as atividades no subsolo do NAMI, além\ndos alunos da disciplina de Habilidades Médicas III, que possibilitaram minha experiência nesse\ntrabalho."
}