{
  "id": "27012",
  "trabalho": "ANÁLISE DA CAPACIDADE FUNCIONAL EM MULHERES MASTECTOMIZADAS",
  "area": "CIÊNCIAS DA VIDA",
  "ano": "2016",
  "evento": "XXII - ENCONTRO DE INICIAÇÃO À PESQUISA ",
  "link": "http://uol.unifor.br/oul/conteudosite/?uuid=1F4FBA81C273C2C8A878F9DD2A2099BB820BC06D",
  "conteudo": "XXII Encontro de Iniciação à Pesquisa\nUniversidade de Fortaleza\n17 à 21 de Outubro de 2016\nAnálise da capacidade funcional em mulheres mastectomizadas\nEduardo Teixeira Mota Junior 1* (IC), Camila Ferreira Ribeiro 1 (IC), Letícia Almeida da Silva 1 (IC), Maria\nÁurea Catarina Passos Lopes (PQ)2, Cleoneide Paulo Oliveira Pinheiro 3 (PQ)\n1. Discente do curso de Fisioterapia do Centro Universitário Estácio do Céara (ESTÁCIO-FIC), Fortaleza, Ceará.\n2. Fisioterapeuta. Pós-graduanda em Fisioterapia Cardiorrespiratória pela Faculdade Inspirar, Fortaleza, Ceará.\n3.Docente do Curso de Fisioterapia do Centro Universitário Estácio do Ceará (ESTACIO-FIC), Fortaleza, Ceará.\neduardotmotajr@hotmail.com\nPalavras chaves: Neoplasias da Mama. Mastectomia. Capacidade Funcional.\nResumo\nObjetivo: Analisar a Capacidade Functional (CF) de mulheres mastectomizadas atendidas por um serviço\nde fisioterapia no estado do Ceará. Métodos: Trata-se de um estudo de campo, de caráter transversal e\ndescritivo, com estratégia de análise quantitativa dos resultados apresentados. A pesquisa desenvolveu-se\nno Programa de Assistência a Mulheres Mastectomizadas (PROAMMA), em Fortaleza-CE. O período de\nrealização da pesquisa foi de agosto a outubro de 2015. Resultados: De acordo com a análise dos dados\nobservou-se que 45,5% dos participantes relataram sentir bastante dificuldade para fazer esforços mais\nviolentos. Quanto à dificuldade para percorrer uma grande distância a pé, 54,54% dos idosos sentiam um\npouco de dificuldade e 27,28% não sentem dificuldade alguma. Nenhuma das mulheres do estudo não\nnecessitavam de ajuda para realizar suas atividades de vida diária como vestir-se, tomar banho e alimentar-\nse. Com relação a classificação a sua Qualidade de Vida (QV) global durante a última semana: na escala de\n1(péssima) a 7(ótima), 45,45% escolheram o número 4; 18,18% escolheram o número 5; 18,18% o número\n6 e 18,18% escolheu o número 7. Conclusão: A CF das mulheres mastectomizadas foi comprometida, o\nque desencadeiam processos incapacitantes que podem afetar a QV e funcionalidade das mesmas.\nIntrodução\nO câncer de mama é o segundo tipo de câncer mais frequente no mundo e o mais comum entre as\nmulheres. Possui taxas de mortalidade elevadas, muito provavelmente porque a doença ainda é\ndiagnosticada em estádios avançados. Acima dos 35 anos, sua incidência cresce rápida e\nprogressivamente. Estima-se 53 mil novos casos de câncer de mama no país (ALVES et al., 2010; FACINA,\n2012; INCA, 2013).\nO acometimento por uma doença acarreta incapacidade físicas e psicossociais, de forma temporária\nou permanente, ameaçando a construção, a vivencia e o desempenho de papéis ocupacionais e, gerando\numa desestruturação de seu desempenho ocupacional (DO). O DO é composto por áreas de desempenho,\ndivididas em sete subáreas, compostos por atividades cotidianas como: atividades básicas da vida diária\n(ABVD), atividades instrumentais da vida diária (AIVD), repouso e sono, educação, trabalho, atividades\nlúdicas, lazer e participação social (AMERICAN OCCUPATIONAL THERAPY ASSOCIATION, 2008;\nBREGAGNOL, R.K.; DIAS, A. S. 2010 ).\nO DO tem como um de seus integrantes a capacidade funcional (CF), na qual está inserida a sua\navaliação funcional, que por sua vez, busca verificar em que nível as doenças ou agravos impedem o\ndesempenho das atividades das atividades cotidianas de forma autônoma e independente, ou seja,\nrealizadas sem a necessidade de adaptações ou de auxilio de outras pessoas, permitindo o\ndesenvolvimento de um planejamento assistencial mais adequado (DUARTE, Y. A. O.; ANDRADE, C. L.;\nISSN 18088449 1LEBRÃO, M. L. O. 2007; LINO, V. T. S.; PEREIRA, S. R. M.; CAMACHO, L. A. B. 2008; PALMADOTTIR, G\n2010).\nA intervenção fisioterapêutica em pessoas mastectomizadas deve ser iniciada precocemente com o\nobjetivo de prevenir possíveis complicações advindas da cirurgia. A dor nesse período pode levar a graus\nvariados de imobilidade, que poderão intervir diretamente na dificuldade de movimentação, além de\ncontribuir para a instalação de um linfedema. A sobrevida cada vez maior implica não só o desenvolvimento\nde técnicas que melhorem a qualidade de vida (QV), bem como o treinamento e entrosamento da equipe\nmultidisciplinar (LAHOZ, M.A.; et al. 2010; COUCEIRO, T. C. M.; et al. 2009)\nDiante desse contexto, justifica-se a realização de estudos dessa natureza, uma vez que há a\nnecessidade em aprofundar o conhecimento dos profissionais de saúde e de pacientes quanto à importância\nda intervenção fisioterapêutica na melhoria da QV dessas mulheres. Além disso, é oportuno despertar na\ncomunidade cientifica, a importância da fisioterapia precoce no pós-operatório de mama. Assim resolveu-se\nrealizar esta pesquisa que teve por objetivo analisar a capacidade funcional de mulheres mastectomizadas\natendidas por um serviço de fisioterapia no estado do Ceará.\nMetodologia\nTrata-se de um estudo de campo, de caráter transversal e descritivo, com estratégia de análise\nquantitativa dos resultados apresentados. A pesquisa desenvolveu-se no Programa de Assistência a\nMulheres Mastectomizadas (PROAMMA), em Fortaleza-CE. O período de realização da pesquisa foi de\nagosto a novembro de 2015, a depender da aprovação do Comitê de Ética do Centro Universitário Estácio\ndo Ceará, sendo aprovado com o parecer número: 099703/2015.\nA população foi constituída por mulheres em pós-operatório de cirurgia de mama que se\nencontravam em tratamento fisioterápico no PROAMMA. Para composição da amostra usou-se uma\nporcentagem de pelo menos 50% de mulheres assistidas na instituição e que utilizassem do serviço de\nfisioterapia.\nForam incluídas mulheres mastectomizadas que se disponibilizaram a participar da pesquisa. E\nexclusas as mulheres que por algum momento sentiu-se constrangida após ter iniciado a responder o\nquestionário ou os responderam de modo incompleto, e/ou apresentem déficits cognitivos que dificultem as\nrespostas para preenchimento dos instrumentos de coleta de dados.\nRealizou-se inicialmente uma consulta ao Programa de Assistência a Mulheres Mastectomizadas\n(PROAMMA) para conhecer a quantidade de pacientes em pós-operatório de mama. Além da autorização\nda coordenação para acesso aos nomes, foram apresentados aos pacientes os objetivos e o teor da\npesquisa, informando que a participação era voluntária, sendo ao final da explicação, convidados a participar\ndo estudo.\nApós o consentimento mediante sem em participar e assinatura um termo de consentimento (TCLE),\nas participantes foram submetidas à aplicação de um questionário que continham dados de identificação,\nhistórico clínico, social , psicológico e questões referente a CF, para a partir das respostas analisar a CF\ndas mulheres mastectomizadas atendidas por um serviço de fisioterapia no estado do Ceará, delineando o\nperfil social, demográfico, clínico e emocional das mesmas.\nOs dados quantitativos foram analisados na estatística descritiva e inferencial do software Microsoft\nOffice Excell 2007. Após a tabulação dos dados, os mesmos foram apresentados por meio de gráficos,\ntabelas e/ou quadros.\nResultados e Discussão\nISSN 18088449 2A amostra foi composta de 11 pacientes (mulheres) masctectomizadas atendidas no Programa de\nAssistência a Mulheres Mastectomizadas (PROAMMA) do Centro Universitário Estácio do Ceará, uma vez\nque, estas contemplavam os critérios de inclusão definidos para a participação no estudo. Com relação à\nidade média das mulheres participantes do estudo, observa-se a variação entre 45 anos e 77 anos de idade,\n36,36% 45 a 50 anos; 36,36% 52 a 60 anos; 18,18% 61 a 70 anos; 9,10% acima de 71 anos. Segundo\nVeronesi, 2009, o câncer de mama acomete mais mulheres na faixa etária acima de 45 anos sendo a idade\nconsiderada um fator de risco para essa doença.\nQuanto à condição civil das mulheres, foi possível observar que entre as 11 mulheres participantes\ndo estudo eram, 18,18% solteiras; 63,63% casadas; 9,10% divorciada; 9,10% viúvas. Esse resultado indica\nque a maioria das mulheres tem o apoio de um companheiro, por tanto tem com quem dividir ou\ncompartilhar suas dificuldades e responsabilidades. Independentemente de sua estrutura e composição,\ndeve-se considerar a importância do envolvimento da família na promoção à saúde e cuidado a seus\nmembros.\nEm relação à escolaridade, 27,27% possuíam ensino fundamental completo, 27,27% possuíam\nensino fundamental incompleto, 18,18% ensino médio completo e 27,28% ensino médio incompleto,\nrespectivamente. Podemos considerar que, em geral, a baixa escolaridade está associada ao baixo padrão\nsocioeconômico, fator que pode predispor a situações potencialmente de risco para tais mulheres, além de\ndificultar o exercício de direitos e de cidadania.\nSobre a ocupação, 36,36% trabalham; 45,46% não trabalham, mas recebem auxílio; 18,18% não\ntrabalha, nem recebem auxílio. A situação constatada mostra que o nível de escolaridade possui relação\ncom a ocupação, pois a baixa escolaridade reduz as chances de se conseguir um emprego. O estudo\ndemostra que 100% das mulheres habitam na zona urbana. Diante desta situação observa-se uma maior\nfacilidade para buscar tratamento para sua patologia e limitação funcional.\nA partir das respostas dos questionários identificou-se que as participantes do estudo apresentam\ncomprometimento da CF. Assim, foi possível identificar a dificuldade para fazer esforços mais violentos,\nsendo que 45,45% relataram sentir bastante dificuldade; 27,28% um pouco; 18,18% muito; 9,09% não\nsentem dificuldade.\nCom relação à dificuldade para percorrer uma grande distância a pé, constatou-se que 54,54%\nsentem um pouco de dificuldade; 27,28% não sentem dificuldade; 9,09% sentem bastante; 9,09% sentem\nmuita dificuldade.\nSobre dificuldade para dar um passeio a pé, fora de casa, observou-se que 72,72% não sentem\ndificuldade; 27,28% sentem um pouco de dificuldade. O estudo demostra que em relação à necessidade de\nficar na cama ou numa cadeira durante o dia, 72,72% não sentem necessidade; 27,28% sentem um pouco\nde necessidade. Observou-se que 100% das mulheres não precisam de ajuda para realizar suas atividades\nde vida diária como vestir-se, tomar banho, alimentar-se.\nSegundo Maieski (2007), o câncer de mama talvez represente o câncer mais temido entre a\npopulação feminina, pelo trauma psicológico quanto à doença, ao tratamento e ao medo da mutilação e\ndistorção da autoimagem, comprometendo o aspecto físico, psicológico e social; pois a mama apresenta\nimportância para o corpo da mulher como parte simbólica e característica da imagem feminina, faz relação\ncom a sexualidade e também com a função de mulher.\nO estudo demonstra a funcionalidade e sintomas das mulheres durante a última semana. Em relação\na limitação no emprego ou no desempenho de atividades, observou-se que 45,45% sentem um pouco de\nlimitação; 27,28% sentem bastante limitação; 18,18% sentem muita limitação; 9,09% não sente limitação.\nEm relação a limitação na ocupação habitual dos seus tempos livres, observou-se que 45,45% sentem um\nISSN 18088449 3pouco de limitação; 27,28% não sentem limitação; 18,18% sentem bastante limitação; 9,09% sente muita\nlimitação.\nDe acordo com os sintomas observou-se que, 72,72% das mulheres não sentiram falta de ar;\n27,28% sentiram um pouco. Em relação as dores, 36,36% relataram sentir bastante; 27,28% sentiram um\npouco; 18,18% sentiram muita; 18,18% não sentiram dores. Quanto ao descanso, 81,82% precisaram\ndescansar um pouco; 18,18 não precisou descansar. Sobre ter dificuldade em dormir, 45,45% não tiveram\ndificuldade; 27,28% tiveram um pouco; 18,18% tiveram muita dificuldade; 9,09% teve bastante dificuldade\npara dormir.\nEm relação em ter prisão de ventre durante a última, observou-se que; 54,54% tiveram um pouco\ne; 45,45% não tiveram. 90,90% das mulheres relataram não ter tido diarreia durante a última semana e;\n9,09% teve um pouco. Em relação a se sentir cansada, 63,63% se sentiram um pouco cansada; 27,28% não\nse sentiram cansada e; 9,09% sentiu-se muito cansada. 36,36% das mulheres relataram que as dores\nperturbaram as suas atividades diárias; 27,28% relataram que as dores perturbaram um pouco; 18,18%\ndisseram que as dores não perturbaram e; 18,18% relataram que as dores perturbaram muito. De acordo\ncom a dificuldade em concentra-se, para ler o jornal ou ver televisão; 45,45% não relataram dificuldade;\n36,36% relataram um pouco de dificuldade; 9,09% sentiu bastante dificuldade; 9,09% sentiu muita\ndificuldade.\nSegundo alguns autores, a mulher mastectomizada, quando em tratamento quimioterápico, tende\na ficar mais sensível e vulnerável aos estímulos que o mesmo provoca, muitas vezes, interferindo na\npromoção de uma resposta eficaz ao tratamento. A mastectomia costuma causar impacto, abalando a sua\nautoestima. Quando associada à quimioterapia, esse é agravado ainda mais em decorrência dos efeitos\ncolaterais, especialmente a queda de cabelo, podendo evidenciar respostas ineficazes que se refletem em\nmedo, depressão, angústia e tristeza (SILVA, L. C. 2015; COSTA, A. I. S.; CHAVES, M.D. 2012)\nSegundo Pereira ( 2006), o sentimento de culpa aparece constantemente e muitas das mulheres\natribuem o aparecimento do câncer ao estilo de vida que levavam e à influência do meio cultural em que se\ninserem tais como hábitos alimentares, falta de cuidado com o corpo, estresse, herança familiar, repressão\nde sentimentos e trauma físico.\nO estudo demonstrou a interferência de seu estado físico e tratamento médico na vida familiar\n81,82% relataram que não houve interferência; 9,09% relatou ter tido um pouco de interferência e 9,09%\nrelatou ter havido muito interferência. Na vida social, 45,45% relataram não ter havido interferência; 36,36%\num pouco; 9,09% bastante e 9,09% relatou ter havido muita interferência. E, problemas de ordem financeira,\n45,45% afirmaram não ter tido problemas financeiros; 36,36% um pouco; 9,09% bastante e 9,09% afirmou\nter tido muitos problemas financeiros.\nEm relação ao estudo de como as mulheres classificariam a sua saúde em geral durante a última\nsemana mostrou-se que na escala de 1 (péssima) a 7 (ótima), 54,54% escolheram o número 5; 18,18%\nescolheram o número 4; 18,18% o número 6 e somente 9,09% escolheu o número 7, afirmando que sua\nsaúde está ótima. As participantes classificariam a sua qualidade de vida global durante a última semana\nmostrou-se que na escala de 1 (péssima) a 7 (ótima), 45,45% escolheram o número 4; 18,18% escolheram\no número 5; 18,18% o número 6 e 18,18% escolheu o número 7, afirmando que sua qualidade de vida está\nótima.\nSegundo Lino (2008), a capacidade funcional está associada à habilidade de um indivíduo em\nrealizar suas atividades básicas da vida diária (ABVDs) e atividades instrumentais da vida diária (AIVDs) de\nmaneira independente de outras pessoas, sendo caracterizada pela eficiência na execução das tarefas da\nISSN 18088449 4vida cotidiana, e é dependente da preservação de habilidades motoras e cognitivas estando diretamente\nligada à qualidade de vida (QV).\nConclusão\nLevando-se em conta o que foi observado, a CF das mulheres mastectomizadas foram\ncomprometidas, o que desencadeiam processos incapacitantes que podem afetar a qualidade de vida e\nfuncionalidade das mesmas.\nÉ imprescindível que diante dos argumentos expostos, todos se conscientizem de que o exame\nclínico das mamas deve ser realizado anualmente para o diagnostico precoce, pois o mesmo ainda é a\nmelhor forma de tratamento para o câncer, pois suas taxas de mortalidade no Brasil continuam elevadas\nporque são diagnosticados em estádios avançados.\nReferências\nALVES, P. C.; SILVA, A. P. S.; SANTOS, M. C. L.; et al. Conhecimento e expectativas de mulheres no pré-\noperatório da mastectomia. Revista da escola de enfermagem da USP, v. 44, n. 4, p. 989-995, 2010.\nAMERICAN OCCUPATIONAL THERAPY ASSOCIATION (AOTA). Uniform Terminology of Occupational\nTherapy, 2 ed. The American Journal of Occupational Therapy, v. 62, n. 6, p. 625-683 Nov./Dec., 2008.\nBREGAGNOL, R.K.; DIAS, A. S. Alterações funcionais em mulheres submetidas à cirurgia de mama com\nlinfadenectomia axilar total. Rev Bras Cancerol. v.56, n.1, p.:25-33, 2010.\nCOSTA, A. I. S.; CHAVES, M.D. Dor em pacientes oncológicos sob tratamento quimioterápico. Rev. Dor.\nv.13, n.1, p45-9, 2012.\nCOUCEIRO, T. C. M.; MENEZES T. C.; VALÊNÇA, M. M. Síndrome dolorosa pós-mastectomia. A\nmagnitude do problema. Rev. Bras Anestesiol. v.59, n.3, p.358-65, 2009.\nDUARTE, Y. A. O.; ANDRADE, C. L.; LEBRÃO, M. L. O Índex de Katz na avaliação da funcionalidade dos\nidosos. Rev Esc Enferm USP. v.41 n.2 p.317-325, 2007.\nFACINA, T. Estimativa 2012 – Incidência de Câncer no Brasil. [Artigo de internet]. Disponível em:\nhttp://www.inca.gov.br/rbc/n_57/v04/pdf/13_resenha_estimativa2012_incidencia_de_cancer_no_brasil.pdf .\nAcesso em 12 de abril de 2013. FERNANDES AFC, MAMEDE MV.\nINCA - Instituto Nacional Do Câncer (Brasil). [Artigo de internet]. Disponível em:\n<http://www2.inca.gov.br/wps/wcm/connect/acoes_programas/site/home/nobrasil/>. Acesso em 15 de março\nde 2013\nLAHOZ, M.A.; NYSSEN, S. M.; CORREIA, G. N. et al. Capacidade funcional e qualidade de vida em\nmulheres pós-mastectomia. Rev Bras Cancerol. v.56, n.4, p.423-30, 2010.\nLINO, V. T. S.; PEREIRA, S. R. M.; CAMACHO, L. A. B.; et al. Adaptação Transcultural da Escala de Katz\nCad. Saúde Pública, Rio de Janeiro, v.24, n.1, p.103-112, 2008.\nMAIESKI, V. M.; SARQUIS, L. M. M. Mulheres com câncer de mama em quimioterapia e sua influência\nsobre o trabalho. Cogitare Enfermagem. v.12, n.3, p.346-52. 2007.\nPALMADOTTIR, G. The role of occupational participation and environment among, Icelandic women\nwith breast cancer: a qualitative study, Scandinavian Journal of Occupational Therapy. v. 17, n. 4, p. 299-\n307, 2010.\nPEREIRA, S. G. et al. Vivências de cuidados da mulher mastectomizada: uma pesquisa bibliográfica.\nRevista Brasileira de Enfermagem, v. 59, n. 6, p. 791-5, 2006. Disponível em: < http://\nwww.scielo.br/pdf/reben/v59n6/a13.pdf >. Acesso em: 15 outubro 2015\nISSN 18088449 5SILVA, L. C. Câncer de mama e sofrimento psicológico:aspectos relacionados ao feminino. Psicologia em\nEstudo. Maringá, v. 13, n. 2, p. 231- 37, 2008. Disponível em: < http://www.scielo.br/pdf/\npe/v13n2/a05v13n2.pdf >. Acesso em: 15 outubro 2015.\nVERONESI U, ZURRIDA S, GOLDHIRSCH A, et al. Breast cancer classification: time for a change. J Clin\nOncol. v.27, n.15, p.2427-8, 2009.\nISSN 18088449 6"
}