{
  "id": "27027",
  "trabalho": "REPRODUTIBILIDADE DA FREQUÊNCIA CARDÍACA EM TESTES DE CAMINHADA EM IDOSOS",
  "area": "CIÊNCIAS DA VIDA",
  "ano": "2016",
  "evento": "XXII - ENCONTRO DE INICIAÇÃO À PESQUISA ",
  "link": "http://uol.unifor.br/oul/conteudosite/?uuid=4E6569960B32AC89449784E256820DEC398C90BD",
  "conteudo": "XXII Encontro de Iniciação à Pesquisa\nUniversidade de Fortaleza\n17 à 21 de Outubro de 2016\nREPRODUTIBILIDADE DA FREQUÊNCIA CARDÍACA EM TESTES DE\nCAMINHADA EM IDOSOS.\nJosé Igor Barbosa dos Santos¹* (IC),Carminda Maria Goersch Fontenele Lamboglia²(PQ), Ralciney Márcio\nCarvalho Barbosa²(PQ), Diane Nocrato Esmeraldo Rebouças² (PQ), André Igor Fonteles² (PQ/O)\n1. Universidade de Fortaleza – Acadêmico Curso de Educação Física. PROMON/UNIFOR\n2. Universidade de Fortaleza – Docente Curso de educação física, UNIFOR.\nGrupo de Pesquisa em promoção da saúde e esportes da UNIFOR.\nIgorsantos837@gmail.com\nPalavras-chave: Saúde do Idoso. Aptidão física. Exercício físico. Sistema Nervoso Autônomo. Idoso.\nResumo\nA capacidade de resposta do sistema nervoso autônomo pode fornecer informações úteis sobre as\nadaptações funcionais do corpo humano. A Frequência Cardíaca (FC) é uma das variáveis fisiológicas mais\nutilizadas em programas de avaliação e prescrição de exercício físico, sendo largamente empregada como\nindicadora de intensidade do esforço. Dessa forma o objetivo do estudo foi verificar a reprodutibilidade da FC\nfinal em testes de caminhada em idosas. A amostra foi composta por idosas praticantes de Tai Chi Chuan\n(TCC) (n=10) e sedentárias (n=10). O estudo caracteriza-se como sendo do tipo quase experimental com\ndelineamento cruzado, e ordem aleatorizada. Os indivíduos foram randomizados quanto a aplicação dos\ntestes de caminhada e avaliados durante duas semanas. Na semana 1, o indivíduo que iniciasse as coletas\npelo TC6min, após, 48 horas (h) realizaria o TC400m, e, na semana 2, iniciaria pelo TC400m e após 48h o\nTC6min. Esse delineamento foi realizado para os dois grupos. Empregou-se o coeficiente de correlação\nintraclasse (CCI; com 95% de intervalo de confiança) para verificar a reprodutibilidade. A FC apresentou boa\nreprodutibilidade no TC6min para as idosas praticantes de TCC (CCI≥0,88) e sedentárias (CCI≥0,93), bem\ncomo, no TC400m para as idosas praticantes de TCC (CCI≥0,81) e sedentárias (CCI≥0,94). Em conclusão,\na FC obtida no TC6min e TC400m pode ser usada na obtenção de medidas confiáveis na avaliação\ncardiorrespiratória, sendo caracterizados por uma boa reprodutibilidade.\nIntrodução\nOs testes de caminhada de 6 minutos (TC6min) e 400 metros (TC400m) são utilizados para\navaliação da aptidão cardiorrespiratória em idosos (SIMONSICK et al., 2001; PETTEE GABRIEL et al., 2010)\nsendo considerados submáximos. Além disso, apresentam uma boa tolerância por parte dos avaliados, além\nde refletir melhor as atividades do cotidiano, visto que é uma importante medida de capacidade\nfuncional(ATS, 2002; ROLLAND et al., 2005).\nRecentemente, estudos têm focado no sistema nervoso autônomo, examinando os benefícios e\nriscos potenciais que estão associados com a função e disfunção dos sistemas simpático e parassimpático\n(GOLDSMITH; BLOOMFIELD; ROSENWINKEL, 2000), fornecendo informações úteis sobre as adaptações\nfuncionais do corpo humano (LAMBERTS; LAMBERT, 2009).\nNeste sentido, a frequência cardíaca (FC) apresenta relação linear com o aumento da intensidade\ndo exercício físico. Em consequência disso, é uma variável útil para o controle da intensidade de treino,\nISSN 18088449 1ressaltando sua fácil mensuração durante o exercício físico, tanto pela palpação do pulso como pela\nutilização de frequencímetros, cujo custo é acessível à maioria das pessoas (VANZELLI et al., 2005)\nEmbora atenção tenha sido dada às implicações prognósticas das alterações na FC durante o\nexercício (LAUER et al., 1996), até o momento não se encontram investigações sobre a reprodutibilidade da\nFC final nos testes de caminhada (TC6min e TC400m) em idosas, pois a FC é uma das variáveis fisiológicas\nmais utilizadas em programas de avaliação e prescrição de exercício físico, sendo largamente empregada\ncomo indicadora de intensidade do esforço (CAMBRI et al., 2006 ). Portanto, o objetivo do estudo foi\nverificar a reprodutibilidade da FC final em testes de caminhada em idosas.\nMetodologia\nA amostra foi constituída por 20 idosas, sendo 10 idosas praticantes de Tai Chi Chuan, com tempo\nde prática de pelo menos 6 meses e não mais de 1 ano e que realizassem apenas o TCC, e 10 idosas\nsedentárias. A caracterização da amostra é apresentada na Tabela 1. As idosos sedentários auto relataram\nsua participação em esportes, bem como o tempo de lazer pelo questionário desenvolvido por Baecke e\ncolaboradores (1982).\nForam excluídos do estudo, sujeitos que fizessem uso de marca-passo, pressão arterial sistólica de\nrepouso superior a 160 mmHg e diastólica a 100 mmHg, que apresentasse durante os testes, dor no peito,\ndispneia intolerável, cãibras nas pernas, tontura ou vertigem e que fizesse uso beta bloqueadores ou\ninibidores de cálcio e fumantes. Todos os sujeitos foram informados sobre os procedimentos utilizados,\npossíveis benefícios e riscos atrelados à execução do estudo, condicionando a sua participação de modo\nvoluntário através da assinatura do termo de consentimento livre e informado. O protocolo de pesquisa foi\ndelineado conforme as diretrizes propostas na Resolução 466/12 do Conselho Nacional de Saúde sobre\npesquisas envolvendo seres humanos, sendo aprovado no comitê de ética e pesquisa da Universidade\nFederal do Rio Grande do Norte (UFRN) pelo protocolo nº 540/11 CEP/HOUL.\nTabela 1. Caracterização da amostra. Dados expressos em média e (±) desvio padrão.\nTCC (n=10) Sedentárias (n=10) P\nIdade (anos) 64,6 (±3,3) 65,5 (±7,3) 0,471\nMassa corporal (kg) 60,8(±4,3) 65,5 (±12,1) 0,277\nEstatura (m) 1,52 (±0,07) 1,50 (±0,05) 0,431\nIMC (kg.m-2) 26,2 (±2,7) 28,9 (±4,3) 0,120\nTCC – grupo de idosas praticantes de Tai Chi Chuan; IMC – índice de massa corporal.\nDesenho experimental\nO estudo caracteriza-se como sendo do tipo quase experimental com delineamento cruzado, e\nordem aleatorizada. Os indivíduos foram randomizados quanto a aplicação dos testes de caminhada e\navaliados durante duas semanas. Na semana 1, o indivíduo que iniciasse as coletas pelo TC6min, após, 48\nhoras (h) realizaria o TC400m, e, na semana 2, iniciaria pelo TC400m e após 48h o TC6min. Esse\ndelineamento foi realizado para os dois grupos, sendo que, iniciamos as coletas com as idosas praticantes\nde TCC e após 1 mês com as sedentárias. Todos os testes foram realizados em um ginásio coberto, sendo\niniciado no mesmo período do dia (07h:00-09h:00) para minimizar os possíveis efeitos circardianos. Os\nindivíduos foram orientados a evitarem qualquer atividade física ou exercício prolongado durante o estudo,\nISSN 18088449 2que não fossem atividades de rotina do seu dia-dia. Além disso, nos dias das avaliações não consumirem\nalimentos e bebidas cafeinadas nas 3h precedentes aos testes.\nProtocolos dos testes de caminhada\nUma semana antes do início do estudo foi empregado um protocolo de familiarização com os\nmesmos procedimentos adotados no estudo. Para o TC6min, os sujeitos seguiram as recomendações do\nprotocolo sugerido pela American Thoracic Society (ATS, 2002), e para o TC400m foi utilizado o protocolo\ndo estudo de Simonsick e colaboradores (2001).\nAnálise estatística\nApós a constatação da normalidade de distribuição dos dados mediante teste de Shapiro-Wilk,\nempregou-se o teste t de Student para amostras independentes e coeficiente de correlação intraclasse (CCI;\ncom 95% de intervalo de confiança). As análises estatísticas foram realizadas usando o Pacote Estatístico\npara Ciências Sociais (SPSS) para Windows versão 18.0 (SPSS, Chicago, IL, USA).\nResultados e discussão\nPara interpretar os dados deste estudo utilizamos os pontos de corte apresentados por Dupuy e\ncolaboradores (2012). A Tabela 2 apresenta a reprodutibilidade das médias da FC final e percentual da FC\nmáxima [FCmáx=220-idade], nos TC6min e TC400m, respectivamente. Essas variáveis apresentaram\nelevada à excelente reprodutibilidade.\nTabela 2 – Reprodutibilidade da frequência cardíaca (FC) nos testes de caminhada de 6 minutos (TC6min),\ne 400 metros (TC400m). Dados expressos em média e (±) desvio padrão.\nTCC (n=10) Sedentárias (n=10)\n1º TC6min 2º TC6min CCI IC 95% 1º TC6min 2º TC6min CCI IC 95%\nFCfinal (bpm) 119,0±13,0 122,0±12,0 0,88 0,54-0,97 111,0±12,0 112,0±11,0 0,93 0,85-0,99\n%Fcmáx 77,0±8,8 79,0±7,7 0,88 0,53-0,97 72,0±6,6 71,6±5,1 0,94 0,78-0,98\n1º TC400m 2º TC400m CCI IC 95% 1º TC400m 2º TC400m CCI IC 95%\nFCfinal (bpm) 119,0±12,0 125,0±12,0 0,81 0,24-0,95 110,0±15,0 109,0±17,0 0,94 0,76-0,98\n%Fcmáx 76,8±8,1 80,8±8,7 0,83 0,31-0,95 71,6±8,6 70,9±10,1 0,92 0,71-0,98\nTCC – Tai Chi Chuan; 1º TC6min – primeiro teste de caminhada de 6 minutos; 2º TC6min – segundo teste\nde caminhada de 6 minutos; 1º TC400m – primeiro teste de caminhada de 400 metros; 2º TC400m –\nsegundo teste de caminhada de 400 metros; CCI – coeficiente de correlação intraclasse; IC – intervalo de\nconfiança; FCfinal – frequência cardíaca absoluta final; %FCmáx – percentual da frequência cardíaca\nmáxima.\nVários fatores podem afetar a reprodutibilidade da FC durante testes de caminhada. Entretanto,\ncomo as idosas passaram por um período de familiarização, demonstração visual da aplicabilidade dos\ntestes, bem como receberam padronização do encorajamento verbal, além do curto intervalo de tempo entre\nos testes, e fator ambiental controlado, esses fatores poderiam ter influenciado na boa reprodutibilidade da\nFC nos testes de caminhada.\nAlém disso, acredita-se, que a intensidade da FC atingida nos testes possa ter influenciado nessa\nresposta, tendo em vista que as idosas atingiram uma intensidade submáxima em todos os testes,\napresentando um percentual da FC menor que 85% (Tabela 2). Portanto, acredita-se que o exercício\nsubmáximo não provoca excessiva atividade simpática em idosas (CORRÊA et al., 2012) pois em altas\nISSN 18088449 3intensidades ocorrem uma maior variabilidade biológica do simpático e componentes vagal da FC\n(MARTINMÄKI; RUSKO, 2008).\nSendo assim, considerando que a FC é uma das variáveis fisiológicas mais utilizadas em programas\nde avaliação e prescrição de exercício físico, caso a FC não seja estável e reprodutível, a sua utilidade\nclínica e preventiva não teria um prognóstico confiável (TULUMEN et al., 2011). Nossos resultados\ndemonstram que a FC é reprodutível, sendo uma ferramenta confiável quando utilizado nos TC6mim e\nTC400m em idosas praticantes de TCC e sedentárias, uma vez que a reprodutibilidade é uma propriedade\nde medida essencial para resultados de estudos de intervenção, sendo necessária em todas as populações\nque serão avaliadas (O`KEEFFE et al., 1998).\nConclusão\nA FC obtida nos testes de caminhada investigados (TC6min e TC400m) pode ser utilizada na\nobtenção de medidas confiáveis na avaliação da aptidão cardiorrespiratória em idosas, sendo caracterizados\npor uma boa reprodutibilidade. A utilização da FC nesses testes parece garantir seu uso para diagnóstico\ncomo um instrumento válido para medida do controle autonômico cardíaco e prescrição de exercício.\nReferências\nAmerican Thoracic Society (ATS). ATS Statement : Guidelines for the Six-Minute Walk Test. Am\nJ Respir Crit Care Med., v. 166, p. 111-7, 2002.\nBAECKE, J. A.; BUREMA, J.; FRIJTERS, J. E. A short questionnaire for the measurement of\nhabitual physical activity in epidemiological studies. Am J Clin Nutr., v. 36, n. 5, p. 936–42, Nov.,\n1982.\nCAMBRI, L. T.; FOZA, V.; NAKAMURA, F. Y.; OLIVEIRA, F. R. de. Frequência cardíaca e a\nidentificação dos pontos de transição metabólica em esteira rolante. Revista da Educação\nFísica/UEM, v. 17, n. 2, p. 131–7, 2006.\nCORRÊA, F. R.; DA SILVA ALVES, M. A.; BIANCHIM, M. S.; CRISPIM DE AQUINO, A.;\nGUERRA, R. L. F.; DOURADO, V. Z. Heart Rate Variability during 6-Min Walk Test in Adults\nAged 40 Years and Older. Int J Sports Med., v. 34 , n. 2 , p. 111-5, Set., 2012.\nDUPUY, O.; MEKARY, S.; BERRYMAN, N.; BHERER, L.; AUDIFFREN, M.; BOSQUET, L.\nReliability of heart rate measures used to assess post-exercise parasympathetic reactivation. Clin\nPhysiol Funct. Imaging, v. 32, n. 4, p. 296–304, Jul., 2012.\nGOLDSMITH, R. L.; BLOOMFIELD, D. M.; ROSENWINKEL, E. T. Exercise and autonomic\nfunction. Coron Artery Dis., v. 11, n. 2, p. 129–35, Mar., 2000.\nLAMBERTS, R.; LAMBERT, M. Day-to-day variation in heart rate at different levels of submaximal\nexertion: implications for monitoring training. J Strength Cond Res., v. 23, n. 3, p. 1005–10,\n2009.\nLAUER, M. S.; OKIN, P. M.; LARSON, M. G.; EVANS, J. C.; LEVY, D. Impaired Heart Rate\nResponse to Graded Exercise : Prognostic Implications of Chronotropic Incompetence in the\nFramingham Heart Study. Circulation, v. 93, n. 8, p. 1520–6, Abr., 1996.\nMARTINMÄKI, K.; RUSKO, H. Time-frequency analysis of heart rate variability during immediate\nrecovery from low and high intensity exercise. Eur J Appl Physiol., v. 102, n. 3, p. 353–60, Fev.,\n2008.\nO’KEEFFE, S. T.; LYE, M.; DONNELLAN, C.; CARMICHAEL, D. N. Reproducibility and\nresponsiveness of quality of life assessment and six minute walk test in elderly heart failure\npatients. Heart, v. 80, n. 4, p. 377–82, Out., 1998.\nISSN 18088449 4PETTEE GABRIEL, K. K.; RANKIN, R. L.; LEE, C.; CHARLTON, M. E.; SWAN, P. D.;\nAINSWORTH, B. E. Test-retest reliability and validity of the 400-meter walk test in healthy,\nmiddle-aged women. JPAH, v. 7, n. 5, p. 649–57, Set., 2010.\nROLLAND, Y. M.; CESARI, M.; MILLER, M. E.; PENNINX, B. W.; ATKINSON, H. H.; PAHOR, M.\nReliability of the 400-m usual-pace walk test as an assessment of mobility limitation in older\nadults. J Am Geriatr Soc., v. 52, n. 6, p. 972-6, Jun., 2004.\nSIMONSICK, E. M.; MONTGOMERY, P. S.; NEWMAN, A. B.; BAUER, D. C.; HARRIS, T.\nMeasuring fitness in healthy older adults: the Health ABC Long Distance Corridor Walk. J Am\nGeriatr Soc., v. 49, n. 11, p. 1544-8, Nov., 2001.\nTULUMEN, E.; KHALILAYEVA, I.; AYTEMIR, K.; ERGUN BARIS KAYA, F. E. S. C.; SINAN\nDEVECI, O.; AKSOY, H.; KOCABAS, U.; OKUTUCU, S.; TOKGOZOGLU, L.; KABAKCI, G.;\nOZKUTLU, H.; OTO, A. The reproducibility of heart rate recovery after treadmill exercise test.\nAnn Noninvasive Electrocardiol., v. 16, n. 4., p. 365–72,Out., 2011.\nVANZELLI, A. S.; BARTHOLOMEU, J. B.; MATTOS, L. N. J. de, BRUM, P. C. Prescrição de\nexercício físico para portadores de doenças cardiovasculares que fazem uso de\nbetabloqueadores. Rev Soc Cardiol Estado de São Paulo., v. 15, n. 2, p.10-6, 2005.\nAgradecimentos\nGostaria de agradecer a todos os professores envolvidos na construção desse trabalho, a UNIFOR pelo\nprograma de iniciação a pesquisa por sempre incentivar os alunos para uma melhora do aprendizado.\nISSN 18088449 5"
}