{
  "id": "27021",
  "trabalho": "DESEMPENHO DOS ALUNOS QUE FREQUENTARAM A MONITORIA DO MÓDULO DE AMBIENTE E HEREDITARIEDADE NO PERÍODO 2016.1",
  "area": "CIÊNCIAS DA VIDA",
  "ano": "2016",
  "evento": "XVI - ENCONTRO DE INICIAÇÃO À DOCÊNCIA",
  "link": "http://uol.unifor.br/oul/conteudosite/?uuid=45F92605B31DF8B577B8E58B3986C2BFCE3A1CEB",
  "conteudo": "XVI Encontro de Iniciação à Docência\nUniversidade de Fortaleza\n17 a 20 de outubro de 2016\nDesempenho dos alunos que frequentaram a monitoria do módulo de\nambiente e hereditariedade no período de 2016.1Tainá Lins Férrer Lima¹* (ID),\nGardel de Sousa Silva² (ID), Letícia Cristina Paiva Tavares³ (ID), Romulo de Sousa Porto 4\n(PC), Carla do Couto Soares Maciel 4 (PC), Matheus Wagner Paulino de Sousa 5 (PO).\n1. Universidade de Fortaleza – Curso de Nutrição\n2. Universidade de Fortaleza – Curso de Farmácia\n3. Universidade de Fortaleza- Curso de Fisioterapia\n4. Universidade de Fortaleza – Professor Colaborador\n5. Universidade de Fortaleza – Professor Orientador\ntaina.lins@hotmail.com\nPalavras-chave: Monitoria. Ambiente e Hereditariedade. Desempenho.\nResumo\nA monitoria é uma estratégia de apoio didático, que visa contribuir com a formação dos\nalunos, fortalecendo habilidades teóricas e práticas e ampliando experiências de monitores,\ndiscentes e docentes. O seguinte trabalho teve como objetivo verificar a importância da\nmonitoria do módulo ambiente e hereditariedade no processo de ensino e aprendizagem e\nsua contribuição no desempenho acadêmico dos alunos. A avaliação do desempenho\nacadêmico dos alunos que frequentaram a Monitoria, foi realizada através da assiduidade\ndos discentes durante 33 encontros. A partir destes resultados, foram feitas comparações\ncom as notas das avaliações processuais dos discentes, a fim de avaliar a relação da\nadesão dos alunos na monitoria com o desempenho acadêmico destes. Verificou-se que a\nmonitoria tem influencia positiva no rendimento dos alunos, e que se torna ainda mais eficaz\ncom a adesão frequente dos mesmos, pois desta forma, é possível haver um maior\nacompanhamento, a identificação de dificuldades e, a partir daí desenvolver caminhos para\nmelhor assisti-lo, atingindo consequentemente resultados mais satisfatórios.\nIntrodução\nEntende-se a monitoria como um instrumento de apoio didático que contribui para a\nformação profissional dos alunos, facilitando o aprendizado dos alunos monitorados e\naproxima o aluno-monitor da prática docente. No Programa de Monitoria da Universidade de\nFortaleza existe a Monitoria Institucional, incentivada por bolsas da Fundação Edson\nISSN 21755396 1Queiroz, e a Monitoria Voluntária, tendo como um dos objetivos estimular os alunos na\nformação para docência.\nO monitor é um elo entre professor e aluno, pois deve ter uma aproximação com o\nprofessor conhecendo sua didática dada em aula, levando para eles percepções,\nobservações sobre os alunos, avaliando junto com ele as estratégias e o alcance dos\nobjetivos do plano de ensino. Juntamente com os alunos, identifica suas maiores\ndificuldades em relação à disciplina, seus sentimentos de anseios e angústias para que\nsaibam como os ajudar (NATÁRIO, 2010).\nTanto o aluno monitor como os alunos da disciplina são beneficiados com o\nprograma de monitoria: O aluno monitor amplia experiências que contribuem para o\ndesenvolvimento de habilidades para a docência, além de aprofundar conhecimentos na\nárea, adquire postura protagonista e solidária diante de determinadas situações, na vida\nacadêmica ou profissional. Diante da aproximação com a prática docente, é possível\ndescobrir se há vocação pela docência, contribuindo para a formação de bons profissionais\ndocentes (MATOSO, 2014). O aluno que participa da monitoria é contemplado, pois adquire\numa postura mais ativa e uma interatividade maior no processo de aprendizagem, além de\nviabilizar maior aprofundamento teórico, não se limitando ao que é aprendido em sala de\naula. O monitor facilita o processo de ensino e aprendizagem, esclarecendo dúvidas e\ndiversos outros questionamentos, tanto em sala de aula, auxiliando os alunos durante as\natividades, como nos encontros de monitoria (PAIXÃO; SANTOS; BARLETTA, 2010).\nO módulo de Ambiente e Hereditariedade do Centro de Ciências da Vida da\nUniversidade de Fortaleza é aplicado à maioria dos cursos da área da saúde (Enfermagem,\nFarmácia, Fisioterapia, Fonoaudiologia, Nutrição, Odontologia, Terapia Ocupacional) e\nenvolve assuntos de patologia, fisiologia, genética, farmacologia, bioquímica e parasitologia,\nportanto, abordando assuntos de grande importância para formação dos futuros\nprofissionais de saúde e suas competências. Esses conteúdos são abordados em\nconferências, aulas práticas em laboratório (abordando histologia e anatomia), e Ciclo de\nDiscussão e Problematização (CDP).\nApesar de serem aplicadas metodologias ativas, ainda se observa dificuldades dos\nalunos, que referem deficiência em conhecimentos prévios de conteúdos do ensino médio,\npor exemplo. Além disso nas aulas práticas que, envolvem visualização de lâminas ou\nvisualização de peças anatômicas, é necessária a assimilação destes conteúdos, sendo\nimportante um contato mais frequente com essas estruturas a serem estudadas. Neste\ncontexto, destaca-se a contribuição do monitor, pois é possível, através dos encontros de\nmonitoria revisar esses conteúdos dados em sala de aula, facilitando a assimilação.\nApesar dos claros benefícios à adesão em programas de monitoria, ainda percebe-\nse uma participação pouco efetiva dos alunos, que muitas vezes não valorizam essaferramenta de apoio didático, procurando a Monitoria apenas às vésperas das avaliações,\nlimitando a aprendizagem desses alunos e a dinâmica da monitoria. Portanto, a monitoria é\numa ferramenta facilitadora para os alunos, a fim de aperfeiçoar o estudo, acompanhar o\naprendizado e auxiliar de maneira didática, tanto por meio de tira dúvidas, como revisão de\nconteúdos previamente abordados. Neste contexto, este trabalho tem como finalidade\nexpor a contribuição do programa de monitoria e suas atividades no rendimento acadêmico\nevidenciando sua importância no processo de ensino e aprendizagem dos acadêmicos do\nMódulo Ambiente e Hereditariedade da UNIFOR.\nMetodologia\nPara realização desse trabalho, foram coletados dados a respeito dos alunos que\nfrequentaram a monitoria durante 33 encontros de Monitoria ao longo do semestre 2016.2.\nOs encontros foram realizados em laboratório, onde os alunos utilizaram o\nmicroscópio óptico e modelos anatômicos didáticos como material de estudo, sendo\norientados pelos monitores. Os monitores ficaram à disposição dos alunos para tirar\ndúvidas, reforçar conteúdos abordados em sala de aula, facilitar o aprendizado de\nconteúdos perdidos por faltas, além de desenvolverem atividades de revisão antes dos\ntestes cognitivos e avaliações práticas de cada NP (Nota Parcial).\nPara cada aluno registrado, computou-se o número de frequências nos períodos\nanterior à primeira nota parcial do semestre (NP1), e anterior à segunda nota parcial do\nsemestre (NP2) e foram registradas as respectivas médias das notas obtidas em cada NP.\nPara obter a média das frequências da monitoria em cada NP, foi realizado o seguinte\ncálculo: quantidade de visitas totais por NP dividido pelo número de alunos que\nfrequentaram. Foi também obtida a nota média dos alunos que frequentaram a monitoria de\ncada NP, através da soma de suas notas dividido pelo número de alunos. Foi feita uma\nclassificação de acordo com a assiduidade dos alunos ao longo da NP1: alunos que foram\nem até 2 encontros de monitoria e aqueles que foram 3 vezes ou mais, a fim de comparar as\nmédias da NP1 desses alunos. Além disso, selecionaram-se também os alunos que\ndiminuíram a frequência na monitoria após a NP1, para avaliar se houve alteração na média\ndesses alunos. Esses dados foram transformados e analisados estatisticamente e serão\napresentados em gráficos permitindo, desta forma, analisar de forma clara e objetiva as\nmédias desses alunos, comparando rendimento com adesão à monitoria.\nResultados e Discussão\nHouve adesão de 119 alunos que acompanharam as atividades de monitoria por pelo\nmenos uma vez durante o semestre. De acordo com Mitre et al., (2008), a educação\ncontemporânea deve pressupor um discente capaz de autogerenciar ou autogovernar seuprocesso de formação. Na tabela 01 é possível observar uma frequência maior de alunos no\nfim do semestre (período anterior a NP2) quando comparado com o início do semestre\n(anterior a primeira NP). Esse dado reflete o perfil de muitos acadêmicos que esperam o\nresultado das notas para avaliar se é preciso de um apoio didático complementar, e diante\nde notas não satisfatórias na NP1, passam a frequentar a Monitoria, justificando uma\nfrequência maior no fim do semestre. O conhecimento que o aluno possui sobre o que sabe\ne o que desconhece acerca do seu saber é fundamental para o entendimento da utilização\nde estratégias de estudo. Tal conhecimento permite que o sujeito decida quando e que\nestratégias deve utilizar para melhoria do seu desempenho (RIBEIRO, 2003).\nTabela 01 – Frequência e notas dos alunos que participaram da monitoria por NP.\nFrequência NP1 MEDIA NP1 Frequência NP2 MÉDIA NP2\n1,2 6,9 1,7 7,7\nAo analisar o desempenho dos alunos no início do semestre, os alunos que\nfrequentaram no mínimo 3 vezes a monitoria àqueles que frequentaram até 2 vezes,\nobserva-se um desempenho superior dos alunos mais participativos, que obtiveram em\nmédia, uma nota de 7,8 na NP1, enquanto aqueles frequentaram no máximo 2 vezes,\nobtiveram uma nota inferior (6,2). Vale salientar que, do grupo que frequentou no mínimo 3\nvezes, estão inclusos alunos que frequentaram até 10 vezes nesse período (Figura 01).\nFigura 01. Média da NP1 dos alunos que frequentaram a monitoria até duas\nvezes e mais de três vezes.\nEm relação ao segundo grupo, trata-se de alunos que frequentaram a monitoria no\ninício do semestre (obtendo uma nota em média de 7,2 na NP1) e que continuaram\nfrequentando a monitoria, porém com uma frequência menor, o que pode ter resultado no\ndeclínio da nota (em média 6,8).Figura 02. Médias das notas de NP1 e NP2 dos alunos que diminuíram frequência\nna monitoria.\nEsses resultados revelam a eficácia da Monitoria e sugerem a relação do grau de\nparticipação com o desempenho acadêmico dos alunos, pois é um processo ainda mais\neficaz se utilizado de maneira gradual com acompanhamento e feedback. Na aprendizagem\nbaseada em problemas, o feedback é essencial, segundo Williams (2005), o Feedback é\nimportante para todos nós. É a base de todas as relações interpessoais e é o que determina\ncomo as pessoas pensam, como se sentem, como reagem aos outros e, em grande parte, é\no que determina como as pessoas encaram suas responsabilidades no dia-a-dia.\nDe acordo com Lins (2009), a monitoria é entendida como instrumento para a\nmelhoria do ensino de graduação, através do estabelecimento de novas práticas e\nexperiências pedagógicas que visem fortalecer a articulação entre a teoria e prática e a\nintegração curricular em seus diferentes aspectos. Na formação dos profissionais de saúde\na abordagem multidisciplinar e a dinamização do aprendizado mediante o uso de\nferramentas pedagógicas alternativas, como o formulário eletrônico, torna-se ainda mais\nimportante, pois é essencial que estes discentes aprendam a associar as experiências e\nconteúdos das diversas disciplinas estudadas, interligando e colocando em prática durante\nsua formação todos os temas possíveis contemplados na sua área.\nConclusão\nDiante dos resultados apresentados, é possível concluir que a monitoria tem\ninfluencia positiva no rendimento dos alunos, e que se torna ainda mais eficaz com a maior\nparticipação dos alunos, pois a presença periódica de um aluno nos encontros de monitoria\npermite maior acompanhamento, conhecendo suas dificuldades, o caminho para melhor\nassisti-lo e consequentemente resultados mais satisfatórios. Portanto, o papel da monitoria\né relevante no desempenho acadêmico dos alunos, sendo necessário um maior incentivo\naos alunos para utilizarem mais dessa ferramenta por meio de atividades interativas que\nbusquem complementar essa metodologia, para despertar mais interesse dos alunos.Referências\nLINS, L. F. et al. A Importância da Monitoria na Formação Acadêmica do Monitor. In: IX\nJornada de Ensino, pesquisa e Extensão, 2009, Recife. Anais... Recife: Universidade\nFederal Rural de Pernambuco, 2009.\nMATOSO, Leonardo Magela Lopes. A importância da monitoria na formação acadêmica\ndo monitor: um relato de experiência. Catussaba Revista Científica da Escola da\nSaúde, Mossoró, v. 3, n. 2, p.77-83, abr./set. 2014.\nMITRE, S.M., SIQUEIRA-BATISTA, R., GIRARDI-DE-MENDONÇA, J.M., MORAIS-PINTO,\nN.M., MEIRELLES, C.A.B., PINTO-PORTO, C., MOREIRA, T. HOFFMANN, L.M.A.\nMetodologias ativas de ensino-aprendizagem na formação profissional em saúde: debates\natuais. Ciência & Saúde Coletiva, 13(Sup 2):2133-2144, 2008\nNASCIMENTO, F.B.; BARLETTA, J.B. O olhar do docente sobre a monitoria como\ninstrumento de preparação para a função de professor. Revista Cereus, nº.5, online –\njun./dez. 2011.\nNATÁRIO, Elisete Gomes; SANTOS, Acácia Aparecida Angeli dos. Programa de monitores\npara o ensino superior. Estudos de Psicologia, Campinas, v. 3, n. 27, p.355-364, jul. 2010.\nPAIXÃO, A. L. R.; SANTOS, L.A; BARLETTA, J.B. Modelagem do manejo de intervenção\ngrupal de monitores de graduação a partir do uso de grupos psicoeducativos. Anais da II\nJornada Sergipana de Terapia Cognitiva-Comportamental, Aracaju, 2010.\nRIBEIRO, C. Metacognição: um processo ao apoio de aprendizagem. Psicologia: reflexão\ne crítica, v.16, n. 1, p. 109-116, 2003.\nWILLIAMS, R. L. Preciso saber se estou indo bem: uma história sobre a importância de\ndar e receber feedback. Rio de Janeiro: Sextante, 2005.\nAgradecimentos\nGostaria de agradecer ao Programa de Monitoria Voluntária (PROMOV) da UNIFOR,\nque viabilizou a realização deste trabalho e ao corpo docente da disciplina Ambiente e\nHereditariedade do Centro de Ciências da Vida, em especial ao professor Matheus e à\nprofessora Carla."
}