{
  "id": "27038",
  "trabalho": "A INFLUÊNCIA DA AMBIGUIDADE CAUSAL NA RELAÇÃO ENTRE O ENGAJAMENTO COM A COMUNIDADE E O DESEMPENHO DAS FIRMAS",
  "area": "CIÊNCIAS SOCIAIS APLICADAS",
  "ano": "2016",
  "evento": "XVI - ENCONTRO DE PÓS-GRADUAÇÃO E PESQUISA",
  "link": "http://uol.unifor.br/oul/conteudosite/?uuid=42266B62BED054B86F8CC1090B5F248501F95718",
  "conteudo": "XVI ENCONTRO DE PÓS-GRADUAÇÃO E PESQUISA\nUniversidade de Fortaleza\n17 a 20 de outubro de 2016\nA influência da ambiguidade causal na relação entre o engajamento com a\ncomunidade e o desempenho das firmas\nAna Karine Lima de Medeiros* ¹(PG), José Milton de Sousa Filho ²(PQ), Juliana Sousa 3(PG)\n1Mestrado em Administração de Empresas, Universidade de Fortaleza, Fortaleza-CE;\n2Programa de Pós-Graduação em Administração de Empresas, Universidade de Fortaleza, Fortaleza-CE;\n3Mestrado em Administração de Empresas, Universidade de Fortaleza, Fortaleza-CE.\nanaklmedeiros@terra.com.br\nPalavras-chave: Visão Baseada em Recursos da Firma. Ambiguidade Causal. Desempenho das Firma., Recursos\nIntangívei. Engajamento com a comunidade.\nResumo\nEsta pesquisa objetiva debater a relação entre o engajamento com a comunidade, o desempenho das firmas\ne a influência da ambiguidade causal nesta relação. Justifica-se assim a consideração do desempenho das\nfirmas como variável dependente, sendo o engajamento com a comunidade a variável independente e a\nambiguidade causal a variável moderadora da relação. Utilizando a técnica estatística regressão linear\nmúltipla, a variável dependente foi regredida em função da variável independente para o período de 2011 a\n2013. Resulatdos apontam que o engajamento com a comunidade tem efeito sobre o desempenho das\nfirmas, e que a ambiguidade causal modera tal relação. Por fim, é limitada a produção científica no Brasil\nsobre ambiguidade causal, desta forma, os resultados encontrados apresentam potencial para ampliar as\ndiscussões sobre ambiguidade causal e desempenho, e abre possibilidades para futuras pesquisas.\nIntrodução\nA relação entre empresas e sociedade é um tema relevante no campo da administração, e nesse\níntere, já são mais de quarenta anos de estudos (WADDOCK; GRAVES, 1997; SURROCA; TRIBÓ;\nWADDOCK, 2010) na tentativa de entender como a Responsabilidade Socioambiental Empresarial (RSAE)\nimpacta o desempenho financeiro das firmas. Segundo Husted e Allen (2007), o problema desses estudos é\na falta de uma correta especificação da RSAE que impacta o desempenho, que seria a RSAE em sua\nabordagem estratégica.\nNessa linha, Walls et al. (2011) argumenta que a Visão Baseada nos Recursos da Firma (Resource-\nbased View of the Firm - RBV) tem sido a abordagem mais utilizada no campo da RSAE para entender seu\nimpacto no desempenho financeiro das firmas. Segundo Sousa-Filho e Barbieri (2015), do ponto de vista da\nintegração entre RBV e RSAE, uma importante linha de pesquisa tem sido o estudo de como capacidades\nbaseadas em aspectos sociais e ambientais impactam o desempenho.\nA principal questão da RBV diz respeito às condições em que os recursos e capacidades podem ser\nfonte de vantagem competitiva sustentável. Barney (2002) propôs a presença de quatro atributos: valor,\nraridade, imitabilidade imperfeita e a capacidade da organização utilizar o recurso. A vantagem competitiva é\nfunção então da associação dos recursos valiosos e raros, e a sustentabilidade desta vantagem é alcançada\na partir da combinação de recursos inimitáveis e da capacidade da organização em explorar esses recursos\n(BARNEY, 2002). Segundo King e Zeithaml (2001, p. 75), “a inimitabilidade é o eixo central da RBV e o fator\ndecisivo na compreensão da sustentabilidade da vantagem competitiva”.\n1Tal fato se justifica pelo motivo de que se um recurso é difícil de imitar contribui para criar\nmecanismos de isolamento, ou seja, barreiras que ajudam a empresa a sustentar sua vantagem\ncompetitiva. Diante deste aspecto, a noção de mecanismos de isolamento tem sido levantada como um dos\nmais importantes conceitos da RBV, dado que esses mecanismos garantem aos recursos proteção contra a\nimitação pelos competidores (SOUSA-FILHO et al., 2014).\nSegundo Barney (2002), os recursos podem ser difíceis de imitar quando são causalmente\nambíguos, socialmente complexos, ou quando são dependentes da trajetória da firma. Segundo King (2007)\na ambiguidade causal é o principal mecanismo de isolamento sob a perspectiva da RBV, sendo os recursos\nintangíveis aqueles com maior potencial de serem causalmente ambíguos.\nDentre os ativos considerados intangíveis, as capacidades envolvidas em questões de RSAE podem\nser elencadas (MCWILLIAMS; SIEGEL, 2011). Esta mesma afirmação foi indicada na conclusão do trabalho\nexploratório de Walls et al. (2011), que revelou 06 (seis) categorias de capacidades socioambientais, todas\nintangíveis. O engajamento com a comunidade aparece como capacidade associada à RSAE em vários\ntrabalhos, apesar de serem utilizadas ou descritas com terminologias diferentes. O termo usado por Husted\ne Allen (2007) foi orientação socioambiental. Estes autores afirmam que a orientação socioambiental se\nrefere ao comprometimento da empresa em participar das soluções para os problemas sociais.\nA relação entre RSAE e desempenho financeiro é um assunto bastante pesquisado nos campos da\nestratégia e da gestão socioambiental, apesar dos resultados inconclusivos apresentados nas pesquisas\nsobre o tema (HUSTED; ALLEN, 2007). Autores como Bandeira-de-Mello et al. (2011) defendem que as\nações voltadas ao relacionamento das firmas com a comunidade, ou seja, a capacidade de engajamento\ncom a comunidade é um ativo intangível que tem potencial para impactar positivamente o desempenho\nfinanceiro de uma empresa. Outros autores encontraram resultados diversos em seus estudos. Existem\ndiversos fatores que podem impactar na inconclusividade do tema. Para Waddock e Graves (1997), a falta\nde clareza de direção na causalidade entre RSAE e desempenho financeiro é uma destas motivações.\nImportante mencionar que a busca por entender as necessidades específicas de uma comunidade\ne, com isso, obter ganhos, torna o processo de interação difícil de ser compreendido e, consequentemente,\nimitado pelos concorrentes devido à sua especificidade. Ademais, a interação da firma com a comunidade é\ndiferente e envolve capacidades específicas, o que fornece um grau ainda maior de complexidade caso um\nconcorrente queira imitar (SOUSA-FILHO; BARBIERI, 2015). Isto posto, pode-se perceber que o\nengajamento com a comunidade é uma capacidade que tem características causalmente ambíguas, que\nenvolve complexidade e especificidade.\nDesta forma, o objetivo desta pesquisa é analisar a influência da ambiguidade causal na relação\nentre o engajamento com a comunidade e o desempenho financeiro das firmas.\nMetodologia\nEsta pesquisa tem abordagem eminentemente quantitativa. A citada abordagem é comumente\nempregada em estudos descritivos e exploratórios que buscam corroborar hipóteses elaboradas por meio de\nconstrutos, e entender a relação de causalidade entre eles. Segundo Corrar et al. (2012), a pesquisa\nexploratória é caracterizada por não ter como condicionante o conhecimento precedente pelo pesquisador\nda relação entre as variáveis analisadas.\nOs dados sobre o desempenho financeiro das firmas, variável dependente da pesquisa, foram\ncoletados na base Economática. Já os dados relacionados ao engajamento com a comunidade, variável\nindependente da pesquisa, foram coletados nos relatórios de sustentabilidade das empresas, geralmente\n2publicados no padrão do Global Reporting Initiative (GRI). Os dados coletados tiveram como anos-base os\nexercícios de 2011, 2012 e 2013.\nComo variáveis de controle da pesquisa foram utilizadas: reputação da empresa, tamanho, setor e\npaís. A variável moderadora da análise é a ambiguidade causal.\nPara fins de mensuração da variável dependente desempenho financeiro, utilizou-se ROE e ROA.\nJá para mensurar a variável independente engajamento com a comunidade, foi utilizado como proxy a\ndivisão entre: os valores investidos na comunidade por meio de doações, contribuições ou investimentos\ndiretos em programas sociais; pelo valor das vendas líquidas.\nPara a variável moderadora ambiguidade causal, pesquisas recentes (SOUSA-FILHO; BARBIERI,\n2015) têm utilizado o indicador “grau de intangibilidade”, como forma de mensurar a participação dos ativos\nintangíveis no ativo total de uma empresa, como no estudo de Kayo (2002). Este indicador demonstra que\nquanto maior o índice, maior a participação de ativos intangíveis na estrutura de ativos. Utilizando este\nmesmo raciocínio, quanto maior o grau de intangibilidade, maior será a ambiguidade causal, sendo assim,\nna presente pesquisa, a variável moderadora ambiguidade causal foi medida com base no grau de\nintangibilidade das firmas. Esse indicador foi utilizado em estudo recente por Sousa-Filho e Barbieri (2015) e\né encontrado dividindo-se o valor de mercado das firmas dividido; pelo patrimônio líquido contábil.\nPara fins deste estudo, as variáveis de controle setor e país foram agrupadas de acordo com a\nclassificação efetuada na base de dados Economática, e em seguida utilizadas como variáveis dummy no\ncálculo estatístico. A variável de controle reputação da empresa foi medida por meio de sua marca. Este\ndado foi obtido do relatório anual BrandZ™ Top 50 Most Valuable Latin American Brands (2011-2013).\nA amostra utilizada na pesquisa é composta de 66 empresas com sede em países da América\nLatina, avaliadas por três anos base, montando um total de 198 registros/observações por variável da\npesquisa.\nApós a fase de preparação do banco de dados, foram usadas técnicas estatísticas descritivas, e\nregressão linear múltipla para analisar os dados. Para a análise estatística dos dados, foram utilizadas como\nferramenta de apoio os softwares SPSS 20, Stata 12 e Microsoft Excel 2008.\nResultados e Discussão\nPara obtenção dos resultados do presente estudo utilizou-se a análise de regressão linear múltipla.\nAntes de adotar esta técnica foi efetuada a verificação de seus pressupostos, com o objetivo de ratificar a\nimparcialidade dos testes de ajustamento e de significância do modelo. Todos os testes se mostraram\nadequados, confirmando a validade do modelo.\nA primeira análise de regressão foi procedida com o ROA. O modelo inicial foi elaborado sem a\nmoderação da variável ambiguidade causal e o segundo modelo prevendo esta moderação. O modelo\noriginal apresentou um coeficiente de determinação (R²) de 47,5%. O modelo de regressão com a\nmoderação da variável ambiguidade causal resultou em um coeficiente de determinação (R²) de 52,05%.\nDesta forma, pode-se afirmar que o modelo de regressão do engajamento com a comunidade, moderado\npela ambiguidade causal, e com o impacto das variáveis de controle, pode explicar estatisticamente o\nindicador de desempenho Retorno sobre o Ativo (ROA) em 52,05%.\nO seguinte modelo foi desenvolvido para analisar a influência sobre o ROE, e a moderação da\nambiguidade causal. O modelo inicial foi elaborado sem a moderação da ambiguidade causal, e o segundo\nmodelo prevendo esta moderação. O primeiro modelo de regressão para ROE apresentou um coeficiente de\ndeterminação (R²) de 38,43%. Já o segundo modelo para ROE, com a moderação da variável ambiguidade\ncausal, resultou em um coeficiente de determinação (R²) de 58,09%. Desta forma, pode-se afirmar que o\n3modelo de regressão do engajamento com a comunidade, moderado pela ambiguidade causal, e com o\nimpacto das variáveis de controle, pode explicar estatisticamente o indicador de desempenho Retorno sobre\no Patrimônio (ROE) em 58,09%.\nEm relação aos resultados encontrados, pode-se afirmar que o engajamento com a comunidade\ninfluencia o ROA e o ROE para o período analisado. Trabalhos anteriores como Bandeira-de-Mello, Marcon\ne Alberton (2011) já tinham identificado a influência do stakeholder comunidade no desempenho das\nempresas. Os autores acrescentaram que a interação com os stakeholders gera economias para as\nempresas, impactando assim no seu desempenho, bem como, as blinda contra oportunismos, mesmo em\nlocalidades cujo o ambiente institucional é fraco como de economias emergentes, devido à instabilidade\npolítica e a ineficiência burocrática. O resultado da pesquisa de Bandeira-de-Mello, Marcon e Alberton (2011)\nencontrou que os esforços de relacionar-se com comunidade e governo foram os que apresentaram maior\nrelação com o desempenho financeiro medido por meio do ROE e ROA, convergido assim com o resultado\nda presente pesquisa. Sousa-Filho e Barbieri (2015) ratificam que relacionamento com este stakeholder\nimpacta positivamente na criação de ambiguidade causal.\nA inter-relação de uma firma e a comunidade em que atua é única, e existe uma probabilidade muito\npequena de que um concorrente consiga imitar os aspectos específicos dessa relação, pois cada uma das\npartes tem necessidades e expectativas singulares. O emprego de recursos voltados à comunidade\nacontece não somente por uma questão de responsabilidade social das empresas, mas principalmente pela\npossibilidade de angariar alguma vantagem competitiva, que possa diferencia-las dos concorrentes e, por\nconsequência trazer impactos positivos em seu desempenho. Em outras palavras, a capacidade de uma\nempresa em obter uma vantagem competitiva, passa a ser, cada vez mais, dependente de sua aprovação\nsocial, obtida em seus processos de interação com a comunidade em que atua. Ou seja, sem a aprovação\nsocial, o potencial comercial e, numa visão de longo prazo, a sobrevivência da empresa tende a ser\ncomprometida. O resultado desta pesquisa mostra claramente que para a amostra de empresas avaliada, o\nengajamento com a comunidade influncia de forma significativa no desempenho financeiro no horizonte dos\ntrês anos pesquisados.\nNo que tange a variável de controle setor, que também foi estatisticamente significante, conforme\nmencionado por Sousa-Filho (2013, p.12), “ao considerar que cada indústria tem suas especificidades, suas\npráticas, e suas necessidades de recursos, pode-se afirmar que a variável indústria também faz parte do\nque podemos chamar de distância estratégica”, ou seja, é caracterizada por diferenças nas práticas de\nnegócios entre as empresas e que, por consequência, impactam no desempenho individual ou setorial. Os\nresultados obtidos nesta pesquisa, confirmam o anteriormente encontrado por Simonin (1999), dado que\ncorrobora a relevante influência do setor na explicação do desempenho financeiro das firmas.\nConclusão\nA concorrência entre as empresas desencadeia a necessidade de que sejam identificadas as\nvariáveis que permitam às organizações obterem vantagens competitivas. Esta pesquisa, adotou o RBV\ncomo pressuposto teórico para justificativa do desempenho das firmas, dado que os recursos intangíveis,\npossuem características individualizadas e particulares e podem contribuir ou ser a causa para diferenças de\ndesempenho organizacional.\nEste estudo objetivou avaliar a influência da ambiguidade causal na relação entre o recurso\nintangível engajamento com a comunidade e o desempenho financeiro das firmas. Foi possível constatar a\ninfluência positiva do engajamento com a comunidade sobre o desempenho financeiro das firmas, bem\ncomo, o papel moderador da ambiguidade causal.\n4O constructo engajamento com a comunidade apresentou, de forma consistente e nos dois\nindicadores analisados (ROE e ROA), indicativos de influência e poder explicativo de desempenho. O\nrelacionamento das firmas com seus stakeholders e, neste caso específico com a sociedade é caracterizado\npor sua intangibilidade e, como consequência, por sua ambiguidade. A interação desenvolvida por uma\nempresa com uma comunidade é única e muito pouco provavelmente uma outra empresa consiga imitar as\nparticularidades e especificidades desse relacionamento, dado que cada um dos lados (empresa e\ncomunidade) tem necessidades e expectativas específicas. O impacto deste constructo no desempenho das\nempresas, representado pelo ROA e ROE, foi corroborado.\nAssim, por meio dos resultados apresentados na presente pesquisa, pôde-se constatar que o\nrecurso intangível engajamento com a comunidade é preditor do desempenho financeiro das firmas, e este\nsofre influência da ambiguidade causal inerente a este recurso, e por isto é recomendado a consideração\ndeste achado no aprofundamento do tema em trabalhos futuros.\nComo principais limitações desta pesquisa, podem ser citados dois fatores: o tamanho da amostra,\ne a inclusão das empresas financeiras e seguradoras no rol de empresas analisadas. Estes fatores podem\nter de alguma forma influenciado o resultado final das estatísticas. Contudo, os dados da amostra utilizada\neram os únicos disponíveis no momento da elaboração do estudo, e considerados adequados no que diz\nrespeito à qualidade, dado o nível de exigência regulatória às empresas responsáveis por reportar os dados\ne informações que compuseram a amostra.\nDiante do exposto, o trabalho efetuado traz consigo algumas oportunidades de pesquisas futuras,\ndas quais recomenda-se avaliar outros recursos intangíveis e sua relação com indicadores de desempenho\nfinanceiros, e não financeiros, utilizados para mensurar o desempenho geral das firmas. Além disso, estudar\na relação entre ambiguidade causal e desempenho estendendo a quantidade de períodos analisados, bem\ncomo ampliando a amostra de empresas, visando uma maior abrangência em termos de representatividade\ne segmentação.\nPor fim, este estudo tentou contribuir no preenchimento das lacunas teóricas, metodológicas e\nempíricas referentes a temática influência dos ativos intangíveis no desempenho das firmas com a\nmoderação da ambiguidade causal. A contribuição da pesquisa pauta-se na existência de produção\ncientífica limitada no Brasil em relação ao estudo dos mecanismos de isolamento sob a ótica da RBV\nenquanto abordagem de estratégia empresarial, bem como, sobre a temática de criação de vantagem\ncompetitiva sustentável baseada em recursos e competências caracterizados por ambiguidade causal e que\npodem impactar no desempenho das firmas. Deste modo, pode-se afirmar que os resultados desta pesquisa\nexploratória tem potencialidade para ampliar as discussões na intersecção dos estudos de RBV, intangíveis,\nambiguidade causal e desempenho.\nReferências\nBANDEIRA-DE-MELLO, R.; MARCON, R.; ALBERTON, A. Performance effects of stakeholder interaction in\nemerging economies: evidence from Brazil. Brazilian Administration Review, Curitiba, v. 8, n. 3, p. 329-\n350, set. 2011.\nBARNEY, J. B. Gaining and sustaining competitive advantage. 2nd ed. Upper Saddle River: Prentice\nHall, 2002.\nCORRAR, L. J. et al. (Org.). Análise multivariada: para os cursos de Administração, Ciências Contábeis e\nEconomia. São Paulo: Atlas, 2012.\nGIRIOLI, L. S. Análise do uso de medidas de desempenho de empresas presentes na pesquisa em\ncontabilidade no Brasil. 2010. 114 f. Dissertação (Mestrado em Ciências Contábeis) – Curso de\nAdministração, Faculdade de Economia, Administração e Contabilidade de Ribeirão Preto, Universidade de\nSão Paulo, Ribeirão Preto, 2010.\n5HUSTED, B. W.; ALLEN, D. B.Strategic corporate social responsibility and value creation among large firms.\nLong Range Planning, v. 40, n. 6, p.594-610, dez. 2007. Elsevier BV. Doi: 10.1016/j.lrp.2007.07.001.\nKAYO, E. K. A estrutura de capital e o risco das empresas tangível e intangível-intensivas: uma\ncontribuição ao estudo da valoração de empresas. 2002. Tese (Doutorado em Administração de\nEmpresas) – Faculdade de Economia, Administração e Contabilidade, Universidade de São Paulo (USP),\nSão Paulo, 2002.\nKING, A. W.; ZEITHAML, C. P. Competencies and firm performance: examining the causal ambiguity\nparadox. Strategic Management Journal, v. 22, p. 75-99, 2001.\nMcWILLIAMS, A.; SIEGEL, D. S. Creating and capturing value: strategic corporate social responsibility,\nresource-based theory, and sustainable competitive advantage. Journal of Management, v. 37, n. 5, p.\n1480-1495, 2011.\nSOUSA-FILHO, J. M.; BARBIERI, J. C. Estratégia socioambiental baseada em recursos e ambiguidade\ncausal. RAE - Revista de Administração de Empresas, São Paulo, v. 55, n. 6, p.358-370, dez. 2015.\nSOUSA-FILHO, J. M.; PEREIRA FILHO, H.; XIMENES, P. K. M. Mecanismos de isolamento à luz da\nresource-basedview: publicação brasileira em 2001-2013. REBRAE - Revista Brasileira de Estratégia,\nCuritiba, v. 7, n. 2, p. 205-222, 2014. Bimestral.\nSURROCA, J.; TRIBO, J. A.; WADDOCK, S. Corporate responsibility and financial performance: the role of\nintangible resources. Strategic Management Journal, United Kingdon, n. 31, p. 463-490, 2010.\nWADDOCK, S.; GRAVES, S. B. The corporate social performance-financial performance link. Strategic\nManagement Journal, v. 18, n. 4, p. 303-319, 1997.\nWALLS, J. L.; PHAN, P. H.; BERRONE, P. Measuring environmental strategy: construct development,\nreliability, and validity. Business and Society, v. 50, n. 1, p. 71-115, 2011.\nAgradecimentos\nAgradecemos o apoio institucional da UNIFOR no fomento da pesquisa e produção científica, bem\ncomo, à Coordenação do PPGA pelo nível de exigência e padrão estabelecido que nos desafia a elaboração\nde trabalhos de nível cada vez melhores.\n6"
}