{
  "id": "27048",
  "trabalho": "SÍNDROME DA IMOBILIDADE EM IDOSOS: UMA REVISÃO DE LITERATURA",
  "area": "CIÊNCIAS DA VIDA",
  "ano": "2016",
  "evento": "XXII - ENCONTRO DE INICIAÇÃO À PESQUISA ",
  "link": "http://uol.unifor.br/oul/conteudosite/?uuid=B7D57BFF8EE67D6D43544BF5A5B07DD869D305A0",
  "conteudo": "XXII Encontro de Iniciação à Pesquisa\nUniversidade de Fortaleza\n17 à 21 de Outubro de 2016\nSÍNDROME DA IMOBILIDADE EM IDOSOS:\nUMA REVISÃO DE LITERATURA\nFrancisca Erilene Maia¹* (IC), Raffaella Pereira de Souza Costa¹(IC), Verônica Maria da Silva Mitros¹(IC),\nAna Luiza e Vasconcelos Freitas² (PG), Maria Eliana Peixoto Bessa³(PQ)\n1. Graduação em Enfermagem pela Universidade de Fortaleza – UNIFOR.\n2. Pós Graduação em Enfermagem pela Universidade de Fortaleza – UNIFOR.\n3. Docente da Universidade de Fortaleza – UNIFOR.\nfca.maia@hotmail.com.\nPalavras-chave: Imobilização. Saúde do idoso.\nResumo\nO aumento da expectativa de vida, junto a frequência das doenças crônicas, são as principais causas do\naumento de idosos com algum grau de incapacidade. Para o cumprimento das atividades da vida diária\n(AVDs) e para a manutenção da sua independência a mobilidade física constitui um componente\nindispensável.O objetivo do estudo foi identificar as principais características da síndrome da imobilidade em\nidosos. Foram levantados artigos por meio da base de dados Biblioteca Virtual de Saúde (BVS) – BIREME, a\npartir dos seguintes critérios de inclusão: artigos no período de 2005 a 2015; em português; e que\nenfatizassem as características da síndrome da imobilidade em idosos. Foram excluídos os artigos que não\npossuíam resumo disponível. O levantamento dos artigos foi realizado em novembro de 2015, utilizando-se\nos descritores: mobilização, saúde do idoso e a associação entre eles. A síndrome da imobilidade leva a\nlimitações funcionais por comprometer o sistema osteomuscular, prejudicando as transferências, posturas e\nmovimento no leito e em cadeiras de rodas, dificultando as atividades de vida diária e profissionais alterando\ntambém o padrão da marcha. A capacidade funcional pode cair para níveis perigosamente baixos, e sinais\nsistêmicos podem aparecer. A equipe de saúde, assim, deve ser capaz de avaliar o nível de dependência do\nidoso, seus limites e suas potencialidades, para que possam identificar as suas reais necessidades.\nIntrodução\nNo Brasil, o aumento do número de idosos com algum grau de dependência, seja física, mental ou\nsocial, está intimamente relacionado ao rápido envelhecimento da população. Devido, sobretudo, aos\navanços tecnológicos e ao aumento da longevidade, o número de idosos na população brasileira é algo\npresente nas projeções demográficas do IBGE (2014).\nConsiderando o crescimento contínuo da população idosa no país, a necessidade de maior\nassistência e cuidado a esse grupo demanda o a criação de condições favoráveis a esse fenômeno. Nota-se\num quadro cada dia maior de idosos com algum grau de incapacidade, necessitando de outros indivíduos\npara auxiliá-los nas atividades de vida diárias (BERTOLETTI;JUNGES, 2014).\nAs tarefas vão desde as mais complexas como fazer compras, cuidar de questões financeiras,\npreparar refeições, até atividades mais simples como tomar banho, vestir-se, entre outros. Na grande\nmaioria das vezes, os próprios familiares passam a cuidar desses idosos, geralmente mulheres e que\nresidem no mesmo domicílio (KARSCH, 2003).\nO aumento da longevidade, juntamente com a frequência das doenças crônicas, somam as\nprincipais causas do aumento de idosos com algum grau de incapacidade. Portanto, torna-se um desafio\nISSN 18088449 1para a saúde pública brasileira não só a adequada assistência a esses idosos, mas também a prevenção\ndas doenças crônicas e degenerativas (VERAS, 2009).\nA saúde do idoso está estritamente relacionada a capacidade de gerir a própria vida ou cuidar de si\nmesmo. O idoso é considerado saudável quando e capaz de funcionar sem auxílio, de forma independente e\nautônoma, mesmo com a presença de morbidades (MORAES; MARINO; SANTOS, 2010).\nPara o cumprimento das atividades da vida diária (AVDs) e para a manutenção da sua\nindependência a mobilidade física constitui um componente indispensável. Se essa mobilidade é, de alguma\nforma, afetada o idoso estará sujeito a inúmeros efeitos negativos, tanto físicos como psicológicos que, por\nconsequência, trará danos a sua saúde e a qualidade de vida.\nA imobilidade é uma síndrome geriátrica que provoca ausência dos movimentos articulares. Sua\ncausa é multifatorial, mas ocorrem, predominantemente, por fatores musculoesqueléticos e neurológicos e\nacometem indivíduos com doenças incapacitantes (RIBEIRO, 2011).\nA mesma pode provocar alteração do estado emocional, levando o indivíduo a desenvolver diversos\nproblemas: ansiedade, depressão e até mesmo isolamento social. Com o prolongamento dessa imobilidade,\numa pessoa normal e saudável poderá desenvolver contração involuntária da musculatura da coluna\nvertebral e dos membros, osteoporose, alterações morfológicas, bioquímicas e biomecânicas de vários\ncomponentes das articulações sinoviais, além de alterações cardiovasculares (LIMA, 2014).\nÉ imprescindível a avaliação completa do idoso por equipe multidisciplinar para a prevenção e\nenfrentamento da síndrome da imobilidade, englobando desde aspectos causadores a incapacidade grave.\nEssa abordagem deve acontecer em todas as esferas de atendimento ao idoso, seja ambulatorial,\ndomiciliar, hospitalar ou em instituições de longa permanência (RIBEIRO, 2011).\nPara prestar um atendimento adequado ao idoso, é necessário que os profissionais da Equipe de\nSaúde sejam capazes de avaliar o nível de dependência do idoso, seus limites e suas potencialidades, para\nque possam identificar as suas reais necessidades (FIGUEIREDO, 2008).\n. No Brasil, o envelhecimento é um fenômeno relativamente recente e nota-se a carência tanto dos\nserviços públicos como privados destinados a essa população, o que piora consideravelmente as condições\ne a qualidade de vida desses idosos. Podemos entender a dependência como um processo dinâmico,\nportanto sua evolução pode modificar-se ou até ser prevenida se houver ambiente e assistência adequados.\nPara tanto devemos compreender o processo do envelhecimento, suas fragilidades e vulnerabilidades.\nDesta forma, o objetivo do estudo foi identificar as principais características da síndrome da imobilidade em\nidosos.\nMetodologia\nPara o desenvolvimento do estudo, optou-se pela revisão integrativa, que segundo Silva e Galvão\n(2005), além de proporcionar a síntese do conhecimento produzido sobre um determinado tema, permite\ntambém a visualização de lacunas de evidências na prática profissional e viabiliza a contextualização do\npesquisador em determinada temática.\nAs etapas do estudo incluíram: estabelecimento da questão para a revisão; definição de critérios de\ninclusão e exclusão para a seleção da amostra; eleição das informações a serem extraídas dos artigos\nselecionados; análise dos resultados; apresentação dos resultados e discussão (VENTURA; PAULETTI,\n2010).\nForam levantados artigos por meio da base de dados Biblioteca Virtual de Saúde (BVS) – BIREME,\na partir dos seguintes critérios de inclusão: artigos no período de 2005 a 2015; em português; e que\nISSN 18088449 2enfatizassem as características da síndrome da imobilidade em idosos. Foram excluídos os artigos que não\npossuíam resumo disponível.\nO levantamento dos artigos foi realizado em novembro de 2015, utilizando-se os descritores\ninseridos no DECS: Imobilização, saúde do idoso e a associação entre esses descritores, chegando-se a um\ntotal de 8 artigos. Os resultados e discussão foram descritos, buscando os pontos comuns entre os estudos.\nResultados e Discussão\nO envelhecimento humano pode ser compreendido como um processo universal, dinâmico e\nirreversível, influenciado por fatores biológicos, sociais, psicológicos e ambientais. Um envelhecimento\nsaudável é resultante da interação entre saúde física e mental, mas também de independência na realização\ndas atividades, autonomia, integração social, suporte familiar e independência econômica.\nSegundo Cocco, et al (2013), a incidência e a prevalência das doenças vem sendo modificadas de\nacordo com a transformação da estrutura populacional. As patologias crônico-degenerativas cada vez mais\nfrequentes caracterizam mudanças nos padrões de morbidade, invalidez e morte.\nO deslocamento pelo ambiente e a mobilidade são marcadores de um envelhecimento saudável, do\nmodo que interfere significativamente na capacidade do indivíduo de realizar atividades básicas da vida\ndiária (ABVDs). De acordo com Morais (2012), as atividades da vida diária costumam ser divididas em\nbásicas, quando são necessárias para a autopreservação, as tarefas do cotidiano; instrumentais, que são as\natividades mais complexas, relacionadas ao cuidado doméstico; e as avançadas, relacionadas a integração\nsocial, correspondendo atividades produtivas, recreativas.\nDurante o envelhecimento, surgem diversas alterações que são consideradas fisiológicas, mas o\nseu acúmulo por gerar limitação da capacidade do idoso em realizar suas atividades. A ocorrência de\ndoenças nesse processo pode ocasionar um rápido comprometimento da capacidade funcional do idoso,\nlevando a situação de incapacidade e dependência.\nSegundo Cocco, et al, (2013), a imobilidade está associada a mudanças e descondicionamento que\nafetam todos os sistemas do organismo. Com o envelhecimento os indivíduos se tornam propensos a\ndesenvolver perdas funcionais com a restrição da mobilidade, por apresentarem uma reserva fisiológica\ndiminuída.\nA síndrome da imobilização surge como uma das consequências mais graves da imobilidade, de\nmodo que o idoso necessite e dependa integralmente de cuidados. Seu diagnóstico consiste na presença de\ncritérios como déficit cognitivo, contraturas generalizadas, afasia, disfagia, incontinência urinária e fecal, etc\n(RIBEIRO, 2011).\nAs causas da imobilidade podem ser subdivididas em quatro áreas. De ordem física, que podem\nsurgir devido à condição física do indivíduo; as de ordem emocional, que podem emergir de situações de\ntensão emocional que podem levar a um estado de paralisia emocional. As de ordem intelectual surgem\ndevido a falta de conhecimento relativo à doença e ao processo de reabilitação; e as de causa de ordem\nsocial que podem surgir devido a restrições nos padrões de interação social normal da pessoa, isolamento\nrelacionado a outros fatores (LIMA, 2014).\nA síndrome da imobilidade leva a limitações funcionais por comprometer o sistema osteomuscular,\nprejudicando as transferências, posturas e movimento no leito e em cadeiras de rodas, dificultando as\natividades de vida diária e profissionais alterando também o padrão da marcha. A capacidade funcional pode\ncair para níveis perigosamente baixos, e sinais sistêmicos podem aparecer. Além do aparelho locomotor, os\nsistemas cardiovascular, respiratório, genitourinário, gastrintestinal e no sistema nervoso central (CINTRA,\n2013).\nISSN 18088449 3São diversos os prejuízos gerados por essa afecção, dentre eles infecções de repetição, alterações\nmetabólicas, obstipação intestinal, desnutrição, acúmulo de secreção pulmonar, depressão e isolamento\nsocial (RIBEIRO, 2011).\nA manutenção da capacidade funcional é, em essência, uma atividade multiprofissional para a qual\nconcorrem médicos, enfermeiras, fisioterapeutas, terapeutas ocupacionais, psicólogos e assistentes sociais.\nA essência da Enfermagem tem como grande missão procurar que o indivíduo recupere ou mantenha a\nmáxima independência nas atividades de vida ou que lhe seja ensinado a saber enfrentar a sua\ndependência, facilitando a realização das mesmas, de forma independente e administrar tratamentos com o\nintuito de diminuir ou eliminar os sintomas de doença e consequentemente levar à recuperação da\nindependência (LIMA, 2014).\nDestaca-se, ainda, a importância da investigação sobre os efeitos teciduais e celulares para que se\nencontrem métodos que promovam o tratamento minimizando os efeitos deletérios ao organismo, cuidados\nque podem acrescentar a qualidade de vida destes pacientes por meio de: estímulos na movimentação no\nleito e independência nas atividades; estímulos na deambulação; prevenção de complicações pulmonares;\nauxilio na resolução de doenças pulmonares já instaladas, entre outros.\nConclusão\nSabe-se que com o aumento da expectativa de vida, aumenta também a possibilidade de o idoso\nser acometido por doenças de ordens diversas que podem incapacitá-lo até para tarefas mais comuns do\ndia a dia.\nOs profissionais de saúde são desafiados a lidar com uma prevalência alta de agravos e doenças\nque ocorrem nesta população, em que muitos distúrbios crônicos comuns podem ser prevenidos,\ncontrolados ou limitados, de modo que as pessoas idosas possam ter maior probabilidade de manter uma\nboa saúde e independência funcional.\nÉ importante, ainda, atentarmos para a prevenção de doenças secundárias a imobilização para que\na recuperação se desse de uma forma mais rápida e eficaz. Desta forma o envelhecimento em dependência\nexige novas formas de assistência, tornando-se um desafio por parte das políticas públicas de saúde.\nReferências\nBERTOLETTI, E; JUNGES, J.R. Envelhecimento populacional contemporâneo: demandas, desafios e\ninovações. Rev. Saúde Pública, São Paulo, v.43, n.3, 2009.\nCINTRA, M.M.M. et al. Influência da fisioterapia na síndrome do imobilismo. Colloquium Vitae, v.5, n.1,\np.68-76, jan/jun.\nCOCCO.A.R; et al. A imobilidade em Instituição de Longa Permanência: Compreendendo o desafio\nvivenciado pelas equipes de saúde. Revista Kairós Gerontologia, v.16, n.3, p.263-284, 2013.\nFIGUEIREDO. M. L. F, et al. Diagnósticos de enfermagem do idoso acamado no domicílio. Rev Bras\nEnferm. Brasília, v.61, n.4, p.464-469, jul-ago, 2008.\nIBGE. Instituto Brasileiro de Geografia e Estatística. Síntese de Indicadores Sociais 2014. Uma análise das\ncondições de vida da população brasileira. Rio de Janeiro: Ministério do Planejamento, Orçamento e Gestão,\n2014.\nKARSCH, U.M.; Idosos dependentes: famílias e cuidadores. Cad. Saúde Pública, Rio de Janeiro, v.19, n.3,\np.861-866,mai-jun, 2003.\nISSN 18088449 4LIMA, A.M.N; A reabilitação e a independência funcional do doente sujeito a imobilidade. Dissertação\n(Mestrado em Enfermagem de Reabilitação)- Instituto Politécnico de Viana do Castelo, Valença, 2014.\nMORAES, E.N; MARINO, M.C.A; SANTOS, R.R.; Principais síndromes geriátricas. Rev Med Minas Gerais,\nv.20, n.1, p. 54-66, 2010;\nMORAES, E.N .Atenção à saúde do Idoso: Aspectos Conceituais. Brasília (DF): Organização Pan-\nAmericana da Saúde, 11-15, 2012.\nRIBEIRO, C.A.. Frequência da síndrome de imobilidade em uma enfermaria de geriatria. Geriatria &\nGerontologia, v.5, n.3, p.136-139, 2011.\nSILVA, R. C. C. P.; GALVÃO, C. M. O cuidado de enfermagem e o cateter de Hickman: a busca de\nevidencias. Acta Paulista de enfermagem, v. 18, n. 3,p. 276-84, 2005.\nVENTURA, S. S. C.; PAULETTI, J.; Pneumonia associada à ventilação mecânica (PAVM) em UTI pediátrica:\numa revisão integrativa. Rev Bras Cien Med Saúde, v. 1, n. 1, p. 7-15, 2010.\nVERAS, R. O autocuidado de idosas octogenárias: desafio à psicologia. Revista Kairós Gerontologia, v.17,\nn.3, p.285 -303, 2014.\nISSN 18088449 5"
}