{
  "id": "27056",
  "trabalho": "RELATO DE EXPERIÊNCIA ACERCA DA TERAPIA COMUNITÁRIA EM UM CENTRO DE ATENÇÃO PSICOSSOCIAL EM FORTALEZA  CE.",
  "area": "CIÊNCIAS DA VIDA",
  "ano": "2016",
  "evento": "IV - ENCONTRO DE INICIAÇÃO CIENTÍFICA JÚNIOR",
  "link": "http://uol.unifor.br/oul/conteudosite/?uuid=78D7C485A948440AE0366FE475B97AF2610D5B66",
  "conteudo": "IV Encontro de Iniciação Científica Júnior\nUniversidade de Fortaleza\n17 à 21 de Outubro de 2016\nRelato de experiência acerca da terapia comunitária em um Centro de\nAtenção Psicossocial em Fortaleza – CE.\nCamila Abreu de Sousa Hermes¹ (IC), Jordana\nPrado Benevides² (PQ), Morgama Mara Nogueira Lima3 (PQ), Rebeca Thalia Sampaio Rodrigues4* (IC).\nSamira Rocha Magalhães de Alencar5 (PQ), Vitória Lúcia da Silva Saraiva6 (IC).\n1. Aluno do curso técnico de Enfermagem da Escola Estadual de Educação Profissional Paulo Petrola.\n2. Mestre em Enfermagem pela Universidade Federal do Ceará, professora do curso técnico de\nEnfermagem.\n3. Especialista em Enfermagem Cardiovascular pela Universidade Estadual do Ceará, coordenadora do\ncurso técnico de Enfermagem.\n4. Aluno do curso técnico de Enfermagem da Escola Estadual de Educação Profissional Paulo Petrola.\n5. Mestre em Enfermagem pela Universidade Federal do Ceará, professora do curso técnico de\nEnfermagem.\n6. Aluno do curso técnico de Enfermagem da Escola Estadual de Educação Profissional Paulo Petrola.\nrebecathalia13@gmail.com\nPalavras-chave: Serviços de Saúde Mental. Saúde Mental. Enfermagem.\nResumo\nA Terapia Comunitária é uma inovação da tecnologia de cuidados à saúde mental, criada pelo médico\npsiquiatra Adalberto de Paula, ela reúne pessoas a fim de compartilhar experiências de vida através de\nrelatos (FERREIRA FILHA; DIAS; ANDRADE et al., 2009). O objetivo desse estudo é relatar a vivência de\nestudantes do curso técnico em enfermagem durante a terapia comunitária em um Centro de Atenção\nPsicossocial Geral. Os dados foram coletados a partir de observações e registros no diário de campo\ndurante um grupo terapêutico semanal que acontece nas sextas-feiras com duração de duas horas,\ndirecionado para os usuários, familiares, profissionais e para a comunidade. A terapia comunitária se deu\natravés de cinco momentos. O primeiro momento consistiu no acolhimento, explicação dos objetivos da\nterapia e esclarecimento de algumas regras importantes para o andamento da terapia. O segundo momento\nfoi representado pela escolha do tema. No terceiro momento, a pessoa no qual a situação representou o\ntema escolhido, contextualizou a situação ou problema apresentando de forma mais aprofundada. O quarto\nmomento representou a fase de problematização. No quinto e último momento, o terapeuta e os demais\nparticipantes formaram uma roda e cantaram uma música, proporcionando um clima afetivo entre o grupo. O\ngrupo terapêutico realizado proporcionou experiências marcantes tanto para pacientes como para os\nprofissionais e a todos os envolvidos na atividade.\nIntrodução\nA luta antimanicomial, impulsionada pelo resgate da cidadania dos portadores de transtornos\nmentais, iniciou-se de uma crítica radical na forma de tratamento das instituições psiquiátricas. Juntando-se\ncom essa luta, surgiu a reforma psiquiátrica que, além de denunciar os manicômios como instituições de\ntratamentos violentos, propunham a construção de uma rede de serviços comunitários e solidários\nO Centro de Atenção Psicossocial (CAPS) é um serviço de saúde aberto e comunitário e\ncaracteriza-se pela utilização intensiva de um conjunto amplo e complexo de tecnologias terapêuticas e\npráticas psicossociais, objetivando a reinserção do portador de transtorno mental na família e na\ncomunidade através de atividades como oficinas de alfabetização, trabalhos manuais, grupos de conversas\netc (FERREIRA FILHA; CARVALHO, 2010; CARVALHO; DIAS; MIRANDA; FERREIRA FILHA, 2013).\nISSN 18088449 1A Terapia Comunitária é uma inovação da tecnologia de cuidados à saúde mental, criada pelo\nmédico psiquiatra Adalberto de Paula, ela reúne pessoas a fim de compartilhar experiências de vida através\nde relatos (FERREIRA FILHA; DIAS; ANDRADE et al., 2009). O relato da vivência dos estudantes se faz\nrelevante pois além de ampliar o conhecimento, possibilita avaliar o impacto positivo resultante dessa\nmodalidade de terapia.\nO objetivo desse estudo é relatar a vivência de estudantes do curso técnico em enfermagem\ndurante a terapia comunitária em um Centro de Atenção Psicossocial Geral.\nMetodologia\nO estudo caracteriza-se como uma reflexão de experiência vivenciada por estudantes do curso\ntécnico de Enfermagem da Escola Estadual Paulo Petrola do município de Fortaleza – Ceará. O relato foi\ndesenvolvido durante o Estágio Supervisionado I no mês de Junho de 2016 em um Centro de Atenção\nPsicossocial (CAPS) geral.\nO Estágio Supervisionado I tem uma carga horária total de 200 horas distribuídas em práticas\nem instituições hospitalares, unidades de atenção primária à saúde e CAPS geral, supervisionadas por um\nprofessor orientador.\nOs dados foram coletados a partir de observações e registros no diário de campo durante um\ngrupo terapêutico semanal que acontece nas sextas-feiras com duração de duas horas, direcionado para os\nusuários, familiares, profissionais e para a comunidade. A finalidade da terapia comunitária é promover o\nalivio dos problemas cotidianos dos participantes que desabafam suas aflições no grupo, compartilham\nexperiências e problemas e aprendem a lidar com suas dificuldades.\nResultados e Discussão\nA terapia comunitária se deu através de cinco momentos. O primeiro momento consistiu no\nacolhimento, explicação dos objetivos da terapia e esclarecimento de algumas regras importantes para o\nandamento da terapia.\nO segundo momento foi representado pela escolha do tema através da apresentação dos\nparticipantes, de forma sucinta, de situações ou problemas que estão os preocupando. A partir da exposição\ndas situações, o grupo, através de uma votação, escolheu o tema que seria no próximo momento abordado\nna roda, explicando o motivo da escolha.\nNo terceiro momento, a pessoa no qual a situação representou o tema escolhido,\ncontextualizou a situação ou problema apresentando de forma mais aprofundada. Nesse momento, todos os\nparticipantes fizeram perguntas para esclarecer melhor a questão. O quarto momento representou a fase de\nproblematização, onde através de uma pergunta-chave extraída do depoimento, o grupo gerou uma reflexão\nacerca das experiências individuais. A terapia comunitária é um momento de escuta e acolhimento\nfavorecendo o estreitamento de laços (JATAI; SILVA, 2012).\nNo quinto e último momento, o terapeuta e os demais participantes formaram uma roda e\ncantaram uma música, proporcionando um clima afetivo entre o grupo.\nConclusão\nO grupo terapêutico realizado proporcionou experiências marcantes tanto para pacientes como\npara os profissionais e a todos os envolvidos na atividade.\nA assistência através da terapia comunitária possui um retorno de inúmeros resultados\npositivos para participantes e familiares. Com isso, permite aos profissionais um maior envolvimento com o\npaciente, contribuindo para o direcionamento do cuidado.\nISSN 18088449 2Referências\nCARVALHO, M. A. P; DIAS, M. D; MIRANDA, F. A. N; FERREIRA FILHA, M. O. Contribuições da terapia\ncomunitária integrativa para usuários dos Centros de Atenção Psicossocial (CAPS): do isolamento à\nsociabilidade libertadora. Cad. Saúde Pública, Rio de Janeiro, 29(10):2028-2038, out, 2013.\nFERREIRA FILHA, M. O; CARVALHO, M. A. P. A Terapia Comunitária em um Centro de Atenção\nPsicossocial: (des)atando pontos relevantes. Rev Gaúcha Enferm., Porto Alegre (RS) 2010 jun;31(2):232-9.\nFERREIRA FILHA, M. O; DIAS, M. D; ANDRADE, F. B; LIMA, E. A. R; RIBEIRO, F. F; SILVA, M. S. S. A\nterapia comunitária como estratégia de promoção à saúde mental: o caminho para o empoderamento. Rev.\nEletr. Enf. [Internet]. 2009;11(4):964-70. Disponível em: http://www.fen.ufg.br/revista/v11/n4/v11n4a22.htm.\nAcesso em 15 de Julho de 2016.\nJATAI, J. M; SILVA, L. M. S. Enfermagem e a implantação da Terapia Comunitária Integrativa na Estratégia\nSaúde da Família: relato de experiência. Rev. bras. enferm. vol.65 no.4 Brasília July/Aug. 2012.\nAgradecimentos\nISSN 18088449 3"
}