{
  "id": "27051",
  "trabalho": "ASSISTÊNCIA DE ENFERMAGEM A UM IDOSO INSTITUCIONALIZADO COM ARTRITE REUMATÓIDE",
  "area": "CIÊNCIAS DA VIDA",
  "ano": "2016",
  "evento": "XXII - ENCONTRO DE INICIAÇÃO À PESQUISA ",
  "link": "http://uol.unifor.br/oul/conteudosite/?uuid=1605FF0EF620B70267976388F52FF90D45E0E7C6",
  "conteudo": "XXII Encontro de Iniciação à Pesquisa\nUniversidade de Fortaleza\n17 à 21 de Outubro de 2016\nASSISTÊNCIA DE ENFERMAGEM A UM IDOSO INSTITUCIONALIZADO\nCOM ARTRITE REUMATÓIDE\nSamara Lima Queiroz¹ (IC), Jannayaara Nazareth dos Santos¹ (IC), Lorena Naiane de Araújo\nFernandes¹(IC), Mayenne Myrcea Quintino Pereira Valente² (PQ)\n1. Graduanda em Enfermagem pela Universidade de Fortaleza – Bolsista PIBIC/CNPQ, Fortaleza-CE;\n2. Doutora em Enfermagem. Professora Assistente I do Curso de Enfermagem da Universidade de Fortaleza, Fortaleza-CE.\njannayarasantos@gmail.com\nPalavras-chave: Idoso. Artrite reumatóide. Enfermagem.\nResumo\nA Artrite Reumatóide pode ser definida como a doença inflamatória crônica sistêmica mais frequente. Sua\netiologia ainda é desconhecida, mas sabe-se que possui influência genética e hormonal, caráter autoimune,\nmodulada por fatores ambientais e caracterizada pelo acometimento simétrico de pequenas e grandes\narticulações periféricas, com evolução frequente para deformidade e incapacidade funcional. O estudo teve\ncomo objetivo descrever a Sistematização da Assistência de Enfermagem a um idoso institucionalizado com\nartrite reumatoide. O presente estudo trata-se de um estudo de caso realizado a um idoso com artrite\nreumatoide que reside em uma Instituição de Longa Permanência no município de Fortaleza, Ceará, Brasil.\nO estudo ocorreu no período de abril a maio de 2016. A coleta de dados foi realizada através da realização\nde anamnese, exame físico e acesso ao prontuário da paciente. Os diagnósticos de enfermagem\nencontrados foram: integridade da pele prejudicada, risco de quedas, dor crônica, conforto prejudicado,\nprocessos familiares interrompidos, interação social prejudicada e risco de nutrição desequilibrada.\nObservou-se a importância da realização da sistematização da assistência de enfermagem, visto que,\nproporciona um cuidado integral aos pacientes, atendendo às suas necessidades especificas. Foi de\nsignificativa relevância a aplicação da SAE, pois através desta ferramenta pode-se identificar os problemas\napresentados pelo paciente e realizar intervenções de acordo com as suas necessidades, obtendo assim,\nresultados positivos.\nIntrodução\nArtrite Reumatóide (AR) pode ser definida como a doença inflamatória crônica sistêmica mais freqüente.\nSua etiologia ainda é desconhecida, mas sabe-se que possui influência genética e hormonal, caráter auto-\nimune, modulada por fatores ambientais e caracterizada pelo acometimento simétrico de pequenas e\ngrandes articulações periféricas, com evolução freqüente para deformidade e incapacidade funcional. Essa\ndoença compromete fundamentalmente a membrana sinovial das articulações diartrodiais, estendendo-se\npara a as demais estruturas articulares, cartilagem e osso (LAURINDO, 2006).\nA prevalência da AR é estimada em 0,5%–1% da população, com predomínio em mulheres e maior\nincidência na faixa etária de 30–50 anos. A característica principal da AR é o acometimento simétrico das\npequenas e das grandes articulações, com maior frequência de envolvimento das mãos e dos pés. O caráter\ncrônico e destrutivo da doença pode levar a importante limitação funcional, com perda de capacidade laboral\ne de qualidade de vida, a menos que o diagnóstico seja feito em fase inicial da doença e o tratamento\ndetermine melhora clínica (MOTA et al., 2012).\nISSN 18088449 1Resolução do COFEN 272/2002 revogada pela 358/2009, discorrendo sobre a Sistematização da\nAssistência de Enfermagem (SAE) nas Instituições de Saúde Brasileira vem colaborar com a necessidade\ndesta prática pelo enfermeiro (BRASIL, 2009).\nA SAE é a principal forma para a melhoria da qualidade da assistência e fortalecimento da enfermagem\ncomo profissão (TAYLOR; SPARKS, 2007). A SAE é um instrumento no qual qualifica e personaliza o\ncuidado não devendo ser interpretado como uma ferramenta de assistência exclusiva, que no qual é referida\ncom um objeto do planejamento e organização com uma visão gerencial da assistência. O seu\nconhecimento é, sem dúvida, um valor de grande importância para o enfermeiro, assim conferindo\nsegurança aos profissionais em suas tomadas de decisões relacionadas ao paciente, a sua equipe se seu\npapel na unidade (GUEDES; ALVES, 2010).\nO estudo teve como objetivo descrever a Sistematização da Assistência de Enfermagem a um idoso\ninstitucionalizado com artrite reumatoide.\nMetodologia\nTrata-se de um estudo de caso realizado a um idoso com artrite reumatoide que reside em uma Instituição\nde Longa Permanência (ILP) no município de Fortaleza, Ceará, Brasil. De acordo com Cervo e Bervian\n(2002) estudo de caso é entendido como uma pesquisa sobre um determinado indivíduo, família ou grupo\nou comunidade que seja representativo do seu universo, para examinar aspectos variados de sua vida. O\nestudo ocorreu no período de abril a maio de 2016. No primeiro contato com a idosa realizou-se a coleta de\ndados através da anamnese, exame físico e consulta ao prontuário da mesma. A partir da coleta dos dados\nidentificou-se os diagnósticos de enfermagem presentes utilizando o julgamento clínico. Para a elaboração\ndos diagnósticos utilizou-se a NANDA-I (NANDA-I, 2016). Após o conhecimento dos diagnósticos de\nenfermagem foram elaboradas as intervenções de enfermagem para alcançar os resultados pelos quais o\nenfermeiro é responsável (NANDA-I, 2016). Os achados encontrados no estudo foram discutidos de acordo\ncom a literatura pertinente sobre a temática. Obedeceu-se aos princípios éticos conforme preconiza a\nresolução 466/12, do Conselho Nacional de Saúde, sobre pesquisas que envolvem seres humanos\n(BRASIL, 2012).\nResultados e Discussão\nHISTÓRICO DO PACIENTE:\nW.V.S. masculino, 67 anos, solteiro, aposentado, natural de Paraíba. Com histórico de artrite idiopática\njuvenil, cifoescoliose congênita, osteoporose, hérnias epigátricas e inguinal E. Faz uso das medicações:\nleflunomida, esomeprazol, tecnomet, metetrexate. Ensino fundamental incompleto, Profissão: camelô. Antes\nda institucionalização não residia com nenhum familiar. Relata que o motivo da institucionalização foi em\ndecorrência da artrite reumatóide. Reside na ILP há 17 anos. E ressalta que: “não tem paraíso melhor que\neste lugar. Aqui é bom”. Apresenta antecedentes pessoais familiares de Hipertensão Arterial Sistêmica\n(HAS) e Diabetes Mellitus (DM). Relata ser ex-tabagista.\nAO EXAME FÍSICO:\nAo exame físico: E: 1,58 m; P: 48kg; CA: 84cm; IMC:19,27 Kg/m2; PA: 130/80; FC: 73 bpm. Pulso radial:\n73bpm. Paciente relata pouca alteração visual. Pele: ressecada, presença de edemas e manchas. Cavidade\noral: uso de próteses, não realizou exame odontológico. Tórax: assimétrico, cifoescoliose, expansível,\nindolor à palpação. AP: ruídos vesiculares universais do ápice à base, ausência de ruídos adventícios. AC:\nRCR, BNF, 2T. Ausência de sopros. Abdome: globoso, integridade da pele prejudicada, presença de ruídos\nISSN 18088449 2hidroaéreos, ausência de nódulos, indolor à palpação. Sistema urinário: eliminações frequentes, límpida,\nausência de odor. MMSS: pele ressecada e ausência de dor. MMII: pele ressecada, edemas, pulsos pedioso\ne tibial posterior presentes. Limitação de movimentos nas articulações em decorrência da AR.\nOs dados apresentados trazem os Diagnósticos de Enfermagem (DE), as intervenções de enfermagem e os\nresultados esperados. As intervenções de enfermagem propostas foram planejadas segundo a Nursing\nIntervention Classification (NIC) que padroniza as intervenções realizadas pelo enfermeiro e os resultados\nesperados segundo a Nursing Outcomes Classification (NOC) (BULECHECK et al., 2016; MOORHEAD et\nal., 2016).\nApresentamos os DE as intervenções propostas pela NIC e os resultados de acordo com a codificação da\nNOC.\nDIAGNÓSTICO DE ENFERMAGEM /INTERVENÇÕES/RESULTADOS\nDiagnóstico:\n- Integridade da pele prejudicada relacionada por extremos de idade, mudança no turgor e\ndesidratação.\nIntervenções:\n- Orientar uma nutrição ideal, rica em vitaminas\n- Orientar a ingestão de água em poucas quantidades várias vezes ao dia.\n- Orientar a hidratação da pele.\nResultados:\n- Melhora da integridade da pele\n- Diminuição dos riscos de lesões\nDiagnóstico:\n- Risco de quedas relacionado à mobilidade física prejudicada evidenciado por reumatismo e\nidade acima de 65 anos.\nIntervenções:\n- Orientar o uso de dispositivos de auxílio à marcha ou apoio\n- Orientar o uso correto das medicações\n- Orientar o uso adequado de calçados\nResultados:\n- Melhor estabilidade na marcha\nDiagnóstico:\n- Dor crônica relacionada ao reumatismo evidenciado por dor.\nIntervenções:\n- Orientar o uso correto dos analgésicos prescritos\nResultados:\n- Diminuição das dores\n- Melhora no conforto\nDiagnóstico:\n- Conforto prejudicado relacionado à falta percebida de sensação de conforto evidenciado por\nsintomas do reumatismo, inquietação.\nIntervenções:\n- Orientar o uso das medicações corretamente\n- Orientar o uso de colchões adequados, não muito acolchoados\nResultados:\n- Melhora do conforto\n- Melhora do padrão do sono\n- Melhora da dor\nDiagnóstico:\n- Processos familiares interrompidos relacionado à mudança nos relacionamentos da família\nevidenciado pela sensação de abandono e desamor.\nIntervenções:\n- Orientar a não se deixar abalar por esses acontecimentos\nISSN 18088449 3- Orientar que no ambiente em que ele reside hoje ele pode conhecer novas pessoas e ter\nbons amigos\nResultados:\n- Melhorar o convívio social\n- Evitar o risco de desenvolver depressão\n- Evitar o isolamento social\nDiagnóstico:\nInteração social prejudicada relacionado à quantidade insuficiente de troca social evidenciado\npor desinteresse, conflitos internos.\nIntervenção:\n- Orientar a ser mais aberto a novas amizades\n- Orientar a saber lidar com as pessoas e suas diferenças, pois ninguém é perfeito\n- Orientar a não se deixar abater por brigas e intrigas que venham a ocorrer\n- Orientar a agradecer pela vida, as oportunidades\nResultados:\n- Melhora no convívio social\n- Realizar novas amizades\n- Não brigar com outros moradores\nDiagnóstico:\nRisco de nutrição desequilibrada relacionada à ingestão insuficiente de nutrientes para\nsatisfazer às necessidades metabólicas evidenciado por relato de sensação de sabor alterada.\nIntervenções:\n- Orientar a importância de se alimentar bem\n- Orientar a se alimentar de 3 em 3 horas\nResultados:\n- Ganho de peso\n- Melhora nas condições físicas\nConclusão\nDiante do trabalho exposto pode-se perceber a importância da realização da sistematização da assistência\nde enfermagem, visto que, proporciona um cuidado integral aos pacientes, atendendo às suas necessidades\nespecificas. Foi de significativa relevância a aplicação da SAE, pois através desta ferramenta pode-se\nidentificar os problemas apresentados pelo paciente e realizar intervenções de acordo com as suas\nnecessidades, obtendo assim, resultados positivos. Consegui-se obter sucesso referente às informações\nrepassadas: melhora no convívio social, melhora na integridade da pele, alimentação, isolamento e padrão\nde sono.\nReferências\nBRASIL. Conselho Federal de Enfermagem. Resolução COFEN nº 358/2009.\nBRASIL. Ministério da Saúde. Conselho Nacional de Saúde. Resolução 466, de 12 de dezembro de 2012.\n/resoluções /2012/Reso466.pdf>. Acesso: 16 ago. 2016. Dispõe sobre diretrizes e normas\nregulamentadoras de pesquisas envolvendo seres humanos. Disponível em:\n<http://conselho.saude.gov.br>\nBULECHEK, G. M. et al. Nursing Intervention Classification (NIC). 6. ed. Rio de Janeiro: Elsevier, 2016.\n640 p.\nCERVO, A. L.; BERVIAN, P. A. Metodologia científica. São Paulo: Prentice Hall, 2002.\nGUEDES, D. S; ALVES, V. L. S. As dificuldades encontradas pelo enfermeiro na implantação da\nsistematização da assistência de enfermagem. 10º SINADEN, 2010.\nISSN 18088449 4LAURINDO, I. M. M. Artrite reumatóide. In: Lopes AC, Amato Neto V, organizadores. Tratado de clínica\nmédica. São Paulo: Roca, 2006. v. 1, p. 1580-94.\nMOORHEAD, S. et al. Classificação dos Resultados de Enfermagem (NOC). 5. ed. Rio de Janeiro:\nElsevier, 2016. 712 p.\nMOTA, L. M. H. da.; CRUZ, B. A.; BRENOL, C. V.; PEREIRA, I. A.; FRONZA, L. S. R.; BERTOLO, M. B.;\nFREITAS, M. V. C. de.; SILVA, N. A. da.; JÚNIOR, P. L.; GIORGI, R. D. N.; LIMA, R. A. C.; PINHEIRO, G.\nda R. C. Consenso 2012 da Sociedade Brasileira de Reumatologia para o tratamento da artrite\nreumatoide. Revista Brasileira de Reumatologia., v. 2, n. 5, p.135-174, dez, 2012.\nNANDA INTERNATIONAL. Diagnósticos de enfermagem da NANDA: definições e classificação 2015-\n2017. Porto Alegre: Artmed, 2016. 488 p.\nTAYLOR, C.; SPARKS, S. R. Manual de diagnóstico de enfermagem. Rio de Janeiro Guanabara Koogan,\n2007.\nAgradecimentos\nGostaríamos de agradecer à Universidade de Fortaleza-UNIFOR, por nos proporcionar a pesquisa e ensino\nnas vastas áreas que a enfermagem atua e aos excelentes campos de estágio, a Professora Mayenne\nMyrcea, por orientar e apoiar este trabalho que é de grande importância para as alunas.\nISSN 18088449 5"
}