{
  "id": "27069",
  "trabalho": "JOVENS COM DEFICIÊNCIA E O MUNDO DO TRABALHO",
  "area": "CIÊNCIAS HUMANAS",
  "ano": "2016",
  "evento": "XVI - ENCONTRO DE PÓS-GRADUAÇÃO E PESQUISA",
  "link": "http://uol.unifor.br/oul/conteudosite/?uuid=2799D7DCED532C376682FD0B70596338B7F0483C",
  "conteudo": "XVI ENCONTRO DE PÓS-GRADUAÇÃO E PESQUISA\nUniversidade de Fortaleza\n17 a 20 de outubro de 2016\nJOVENS COM DEFICIÊNCIA E O MUNDO DO TRABALHO\nJefferson Falcão Sales1 (PQ), Sumara Frota do Nascimento2* (PG)\n1Doutorando em Educação e Mestre em Educação, Universidade Federal do Ceará, Fortaleza-CE;\n2Especialista em Políticas Públicas e Seguridade Social, Faculdade Cearense, Especializando pelo\nPrograma de Pós-Graduação em Orientação e Mobilidade, Instituto Federal de Educação, Ciência e\nTecnologia do Ceará,Fortaleza-CE.\nsumaraassistentesocial@gmail.com\nPalavras-chave: Juventude. Pessoas com Deficiência. Trabalho\nResumo\nO presente artigo vem apresentar uma das expressões da questão social que é o trabalho, mas essa\nquestão vem acompanhada de outras expressões quando nos referimos às pessoas com deficiência que\nvem a ser a exclusão, a inclusão e a sociabilidade. O objetivo geral deste artigo é abordar o sentido do\ntrabalho para jovens com deficiência inseridos no Laboratório de Inclusão da Secretaria de Trabalho e\nDesenvolvimento Social – STDS, tendo como referência o programa primeiro passo que inclui jovens que\nainda estão no Ensino Médio e tem o campo de trabalho como referência através do estágio. A fim de\nresponder os objetivos traçados, o trabalho tem como eixo inicial uma aproximação maior com o tema à luz\nde autores como Antunes (2010), Marx (1985), Soares (2009), dentre outros que envolvem essa temática. A\ninvestigação realizada é de natureza qualitativa, tendo como parte também a pesquisa bibliográfica,\ndocumental e também com os dados coletados na pesquisa de campo através de um roteiro de entrevistas\nsemiestruturadas aplicadas no grupo com a técnica de grupo focal com jovens com deficiência, sendo as\nentrevistas realizadas nos mês de Fevereiro/2014. Os resultados desta pesquisa proporcionam a conhecer\ncomo é visto o mundo do trabalho para pessoas com deficiência, bem como a importância dessa inserção\npara os mesmos fazendo valer seus direitos conquistados e superando paradigmas que abordam o\npreconceito dessas pessoas serem inseridas no mundo do trabalho.\nIntrodução\nO processo de exclusão das pessoas com deficiência é tão antigo quanto à socialização do homem.\nEm uma sociedade em constante transformação, inclusive no mundo do trabalho é necessária uma\norganização em que os indivíduos se sintam plenamente fazendo parte dela. A legislação brasileira de 1988\nconsagrou uma série de direitos das pessoas com deficiência, direitos esses que visam a sua inclusão na\nsociedade. Mas para que as pessoas com deficiência possa exercer todos os seus direitos garantidos por\nlei, é indispensável à adoção de medidas especiais aptas a incluí-las em todos os espaços da sociedade.\nNo tocante ao mundo do trabalho, lutas em favor da sociedade com deficiência tem sido constante para se\nformatar uma política de inclusão que garantam os direitos sociais conquistados na Constituição Brasileira.\nDiante disso, sabendo das formas do processo de exclusão de pessoas com deficiência na\nsociedade que ocorrem muitas vezes, mesmo com o avanço dos direitos garantidos. Partindo desse\npressuposto, fizemos uma pesquisa que apresentará qual sentido do trabalho para jovens com deficiência\ninseridos no Laboratório de Inclusão da Secretaria de Trabalho e Desenvolvimento Social – STDS através\n1do Programa Primeiro Passo. Algumas motivações englobam essa pesquisa para que a mesma fosse feita.\nA primeira motivação foi em relação da aproximação dos pesquisadores em conviver com uma pessoa com\ndeficiência, conhecendo de perto a realidade de uma pessoa com deficiência, logo após veio segunda\nmotivação a de serem jovens e observar todo o percurso de um jovem considerado “normal” sem nenhum\ntipo de deficiência visível para sociedade entrar no mercado de trabalho, ver as exigências de qualificação e\ntoda a concorrência e se questionar de como seria para um jovem com deficiência enfrentar essa realidade.\nMetodologia\nA pesquisa proposta neste artigo possui natureza qualitativa que é própria das ciências sociais,\nmetodologia essa utilizada para analisar o objeto de estudo escolhido. A pesquisa qualitativa irá responder a\nquestões muito particulares segundo Minayo (2010) “A pesquisa qualitativa [...] ela trabalha com o universo\ndos significados, dos motivos, das aspirações, das crenças, dos valores e das atitudes.” (p.21). Nesse\nsentido, a pesquisa qualitativa permitirá uma melhor compreensão da participação das pessoas com\ndeficiência no mercado de trabalho, diante disso a pesquisa qualitativa será configurada com a aplicação de\nquestionários e entrevistas. Foi feito também durante essa pesquisa um levantamento bibliográfico sobre os\ndiversos temas relacionados à pesquisa como: Inclusão Social, Trabalho e Juventude e Educação e\nPessoas com Deficiência.\nLevamos a efeito também, a revisão de literatura tomando por base as categorias de análise. Dentre\nas categorias inerentes ao objeto delimitado destacam-se os seguintes conceitos: Trabalho, Pessoas com\nDeficiência, Projeto Primeiro Passo e Educação. Nas leituras realizadas dialogamos com os seguintes\nautores: Marx (1985), Ricardo Antunes (2010), Soares (2009), Ribas (1985) dentre outros. Também\nutilizamos a pesquisa documental analisando registros feitos na Instituição pesquisada através de seu site e\nas Leis referente aos direitos das pessoas com deficiência.\nOs sujeitos considerados na pesquisa são os jovens com deficiência que participam do projeto\nPrimeiro Passo do Laboratório de Inclusão totalizando 09 jovens, mas somente seis estavam disponíveis\npara entrevistas entre eles estão 01 com deficiência física, 04 com deficiência visual e 01 com deficiência\nauditiva. Martinelli (1999) afirma que no momento em que “buscamos os sujeitos da pesquisa, estamos\ncertamente apoiados em um projeto político singular que se articula a projetos mais amplos, relacionados\naté mesmo com o projeto de sociedade que lutamos.” (p. 26).\nOs dados coletados na pesquisa de campo foi através de um roteiro de entrevista semiestruturadas\naplicadas no grupo com a técnica de grupo focal realizadas nos mês de Fevereiro/2014. As pessoas\nentrevistadas tiveram sigilos mantidos sobre seus nomes verdadeiros, sendo aqui caracterizadas com nome\nde Flores. Anterior ao momento da aplicação foi entregue os termos de consentimento livre e esclarecido da\npesquisa, na qual as assinaturas foram requeridas antes da coleta de dados, mas não se esquecendo de\ndetalhar que para os jovens que possuíam deficiência visual sem possibilidade de ler o termo e assinar, foi\nlido para eles e gravado o consentimento oral dos mesmos em permitir que seus dados fossem coletados\nna entrevista.\nResultados e Discussão\nO trabalho ocupa um espaço maior na vida do ser humano que qualquer outro tipo de atividade que\nele possa desempenhar. Para Antunes (2004) o trabalho começa com a elaboração de instrumentos, isso o\ndenomina como o inicio do trabalho e que representam os instrumentos mais antigos, a julgar pelos restos\n2que nos chegaram dos homens pré-históricos, pelo gênero de vida dos povos mais antigos registrados pela\nHistória, assim como pelo dos selvagens atuais mais primitivos.\nMarx diz que o trabalho é transferido do homem para o espírito. São os homens pelas suas lutas\ncotidianas que constroem a história. Para ele, a essência do homem é o trabalho e este só passa a existir\natravés dele.\nO homem não é plenamente homem se não imprimir em todas as coisas sua\nhumanidade, [...] o trabalho é toda atividade humana que permite exprimir a\nindividualidade daquele que a exerce. Mas exprimir-se para o outro, portanto, de\nmostrar ao outro ao mesmo tempo sua singularidade e seu pertencimento ao\ngênero humano. (MARX, 1985, p.140).\nOu seja, na concepção de Marx o trabalho é inerente ao ser humano ganhando relevos como o fator\nde relação social por excelência. O homem então, não se compreende sem a referência de seu trabalho.\nSegundo Granemann (2009) o trabalho humano medeia às trocas metabólicas do homem com a natureza,\nproduz novas experimentações para satisfação de novas necessidades e, também obriga a novas\nrespostas.\nNo Brasil, o mundo do trabalho com o processo de urbanização e industrialização adquiriu uma\nmaior estruturação por volta de 1980, mas Silva (2009) diz que, algumas características não positivas ainda\nsão preservadas como o baixo nível de escolaridade, salários precários, reduzida a qualidade dos postos de\ntrabalho e inexistência de políticas de emprego O mercado de trabalho passou por uma profunda\nreestruturação nos últimos tempos, Harvey (2004) confirma que, essa reestruturação foi favorecida pelo\nexcedente de mão de obra percebendo uma redução do emprego regular e o crescimento do trabalho em\ntempo parcial, temporário e subcontratado. Diante disso, Mattoso (1995) imprimiu mudanças substanciais\nao mundo do trabalho pela reestruturação quando reconhece a classe trabalhadora como mais\ncomplexificada, heterogênea e fragmentada traduzindo esses aspectos uma insegurança generalizada para\na classe trabalhadora.\nNos dias atuais o trabalhado exerce um papel muito importante não somente na parte econômica,\nmas para o desenvolvimento social do ser humano. Numa sociedade como a brasileira, com tantos resgates\nsociais a fazer, inúmeras pontes devem ser construídas, principalmente através do trabalho unindo mundos.\n“Diante de um contexto de precarização e flexibilização das relações trabalhistas, a inserção de pessoas\ncom deficiência no mercado de trabalho, cobrada como uma solução de cidadania torna-se uma situação\nproblemática de caráter relevante para a análise sociológica”. (BANDEIRA, 2011, p.27). No entanto, a\ninserção de pessoas com deficiência – PCD no mercado de trabalho é bastante recente no Brasil.\nFortaleceu-se, aos poucos, a convicção de que as pessoas com deficiência podiam trabalhar e\nqueriam exercer voz ativa na sociedade. Os Estados passaram gradativamente a reconhecer sua\nresponsabilidade no cuidado a esse segmento populacional. A inserção das pessoas com deficiência no\nmercado de trabalho vem a se constituir um meio de viabilizar o processo de interação entre essas pessoas\ne a sociedade. Através do trabalho a pessoa com deficiência pode mostrar suas potencialidades,\ncompetência e capacidade e pode construir uma vida independente e mais digna podendo até expandir\nsuas expectativas de vida.\nTem crescido a atenção dirigida aos jovens nos últimos anos no Brasil, Abramo (1997) diz que isso\nvem ocorrendo tanto da opinião pública como na academia, assim como parte dos atores políticos e de\ninstituições, governamentais e não governamentais, que prestam serviços sociais. Na sociedade ser uma\npessoa com deficiência, principalmente jovem é considerado muitas vezes uma pessoa não eficiente. “A\n3palavra deficiência refere-se à restrição na execução de uma atividade” já dizia Soares (2009) pesquisadora\nno assunto que aborda pessoas com deficiência. A palavra pessoa com deficiência muito ajuda, às vezes, a\ninserir o estigma da “pessoa ineficiente”. Hunt (1998) afirma que a sociedade tente a ver o portador de\ndeficiência como uma pessoa infeliz, inútil, indiferente, oprimida e doente. (p.96).\nOs autores Rizzo e Chamon (2010) afirmam que o significado do trabalho para um jovem reveste-se\nde características particulares. Considere um indivíduo em formação, que ainda não tem uma profissão\nestabelecida, mas precisa do salário que ganha para se manter e, muitas vezes, manter a família. Um\nindivíduo que ainda não tem experiência profissional, não tem os estudos concluídos e muito menos\npersonalidade formada. Relacionamos tal afirmação dos autores acima com as falas citadas:\nTrabalho significa “crescimento”, “estrutura” é através do trabalho que você consegue ultrapassar\nlimites ter uma profissão ampla, autonomia financeira. Principalmente sendo uma pessoa com deficiência.\nFicar num estágio igual a outras pessoas no mercado formal é um desafio para nós. O sentido do trabalho\npara mim é desafio. (ROSA, 21 anos).\nTrabalho é “Futuro” é poder fazer suas realizações pessoais te dar um mundo de chances o\ntrabalho no sentido de termos uma boa formação para consequentemente “você” ter um bom salário, tendo\num bom salário você tem realização pessoal e profissional aí (sic) você tem um bom trabalho tudo puxa o\noutro é uma corrente, um ciclo. O sentido do trabalho para mim é isso. (LÍRIO, 20 anos).\nTrabalho é aquilo que nos estimula a se exercitar, porque você não fica no sedentarismo,\nprincipalmente estimula a pensar, raciocinar a testar nossa ótica nossa visão de mundo, é aprender a tomar\nescolhas e valorizar aquilo que estamos fazendo, o sentido do trabalho para mim é isso. É dar o meu\nmelhor, é a supervalorização daquilo que você fez e o reconhecimento de um esforço. É através do trabalho\nque você passa a dominar aquilo que você não sabia, tem uma grande importância o trabalho para uma\npessoa com deficiência, tipo eu com deficiência vou poder trabalhar do meu jeito adequado as normas\nconforme as oportunidades que eu tiver durante a vida no mercado de trabalho e o que tiver de bom e de\nruim o mérito e meu. O trabalho nos ajuda, é fundamental, eu não consigo viver sem trabalhar. (CRAVO, 20\nanos).\nObserva-se que o trabalho envolve também a mobilização de energias físicas e mentais, emoções e\nsentimentos, considerando assim a necessidade do primeiro emprego para jovens com deficiência é um\npasso para a garantia da extinção da exclusão social. Em linhas gerais, a inclusão social da pessoa com\ndeficiência se esbarra nas barreiras funcionais decorrentes dos problemas orgânicos e nas barreiras de\norigem sociais (preconceito, discriminação e o mito da deficiência). Romper essas barreiras, por nós\nclassificadas, requer esforços políticos consideráveis. (NERI, 2003, p.97).\nO tempo vai trabalhando em favor das pessoas com deficiência a se tornar visível uma interseção\nentre o individuo e a sociedade. “Pensar que os deficientes são discriminados no mercado de trabalho é\numa constatação que deve ser válida na medida em que nos leve a enxergar que este tipo de mercado de\ntrabalho em si só é discriminador.” (RIBAS, 1986, p.98).Podemos afirmar que o sentido do trabalho para\njovens com deficiência está no sentido de fundamento de sociabilidade no sentido de viver de uma forma\nem sociedade onde as pessoas passam a olhar de maneira “igual” o jovem com deficiência como outras\npessoas é satisfação, gozo e alegria para eles, é realização é se sentir valorizado pelas pessoas.“O grande\ndesafio da sociedade contemporânea é enxergar as pessoas como um todo e não apenas como portadora\nde uma determinada limitação que, pode algumas vezes, desaparecer mediante uma ação do lado social.”\n4(NERI, 2003, p.96). Essas ações por sua vez devem ser estudadas de modo a permitir traçar instrumentos\nadequados para promoção do bem-estar em geral das pessoas com deficiência. Para tal, é necessário fazer\nuso das informações disponíveis, entendendo como surgem as deficiências, suas causas, limitações,\nampliando o saber daqueles que as carregam consigo.\nConclusão\nEm suma, o trabalho para pessoas com deficiência tem um valor significativo numa visão de\nconcepção da sociabilidade humana, onde estarão inseridos através de seus esforços, qualificação e\ncapacidade no mundo do trabalho de onde um dia foram excluídos. Muitas vezes a pessoa com deficiência\né tida como inválida, mas podemos verificar que nas últimas décadas o avanço nos direitos a garantia\ndessas pessoas melhorou muito, mas ainda existem brechas na lei que dificultam o acesso total dessas\npessoas no mercado de trabalho. O sistema que vivemos na atualidade é muito resquício quando se fala\nnos direitos das pessoas com deficiência. Nesse sentido, longe aqui de concluir quaisquer questões,\npretendemos nesse momento traçar indagações e impressões sobre o estudo, vivemos e sentimos com\nbase na experiência de campo os anseios, frustações e realizações dos entrevistados. Os resultados desta\npesquisa proporcionam a conhecer como é visto o mundo do trabalho para pessoas com deficiência, bem\ncomo a importância dessa inserção para os mesmos fazendo valer seus direitos conquistados e superando\nparadigmas que abordam o preconceito dessas pessoas serem inseridas no mundo do trabalho.\nReferências\nABRAMO, Helena Wendel. Considerações sobre a tematização social da juventude no Brasil.\nUniversidade de São Paulo – Ação Educativa, Revista Brasileira de Educação, 1997.\nANTUNES, Ricardo. A dialética do Trabalho. Ricardo Antunes (org.)- São Paulo: Expressão Popular,\n2004.\nBANDEIRA, I. M. C. Escolarização de pessoas com deficiência e inserção no mundo do trabalho: um\nestudo em supermercados da região metropolitana de Belém – PA. Instituto Federal de Educação, ciência e\ntecnologia de Mato-Grosso, 2009.\nGRANEMMAN, Sara. O processo de produção e reprodução social: trabalho e sociabilidade. In: Serviço\nSocial Direitos e competências profissionais- Brasília: CFESS/ABPESS, 2009.\nHARVEY, D. A condição pós-moderna. São Paulo: Loyola, 2004.\nHUNT, M. R. C. Portadores de deficiência: a questão da inclusão social. Rev. São Paulo em Perspectiva,\nano 14, 1998.\nMARX, Karl, 1985. O capital: crítica da economia política: livro I/Karl Marx; tradução de Reginaldo Sant’\nAnna. – 27ª ed. – Rio de Janeiro: Civilização Brasileira, 2010.\nMARTINELLI, Maria Lucia. Pesquisa Qualitativa: um instigante desafio/ Maria Lucia Martinelli (Org). São\nPaulo: Veras Editora, 1999.\nMATOSO, Carlos. A humanidade, a natureza e o trabalho. HISTEDBR on line, Campinas, dez. 1995.\nMINAYO, M. C. S. Pesquisa social: teoria, método e criatividade. Maria Cecilia de Souza Minayo (Org).\n29 ed – Petrópolis, Rio de Janeiro: Vozes, 2010.\nNERI, Marcelo. Retratos da deficiência no Brasil (PPD) / Marcelo Neri...[et al.]. – Rio de Janeiro:\nFGV/IBRE, 2003. 200 p.\nRIBAS, João Batista Cintra. O que são pessoas deficientes. João Batista Cintra Ribas. – São Paulo: Nova\nCultural: Brasiliense, 1986.\nRIZZO, C.B.S e CHAMMOM, E.M.Q.O. O sentido do trabalho para o adolescente trabalhador. Trab.\n5Educ. Saúde, Rio de Janeiro, v. 8 n. 3, p. 407-417, nov.2010.\nSILVA, Maria Lopes da. Trabalho e população em situação de rua no Brasil/ - São Paulo: Cortez, 2009.\nSOARES, Carminha. A inclusão social e a mídia: um único olhar/Carminha Soares. – São Paulo: Cortez,\n2009.\nAgradecimentos\nAgradecemos ao Centro Laboratório de Inclusão na responsabilidade do João Cordeiro pela autorização da\npesquisa.\n6"
}