{
  "id": "27081",
  "trabalho": "DETERMINAÇÃO DE ÁCIDO ACÉTICO EM VINAGRE E DE ÁCIDO ACETILSALICÍLICO EM ASPIRINA  UM ESTUDO COMPARATIVO.",
  "area": "CIÊNCIAS EXATAS E TECNOLÓGICAS",
  "ano": "2016",
  "evento": "XXII - ENCONTRO DE INICIAÇÃO À PESQUISA ",
  "link": "http://uol.unifor.br/oul/conteudosite/?uuid=B4A46F4BB76A6C8E058E7DC87A7796E37133804A",
  "conteudo": "XXII Encontro de Iniciação à Pesquisa\nUniversidade de Fortaleza\n17 à 21 de Outubro de 2016\nDeterminação de Ácido Acético em Vinagre e de Ácido Acetilsalicílico em\nAspirina – Um Estudo Comparativo. João Victor Magalhães Timbó1* (IC), Nilvan Alves da Silva1 (IC) e\nNadja Maria Sales de Vasconcelos2 (PQ).\n1. Universidade Estadual do Ceará – Curso de Licenciatura em Química.\n2. Universidade Estadual do Ceará – Curso de Licenciatura em Química\nEmail:j.victortimbo@hotmail.com\nPalavras-chave: titulação potenciométrica, exatidão, aspirina, vinagre\nResumo\nAs análises quantitativas têm ampla aplicação e a exatidão nas metodologias analíticas é essencial no\ndesenvolvimento tecnológico e cientifico. Neste trabalho foram empregadas metodologias distintas de\nanálise quantitativa, a titulação clássica e a titulação potenciométrica, cujos resultados foram tratados\nmatematicamente através dos métodos gráficos da primeira e da segunda derivadas para determinação do\nponto de inflexão da curva potenciométrica. Foi avaliada a exatidão dos métodos através da determinação\ndo teor de ácido acético em vinagre e de acetilsalicílico em comprimidos anti-inflamatórios, comparando-se\nos com valores das respectivas amostras certificados comercialmente. Foi constatado que o tratamento\nmatemático dos resultados obtidos pela titulação potenciométrica através dos métodos gráficos da primeira\ne da segunda derivadas possibilita uma maior aproximação do ponto de inflexão da curva de titulação\npotenciométrica com o ponto de equivalência.\nIntrodução\nA exatidão em metodologia analítica é de grande importância para a análise quantitativa que tem\npapel importante no desenvolvimento tecnológico e cientifico, estando presente na indústria, no controle de\nqualidade de produtos, como também no âmbito laboratorial, na determinação de diversos elementos, no\nauxílio de estudos de processos e sistemas [1]. Desta forma, faz-se necessário a avaliação das\nmetodologias de análise utilizados em determinações, bem como propor a comparação dos métodos para a\ndefinição do mais adequado que gera, consequentemente, uma maior exatidão. Em geral, a técnica\nvolumétrica constitui um grupo de procedimentos quantitativos baseados na determinação da concentração\nde um constituinte de uma amostra a partir de uma reação [2]. Uma técnica antiga e ainda amplamente\nempregada é a titulação clássica que consiste na adição de sucessivos volumes de um reagente de\nconcentração exatamente conhecida (titulante) a uma solução contendo uma espécie de interesse (titulado\nou analito) para determinar sua concentração através de propriedades reacionais do sistema investigado. A\ndeterminação analítica é feita baseando-se no ponto de equivalência (P.E.), ou seja, ponto da titulação no\nqual as quantidades de matéria do titulante e do titulado são equivalentes. Para a detecção desse ponto são\nempregados usualmente indicadores que mudam de cor conforme as propriedades do meio reacional [2-3].\nA titulação potenciométrica trata da adição discreta de volumes do reagente de concentração\nconhecida, com monitoramento do potencial elétrico do eletrodo indicador que varia bruscamente nas\nimediações do P.E. Essa técnica instrumental apresenta vantagens sobre a titulação convencional,\nISSN 18088449 1permitindo titular soluções muito mais diluídas, sendo também de mais ampla aplicação, pois devido à falta\nde indicadores apropriados existem determinações que nem sempre são factíveis [1].\nAs curvas de titulação potenciométrica ácido-base são obtidas grafando-se potencial elétrico (ou\npH) na ordenada e na abscissa os volumes adicionados de solução titulante. A inflexão da curva\ncorresponde ao P.E. Contudo, as curvas de titulação nem sempre apresentam um ponto de inflexão bem\ndefinido, sobretudo quando as soluções são muito diluídas e/ou os ácidos ou bases envolvidos são muito\nfracos. Esse fato pode ser contornado através do emprego de métodos gráficos baseados em tratamentos\nmatemáticos dos resultados das titulações potenciométricas obtendo-se uma maior exatidão e precisão\nanalítica.\nO presente trabalho tem como objetivo a comparação da exatidão dos métodos de análises que\nenvolvem a titulação volumétrica clássica em relação à titulação potenciométrica empregando-se os\nmétodos gráficos da primeira e da segunda derivada para a determinação do ponto de inflexão das curvas\npotenciométricas. Com esse propósito foram investigadas amostras comerciais de vinagre e de um\nmedicamento anti-inflamatório para a determinação do teor de ácido acético e de ácido acetilsalicílico,\nrespectivamente.\nMetodologia\nO procedimento experimental realizado no presente trabalho é descrito a seguir.\nMateriais: Foram utilizadas amostras comerciais de vinagre e comprimidos de aspirina. Como solução\ntitulante foi empregada uma solução padrão de NaOH e uma solução alcoólica de fenolftaleína 0,1% como\nindicador ácido-base. A titulação potenciométrica foi realizada com o auxílio de um pHmetro usando-se um\neletrodo combinado de vidro previamente calibrado com soluções tampões de pH 4,0 e 7,0.\nPreparo das amostras: Para a determinação de ácido acético, retirou-se uma alíquota de 5,00 mL da\namostra de vinagre e diluiu-se em um balão volumétrico de 50,00 mL. Em seguida, foram retiradas alíquotas\nde 10,00 mL e transferidas quantitativamente para erlenmeyers, adicionou-se cerca de 25 mL de água\ndestilada. Para a determinação de ácido acetilsalicílico, pesou-se 3 comprimidos de Aspirina ® Bayer. Em\nseguida, os comprimidos foram triturados com auxílio de um almofariz e pistilo. Após isso, pesou-se\nexatamente 0,1000 g de amostra e transferiu-se quantitativamente para erlenmeyers. Para a solubilização\nda amostra sólida foi adicionado álcool etílico 95% e água destilada na proporção 1:1.\nTitulação Clássica: Com o auxílio de uma bureta de 50,00 mL, foram feitos incrementos de volumes do\ntitulante padrão (NaOH) até o ponto final da titulação, no qual foi indicador pela mudança de cor da solução\nnos erlemeyers. As titulações foram efetuadas em triplicatas. A concentração de ácido acético e ácido\nacetilsalicílico foi governada pela seguinte equação (1).\nCb x Vb\nCa=\nVa\nonde: Ca e Va são a concentração do ácido e volume do ácido respectivamente, e Cb e Vb a concentração\nda base e o volume da base adicionada como titulante.\nTitulação Potenciométrica: transferiu-se a solução da amostra a ser titulada em um becker de 100 mL\ncom posterior introdução do eletrodo combinado na solução da amostra. Em seguida, ligou-se o agitador\nmagnético para garantir uma mistura adequada com a adição do titulante (NaOH). A cada incremento de\n0,5-0,2mL de titulante mediu-se o pH do sistema.\nISSN 18088449 2Resultados e Discussão\nNa titulação clássica o ponto de equivalência foi detectado pela mudança para a coloração rósea da\nsolução causada pela solução indicadora fenolftaleína.\nNa figura 1 a seguir são apresentadas as curvas sigmoides de titulação potenciométrica (pH versus\nvolume de NaOH adicionado) da solução de vinagre (a esquerda) e de aspirina (a direita).\nFigura 1. Curva de titulação potenciométrica sigmoide tradicional (pH versus Volume de NaOH adicionado)\nda solução de vinagre (a esquerda) e de aspirina (a direita)\nNo entanto, a determinação gráfica do ponto de inflexão da curva nem sempre é possível, sobretudo\nquando a reação não é simétrica, pois nesse caso o ponto de equivalência não coincide com o ponto de\ninflexão da curva potenciométrica.\nDesta forma, foi aplicado o método da 1ª derivada que consiste em determinar-se o ponto de\ninflexão da curva através da derivada primeira da função inicial. A curva diferencial traçada (ΔpH/ΔV\nmédio\nversus volume médio do titulante) é apresentada na figura 2 a seguir e o seu ponto máximo corresponde ao\nponto de equivalência da titulação.\nFigura 2. Curva de titulação potenciométrica Primeira derivada (ΔpH/ΔVm versus volume médio de NaOH\nadicion ado) da solução de vinagre (a esquerda) e de aspirina (a direita)\nISSN 18088449 3Outro método aplicado foi o método gráfico da 2ª derivada que é ainda mais exato e consiste no\ncálculo da derivada segunda da curva potenciométrica, ou seja, traça-se (Δ2pH/ΔV 2 versus volume\nmédio\nmédio gasto da solução titulante). O ponto de equivalência pode ser encontrado com uma maior\naproximação a partir do ponto em que a derivada segunda intercepta o eixo dos volumes, ou seja, quando\nΔ pH/ΔV = 0 [4], como observado na Figura 3.\n2 m2\nFigu ra 3. Curva de titulação potenciométrica Segunda derivada (Δ2pH/ΔV 2 versus volume médio de NaOH\nmédio\nadicionado) da solução de vinagre (a esquerda) e de aspirina (a direita)\nCom os resultados obtidos na titulação clássica e na titulação potenciométrica foi possível a\ndeterminação da concentração de ácido acético em vinagre e ácido acetilsalicílico em comprimido anti-\ninflamatório, e compará-los com os valores certificados pelo fabricante, mostrados na Tabela 1.\nTabela 1.Resultados das determinações da titulação clássica e a titulação potenciométrica\nTeor de ácido acético em Massa de ácido acetilsalicílico\nvinagre (%) em comprimido anti-\ninflamatório (g)\nValor Certificado pela marca do\n4% (Folha verde) 0,5000g (Aspirina ® Bayer)\nproduto\nMédia da Titulação\n4,78% 0,5351g\nConvencional\nTitulação Potenciométrica –\nCurva sigmoide tradicional (pH 4,69% 0,5311g\nversus V )\nNaOH\nTitulação Potenciométrica –\n4,60%\nPrimeira derivada (ΔpH/ΔVm 0,5264g\nversus Vm NaOH)\nTitulação Potenciométrica –\nSegunda derivada (Δ2pH/ΔV 2 4,66% 0,5022g\nm\nversus V )\nm NaOH\nNa determinação de ácido acético em vinagre através do método da 1ª derivada o teor encontrado\napresenta uma maior aproximação com o valor estabelecido no rótulo comercial, enquanto que na\nISSN 18088449 4determinação de ácido acetilsalicílico em comprimidos anti-inflamatórios, o resultado encontrado pelo\nmétodo da 2ª derivada apresentou um teor médio mais concordante com aquele estipulado pelo fabricante.\nConclusão\nA titulação clássica apresentou bons resultados, porém menos exatos do que o método\ninstrumental. Além disso, na titulação potenciométrica observou-se de imediato a variação de pH de acordo\ncom cada incremento de volume adicionado da solução de hidróxido de sódio, sendo assim observado uma\nvariação abrupta da propriedade, o que caracteriza o ponto final da reação.\nAtravés dos resultados obtidos observou-se que a metodologia instrumental apresenta uma maior\nexatidão, pois o tratamento matemático dos resultados através dos métodos gráficos da primeira e da\nsegunda derivadas possibilita uma maior aproximação do ponto de inflexão da curva de titulação\npotenciométrica com o ponto de equivalência.\nReferências\n1 - OHLWEILER, O. A.; Química Analítica Quantitativa, 3ª ed., Rio de Janeiro: Livros Técnicos e Científicos\nEditora S. A.: 1982, vol. 1.\n2- TERRA, J. e ROSSI, A. V. Sobre O Desenvolvimento da Análise Volumétrica e Algumas Aplicações\nAtuais. Química Nova, Vol. 28, Nº. 1, p 166-171, 2005.\n3- PADILHA, R. C. da S., FAVERO, T. F. Junior Miroel, FERREIRA, E., B. B. T. I software Para Simulação\nde Titulações Potenciométricas.\n4- SKOOG, D.A. et al., Fundamentos de Química Analítica, 8.ed., Cidade do México: Thomson, 2005.\nAgradecimentos\nAgradeço a Universidade Estadual do Ceará – UECE, ao grupo de pesquisa do Laboratório de\nQuímica Analítica e Química Ambiental – LAQAM - UECE, à professora Dra. Nadja Maria Sales de\nVasconcelos, à professora Dra. Flávia Oliveira Monteiro da Silva Abreu ,o professor Dr.Carlos Emanuel de\nCarvalho Magalhães e à minha família.\nISSN 18088449 5"
}