{
  "id": "27080",
  "trabalho": "UTILIZAÇÃO DE RECURSO TECNOLÓGICO NO PROCESSO DE ENSINO E APRENDIZAGEM MATEMÁTICO",
  "area": "CIÊNCIAS EXATAS E TECNOLÓGICAS",
  "ano": "2016",
  "evento": "XVI - ENCONTRO DE INICIAÇÃO À DOCÊNCIA",
  "link": "http://uol.unifor.br/oul/conteudosite/?uuid=3A78D9112B26903B42E6A1C629F876FA8F5ACBFC",
  "conteudo": "XVI Encontro de Iniciação à Docência\nUniversidade de Fortaleza\n17 a 20 de outubro de 2016\nUTILIZAÇÃO DE RECURSO TECNOLÓGICO NO PROCESSO DE ENSINO\nE APRENDIZAGEM MATEMÁTICO\nYara Larissa Pacheco Cruz1*(ID), Raylson Francisco Nunes de Sousa2 (PIBID), João Batista\nRicardo Pinto3 (IC), Eliziane Rocha Castro4 (Prof), Francisco Jeovane do Nascimento5 (PO).\n1. Universidade Estadual Vale do Acaraú– Programa de Monitoria Voluntária.\n2. Universidade Estadual do Ceará – PIBID/FACEDI/UECE.\n3. Universidade Estadual do Ceará – IC/FACEDI/UECE.\n4. Universidade Estadual do Ceará – PPGE/UECE.\n5. Universidade Estadual do Ceará – PPGE/UECE.\nyaralarissabio1234@hotmail.com\nPalavras-chave: Geogebra. Teoria. Prática. Aprendizagem matemática.\nResumo\nA qualificação do processo de ensino e aprendizagem perpassa a utilização de estratégias\ndidático/pedagógicas que remetam aos anseios e necessidades dos educandos, de forma que o\nprofessor busque trabalhar os conhecimentos curriculares com um sentido e uma finalidade\nprática no contexto pessoal e social discente, utilizando elementos que estimulem os educandos,\ndespertando o interesse e aguçando a curiosidade dos mesmos. Nessa perspectiva, o presente\ntrabalho discorre sobre o uso tecnológico atrelado ao ensino matemático, fruto de uma atividade\nde monitoria voluntária realizada com estudantes do terceiro ano do ensino médio, em uma\ninstituição pública de ensino, no qual o desenvolvimento das atividades buscou relacionar o\nconhecimento teórico com seu uso prático, mediante o uso tecnológico. As atividades propostas\nalmejaram explicitar novas possibilidades de aprendizagem no que concerne ao conhecimento\ncurricular matemático, através do uso de recursos tecnológicos, de forma específica o software\n“Geogebra” no estudo da Geometria Analítica. Buscou-se demonstrar a necessidade do\nestabelecimento de uma relação dialética entre a teoria e prática, no qual o conhecimento prévio\ndos educandos servisse como ponto de partida para o delineamento das atividades. Os resultados\nevidenciaram a importância da utilização da tecnologia, de forma planejada, no contexto escolar,\nauxiliando o trabalho docente e possibilitando mais dinamismo a aula, contribuindo no\ndesenvolvimento do raciocínio lógico-abstrativo discente, na perspectiva de efetivação da\naprendizagem.\nIntrodução\nISSN 21755396 1A presente pesquisa foi desenvolvida nos meses de Maio e Junho de 2015, como atividade\nde monitoria voluntária, preparatória para a XV feira de ciências e cultura da escola de ensino\nmédio Luiza Bezerra de Farias, instituição pública localizada na cidade de Tururu e pertencente a\nrede de ensino do estado do Ceará.\nO trabalho foi realizado com estudantes do terceiro ano do ensino médio do turno manhã e\nintegrantes da turma “A”. A referida turma possuía 34 alunos regularmente matriculados e foi\nescolhida pelo fato do professor titular de sala solicitar auxílio para a realização de um projeto\nrelativo a participação da turma na feira de ciências da referida escola, no que concerne a área da\nmatemática, no qual o docente sugeriu que abordasse conteúdos relativos a Geometria Analítica,\nem virtude de tal conhecimento se fazer presente na matriz curricular da referida série.\nBuscou-se na execução do projeto, rediscutir o papel da Matemática na vida pessoal e\nsocial dos indivíduos, ultrapassando as barreiras da sala-de-aula, utilizando outras formas de\nestudo, com destaque para a utilização do software “Geogebra”, de forma que os estudantes\npudessem relacionar o conhecimento teórico com seu uso prático. Ademais, Nascimento e Gomes\n(2014, p. 2) afirmam que “a tecnologia, quando usada de forma planejada e gradual, adequada à\nrealidade que circunda a comunidade escolar pode colaborar em uma melhor aquisição do\nconhecimento”. Observa-se que as tecnologias se fazem presente no contexto cotidiano dos\nestudantes, no qual se torna viável o seu uso no contexto escolar, de forma a utilizar-se de outras\nestratégias didático-pedagógicas, não pautadas apenas na exposição oral, mas articulando outros\nelementos que possibilitem a aprendizagem curricular qualificada.\nComplementado, Aguiar (2008, p. 63-64) afirma que\nO uso das novas tecnologias propicia trabalhar em sala de aula com investigação\ne experimentação na Matemática, considerando que permite ao aprendiz vivenciar\nexperiências, interferir, fomentar e construir o próprio conhecimento. O aluno\nparticipa dinamicamente da ação educativa através da interação com os métodos\ne meios para organizar a própria experiência. A participação do professor como\nfacilitador do processo ensino-aprendizagem é relevante para permitir que o aluno\ndesenvolva habilidades e seja capaz de realizar a atribuição de significados\nimportantes.\nObserva-se que é necessário fazer com que o aluno se perceba como protagonista da sua\naprendizagem, participando da construção do conhecimento mediante os debates e inferências\npropostos, em que as tecnologias se evidenciam como uma via possível de auxílio ao trabalho\ndocente, na perspectiva de mostrar a importância e presença do conhecimento matemático na\nvida pessoal e social dos indivíduos.\nMetodologia\nO trabalho foi desenvolvido com alunos do terceiro “A” do turno diurno, durante os meses\nde Maio e Junho de 2015, com atividades quinzenais, totalizando quatro encontros. Inicialmente,\nfoi feito um planejamento conjunto entre o professor titular da turma e os monitores voluntários,\nobjetivando discutir e descrever a forma de delineamento das ações a serem executadas. Os\nencontros foram realizados no contexto da sala de aula.Inicialmente foi realizada uma exposição oral sobre a importância da tecnologia na\ncontemporaneidade, expondo dados sobre o desenvolvimento cientifico/tecnológico e a relevância\nda qualificação educacional como prática inclusiva e de transformação social. Alguns estudantes\nexplicitaram os seus anseios em relação ao ensino, evidenciando a necessidade do\ndesenvolvimento de estratégias que não se pautassem apenas na exposição oral, visto que isso\ntorna a aula algo monótono e desinteressante.\nNo segundo encontro apresentou-se o software “Geogebra”, sua interface gráfica e\nutilização em várias vertentes do conhecimento humano. Muitos estudantes desmontaram\ncuriosidade em relação ao uso do software, visto que as aulas eram baseadas na exposição oral e\nno conteúdo presente no livro didático. Posteriormente, passou-se a explorar o uso do software no\nestudo relativo a Geometria Analítica, conteúdo curricular presente na matriz de referência da\nreferida disciplina, de forma específica na abordagem da distância entre dois pontos e ponto\nmédio de um segmento de reta.\nNo terceiro encontro realizou-se algumas atividades práticas no estudo da Geometria\nAnalítica, utilizando o software “Geogebra”. Inicialmente foi proposto alguns exercícios meramente\nteóricos sobre o referido, no qual a maioria dos estudantes demonstrou certa dificuldade na\nresolução dos questionamentos. Em seguida, foi feita a resolução com auxílio do recurso\ntecnológico, possibilitando a visualização e relacionando o conhecimento a situações práticas que\nperpassavam o cotidiano dos indivíduos. Foi um momento proveitoso, no qual surgiram muitos\nquestionamentos sobre o assunto, em que os estudantes relataram a relevância do software na\ncompreensão do conteúdo trabalhado, visto que o mesmo proporcionou a visualização e\nexemplificação do uso prático do conhecimento na vida prática/cotidiana.\nNo encontro final, realizou-se um estudo avaliativo sobre as ações desenvolvidas,\nanalisando a opinião crítica dos educandos sobre a relevância do atrelamento entre o\nconhecimento teórico e sua exemplificação prática, auxiliado pelo uso tecnológico. Na análise de\ndados, foi utilizado o método qualitativo da pesquisa, na perspectiva de Silva e Menezes (2005),\nao afirmarem que os principais focos dessa abordagem são o processo e sua significação. Como\ninstrumento de recolha de dados utilizou-se o diário de bordo.\nResultados e Discussão\nMediante o delineamento do estudo, constata-se que é necessário a busca por subsídios\nque auxiliem o professor em sua ação cotidiana, visto que a mera exposição oral dos conteúdos\nnão desperta o interesse dos educandos. Nesse aspecto, as tecnologias se fazem presente na\nvida pessoal e no dia a dia dos estudantes, no qual podem ser utilizadas como elemento\ncontribuinte no processo de ensino e aprendizagem.\nA matemática, resultante do acúmulo social e cultural da humanidade ao longo de milhares\nde anos, não pode ser utilizada como instrumento de exclusão social, mas sim, mostrada na\naquisição de habilidade e competências que auxiliem os indivíduos na resolução de problemaspresentes em sua vida cotidiana, visto que a presença do conhecimento matemática na escola\nremete a sua importância social.\nA realização das atividades se constituiu como um momento oportuno de construção\ncoletiva do conhecimento, fomentando e incentivando a aprendizagem colaborativa,\nproporcionando aos alunos a participação dialética com o saber. O software “Geogebra” propiciou\no atrelamento entre a teoria e prática no que concerne ao estudo da distância entre dois pontos e\nponto médio de um segmento de reta, conteúdos presentes no contexto da Geometria Analítica.\nMediante a realização das atividades, os estudantes puderam expor a sua opinião crítica,\nno qual todos consideraram relevante o uso da tecnologia no ensino, no qual ressalta-se que o\nmero uso tecnológico não corresponderá a uma aula qualitativa, mas que é necessário um\nplanejamento prévio do professor, conforme as necessidades dos educandos com os quais\ninterage.\nPosteriormente, os alunos se dividiram em equipes com o intuito de apresentarem o\ntrabalho sobre o uso tecnológico no processo de ensino e aprendizagem matemático, explorando\nos conhecimentos relativos ao software “Geogebra” no estudo da Geometria Analítica, como ação\ninerente a XV feira de ciências e cultura da escola Luiza Bezerra de Farias, instituição em que foi\nrealizada a atividade de extensão.\nConclusão\nA ação docente cotidiana influencia na aprendizagem curricular, em que os métodos\ndidáticos/pedagógicos docentes devem remeter as necessidades dos estudantes com os quais o\nprofessor interage. Nesse aspecto, é necessário a busca por subsídios que auxiliem o docente em\nsua ação profissional, no qual as tecnologias emergem como um elemento que pode contribuir no\ntrabalho educacional, objetivando a qualidade do processo de ensino e aprendizagem.\nA realização desse projeto descortinou novas e melhores possibilidades de aprendizagem\nmatemática aos estudantes, mediante o contato com material significativo e refinado, com\nmétodos adequados as necessidades dos estudantes, pensando e repensando as práticas\npedagógicas, as estratégias de abordagem do conhecimento e a tradução destes elementos\nnuma aula qualificada, eficiente e singular, na busca de transformar as suas salas de aula em\nespaços privilegiados de uma aprendizagem mais significativa dos conteúdos matemáticos.\nAdemais, a aprendizagem prática da profissão docente se delineia mediante a atuação no\ncontexto da sala de aula, relacionando os conhecimentos adquiridos na academia com as\nmúltiplas, abrangentes e inconstantes situações que os licenciandos podem vivenciar no âmbito\nescolar, possibilitando a reflexão de cada acadêmico sobre os seus questionamentos individuais.\nReferências\nAGUIAR, Eliane Vigneron Barreto. “As novas tecnologias e o ensino-aprendizagem”. In: Vértices,\nvol. 10, n. 1/3, jan/dez. 2008.\nNASCIMENTO, Francisco Jeovane do; GOMES, Neiva Daiane Cordeiro. Utilizando as\ntecnologias da informação e comunicação no processo de ensino/aprendizagemmatemático: uma experiência em Sobral-Ce. Anais do Encontro Virtual de Documentação em\nSoftware Livre e Congresso Internacional de Linguagem e Tecnologia Online. Vol. 3. No. 1. 2014. .\nDisponível em: <\nhttp://www.periodicos.letras.ufmg.br/index.php/anais_linguagem_tecnologia/article/view/5779/5103\n>. Acesso em 12/08/2016.\nSILVA, E. L. da; MENEZES, E. M. Metodologia da pesquisa e elaboração de dissertação. 4.\ned. rev. Atual. Florianópolis: UFSC, 2005.\nSite do software Geogebra para download. Disponível em: <\nhttp://www.geogebra.org/cms/pt_BR/download/ >. Acesso em 12/04/2015.\nAgradecimentos\nA Escola Luiza Bezerra de Farias, pela disponibilidade para a realização das ações inerentes a\nação proposta.\nA Universidade Estadual Vale do Acaraú (UVA) e a Universidade Estadual do Ceará (UECE).\nAo Programa de Pós-Graduação em Educação da Universidade Estadual do Ceará (PPGE-\nUECE)."
}