{
  "id": "27088",
  "trabalho": "UMA ANÁLISE ACERCA DAS DECISÕES JUDICIAIS REFERENTE A CONCESSÃO DE MEDICAMENTOS EXPERIMENTAIS.",
  "area": "CIÊNCIAS JURÍDICAS",
  "ano": "2016",
  "evento": "XXII - ENCONTRO DE INICIAÇÃO À PESQUISA ",
  "link": "http://uol.unifor.br/oul/conteudosite/?uuid=74F34B22AD0EECA34503A6B1E4094CEABEAE428F",
  "conteudo": "XXII Encontro de Iniciação à Pesquisa\nUniversidade de Fortaleza\n17 à 21 de Outubro de 2016\nUma análise acerca das decisões judiciais referente a concessão de\nmedicamentos experimentais.\nSarah Linhares Ferreira Gomes (IC)1\nDaniela Veloso Souza Passos 2 (PQ)\n1. Universidade de Fortaleza – PAVIC\n2. Universidade de Fortaleza – Professora orientadora\nsarahlinhares16@hotmail.com\nPalavras-chave: Direito à saúde. Medicamento experimental. Judicialização de medicamentos. Políticas Públicas de\nMedicamentos\nResumo\nA saúde foi consagrada no ordenamento jurídico brasileiro atual como um direito fundamental que\ndeve ser efetivado pela Administração Pública. A partir da Constituição de 1988 ela passou a ter uma maior\nabrangência, alcançando as dimensões curativa e preventiva, com o escopo de protegê-la. Todavia, por\ndiversos motivos, muitas vezes essa tarefa destinada ao Poder Executivo não é cumprida de forma\nsatisfatória ocasionando o fenômeno chamado judicialização da saúde. O presente artigo tem o objetivo de\nanalisar as implicações jurídicas acerca do fornecimento de medicamentos experimentais e as possíveis\nconsequências da concessão desse tipo de medicamento pela via judicial, visto que não tem comprovada\nsua eficácia, qualidade e segurança.\nIntrodução\nO direito à saúde foi objeto de ampliação pelo Constituinte Originário de 1988, que determinou a sua\nconcretização por meio de políticas públicas, dando ênfase ao seu aspecto de recuperação e prevenção, o\nque faz esse direito desdobrar-se em vários outros, como tratamentos médicos e fornecimento de\nmedicamentos. Por estar consagrado na Carta da República, abre-se a oportunidade de ingressar no Poder\nJudiciário com o escopo de protegê-los quando houver alguma lesão ou ameaça desses direitos. Por\nvezes, os cidadãos alegando requerer a preservação de seu direito à saúde pleiteiam medicamentos\nexperimentais, que não tem comprovada sua eficácia, segurança e qualidade, ou seja, os efeitos que\npodem decorrer daquele remédio são muitas vezes imprevisíveis. Por este motivo, referidos fármacos não\npossuem registro na ANVISA (Agência de Vigilância Sanitária) e como consequência não constam das\nlistas que integram as políticas públicas de medicamentos. Diante desse quadro, os magistrados se\ndeparam reiteradamente com demandas requerendo medicamentos experimentais prescritos por médicos\ncom fundamento na norma constitucional que assegura a saúde como direito de todos e mesmo não tendo\na eficácia comprovada, proferem sentenças no sentido de procedência do pedido, a exemplo disso houve a\nconcessão da pílula do câncer (fosfoetanolamina sintética), devido a decisão do Tribunal de Justiça do\nEstado de São Paulo, o que trouxe uma ampla discussão sobre o assunto. A importância desse tema\nreside no fato de que a concessão de medicamentos experimentais poderá ao invés de proteger a vida dos\npacientes, colocá-la em risco e gerar custos sociais que prejudiquem a sociedade e também há a\nindagação sobre legitimidade do Poder Judiciário em conceder essas pretensões, o que será investigado\nao longo desse trabalho.\nMetodologiaO presente trabalho integra parte de uma pesquisa realizada no Laboratório de Jurisprudência da\nUniversidade de Fortaleza – LAJUR, composto por uma equipe de pesquisadores, que tem o intuito de\ncompor e analisar dados referente a decisões dos Tribunais brasileiros. Trata-se de uma pesquisa de\ncunho bibliográfico, mediante utilização de livros, legislação, revistas e artigos científicos, buscando uma\nanálise crítica acerca do fenômeno estudado para utilização aplicada, com finalidade de ampliação de\nconhecimentos, com objetivo de demonstrar as consequências da judicialização de medicamentos\nexperimentais.\nResultados e Discussão\n1 AS POLÍTICAS PÚBLICAS DE MEDICAMENTOS E OS MEDICAMENTOS EXPERIMENTAIS\nA Constituição Federal de 1988 consagrou o direito à saúde no seu artigo 196 afirmando ser\n“direito de todos e dever do Estado.” Portanto, a obrigação de cumprir esse direito pertence ao Estado, que\ndeve concretizá-lo por meio de políticas públicas com o objetivo da “redução do risco de doença e de\noutros agravos e ao acesso universal e igualitário às ações e serviços para sua promoção, proteção e\nrecuperação.” Além de consagrá-lo na Carta Magna, reconheceu como um direito fundamental, o que traz\nvárias consequências jurídicas (aplicabilidade imediata e proibição de eventual emenda constitucional que\nvenha abolir esse direito e etc.), além da incumbência do Estado de aproximar o máximo possível o “dever-\nser normativo e o ser da realidade social”. Ou seja, não deve apenas estar positivado como um direito, mas\nprincipalmente aplicado no caso concreto na sociedade. (AGNALDO et. al., 2007, p. 3).\nO Poder Executivo com a incumbência precípua de concretizar os ditames da Constituição Federal,\ndentre eles o direito à saúde, desenvolveu várias políticas públicas para efetivá-lo em todos os seus\naspectos (recuperação, proteção e promoção), como os Programas de Saúde na Escola, Centro de\nAtenção Psicossocial (CAPS) infantil e adolescência (em casos de dependência química), Programas\nNacionais de Imunização (fornece vacinas ao trabalhadores como forma de prevenir a varíola) e também\nações voltadas para as pessoas com deficiência física, oferecendo serviços para a habilitação física, visual\ne auditiva, dentre muitos outras políticas.\nNesse sentido, as políticas públicas de medicamentos constituem-se de um conjunto de ações que\ntem por objetivo ofertar aos usuários do sistema fármacos com qualidade, eficazes e seguros. Referidas\nações envolve, portanto, desde a pesquisa, controle de qualidade, aquisição, distribuição e orientação para\na utilização racional com a disponibilização de um conjunto de serviços que contribuam para a promoção, a\nproteção e a recuperação da saúde, garantindo-se o acesso universal e integral, em conformidade com os\nprincípios que regem o Sistema único de Saúde (SUS).\nO primeiro documento norteador da política de medicamentos após a criação do SUS foi a Política\nNacional de Medicamentos (PNM) como o objetivo de “garantir a necessária segurança, eficácia e\nqualidade destes produtos, a promoção do uso racional e o acesso da população àqueles considerados\nessenciais”. Suas principais diretrizes são o estabelecimento da relação de medicamentos essenciais, a\nreorientação da assistência farmacêutica, o estímulo à produção de medicamentos e a sua regulamentação\nsanitária.\nPara incluir tais medicamentos nesta lista, deve ser observado as enfermidades mais relevantes\nque são acometidas reiteradamente, com respeito as diferenciações de lugares. Também é necessário ser\nlevado em consideração vários aspectos, como: “a demonstração da eficácia e segurança do medicamento;\na vantagem com relação a opção terapêutica já disponibilizada (maior eficácia ou segurança ou menorcusto); e o oferecimento de concorrência dentro do mesmo subgrupo, como estratégia de mercado.”\n(AGNALDO et. al., 2007, p. 3).\nPode-se observar que para um medicamento fazer parte da lista nomeada Rename é\nnecessário a comprovação de eficácia e segurança. Essa exigência demonstra a preocupação do Estado\nem evitar o fornecimentos de medicamentos experimentais, em virtude da imprevisibilidade de suas\nconsequências, como prova disso, é exigido para a livre disponibilização de remédios seu registro na\nAnvisa (Agência de Vigilância Sanitária). Nesse sentido, há uma série de leis impedindo “importar, vender,\nexpor a venda, ter em depósito para vender ou, de qualquer forma, distribuir ou entregar a consumo o\nproduto sem registro, quando exigível, no órgão de vigilância sanitária”, como o artigo 273 do Código Penal\nque considera esta conduta crime hediondo e a Lei n.6.360/1976 que afirma ser infração de natureza\nsanitária. (COLI, 2015, p.4)\nEmbora a adoção de diferentes mecanismos para melhorar o acesso e a gestão da assistência\nfarmacêutica, ainda ocorre descontinuidade no abastecimento público o que pode ser atribuído em parte ao\nfato de não englobar todo o elenco definido no RENAME. Como consequência, a população tem utilizado\nde forma crescente a via judicial como um recurso para obter o medicamento de que necessita, seja pela\nfalha na dispensação de medicamentos registrados, seja para buscar produtos novos sem eficácia\ncomprovada\n2 A JUDICILIZAÇÃO DAS POLÍTICAS PÚBLICAS DE MEDICAMENTOS\nNos últimos anos, no Brasil, a sociedade obteve uma conscientização de seus direitos, pois a\npartir de 1988 houve a ampliação e a defesa de que a Constituição da República, não poderia passar de\num mero documento político, mas que fosse visível sua concretização pelos cidadãos. Foi atribuído pelo\nConstituinte originário ao Poder Executivo, o dever de efetivar o direito à saúde e por outro lado foi\nincorporada a Carta Magna o princípio da inafastabilidade do Poder Judiciário (artigo 5ª, inciso XXXV), de\nforma que “a lei não excluirá da apreciação do Poder Judiciário nenhuma lesão ou ameaça a direito”. O que\nvemos no nosso país e com muita frequência e preocupação é a inércia da Administração Pública diante de\nsua obrigação de concretizar os direitos consagrados nas normas constitucionais. Em virtude disso, as\npessoas se valem reiteradamente daquele princípio acima referido com o intuito de concretizar o direito ao\nfornecimento de medicamentos e o Poder Judiciário com vistas a realizar a “promessa constitucional”\ndetermina a Administração Pública a fornecê-los. Esse fenômeno denomina-se no meio acadêmico de\njudicialização da saúde, pois ao invés da efetivação desse direito se dá pelo Poder Executivo, detentor da\nobrigação de realizar políticas públicas, é concretizado por meio de magistrados em determinações\nindividuais ou coletivas.\nÁ primeira vista, esse fenômeno pode ser visto como positivo e benéfico para a sociedade, já\nque os magistrados suprem a omissão do Poder Executivo e impedem de lesão o direito ao fornecimento\nde medicamentos dos cidadãos. Mas há diversas críticas que são feitas e discutidas pelos estudiosos\nacerca das consequências dessa judicialização de medicamentos, uma vez que ela ganha a cada dia\nproporções gigantescas. Como prova disso foi realizado um estudo desse evento no Município de São\nPaulo, no ano de 2005 e verificou-se que as ações impetradas que visavam a concessão de medicamentos\nresultaram num gasto extra de 876 mil reais. (CARLOS, 2010, p. 14)\nLuís Roberto Barroso faz uma crítica bem colocada acerca desse fenômeno devido a proporção\nque está ganhando (2009, p. 35):“O sistema, no entanto, começa a apresentar sintomas graves de que pode\nmorrer da cura, vítima do excesso de ambição, da falta de critérios e de\nvoluntarismos diversos. Por um lado, proliferam decisões extravagantes ou\nemocionais, que condenam a Administração ao custeio de tratamentos\nirrazoavéis- seja por inacessíveis, seja porque destituídos de\nessencialidade- bem como de medicamentos experimentais ou de eficácia\nduvidosa, associados a terapias alternativas.\nÀ vista disso, os magistrados quando deparam-se com demandas referentes a medicamentos,\nmuitas vezes, não observam as consequências da procedência daquele pedido. Por isso, há diversas\ncríticas referente a judicialização da saúde, como a afirmativa de que o artigo 196 da Constituição Federal\né uma norma programática que apenas pode ser concretizada por políticas públicas, então há uma certa\nintolerância no que diz respeito aos juízes garantirem esse direito, mesmo que não haja uma\n“intermediação legislativa”. A segunda crítica que se faz relaciona-se com a “legitimidade democrática”,\npois os membros do Poder Judiciário não foram colocados no poder pelo voto popular, então não teriam a\nprerrogativa de decidir sobre as políticas públicas e dispor sobre a deliberação dos gastos públicos já que\nnão foram eleitos para esse papel. Há também a discussão sobre a “Reserva do Possível”, pois as políticas\npúblicas demandam dispêndios por parte do Estado, mas por outro lado o orçamento financeiro é limitado,\nentão “investir recursos em um setor sempre implica deixar de investi-los em outro”. E por último, outra\nconsideração feita pelo doutrinadores acerca desse tema é alegação de que pode haver uma\n“desorganização da Administração Pública”, por causa das decisões judiciais. (BARROSO, 2009, p. 45)\nApesar de inúmeras críticas acerca desse fenômeno que nomeia-se judicialização de\nmedicamentos, ele está assegurado na Constituição Federal, de modo que os Poderes da República\nFederativa do Brasil não podem obstar a sua atuação. As pessoas tem o direito de ir ao Poder Judiciário\ncom vistas a resguardar seus direitos, quando outro Poder estiver omisso ou mesmo atuando de forma que\nlesione aquele direito que está na Carta Política. Esse evento pode trazer vários benefícios a sociedade se\nrealizado de forma equilibrada, não desrespeitando as competências dos Três Poderes dispostas na\nConstituição e para que isso ocorra, o papel e a conscientização dos magistrados é imprescindível no\nexercício de suas atividades.\nDevido as proporções gigantescas que a judicialização de medicamentos vem tomando, muitos\naplicadores do Direito estão criando meios para diminuir ou mesmo retirar os efeitos lesivos que esse\nfenômeno pode ocasionar na sociedade. Que devem ser executados por juízes no exercício da jurisdição e\ntambém pelos cidadãos, por meio de sua conscientização. Algum dos critérios propostos são a adequação\nda prescrição ao tratamento específico e também a observância da existência de registro de\nmedicamentos, pois a medicação deve ser fiscalizada quando a sua “eficácia, segurança e qualidade” para\ntrazer ao paciente uma real melhora da enfermidade e mínimas possibilidades de efeitos maléficos\ninesperados, assegurando ao paciente seu direito à saúde. (AGNALDO et. al., 2007, p. 3). A concessão de\num medicamento pelo Poder Judiciário, não necessariamente, irá proteger seu direito à saúde, já que a\ninobservância de critérios técnicos-científicos acerca daquele remédio, pode comprometer a vida de um\nindivíduo. Outra ferramenta que é comum ser proposta é a observância dos programas de assistência\nfarmacêutica do SUS, de forma que os magistrados devem dar preferência aqueles remédios já\ncadastrados no Sistema Único de Saúde, já que para um remédio estar nas listas de medicamentos,\npressupõe que já foi registrado pela Anvisa, assegurando uma melhor proteção ao direito à saúde dos\nindivíduos e minimizando também a “desorganização da Administração Pública”.3 IMPLICAÇÕES JURÍDICAS DA JUDICIALIZAÇÃO DOS MEDICAMENTOS EXPERIMENTAIS.\nHá no meio acadêmico o questionamento sobre a legitimidade do Poder Judiciário em fornecer\nmedicamentos experimentais. Marina Domingues et al. (2014, p. 6) constatam que a doutrina majoritária\nadota o entendimento que os medicamentos devem ser fornecidos, não podendo ser limitado seu direito,\nem virtude da falta de registro do medicamento perante a Anvisa (Agência Nacional de Vigilância\nSanitária), pois se trata de uma mera burocracia. Prossegue que discorda com esse posicionamento, pois a\nConstituição Federal estabelece limites quanto a esse direito, afirmando ser de competência do Poder\nExecutivo “regular, fiscalizar e controlar o direito à saúde”. O intuito Da Carta Magna de 1988, seria\nreconhecer o direito a concessão de medicamentos, mas de forma racional e segura, no que concerne a\n“qualidade, quantidade e eficácia”.\nOs medicamentos experimentais, quais sejam, aqueles que não possuem a eficácia, segurança e\nqualidade comprovada, estando ainda perpassando pelos procedimentos técnicos, não tendo assim\nregistro na Anvisa, não podem ser fornecidos sob pena de caracterizar crime hediondo ou infração de\nnatureza sanitária. Mas essa regra cabe exceção, pois pode haver o uso autorizado dos medicamentos\nexperimentais em duas hipóteses, como bem assevera Tatiana Aragão, Vera Lúcia e Claudia Garcia (2010,\np. 107):\n“A primeira, denominada uso compassivo, possibilita que um paciente\nespecífico, com risco de vida e sem tratamento convencional disponível,\npossa ter acesso a um novo medicamento experimental,\nindependentemente da fase na qual a pesquisa se encontra. Já a segunda\ndelas, o programa de acesso expandido, possibilita o uso de um\nmedicamento experimental, com processo de liberação para uso\nassistencial já encaminhado, em um grande número de pacientes que já\npodem se beneficiar com o seu uso”.\nNesse sentido, em decisão proferida na STA 175 (suspensão de tutela antecipada), o STF fixou\nalguns parâmetros para a judicialização. Quanto aos medicamentos experimentais, manifestou-se no\nsentido de que não poderiam ser liberados para comercialização e o seu uso apenas poderia se dá no\nâmbito de pesquisas clinicas e em laboratórios. Dessa forma, o Estado não poderia ser obrigado a fornecer\num medicamento experimental, com a justificativa de assegurar os pacientes de possíveis consequências\ndanosas advindas de tal medicamento.\nMuito embora exista um longo procedimento para verificar a eficácia, segurança e qualidade dos\nmedicamentos por meio de pesquisas clinicas e só depois ser registrado na Anvisa, não se trata apenas de\numa morosidade sem sentido e inadequada. Na verdade, quando é exigido seu registro para a distribuição\ne a livre comercialização de medicamentos, o Estado está visando um bem maior, que é assegurar\nefetivamente o direito à saúde dos indivíduos, resguardando-os de eventuais prejuízos que os\nmedicamentos experimentais podem causar. Além disso, quando um magistrado no exercício de sua\nfunção, profere uma decisão no sentido de fornecer esse tipo de medicamento, estar atuando de forma\nilegal, uma vez que o ordenamento jurídico com exceção das hipóteses acima mencionadas, proíbe seu\nuso e concessão. Ao atuar dessa forma, o Poder Judiciário ao invés de efetivar o direito à saúde, em face\nda omissão do Poder Executivo, ultrapassa todos os “procedimentos técnicos-científicos” e as normas\nproibitivas para efetivamente legislar, o que é impedido pela Constituição Federal (DOMINGUES et. al.,\n2014, p. 6).\nPortanto, quando os magistrados deparar-se com demandas requerendo a concessão de\nmedicamentos experimentais, devem ter maior prudência e não deixar de lado a opinião da “melhor\nmedicina” em substituição da prescrição de apenas um médico, que muitas vezes pode estar motivada na“pressão da indústria farmacêutica” (COLI, 2015, p. 6). Devem, no exercício de seu cargo, ter cautela em\nfornecer esse tipo de medicamento, pois podem submeter o paciente a um alto risco de vida, já que os\nefeitos não estão totalmente previstos e comprovados e também ultrapassar sua competência, ferindo o\nprincípio da separação de poderes e agindo de forma ilegal, sob o pretexto de assegurar a saúde dos\nindivíduos.\nConclusão\nOs magistrados, no exercício da jurisdição, ao se deparar com questões referente ao acesso de\nmedicamentos experimentais, devem analisar o caso concreto com cautela. Pois há a possibilidade de ao\ninvés de resguardar o direito à saúde de um indivíduo, colocar sua vida em risco e além do mais poderá\nferir o princípio da separação de poderes, pois cabe ao Poder Executivo analisar se um medicamento está\nou não apto a ser fornecido aos cidadãos, devendo registrá-lo e só então depois disponibilizá-lo. Outra\nconsequência que pode advir da concessão dos medicamentos experimentais, diz respeito aos custos\nsociais, já que as consequências da distribuição desse tipo de medicamento pode trazer malefícios a saúde\ndos indivíduos, ocasionando mais gastos a Administração Pública com o fim de reparar os danos trazidos\npara a sociedade através do fornecimento daquele remédio.\nReferências\nCOLI, Marcia Nogueira. Medicamentos sem registro: Legislação, causas para a demanda, danos à\nsaúde e consequências para a gestão. CONASS, p. 1-8, nª 1, 2015. Disponível em: <\nhttp://www.conass.org.br/biblioteca/pdf/colecao2015/CONASS-DIREITO_A_SAUDE-ART_26.pdf> Acesso\nem: 22 de julho de 2016.\nCARLOS, Luiz Romero. A jurisprudência do Tribunal de Justiça do Distrito Federal em Ações de\nMedicamentos. Revista de Direito Sanitário, São Paulo, v. 11, n.2, p. 11-59, Jul./Out. 2010. Disponível em:\n<http://www.periodicos.usp.br/rdisan/article/view/13207/15018> Acesso em: 6 julho de 2016.\nDOMINGUES, Marina; CHIARELLO, Felipe. Judicialização da saúde e o fornecimento de\nmedicamentos não aprovados pela ANVISA. Revista de Direito do Consumidor, vol. 96, p.139-154, Nov.-\nDez, 2014.\nFIGUEIRDO, Ta; PEPE, Vle; OSÓRIO-DE-CASTRO, Cgs. Um enfoque sanitário sobre a demanda\njudicial de medicamentos. Physis, Rio de Janeiro, 2010. Disponível em: <\nhttp://www.producao.usp.br/bitstream/handle/BDPI/13017/art_PEPE_Um_enfoque_sanitario_sobre_a_dema\nnda_judicial_2010.pdf?sequence=1&isAllowed=y> Acesso em: 18 de julho de 2016.\nGANDINI, J. A. D.; BARIONE, S. F.; SOUZA, J. E. A judicialização do direito à saúde: a obtenção\nde atendimento médico, medicamentos e insumos terapêuticos por via judicial: critérios e experiências.\nBrasília, DF: BDJur, 2007. Disponível em: <http://bdjur.stj.jus.br/dspace/handle/2011/16694>. Acesso em:\n16 de julho de 2016.\nI.W. Sarlet, M.F. Figueiredo. Algumas considerações sobre o direito fundamental à proteção e\npromoção da saúde aos 20 anos da Constituição Federal de 1988. Revista Direito do Consumidor, vol.\n67/2008, p. 125-172, Jul./Set., 2008. Disponível em: <http://www.scielo.mec.pt/scielo.php?pid=S0870-\n90252014000200003&script=sci_arttext&tlng=p> Acesso em: 11 de julho de 2016.\nBARROSO, Luís Roberto. Da falta de efetividade à judicialização excessiva: direito à saúde,\nfornecimento gratuito de medicamentos e parâmetros para a atuação judicial. Jurisp. Mineira, Belo\nHorizonte, a. 60, nª 188, p.29-60, jan./mar. 2009. Disponível em:\n<http://www.conjur.com.br/dl/estudobarroso.pdf> Acesso: 13 de julho de 2016.\nAgradecimento\nAgradeço a Deus, sempre em primeiro lugar, pois sem ele não sou nada. A minha família querida e\nem especial meus pais, razão de todos meus esforços. A professora Daniela que para mim é um referencial\ncomo pesquisadora e professora. A Universidade de Fortaleza que possibilita aos seus alunos, o incentivo\na pesquisa e proporciona grupos como o Laboratório de Jurisprudência (LAJUR) que me faz aprender e\ngostar cada dia mais da pesquisa jurídica."
}