{
  "id": "27090",
  "trabalho": "AS REDES SOCIAIS COMO INSTRUMENTO DE APOIO AO PROGRAMA DE MONITORIA.",
  "area": "CIÊNCIAS JURÍDICAS",
  "ano": "2016",
  "evento": "XVI - ENCONTRO DE INICIAÇÃO À DOCÊNCIA",
  "link": "http://uol.unifor.br/oul/conteudosite/?uuid=38E33FD65DE1205394654C142A520E33134A5039",
  "conteudo": "XVI Encontro de Iniciação à Docência\nUniversidade de Fortaleza\n17 a 20 de outubro de 2016\nAs redes sociais como instrumento de apoio ao programa de monitoria.\nRafael Azevedo de Amorim1* (ID), Maria das Graças Cabral Galdino2 (PO).\n1. Universidade de Fortaleza – PROMON\n2. Universidade de Fortaleza – Curso Direito\nrafaelazevedoamorim7@gmail.com\nPalavras-chave: . Redes Sociais. Tecnologia. Ensino. Monitoria.\nResumo\nEste artigo apresenta um estudo sobre as redes sociais utilizadas como instrumento de\napoio e suporte acadêmico, principalmente em relação ao programa de monitoria, relacionando a\nsua utilidade como mecanismo de apoio. O referido instrumento atua como facilitador no processo\nde ensino aprendizagem, de forma que seria uma extensão às práticas tradicionais de ensino.\nDessa forma, permitindo a continuidade dos conteúdos ministrados em sala de aula, e\ndespertando o interesse dos alunos em participar das atividades do programa de monitoria em um\nespaço virtual já conhecido por eles. Favorecendo, portanto, um ambiente colaborativo, em que\nprofessores, alunos e monitores possam trocar informações e conhecimentos sobre determinados\ntemas, aprimorando formas de aprendizado com o dinamismo e interatividade que tais tecnologias\npodem fornecer à comunidade acadêmica. Sendo possível, assim, atingir maior efetividade\nperante os objetivos almejados no programa de monitoria.\nIntrodução\nAtualmente a frequência e a facilidade do uso e do acesso à internet são sem dúvidas\nsuperiores em relação àqueles constatados em décadas passadas. Essa realidade ocorre,\nprincipalmente, pelo desenvolvimento tecnológico e suas diversificações nas áreas da informação\ne comunicação, fazendo que o cenário atual da sociedade esteja repleto de mídias e outras fontes\nde informação (internet, TV, rádio, etc). Possibilitando ao individuo tomar conhecimento de fatos e\nsituações que ocorrem ou ocorreram em diversas partes do mundo. Além disso, é relevante que:\n‘’A Internet trouxe mudanças disruptivas e irreversíveis para a sociedade nas\núltimas décadas. Instituições de todos os setores alteraram suas práticas e formas\nde agir e se comunicar com a inclusão massiva dos recursos e funcionalidades\ndisponíveis no meio digital. A web 2.0 possibilitou novos comportamentos\npessoais e sociais que foram incorporados e assimilados por todos os que tiveram\nacesso aos recursos de interação e comunicação disponíveis nas redes.’’\n(KENSKI, 2001).\nISSN 21755396 1Haja vista esse cenário é possível constatar o surgimento das redes sociais, como um dos\nelementos mais proeminentes da chamada ‘’sociedade da informação‘’ (CASTELLS, 2000). É fato\nque uma parcela majoritária da sociedade, dentre estes, universitários, estão cada vez mais\ninseridos no ambiente tecnológico, possibilitando aos indivíduos o acesso à informação de forma\nrápida e atualizada. Desse modo, as redes sociais contribuem, de forma efetiva, com a interação,\ncomunicação, espaço de discussão de temas, expressão de ideias e compartilhamento de\ndiversas variedades de conteúdo.\nNesse sentido com a evolução da tecnologia e o surgimento das redes sociais como uma\nrealidade global, surgiram também novos paradigmas acerca do processo de ensino\naprendizagem. Indubitavelmente, as metodologias tradicionais de ensino foram afetados com o\nadvento das novas tecnologias, que ficou marcado pelo compartilhamento de informações e\nmensagens instantâneas por mecanismos como Facebook e WhatsApp Messenger. Possibilitando\no surgimento de inúmeras novas interações sociais em uma intensidade superior ao momento em\nque não havia a presença de redes virtuais neste gênero.\nNesse contexto, as redes sociais se tornaram parte do cotidiano na vida das pessoas, e,\nconsequentemente, influenciam o processo de ensino aprendizagem, de forma que possam\ndesempenham um papel de facilitadora no acesso ao conhecimento e à informação. Vale ressaltar\nser de suma importância situá-las como instrumentos de apoio e auxilio ao programa de monitoria,\njá que estas podem facilitar e estimular a interação entre o aluno e o monitor no exercício de sua\nfunção, bem como entre estes e o professor, de forma que se crie uma estrutura de ensino\naprendizagem mais eficiente e adequada a atual realidade.\nMetodologia\nA metodologia utilizada é a pesquisa bibliográfica, que, de acordo com Amaral (2007, p.1)\n“é uma etapa fundamental em todo trabalho científico” e documental, a partir de obras que tratam\ndo assunto em questão. Além da experiência no Grupo de Estudos Dirigidos (GED) de Direito Civil\nI do Curso de Direito da Universidade de Fortaleza e diálogos coloquiais com os alunos da\ndisciplina no decorrer do semestre sobre a utilidade e a relevância das redes sociais no programa\nde monitoria.\nResultados e Discussão\nO programa de monitoria é uma ação das universidades que possui o escopo de fomentar\naprimoramentos na formação acadêmica do discente, objetivando uma melhoria do processo de\nensino aprendizagem nos cursos de graduação. Dessa forma, o monitor, no exercício de suas\nfunções, passa a promover melhorias no ensino por intermédio de atividades como, auxilio ao\nprofessor, em suas atribuições acadêmicas associadas à pesquisa, extensão e ensino, e dos\nGrupos de Estudos Dirigidos (GED). No que concerne aos referidos grupos, estes se caracterizam\npor serem encontros semanais entre o monitor e os alunos, nos quais serão discutidos e\nrevisados os temas lecionados pelo docente em sala de aula, buscando-se consolidar o\nISSN 21755396\n2conhecimento adquirido em sala pelos alunos e, se possível, expandi-lo para melhor compreensão\nda matéria, alcançando-se, portanto, melhorias no processo de ensino aprendizagem. Ademais, é\nnecessário mencionar que há apenas um encontro semanal, sendo um tempo muito curto para a\nplena efetividade no alcance dos objetivos buscados pelo programa de monitoria.\nNesse contexto, em que o monitor tem pouco tempo para interagir com o aluno, temos,\natualmente, as redes sociais como potenciais ferramentas em prol do processo de ensino\naprendizagem, haja vista que estas ainda que de forma indesejada, se entrelaçam ao cotidiano\ndas universidades, pois os alunos trazem para o espaço universitário elementos da sua vida diária\ncomo celulares, notebooks, tablets, smartphones, dentre outros. Dessa forma, as redes sociais\ninterferem nas aulas e atividades acadêmicas, tornando-se um elemento que pode e deve ser\nexplorado pelo professor e monitor da disciplina no desenvolvimento de suas atividades. Sendo\npossível, a partir disso, que o monitor possa suprir o tempo diminuto que passa com os alunos,\ndesenvolvendo suas funções de maneira mais adequada, tanto em relação aos alunos como em\nsuas atividades de auxílio aos trabalhos realizados pelo professor em sala de aula, porque\n‘’(...) as redes sociais oferecem um imenso potencial pedagógico. Elas possibilitam\no estudo em grupo, troca de conhecimento e aprendizagem colaborativa. Uma das\nferramentas de comunicação existentes em quase todas as redes sociais são os\nfóruns de discussão. Os membros podem abrir um novo tópico e interagir com\noutros membros compartilhando ideias (...). Enfim, com tanta tecnologia e\nferramentas gratuitas disponibilizadas na Web, cabe ao professor o papel de saber\nutilizá-las para atrair o interesse dos jovens no uso dessas redes sociais\nfavorecendo a sua própria aprendizagem de forma coletiva e interativa.’’ (BOHN,\n2009, p.01).\nAdemais, podemos notar que diversas ferramentas componentes da maioria das redes\nsociais, como Facebook e WhatsApp, viabilizando o compartilhamento de fotos, vídeos,\ndocumentos, materiais de estudo e mensagens instantâneas, permitem aos seus usuários\ninteragirem entre si, dando a capacidade para o monitor de criar grupos e comunidades nas redes\nsociais objetivando a interatividade entre este e o aluno. No que concerne a tirar dúvidas, discutir\ntemas abordados em sala, com maior contextualização na realidade, houve o surgimento de um\ncontato diário, criando–se um ambiente de interações interpessoais com uma dinâmica de\nfuncionamento em que os seus participantes tenham maior interesse e facilidade em desenvolver\no conhecimento, interagir. Como preleciona Molina e Sales (2008), considerando que o\nconhecimento é construído socialmente por meio de processos educacionais facilitados por\ncooperação, colaboração e interações sociais.\n‘’A rede social é uma das formas de representação dos relacionamentos afetivos\nou profissionais dos seres entre si, em forma de rede ou comunidade. Ela pode\nser responsável pelo compartilhamento de ideias, informações e interesses. ’’\n(LORENZO, 2013, p.20)\nAlém disso, o uso das redes sociais está presente quase que constantemente na vida do\nindivíduo, concedendo ao monitor não apenas a prerrogativa de tirar dúvidas, discutir notícias e\ntemas sobre a matéria, mas também de manter os alunos informados e atualizados sobre as\nISSN 21755396 3datas e horários dos encontros presenciais da monitoria, bem como datas de provas e outras\natividades realizadas pelo professor durante as aulas. A partir disso há o surgimento de uma\ncooperação diária entre professor, monitor e alunos, como extensão dos Grupo de Estudo Dirigido\n(GED) e da sala de aula, já que, segundo Chatti (2006), o aprendizado não é fruto somente da\nunião entre pessoas e exposição de conteúdo, mas sim de uma construção colaborativa entre os\nentes educacionais.\nE ainda, para Moran (2012, p.7), o tradicional processo de ensino aprendizagem é\ndesestimulante, com poucos atrativos, e que muitos dos acadêmicos deixam o estudo em\nsegundo plano por acreditarem que o modelo de ensino tradicional se afasta de sua realidade, e,\nconsequentemente, não buscam auxílio no programa de monitoria. Segundo o mesmo autor,\n‘’temos de oferecer-lhes uma educação instigadora, estimulante, provocativa, dinâmica e ativa’’,\nque, por meio do programa de monitoria, pode ser alcançado a partir do apoio e da utilização das\nredes sociais, de modo a se propagar maiores interações diárias entre os alunos e o monitor,\ncriando-se formas alternativas de ensino. Além disso, utilizando esse espaço virtual o monitor\npode compartilhar o conhecimento de forma colaborativa, dinâmica, tornando as redes sociais\nmecanismos capazes de despertar maior interesse pela disciplina no aluno, haja vista a\npraticidade ao se debater os temas referentes à matéria.\nAlém disso, Paulo Freire (1970) propôs uma nova educação que ia contra a Educação\nBancaria que ele criticava por se caracterizar como uma forma de ensinar descontextualizada, que\no aluno deveria receber o conhecimento de forma passiva, sem conhecer a realidade e elaborar\nquaisquer questionamentos. Freire então propôs a intitulada Educação Libertadora, na qual o\nprocesso de ensino aprendizagem não é imposto, mas é desenvolvida pelo diálogo e cooperação\nentre docentes e discentes, que, sem dúvidas, deve refletir na atuação do monitor durante o\nexercício da sua função. Nessa perspectiva o aluno, como individuo, constrói seu próprio\nconhecimento. Diante desse fato apresenta-se o contexto das redes sociais, no qual alunos,\nprofessores e monitores compartilham informações, conhecimento e experiências profissionais,\ntornando o aprendizado mais construtivo. De forma a possibilitar maior efetividade nos resultados\nalmejados pelo programa de monitoria, bem como maior proximidade e diálogo entre professor,\nmonitor e alunos.\nConclusão\nPortanto, é de suma importância constatar que as redes sociais podem ser instrumentos\nem potencial em torno da necessária eficiência que programa de monitoria visa alcançar. Por\noutro lado, observa-se sua capacidade proeminente de estreitar a relação entre monitor e aluno,\nbem como melhorar o desenvolvimento da função daquele junto ao docente, de forma a auxilia-lo\nda maneira mais rápida e adequada a atual realidade. Além disso, é necessário ressaltar que a\npresença das redes sociais no ambiente universitário trouxe inúmeras novas formas de relações\ninterpessoais, o que fomenta o contato dos alunos com o programa de monitora e, por\nconseguinte, cada vez mais alunos possam frequentar os Grupos de Estudo Dirigidos (GED).\nISSN 21755396\n4Nesse sentido, ter acesso com maior facilidade a informações referentes ao dia e hora dos\nencontros presenciais despertou maior interesse nos alunos perante o programa. Dessa forma, o\ncontato com o monitor se torna diário, e o compartilhamento de materiais de estudo, tira dúvidas e\noutras formas de auxílio se tornam mais práticas e interessantes para o atual contexto tecnológico\nem que o universitário esta inserido.\nReferências\nAMARAL, João J. F. Como fazer uma pesquisa bibliográfica. - Ceará: Universidade Federal do\nCeará, 2007. 21 p. Disponível em: <http://200.17.137.109:8081/xiscanoe/courses-\n1/mentoring/tutoring/Como%20fazer%20pesquisa%20bibliografica.pdf> acesso em: 13 ago. 2016.\nBOHN, Vanessa. As redes sociais no ensino: ampliando as interações sociais na web.\nDisponível em: http://www.conexaoprofessor.rj.gov.br/temas-especiais- 26h.asp. Acesso em: 15\nago. 2016.\nCASTELLS, Manuel. A Sociedade em Rede - a era da informação: economia, sociedade e\ncultura. São Paulo: Paz e Terra, 2000.\nCHATTI, M. A. SRIRAMA, S. KENSCHE, D. CAO, Y. Mobile Web Services for Collaborative\nLearning. In Wireless, Mobile and Ubiquitous Technology in Education. WMUTE ’06. Fourth\nIEEE International Workshop on, Washington DC, USA, p.129-133, 2006.\nEducação e internet no Brasil. São Paulo. Disponível em: <http://www.kas.de/wf/doc/16511-\n1442-5-30. pdf>. Acesso em: 18 ago. 2016.\nFREIRE, P. Pedagogia do Oprimido. São Paulo: Paz e Terra, 1970.\nLORENZO, Eder Maia. A Utilização das Redes Sociais na Educação: A Importância das\nRedes Sociais na Educação. 3 ed. São Paulo: Clube de Autores, 2013.126p.\nMOLINA, M. P; SALES, D. Knowledge transfer and information skills for student centered\nlearning in Spain. Libraries and the Academy, 8(1):53 – 74, 2008. 605 Anais do II Seminário\nHispano Brasileiro - CTS, p. 594-605, 2012 RACTHAM, P.; FIRPO, D. Using social networking\ntechnology to enhance learning.\nMORAN, José Manuel. A Educação que Desejamos: Novos desafios e como chegar lá. - 5ª ed\n- . Campinas, SP: Papirus, 2012.174p.\nNÚMERO DE PESSOAS COM ACESSO À INTERNET NO BRASIL SUPERA 120 MILHÕES.\nSão Paulo, 30 de jul. 2014. Disponível em: < http://www.nielsen.com/br/pt/press-\nroom/2014/Numero-de-pessoas-com-acesso-a-internet-no-Brasil-supera-120-milhoes.html >.\nAcesso em: 18 ago. 2016.\nKENSKI, V.M. Comunidades de aprendizagem, em direção a uma nova sociabilidade na\neducação. Revista de Educação e Informática “Acesso” SEED/SP – no. 15/ Dez. 2001. Disponível\nem: < http:// firgoa.usc.es/drupal/node/23559.> Acesso em: 8 ago. 2016.\nAgradecimentos\nAgradeço primeiramente a Universidade de Fortaleza, pela oportunidade das práticas docentes no\nPrograma de Monitoria (PROMON), a Professora Maria das Graças por todo o auxílio de forma\npaciente e carismática no desenvolvimento do trabalho, e aos meus pais e amigos do curso de\nDireito, pelo apoio e amizade, além da constante inspiração para seguir em frente.\nISSN 21755396"
}