{
  "id": "27099",
  "trabalho": "PRÁTICAS INOVADORAS DE ENSINO NA REDE PÚBLICA ESCOLAR: UMA BREVE REVISÃO SISTEMÁTICA DE LITERATURA",
  "area": "CIÊNCIAS DA VIDA",
  "ano": "2016",
  "evento": "XXII - ENCONTRO DE INICIAÇÃO À PESQUISA ",
  "link": "http://uol.unifor.br/oul/conteudosite/?uuid=FCF86014702CFA3F7C5D0C350203CB679C303E7B",
  "conteudo": "XXII Encontro de Iniciação à Pesquisa\nUniversidade de Fortaleza\n17 à 21 de Outubro de 2016\nPráticas inovadoras de ensino na rede pública escolar: uma breve revisão\nsistemática de literatura.\nKannanda Sheyla Silva Costa1* (IC), Fabiana Neiva Veloso Brasileiro2\n(PQ), José Clerton de Oliveira Martins3\n1. Universidade de Fortaleza – bolsista IC (PROBIC/FEQ).\n2. Universidade de Fortaleza – Docente do curso de Psicologia/ Laboratório OTIUM – Núcleo VERSARE.\n3. Universidade de Fortaleza – Docente PPG-Psi – Programa da Pós-graduação em Psicologia/ Laboratório OTIUM/\nNúcleo VERSARE.\nkannandasheyla@gmail.com\nPalavras-chave: Educação. Inovação. Práticas inovadoras. Escola pública.\nResumo\nO mundo globalizado rapidamente se modifica e se torna complexo, para vivenciá-lo com sucesso os\nindivíduos precisam estar cada vez mais bem preparados. No auxílio do desenvolvimento dos indivíduos, as\nescolas, enquanto instituições facilitadoras no processo educacional tem de se atualizarem, inovando em\nsuas práticas educacionais a fim de propiciar uma preparação adequada aos seus discentes. Portanto,\nvisando entender melhor esse processo, o presente trabalho foi realizado através de uma revisão\nsistemática de literatura de periódicos nas bases de dados BVS e portal de periódicos CAPES. As palavras-\nchave que nortearam a pesquisa foram: “educação”, “inovação” e “escola pública”. Com período de busca\nentre 2010 e 2016. Foram coletadas três categorias para análise: (a) como inovar em educação, (b) os\nbenefícios das práticas inovadoras e (c) quais fatores dificultam essa prática. Inclusão digital e participação\nativa da comunidade e atores da educação foram vistos como formas de inovar, bem como a facilitação\ndessas no processo da aprendizagem e no desenvolvimento de habilidades específicas foram apontados\ncomo seus benefícios. Entretanto, a falta de recursos e a precariedade nas infraestruturas se apresentaram\ncomo fatores que podem dificultar as práticas inovadoras. Portanto, o processo inovador em educação se\nfaz necessário, embora haja os entraves, a participação ativa dos atores da educação e da comunidade\nauxiliam no desenvolvimento e manutenção dessas práticas.\nIntrodução\nCom a globalização, as mudanças ocorridas no mundo no decorrer do século XXI são inúmeras,\nsignificativas e rápidas. Com o advento das tecnologias, a facilidade e rapidez no repasse das informações,\na dinâmica das relações tem modificado cada vez mais. O mundo está complexo e para encará-lo, se faz\nnecessária uma boa preparação dos indivíduos. A escola, enquanto instituição que prepara os jovens e\nadolescentes para os desafios presentes no mundo, tem de se reinventar e inovar em suas práticas\npedagógicas, a fim de atender as expectativas da sociedade.\nO grande e intenso fluxo de informações, em constante mudança, o qual a comunicação não\nobedece às barreiras de tempo e espaço instaura uma nova era do aprender. A escola, enquanto espaço\nfísico, não é mais o local exclusivo na produção e fluxo do conhecimento. As possibilidades são inúmeras e\nestão à disposição da maioria das pessoas. Agora, porém, o desafio é maior, uma vez que a sociedade\nimpõe sobre a escola a capacidade de desenvolver habilidades e competências nos estudantes para que\nesses consigam interagir e participar ativamente desse mundo dinâmico e constante (COUTINHO &\nLISBÔA, 2011).\nISSN 18088449 1Para atender as expectativas da sociedade e desse mundo globalizado, a escola hoje tem como\nfundamental tarefa avaliar e modificar suas práticas pedagógicas sempre que necessário. É preciso inovar,\nentretanto, para isso, o rompimento com alguns modos tradicionais de ensino e com antigos paradigmas\neducacionais se fazem necessários. Uma pedagogia inovadora tem de ser intencional, assumida\nconscientemente e a qual visa uma melhoria educativa. Inovar não é apenas mudar ou evoluir, mas exige\num esforço deliberado e persistente, a fim de construir e desenvolver algo, com ações integradas dos atores\nda educação e da comunidade (CARDOSO, 197).\nPortanto, tendo em vista a multiplicidade de produções na literatura sobre práticas inovadoras em\neducação, o interesse deste estudo se volta em especial para o ambiente da escola pública, uma vez que\nessa instituição carece de investimentos governamentais e da participação ativa da comunidade. Busca-se\naqui reunir algumas dessas produções e analisar os pontos em comuns que são retratados sobre: como se\ndão essas práticas, quais seus benefícios e quais os possíveis fatores dificultam essa inovação no campo\neducacional no contexto de escola pública.\nMetodologia\nO presente trabalho utilizou-se de uma revisão sistemática de literatura em periódicos relacionados\nàs áreas de educação e psicologia em língua portuguesa. A busca foi realizada nas bases de dados BVS e\nportal de periódicos da CAPES. As palavras-chave utilizadas na busca foram: “educação”, “inovação” e\n“escola pública”. O período de busca foi de 2010 a 2016. Como categorias de registro e análise dos dados\ndos artigos coletados foram elaborados três tópicos: (a) como inovar em educação, (b) os benefícios das\npráticas inovadoras e (c) quais fatores dificultam essa prática. Caso o artigo não apresentasse duas das três\npalavras-chaves no resumo e nenhum desses tópicos em seu conteúdo, ele estava excluído da análise.\nResultados e Discussão\nForam encontrados quatro artigos que atenderam aos critérios apresentados na metodologia.\nA tabela 1, abaixo, apresenta os agrupamentos das referências do que foi encontrado no tocante a\ncategoria de (a) como inovar em educação.\nTabela 1. Categoria sobre como inovar em educação com suas referências\nCategoria (a) como inovar em Quantidade Referências\neducação\nInclusão digital no ambiente escolar 3 Lopes & Melo (2014); Lemos (2013);\nOliveira & Courela (2013)\nUtilização de novos materiais, 2 Campolina & Martínez (2013); Oliveira &\nestratégias e/ou atividades Courela (2013)\nParticipação ativa da comunidade e 3 Campolina & Martínez (2013); Lemos\ndos atores da escola (2013); Oliveira & Courela (2013)\nAnalisando os dados coletados nos artigos sobre a categoria (a) como inovar em educação, foi\npossível perceber que a inclusão digital no ambiente escolar é considerada de fundamental importância.\nPromover o uso pedagógico de tecnologia através da integração das TIC (Tecnologia da Informação e\nComunicação) à escola foi apontado como uma prática inovadora. Através da implementação de\nlaboratórios de informática (LOPES & MELO, 2014), de projeto políticos pedagógicos que possibilitem a\nutilização de um computador por aluno (LEMOS, 2013) e/ou a utilização de ferramentas tecnológicas que\ndesenvolvam competências específicas, como o wiki no desenvolvimento de competências na escrita\n(OLIVEIRA & COURELA, 2013), por exemplo.\nISSN 18088449 2A utilização de novos materiais, novas estratégias ou atividades também foram apontadas como\nformas de inovar, através da ampliação das atividades no conselho da escola, mudanças no espaço físico,\ncomo construção de bibliotecas e unificação das salas de aulas em grupões nas salas de estudos, por\nexemplo, criação de roteiros de aprendizagem a partir dos materiais didáticos disponíveis, criação de grupos\nde tutoria e orientação dos docents aos discentes ao estudo e à pesquisa (CAMPOLINA & MARTÍNEZ,\n2013; OLIVEIRA & COURELA, 2013). Novas formas de avaliar a aprendizagem dos alunos também são\nconsideradas inovadoras, como a utilização de instrumentos alternativos de avaliação (OLIVEIRA &\nCOURELA, 2013) e a criação de novas fichas de avaliação e portfólio (CAMPOLINA & MARTÍNEZ, 2013).\nPara auxiliar na criação de práticas inovadoras, na manutenção e também como uma forma de\ninovar, a participação ativa da comunidade e dos atores da escola foi apontada como fundamentais. Através\nda criação de assembleias de pais e alunos (CAMPOLINA & MARTÍNEZ, 2013), do permanente diálogo\nentre os sujeitos pertencentes à escola (LEMOS, 2013) e da formação colaborativa dos professores e\nparticipação ativa dos alunos nos processos vigentes (OLIVEIRA & COURELA, 2013).\nA tabela 2, abaixo, apresenta os agrupamentos das referências do que foi encontrado no tocante a\ncategoria sobre (b) os benefícios das práticas inovadoras.\nTabela 2. Categoria sobre os benefícios das práticas e suas respectivas referências\nCategoria (b) os benefícios das práticas Quantidade Referências\ninovadoras\nFacilitam a aprendizagem e elevam a 2 Lopes & Melo (2014); Lemos (2013)\nautoestima\nPreparação dos alunos para situações 3 Lopes & Melo (2014); Lemos (2013);\nfuturas Oliveira & Courela (2013);\nDesenvolvimento da autonomia dos 3 Lopes & Melo (2014); Lemos (2013);\nalunos no aprendizado Oliveira & Courela (2013);\nDesenvolvimento de competências 2 Lemos (2013); Oliveira & Courela\nespecíficas (2013);\nAumento da participação da 1 Campolina & Martínez (2013)\ncomunidade e dos atores da escola no\nprocesso\nQuanto a categoria sobre (b) os benefícios das práticas inovadoras em educação, os alguns autores\nressaltaram que facilitam o processo de aprendizagem, uma vez que amplia o leque de atividades\npropostas, despertando maior interesse dos alunos em aprender e com isso elevando a auto estima desses,\nem especial dos que possuem algum déficit como TDAH, dislexia, etc (LOPES & MELO, 2014; LEMOS,\n2013).\nTambém foi apontado que essas práticas preparam os alunos para situações futuras, através da\nintegração dos menos favorecidos com a cultura digital, preparando-os para as novas realidades sociais\npossíveis e desenvolvendo capacidades de tomar decisão e de solucionar os problemas futuros\nrelacionados ao mundo extra sala de aula (LOPES & MELO, 2014; LEMOS, 2013; OLIVEIRA & COURELA,\n2013).\nOutro ponto apresentado foi o auxílio do desenvolvimento da autonomia do aluno, uma vez que esse\nse torna protagonista do próprio conhecimento, uma vez que se torna sujeito ativo em seu processo de\naprendizagem. O aluno aprende a realizar um trabalho exploratório, autônomo e colaborativo (LOPES &\nMELO, 2014), desenvolve autonomia digital (LEMOS, 2013) e aprende a selecionar e organizar informações\n(OLIVEIRA & COURELA, 2013).\nISSN 18088449 3O desenvolvimento de competências específicas também foi apontado como benefícios a essas\npráticas. O desenvolvimento de competências de leitura, escrita, interpretação, análise crítica de textos e\nconhecimento explícito da língua. Desenvolvimento de competências cognitivas como raciocínio lógico,\nconcentração, pesquisa e comunicação (LEMOS, 2013; OLIVEIRA & COURELA, 2013). E de competências\nsociais como responsabilidade, compromisso, autonomia, respeito, empenho, entreajuda e convívio\n(OLIVEIRA & COURELA, 2013).\nApenas Campolina & Martínez (2013) apresentaram como resultado benéfico das práticas a\nparticipação ativa da comunidade na manutenção dessas, bem como a mobilização crescente dos atores\nescolares.\nA tabela 3, abaixo, apresenta os agrupamentos das referências do que foi encontrado no tocante a\ncategoria de (c) quais fatores dificultam essa prática inovadora.\nTabela 3. Categoria sobre quais fatores dificultam essa prática e suas respectivas referências\nCategoria (c) quais fatores dificultam Quantidade Referências\nessa prática\nPrecariedade na infraestrutura e falta 2 Lopes & Melo (2014); Lemos (2013);\nde recursos\nSituações desfavoráveis dos docentes 3 Lopes & Melo (2014); Lemos (2013);\nOliveira & Courela (2013);\nComportamentos desmotivadores dos 3 Lopes & Melo (2014); Campolina &\nalunos Martínez (2013); Oliveira & Courela\n(2013);\nOs limites do próprio sistema 1 Campolina & Martínez (2013)\neducacional\nEm se tratando da categoria (c) quais fatores dificultam essa prática, a precariedade da\ninfraestrutura de algumas escolas e a falta de recursos são apontados. Poucos laboratórios de informática\ndevidamente instalados, espaço físico inadequado, computadores com defeitos, falta de recursos para\nmanutenção (LOPES & MELO, 2014), problemas de conexão com a internet, número insuficiente de\nmáquinas e problemas nos materiais didáticos digitais (LEMOS, 2013).\nA situação dos professores dentro da escola também foi apontada como um fator que dificulta essa\nprática, uma vez que alguns possuem dificuldade em lidar com a novidade, pois estão sobrecarregados de\ntrabalho (LOPES & MELO, 2014), não têm tempo para aprender a manusear o material e aparelhos novos\n(LEMOS, 2013), os próprios docentes que enfraquecem as tentativas de inovação, as falhas nas lideranças\ne na relação entre os professores e a falta de colaboração mútua entre os atores da escola (OLIVEIRA &\nCOURELA, 2013).\nO comportamento dos alunos frente aos computadores, como a agitação e a indisciplina (LOPES &\nMELO, 2014; OLIVEIRA & COURELA, 2013), bem como a não participação da comunidade e dos atores da\nescola no processo das práticas (CAMPOLINA & MARTÍNEZ, 2013) também foram apontados como\nentraves as práticas inovadoras.\nE, por fim, Campolina e Martínez (2013) apontam o próprio modo de operar da escola enquanto\ndimensão reprodutora, os limites do próprio sistema educacional como um fator que dificulta.\nConclusão\nISSN 18088449 4O sistema educacional tem muito do que usufruir com as práticas inovadoras. Cada vez mais o\nrompimento com as práticas tradicionais de ensino é necessário, as demandas são inúmeras e exigem\nindivíduos bem preparados para encarar os desafios de um mundo globalizado.\nAssim, tendo como foco o ensino público, no presente trabalho, foi possível entender que as formas\nde inovar em educação são diversas e podem se dar com o auxílio de tecnologias, modificação dos\nmateriais didáticos já disponíveis ou na alteração dos espaços físicos. Entretanto, sem a participação ativa\nda comunidade e dos atores da escola, nenhum processo inovador obterá êxito. Os benefícios são diversos,\numa vez que além de facilitar a aprendizagem, auxilia alunos com algum déficit, desenvolve competências\nespecíficas de acordo com as demandas da escola e prepara esses indivíduos para as diversas realidades\nsociais futuras que terão de enfrentar. Entretanto, tais práticas não se dão em um processo rápido e fácil,\nmas lentamente e em pequenas etapas, devido à falta de recursos e precariedade na infraestrutura das\nescolas.\nFoi possível perceber também que, em qualquer etapa do processo a participação ativa da\ncomunidade e dos atores da educação se faz necessária, uma vez que eles são os mobilizadores e\nimpulsionadores do sucesso dessas práticas inovadoras na educação pública.\nReferências\nCAMPOLINA, Luciana de Oliveira; MARTÍNEZ, Albertina Mitjáns. Fatores favoráveis à inovação: estudo de\ncaso em uma organização escolar. Revista Psicologia Organizações e Trabalho, v. 13, n. 3, p. 325-338,\n2013.\nCARDOSO, Ana Paula. Educação e inovação. Millenium, 1997.\nCOUTINHO, Clara Pereira; LISBÔA, Eliana Santana. Sociedade da informação, do conhecimento e da\naprendizagem: desafios para educação no século XXI. Revista de Educação, v. 18, n. 1, p. 5-22, 2011.\nLEMOS, Silvana Donadio Vilela. O Projeto Político Pedagógico nas Escolas: um computador por aluno.\nRevista Eptic Online, v. 15, n. 2, p. 216-233, 2013.\nLOPES, Priscila Malaquias Alves et al. O uso das tecnologias digitais em educação: seguindo um fenômeno\nem construção. Psicologia da Educação, n. 38, p. 49-61, 2014.\nOLIVEIRA, Isolina; COURELA, Conceição. Mudança e inovação em educação: o compromisso dos\nprofessores. Interacções, v. 9, n. 27, 2014.\nAgradecimentos\nAgradeço a professora orientadora do trabalho Fabiana Neiva Veloso Brasileiro por toda atenção dispensada\ne a Universidade de Fortaleza pelo Programa de Bolsas de Iniciação Científica (PROBIC).\nISSN 18088449 5"
}