{
  "id": "27110",
  "trabalho": "A JUDICIALIZAÇÃO DA SAÚDE E O FORNECIMENTO DE MEDICAMENTOS: REVISÃO INTEGRATIVA COM ÊNFASE NAS INVESTIGAÇÕES EMPÍRICAS.",
  "area": "CIÊNCIAS JURÍDICAS",
  "ano": "2016",
  "evento": "XXII - ENCONTRO DE INICIAÇÃO À PESQUISA ",
  "link": "http://uol.unifor.br/oul/conteudosite/?uuid=C3A696303A9535A2E85442D9C56652D028F8BF2F",
  "conteudo": "XXII Encontro de Iniciação à Pesquisa\nUniversidade de Fortaleza\n17 à 21 de Outubro de 2016\nA Judicialização da saúde e o fornecimento de medicamentos: revisão\nintegrativa com ênfase nas investigações empíricas.\nValéria Bastos Gomes¹* Daniela Veloso Souza Passos²\n1. Universidade de Fortaleza – Curso de Direito. Bolsa de Iniciação Científica-UNIFOR- PROBIC/FEQ\n2. Professora da Universidade de Fortaleza (UNIFOR)- CCJ\nvcbstar@gmail.com\nPalavras-chave: Judicialização da saúde. Políticas de Saúde. Sistema Único de Saúde (SUS). Medicamentos.\nResumo\nO presente artigo descreve de forma analítica a produção científica existente no Brasil acerca do tema da\njudicialização da saúde, especialmente no que diz respeito ao fornecimento de medicamentos, com ênfase\nnas investigações empíricas. Considerando a importância que o tema da Judicialização da saúde catalisa\ntanto para o meio acadêmico, quanto para os gestores e a sociedade civil, referida análise justifica-se em\ndecorrência da necessidade de se compreender melhor o fenômeno não somente através de reflexões\nteóricas, mas também mediante observações do campo empírico. Como efeito, a revisão integrativa, muito\nutilizada pelas ciências da saúde, apresenta-se como um método capaz de conferir uma real dimensão das\npesquisas que vem sendo produzidas e publicadas no plano empírico, contribuindo para o adensamento e\nconhecimento da temática. Os dados analisados nas pesquisas, apontam para as seguintes consequências\nda judicialização: a criação de um acesso desigual ao SUS; um desequilíbrio na distribuição de\ncompetências dentro do sistema, que potencialmente sobrecarrega o município; a dificuldade para o\nplanejamento e a gestão do orçamento público, além da má gestão na assistência farmacêutica, sobretudo\nem municípios de pequeno porte.\nIntrodução\nA judicialização da saúde é um fenômeno jurídico-político que cada vez mais ganha\nrepercussão e ocupa espaço na agenda de debates envolvendo diversas instituições e autoridades\nresponsáveis pela definição de políticas e investimentos de saúde. Referida preocupação justifica-se em\ndecorrência do excessivo número de demandas e decisões judiciais que tem causado consequências\neconômicas e possíveis impactos negativos para a gestão pública.\nEm que pese a importância e a recorrência dos debates, inclusive pela comunidade acadêmica,\nverifica-se que as pesquisas publicadas, principalmente na área do Direito, abordam de forma incipiente\ntrabalhos de natureza empírica. A complexidade do tema, contudo, impõe a necessidade de se compreender\no fenômeno não somente mediante pesquisa bibliográficas, mas também por meio observações do campo.\nAssociadas à análise teórica, as pesquisas empíricas revelam-se capazes de conferir uma melhor\ncompreensão das demandas ao dimensionar a sua natureza e o real impacto nas decisões na gestão das\npolíticas públicas.\nCom efeito, a revisão integrativa, muito utilizada pelas ciências da saúde, apresenta-se como\num método eficaz de conferir uma real dimensão das pesquisas que vem sendo produzidas e publicadas\nsobre judicialização das políticas públicas saúde mediante investigação empírica. Esse tipo de método tem\ncomo objetivo precípuo reunir e sintetizar resultados de pesquisas sobre um delimitado tema em questão,\ncontribuindo para o adensamento e conhecimento da temática.\nISSN 18088449 1Sob a égide desse contexto, o presente artigo tem como objetivo descrever de forma analítica a\nprodução científica existente no Brasil, no período de 2005 a 2016, acerca do tema da judicialização da\nsaúde no fornecimento de medicamentos e outros insumos com ênfase nas investigações empíricas.\nMetodologia\nReferida pesquisa, de natureza descritiva e exploratória, procedeu-se mediante uma revisão\nintegrativa da literatura, onde foram percorridas as seguintes etapas: definição da questão norteadora\n(problema) e objetivos da pesquisa; estabelecimento de critérios de inclusão e exclusão das publicações\n(seleção da amostra); busca na literatura; análise e categorização dos estudos, apresentação e discussão\ndos resultados. Para guiar a pesquisa, formulou-se a seguinte questão norteadora: como se apresentam as\nproduções científicas sobre judicialização da saúde no fornecimento de medicamentos e outros insumos\ncom foco nas investigações empíricas?\nPara a realização da pesquisa, realizou-se um recorte temporal delimitando-se os artigos\npublicados entre o período de 2005 a 2016. A busca das publicações foi por meio da Biblioteca Virtual de\nSaúde (BVS) que alberga, além de outras bases de indexações da Literatura Científica e Técnica da\nAmérica latina e Caribe (LILACS) e na Rede SciELO, maior provedora de periódicos indexados pelo\nDiretório de Periódicos de Acesso Aberto (Directory of Open Access Journals - DOAJ). Não fortuitamente, a\nmaioria dos artigos acessados são encontrados majoritariamente na Rede SciELO, apesar dos mesmos\nconstar em outras bases. Assim, os artigos selecionados foram oriundos das bases de dados LILACS e\nSciELO, pois, atingem literatura publicada nos países da América Latina, Caribe, África do Sul e alguns\npaíses da Europa, como também por incluir periódicos conceituados da área da saúde pública.\nPara “capturar” os artigos realizaram-se pesquisas com os operadores booleanos com os\nseguintes descritores e suas combinações: Judicialização da saúde, medicamentos, assistência\nfarmacêutica e Sistema único de Saúde (SUS). Em seguida, procedeu-se aos critérios de inclusão e\nexclusão do estudo. Assim, os resumos avaliados e as produções que atenderam os critérios foram\nselecionadas para este estudo, e lidos na íntegra. Com o intuito de descrever e classificar os resultados,\nevidenciando o conhecimento produzido sobre o tema proposto realizou-se a análise, categorização e\nsíntese das temáticas (MENDES; SILVEIRA; GALVÃO, 2008).\nÉ importante salientar que esse artigo contempla resultados parciais de uma pesquisa em curso\nque trata do tema da Judicialização da saúde albergada no Laboratório de Jurisprudência (LAJUR) da\nUniversidade de Fortaleza- UNIFOR.\nResultados e Discussão\nA pesquisa evidenciou que a maior parte dos trabalhos científicos sobre judicialização são\npublicados em periódicos classificados na área da saúde pública ou saúde coletiva. Ao todo foram\nencontrados 86 artigos completos, usando somente o descritor Judicialização da Saúde. Ao usarmos os\noperadores booleanos e as combinações de termos como assistência farmacêutica, insumos e Sistema\núnico de Saúde (SUS) encontrou-se 43 publicações. Nessa pesquisa, contudo, houve artigos repetidos que\napareceram tanto na LILACS, quanto na SciELO, por essa razão, os trabalhos repetidos foram contados\numa única vez. Assim, ao final, das publicações elencadas, 04 artigos advieram da LILACS e 14 da SciELO,\nperfazendo um total de 18 publicações, relacionadas com o objetivo do estudo e que foram selecionadas\npara compor o presente artigo. Após a leitura dos textos verificou-se o fenômeno da saturação teórica, ou\nseja, as categorias empíricas já estavam se repetindo comumente nos textos selecionados.\nISSN 18088449 2Para uma melhor compreensão, traçou-se um panorama sobre o recorte dado pelos artigos,\nsendo possível auferir que 12 publicações estavam diretamente relacionadas com a aquisição de\nmedicamentos/insumos por via de ações judiciais; 03 publicações estavam relacionadas com problemas na\ngestão da assistência farmacêutica frente a Judicialização em alguns municípios; 03 publicações se referiam\nde forma direta ao perfil do requerente e dos medicamentos pleiteados em ações judiciais. Importante\nsalientar que as 06 publicações traziam questões que transversalizavam a problemática da aquisição de\nmedicamentos e insumos por via judicial, por isso foram selecionados para fazer parte do estudo. As\npublicações se concentraram nos Estados do Rio de Janeiro, Mato Grosso do Sul, São Paulo, Amazonas,\nMinas Gerais, Santa Catarina, Distrito Federal, Pernambuco e Bahia.\nOs resultados das pesquisas sinalizam o crescente número de ações judiciais propostas por\nusuários do Sistema Único de Saúde (SUS) para garantir o fornecimento de medicamentos e outros\ninsumos tem sido motivo de preocupação para gestores de saúde em todos os níveis federativos. O\ncrescente número de demandas ao longo dos anos é coerente com o que vem ocorrendo nos demais\nestados do País, como demonstrado no estudo realizado em Santa Catarina, onde o número de processos\nsaltou de 2, em 2000, para 444, em 2004 (PEREIRA et al., 2010). Igual tendência de deferimento dos pleitos\né demonstrada no estudo realizado no Rio de Janeiro, em 2006, onde, dos 185 processos analisados\napenas três tiveram os pedidos negados (PEPE et al., 2011). Levantamentos estatísticos apontam para uma\ntaxa de sucesso do pleiteante contra o sistema público de saúde por volta de 85% no Judiciário paulista\n(FERREIRA et al., 2004; WANG et al., 2014; WANG; FERRAZ, 2013). Tais estatísticas vêm seguindo a\ntendência nacional em outros estados e municípios do Brasil.\nAlém do mais os municípios têm recebido ordens judiciais para adquirir medicamentos e\ninsumos não contemplados pelas listas do SUS, esses dados são coerentes com o resultado de outros\ntrabalhos que estudaram a judicialização da saúde (WANG, 2013; WANG et al., 2014; MACHADO et al.,\n2011; VIEIRA; ZUCCHI, 2007).\nPor essa razão é que se pode afirmar que as decisões judiciais que tratam todos os entes\nfederados, União, estados e municípios, como igualmente responsáveis pela assistência farmacêutica são\nprejudiciais para o sistema de saúde porque desarranjam sua organização federativa de forma a onerar\nexcessivamente os municípios, que podem ver seus recursos comprometidos com as ações judiciais\n(OLIVEIRA; NORONHA, 2011; PINTO; OSORIO-DE-CASTRO, 2015).\nO levantamento dos textos analisados demonstrou que, de fato, uma parcela significativa dos\nrecursos da política de assistência farmacêutica e de distribuição de outros insumos em saúde está sendo\ndeterminada e realocada judicialmente. Obrigando o fornecimento de medicamentos e insumos de saúde —\nincluindo compras com e sem licitação. Para ilustrar, um único Município de São Paulo gastou mais de R$\n8,8 milhões com judicialização da saúde, representando mais de 10% do total liquidado em 2011 na compra\nde medicamentos (WANG, 2009; WANG et al., 2014; MACHADO et al., 2011; VIEIRA; ZUCCHI, 2007). A\nestimativa mais recente do gasto da Secretaria de Saúde (SES-SP) com demandas judiciais calcula um\ngasto anual de cerca de R$ 513 milhões. Em termos comparativos, esse valor consistiria em 90% do gasto\nanual do SUS em diagnósticos em laboratórios clínicos no Estado de São Paulo (NAFFAH FILHO, CHIEFFI;\nCORREA, 2010).\nEm estudo realizado em Amazonas, verificou que, em relação aos medicamentos solicitados,\ncerca de 77% não pertenciam aos programas de assistência farmacêutica do SUS. Dos demais itens,\naproximadamente 12% eram do Programa de Medicamentos de Dispensação Excepcional (CHIEFFI;\nBARATA, 2009; CARVALHO & LEITE, 2014). De uma maneira geral, os dados mostram que os juízes de\nISSN 18088449 3primeira instância não consideram a seleção oficial em matéria de medicamentos ao decidirem ações\njudiciais envolvendo o fornecimento de medicamentos (BIEHL J et al., 2016; BIEHL & PETRYNA, 2016).\nA análise dos processos referentes à dispensação de medicamentos mediante demandas\njudiciais permitiu evidenciar os efeitos que essas decisões têm sobre a formulação e a execução da política\nde saúde. Os dados mostram que a parcela da população atendida por demandas judiciais tem em média\nmelhores condições socioeconômicas, residindo em áreas com baixa ou sem nenhuma vulnerabilidade\nsocial (CHIEFFI; BARATA, 2009) O que está sendo recorrente é a utilização da via judicial como ferramenta\nde acesso não igualitário (MACHADO et al., 2011).\nContudo, estudo no Distrito Federal (DINIZ, MACHADO, PENALVA, 2014) verificou que os\nresultados obtidos destoaram algumas das teses difundidas na literatura brasileira como a elitização do\nprocesso judicial e a prevalência de requisições de medicamentos de alto custo, entretanto, grande maioria\ndas publicações revelam que a Judicialização pode ser um fenômeno conhecido como elitização da saúde.\nA pesquisa também trouxe para o debate o fato de que ao fornecer medicamentos por ordem\njudicial, não está sendo avaliado se aquele tratamento realmente é o melhor em termos de relação\ncusto/benefício, se o indivíduo realmente necessita do medicamento pleiteado, e se, este não pode ser\nsubstituído por outro disponível nos programas de assistência farmacêutica do SUS, se o paciente tem\ncondições financeiras de pagar o tratamento entre outros fatores.\nA partir desta premissa, pode-se dizer que apesar de não ser o Poder Judiciário a esfera\nadequada para a solução de conflitos envolvendo o fornecimento de medicamentos, o fato é que cada vez\nmais este tipo de conflito é levado à apreciação deste Poder. É de suma importância que o Poder Judiciário\nlide adequadamente com o fenômeno, sem intervir excessivamente nas políticas de saúde, tratando o tema\ncom a devida precaução e exigência técnica e científica que o tema exige, respaldando, assim, suas\ndecisões em critérios que vão além da simples fundamentação no dispositivo constitucional e na Lei nº.\n8.080/90.\nConclusão\nAs categorias empíricas que emergiram ao longo do processo da revisão integrativa revelaram\nque seguintes dados referentes à judicialização: a criação de um acesso desigual ao SUS, favorecendo\nsobremaneira aqueles que acionam o Judiciário, bem como, aqueles que litigam têm acesso mais amplo de\nopções e serviços de saúde, enquanto o restante do coletivo conta apenas com aquilo que está definido nas\npolíticas; um desequilíbrio na distribuição de competências dentro do sistema, que potencialmente\nsobrecarrega o município, o ente mais frágil do conjunto federativo; a dificuldade para o planejamento e a\ngestão do orçamento público dada a imprevisibilidade do gasto imposto pelas ações judiciais, e os\npossíveis cortes em outras despesas que terão que serem feitos em detrimento das ações judiciais\nimpetradas; a má gestão na assistência farmacêutica, sobretudo em municípios de pequeno porte, onde a\nJudicialização da saúde agrava ainda mais a gestão das políticas de saúde de tais municípios; falta de\nadoção de critérios pelo Poder Judiciário na questão do fornecimento de medicamentos.\nOs dados revelam, portanto, que a judicialização da saúde é um fenômeno que pode prejudicar\na execução de políticas de saúde no âmbito do Sistema Único de Saúde (SUS), uma vez que o cumprimento\nde determinações judiciais para fornecimento de medicamentos e insumos geram gastos elevados e não\nprogramados. Por outro lado, as ações judiciais podem ser um canal legítimo de defesa dos direitos\nfundamentais dos indivíduos à saúde, na medida que o Estado não implementa de maneira adequada as\npolíticas públicas. Todavia, as pesquisas estão indicando que a maioria dos medicamentos solicitados\nnessas demandas não pertence aos programas de medicamentos preconizados pelo SUS, isto é, que não\nISSN 18088449 4são padronizados pelos protocolos do sistema público de saúde. Nesse sentido, pode-se dizer que as ações\njudiciais ignoram o que a política de assistência farmacêutica tem normatizado, agindo assim, tais decisões\npodem convulsionar todos os entes implicados no processo.\nPor fim, o fenômeno da Judicialização é multifacetário que envolve aspectos políticos, sociais,\néticos e sanitários, que vão muito além do campo jurídico, tencionando os poderes executivo, legislativo e\njudiciário e os setores da sociedade civil a refletir sobre a problemática apontada nesse estudo.\nReferências\nBIEHL, João et al . The challenging nature of gathering evidence and analyzing the judicialization of health in\nBrazil. Cad. Saúde Pública, Rio de Janeiro , v. 32, n. 6, e00086315, 2016 . Disponível em:\nhttp://www.scielo.br/scielo.php?script=sci_arttext&pid=S0102-311X2016000607001&lng=en&nrm=iso.\nAcesso em: 13 Aug. 2016.\nBIEHL, João; PETRYNA, Adriana. Tratamentos jurídicos: os mercados terapêuticos e a judicialização do\ndireito à saúde. Hist. cienc. saude- Manguinhos, Rio de Janeiro , v. 23, n. 1, p. 173-192, Mar. 2016 .\nAvailable from <http://www.scielo.br/scielo.php?script=sci_arttext&pid=S0104-\n59702016000100173&lng=en&nrm=iso>. Acesso em 13 Aug. 2016.\nBOING, Alexandra Crispim et al . Acesso a medicamentos no setor público: análise de usuários do Sistema\nÚnico de Saúde no Brasil. Cad. Saúde Pública, Rio de Janeiro , v. 29, n. 4, p. 691-701, Apr. 2013.\nDisponível em: http://www.scielo.br/scielo.php?script=sci_arttext&pid=S0102. >.Acesso em: 13 Aug. 2016.\nBRASIL. Resolução nº 338, de 06 de maio de 2004. Aprova a Política Nacional de Assistência\nFarmacêutica. Diário Oficial da União 2004; 20 maio.\nCARVALHO, Marselle Nobre de; LEITE, Silvana Nair. Itinerário dos usuários de medicamentos via judicial no\nestado do Amazonas, Brasil. Interface (Botucatu), Botucatu , v. 18, n. 51, p. 737-748, Dec. 2014 .\nDisponível em:<http://www.scielosp.org/scielo.php?script=sci_arttext&pid=S1414-\n32832014000400737&lng=en&nrm=iso>. Acesso em: 14 Aug. 2016.\nCHIEFFI, Ana Luiza; BARATA, Rita Barradas. Judicialização da política pública de assistência farmacêutica\ne equidade. Cad. Saúde Pública, Rio de Janeiro, v. 25, n. 8, p. 1839-1849, 2009.\nDINIZ, Debora; MACHADO, Teresa Robichez de Carvalho; PENALVA, Janaina. A judicializacao da saude no\nDistrito Federal, Brasil. Ciênc. saúde coletiva, Rio de Janeiro , v. 19, n. 2, p. 591-598, Feb. 2014.\nDisponível em:<http://www.scielosp.org/scielo.php?script=sci_arttext&pid=S1413-\n81232014000200591&lng=en&nrm=iso>. Acesso em: 17 Aug. 2016.\nFERREIRA, Camila D. et al. O Judiciário e as políticas de saúde no Brasil: o caso Aids. Monografia\nvencedora do Concurso de Monografias “Prêmio IPEA 40 anos”, 2004.\nMACHADO, M. A. A. et al. Judicialização do acesso a medicamentos no Estado de Minas Gerais, Brasil.\nRev. Saúde Pública, São Paulo, v. 45, n. 3, p. 590-598, 2011.\nMENDES, Karina Dal Sasso; SILVEIRA, Renata Cristina de Campos Pereira; GALVAO, Cristina Maria.\nRevisão integrativa: método de pesquisa para a incorporação de evidências na saúde e na\nenfermagem. Texto contexto - enferm., Florianópolis , v. 17, n. 4, p. 758-764, Dec. 2008. Disponível em:\nhttp://www.scielo.br. Acesso em: 13 Aug.2016.\nNAFFAH FILHO, Michel; CHIEFFI, Ana Luiza; CORREA, Maria Cecília M. M. A. S-Codes: um novo sistema\nde informações sobre ações judiciais da Secretaria de Estado da Saúde de São Paulo. BEPA, Bol.\nepidemiol. paul. (Online), São Paulo, v.7, n.84, dez. 201. Disponível em\nhttp://periodicos.ses.sp.bvs.br/scielo. Acesso em: 13 ago. 2016.\nOLIVEIRA, Vanessa E.; NORONHA, Lincoln. Judiciary-Executive relations in policy making: the case of drug\ndistribution in the state of São Paulo. Brazilian Political Science Review, v. 5, n. 2, p. 10-38, 2011.\nPEREIRA, J. R. et al. Análise das demandas judiciais para o fornecimento de medicamentos pela Secretaria\nde Estado da Saúde de Santa Catarina nos anos de 2003 e 2004. Ciênc. Saúde Colet. Rio de Janeiro, v.\n15, supl. 3, p. 3551-60, 2010.\nISSN 18088449 5PEPE, V. L. E.; VENTURA, M.; OSORIO-DE-CASTRO, C. G. S. (Org.). Manual de indicadores de\navaliação e monitoramento das demandas judiciais de medicamentos. Rio de Janeiro: Fundação\nOswaldo Cruz, Escola Nacional de Saúde Pública Sergio Arouca, 2011, 56 p.\nPINTO, Cláudia Du Bocage Santos; OSORIO-DE-CASTRO, Claudia Garcia Serpa. Gestão da Assistência\nFarmacêutica e demandas judiciais em pequenos municípios brasileiros: um estudo em Mato Grosso do\nSul. Saúde debate, Rio de Janeiro, v.39, p.171-183, Dez. 2015. Disponível em:\n<http://www.scielo.br/scielo.php?script=sci_arttext&pid=S0103-11042015000500171&lng=en&nrm=iso>.\nAcesso em: 18 Ago. 2016.\nSOUZA, Marcela Tavares de; SILVA, Michelly Dias da; CARVALHO, Rachel de. Revisão integrativa: o que é\ne como fazer. Einstein, v. 8, p. 102-106, 2010. < Http://apps.einstein.br/revista/arquivos/PDF/1134\nv8n1_p102-106_port.pdf>. Acesso em: 10 maio 2016.\nVIEIRA, F. S.; ZUCCHI, P. Distorções causadas pelas ações judiciais à política de medicamentos no Brasil.\nRev. Saúde Pública, São Paulo, v. 41, n. 1, p. 214-22, 2007.\nWANG, Daniel Wei L. et al . Os impactos da judicialização da saúde no município de São Paulo: gasto\npúblico e organização federativa. Rev. Adm. Pública, Rio de Janeiro , v. 48, n. 5, p. 1191-1206, Oct.\n2014.\nWANG, Daniel; FERRAZ, Octavio. Reaching out to the needy? Access to justice and public attorneys’ role in\nright to health litigation in the city of Sao Paulo. SUR International Journal on Human Rights, v. 10, n. 18, p.\n158-179 , jun. 2013.\nWANG, Daniel. Poder Judiciário e políticas públicas de saúde: participação democrática e\nequidade. Cadernos Gestão Pública e Cidadania, v. 14, n. 54, p. 51-87, jan./jun. 2009.\nAgradecimentos\nAgradeço a Instituição o incentivo, pois, sem o qual não seria possível o adensamento na produção do\nconhecimento. A UNIFOR contribui também como uma espécie de catalisadora do conhecimento, à medida\nque propicia bolsas de estudos a graduandos que estimulados poderão tornar-se futuros pesquisadores\ncapazes de contribuir efetivamente com a Ciência.\nISSN 18088449 6"
}