{
  "id": "27117",
  "trabalho": "NANOTECNOLOGIA E SUAS REPERCUSSÕES NO PLANO INTERNACIONAL",
  "area": "CIÊNCIAS JURÍDICAS",
  "ano": "2016",
  "evento": "XXII - ENCONTRO DE INICIAÇÃO À PESQUISA ",
  "link": "http://uol.unifor.br/oul/conteudosite/?uuid=087DC17D03CF609073D03BEF2FEFA6191C3ADF94",
  "conteudo": "XXII Encontro de Iniciação à Pesquisa\nUniversidade de Fortaleza\n.\n17 à 21 de Outubro de 2016\nNanotecnologia e suas Repercussões no Plano Internacional.\nDanielle Soares\nRodrigues 2*(IC), Gardênia Maria Ferreira Coutinho 2(IC), Hortência S.A. Leal 2 (IC), Antonio Walber Matias\nMuniz 2 (PQ).\n1. Universidade de Fortaleza – PIBIC/CNPQ.\n2. Universidade de Fortaleza – Curso Direito.\ndany.srodrigues@hotmail.com\nPalavras-chave: Nanotecnologia. Direito Internacional. Aplicações da Nanotecnologia.\nResumo\nEste artigo apresenta as principais descobertas e repercussões da Nanotecnologia no plano internacional,\numa área em expansão e de extrema importância para a humanidade. O uso da nanotecnologia tem papel\nimportante no tocante à inovação cientifica, haja vista a diversidade de aplicação dessa tecnologia, em todo\nprocesso de transformação para o meio em que vivemos. Alem disso é possível concluir que\nNanotecnologia será acessível a todos, antes do que se imagina, devido aos avanços tecnológicos que em\ntodos os pais essa descoberta possibilita.\nIntrodução\nNanotecnologia é a habilidade de manipular átomos e moléculas individualmente para produzir\nmateriais nano estruturados e micro-objetos com aplicações no mundo real (Miller, 2005). A origem da\nhistória da nanotecnologia começa com James Cleck Maxwell, um matemático e físico britânico que apesar\nde não utilizar o termo nanotecnologia propôs a criação do “Demônio de Maxwell” que seria uma estrutura\ncapaz de trabalhar com matérias em escala atômica.\nO objetivo da nanotecnologia é criar novos materiais e desenvolver novos produtos e processos\nbaseados na crescente capacidade da tecnologia moderna de manipular átomos e moléculas. As áreas de\naplicação da nanotecnologia abrangem praticamente todos os setores industriais e de serviços. A\nmultiplicidade de aplicações é imensa e demandam conhecimentos multidisciplinares, baseados na física,\nquímica, biologia, ciência e engenharia de materiais, computação, entre outras áreas, que visam estender a\ncapacidade humana de manipular a matéria até os limites do átomo.\nA nanotecnologia é importante para áreas como matemática, física, química, engenharia,\neletrônica, ciências dos materiais, economia, computação, biologia, medicina (saúde) e meio ambiente. Por\nestes motivos é tão importante para a humanidade, pois mudara muita coisa em vários aspectos como por\nexemplo a descoberta da cura do câncer.\nMetodologia\nRetira-se do estudo documental. Foram consultados alguns artigos e livros publicados sobre o\nassunto e foi levantado o estado da arte sobre o conhecimento envolvido. A internet foi à principal\nferramenta de pesquisa.\n\nMILLER,JONH C., SERRATO, R., KUNDAHL,G., ”The Handbook of Nanotechnology: Busines, Policy and Intellectual Property Law”,\nFirst Edition, Boston, Artech House,2005A nanotecnologia já é um negócio de bilhões de dólares (Bushan, 2004) que atrai a cada dia mais\ninvestimento, em todo o planeta, devido ao seu enorme potencial de aplicação nos mais variados setores\nindustriais e ao impacto que seus resultados podem dar ao desenvolvimento tecnológico e econômico.\nNeste contexto, existe uma infinidade de áreas onde a nanotecnologia pode dar uma contribuição\nsignificativa. O Brasil tem procurado não ficar de fora da corrida por esta tecnologia e em 2001 o Governo\ncriou a Iniciativa Brasileira em Nanotecnologia para formar uma rede de pesquisa no tema. Atualmente, a\nrede conta com a participação de mais de uma centena de instituições de pesquisa e ensino em todo o país,\nque têm expandido suas fronteiras por meio de parcerias com institutos e grupos de excelência em\nnanotecnologia dos Estados Unidos, Europa, China e Japão, inclusive com a colaboração de pesquisadores\nlaureados com o prêmio Nobel. A percepção de que a Nanotecnologia representa um novo nível de\nconhecimento, com impactos científicos e econômicos imensos, tem levado diversos países líderes, como O\nEUA, Alemanha, Rússia, China (MIYAZIKI,ISLAM,2007), e também no Brasil desde de 2000-2001,a\nelaborar iniciativas nacionais, buscando novos níveis de competitividade das suas empresa. Em uma visão\nglobal, investimentos mundiais estão em crescimento em progressão geométrica, com estimativa para até\n2020 de 12 trilhões de dólares. Para o ano de 2018 o Brasil planeja alcançar 1% do mercado mundial, que\nsignifica a cifra de US$ 33 bilhões, este resultado esperado é muito maior que os US$ 25 milhões que o\nBrasil alcançou em 2010. Os resultados práticos já começam a ser colhidos. Produtos que se utilizam dessa\nTecnologias já se tornaram realidade em alguns setores da indústria brasileira. No meio acadêmico,\ndestaca-se um documentário em DVD realizado por alunos da Universidade Federal de São Carlos intitulado\n\"Nanotecnologia: futuro\". Segundo o professor Élson Longo, diretor do documentário, a divulgação do\nconhecimento em nanotecnologia é estratégica para o Brasil. Iniciativas como esta podem servir de alicerce\npara o crescimento da nanotecnologia no país e é com base nessa constatação que este estudo foi\nrealizado\nResultados e Discussão\nNanotecnologia é a habilidade de manipular átomos e moléculas individualmente para produzir materiais\nnano estruturados e micro-objetos com aplicações no mundo real (Miller, 2005). Ela envolve produção e\naplicação em sistemas físicos, químicos e biológicos em escalas que variam de um átomo individual a\nmoléculas de cerca de 100 nanômetros, assim como a integração das nanoestruturas resultantes em\nsistemas mais complexos. Um Nanômetro vale 1×10 9 metros, ou um milionésimo de milímetro. Equivale a\n1/80000 do diâmetro do cabelo humano. Tem como símbolo nm. É uma unidade de comprimento do SI,\nComumente usada para medição de comprimentos de onda de luz visível (400 nm a 700 nm), radiação\nultravioleta, radiação infravermelha e radiação gama, entre outras coisas. ¹\nA Nanotecnologia compreende um conjunto de técnicas com aplicações potenciais na maioria dos setores\nindustriais existentes na atualidade e com potencial de ajudar a criar novas indústrias. Espera-se que a\nNanotecnologia tenha um profundo impacto na economia e na nossa sociedade durante o século XXI, talvez\ncomparável à tecnologia da informação ou aos avanços na biologia celular e molecular. Pesquisa cientifica e\nna área de engenharia. Podem trazer grandes descobertas nas áreas de materiais, manufatura, eletrônicos,\n\nBUSHAN, B. (Editor), \"Springer Handbook of Nanotechnology\", First Edition, New York, Springer Verlag, 2004.\nMIYAZAKY, K. & ISLAM, N. “Nanotechnology systems of innovation – An analysis of industry and academia research activities”.\nTechnovation 27, 661-675,2007.\nMILLER,JONH C., SERRATO, R., KUNDAHL,G., ”The Handbook of Nanotechnology: Busines, Policy and Intellectual Property\nLaw”, First Edition, Boston, Artech House,2005medicina, energia, biotecnologia, tecnologia da informação e segurança nacional. O sentimento de alguns\npesquisadores é que a nanotecnologia será o propulsor da próxima revolução industrial.\nRessalte – se, aqui,que mesmo países em desenvolvimento,que não contam com elevados recursos\nfinanceiros para área,como os disponíveis nos Estados Unidos,Japão e comunidade Européia,lançaram\niniciativas nacionais em nanotecnologia. Dentre eles estão Índia, África do Sul, México\n,Tailândia,Filipinas,Chile e Argentina.O Brasil conta com quatro importantes Redes Cooperativas de\nPesquisa em Nanociência e Nanotecnologia [1],além de três institutos do Milênio,que também atuam na\nárea.\nEstudos realizados recentemente, tem demonstrado o enorme crescimento da Nanotecnologia em varias\náreas,mais também se destaca por se considerar que tais dispositivos,poderiam tem um impacto\nsignificativo para as nações em desenvolvimento.\nConclusão\nO presente trabalho dedicou- a analisar a discussão da nanotecnologia no plano internacional,\nprincipalmente nos países bases e de iniciativas focadas na nanotecnologia, aspectos cronológicos no\nâmbito internacional, e mapeamento das principais ações e investimentos realizados na construção de\nmarcos regulatórios acerca do tema.\nNo Brasil, as pesquisas que estão sendo desenvolvidas no país indicam que as oportunidades de negócio\nem nanotecnologia surgem primeiramente nos mercados de cosméticos, produtos provenientes da indústria\nquímica (catalisadores, tintas, revestimentos) e petroquímica, plásticos, borrachas e ligas metálicas,\nconforme as conclusões de estudo do Ministério da Ciência e Tecnologia. A funcionalidade antimicrobiana\nestá inserida em muitas dessas áreas, representando um diferencial para tintas, revestimentos, plásticos e\nborrachas, entre outros.\nEm países como EUA, Rússia, China e Alemanha, que são países signatários com fortes investimentos na\nNanotecnologia, demonstram que a Nanotecnologia não é apenas oriunda manipulações em labrtorios, mas\ntambém em processos como previsão tecnológica e o futuro de sistematização participativa envolvendo\ncientista e toda uma humanidade para a melhoria continua do desenvolvimento humano.\nNo aspecto econômico observa-se que governos nacionais e grandes empresas estão investindo\nmaciçamente neste campo e as bolsas de valores do mundo inteiro sofrem grande agitação com o\nmovimento especulativo em torno da nanotecnologia. Com o esperado aumento dos incentivos privados e\ngovernamentais para pesquisa e desenvolvimento em nanotecnologia e com a popularização do tema,\nespera-se que novos produtos, como a língua eletrônica, surjam nos próximos anos.\nEnfim, a nanotecnologia esta ampliando seus horizontes em países ainda não capazes de entender a\nverdadeira função da Nanotecnologia.Referências\nGONÇALVES DA SILVA C. O Programa Nacional de Nanotecnologia e o Centro Nacional de Referencia em\nNanotecnologia, 2003. Disponível em: http://lnls.cnpem.br/info/programaNano_a.pdf_Acesso em 07 de set\n2011.\nAGÊNCIA BRASILEIRA DE DESENVOLVIMENTO INDUSTRIAL. Estudo prospectivo nanotecnologia /\nAgência Brasileira de Desenvolvimento Industrial. – Brasília: ABDI, 2010.\nMinistério da Ciência e Tecnologia. Nanotecnologia: investimentos, resultados e demandas – junho de 2006.\nBrasília: Ministério da Ciência e Tecnologia; 2006. Disponível em:\nhttp://www.mct.gov.br/upd_blob/0008/8075.pdf. Acesso em 2 dez. 2010.\nSantos, T. N.; Silva, F. C.; Brum, P. R. C.; Borschiver, S. & Guimarães, M. J. O. C. - \"Gestão do\nConhecimento em Nanotecnologia e Nanociência com ênfase em Materiais Poliméricos Nanoestruturados\",\nPublicação Interna, EQ/UFRJ (2004). http://www.scielo.br/scielo.php?script=sci_arttext&pid=S0104-\n14282005000400007&lng=pt&nrm.\n“MINISTÉRIO DA CIÊNCIA E TECNOLOGIA”, http://www.mct.gov.br/index. php/content/view/8845.html\n[1] Apresentação das Redes Cooperativas em Pesquisa em Nanociência e\nNanotecnologia.(Nanobiotecnologia),(NanoMat),(NanoSemiMat),(Renami)2004.\nAgradecimentos\nAgradecer a Unifor e a sua divisão de pesquisa, e ao nosso Orientador, professor Antônio Walber Matias\nMuniz, e por nos conceder a oportunidade de aprender com esse magnífico trabalho."
}