{
  "id": "27119",
  "trabalho": "AVALIAÇÃO DO CONTEXTO DE TRABALHO EM PROFESSORES DE ESCOLA PROMOTORA DE SAÚDE",
  "area": "CIÊNCIAS DA VIDA",
  "ano": "2016",
  "evento": "XVI - ENCONTRO DE PÓS-GRADUAÇÃO E PESQUISA",
  "link": "http://uol.unifor.br/oul/conteudosite/?uuid=A27EB10FCB7593A05543CEA7DE56CE7E27BCFBCD",
  "conteudo": "XVI ENCONTRO DE PÓS-GRADUAÇÃO E PESQUISA\nUniversidade de Fortaleza\n17 a 20 de outubro de 2016\nAvaliação do contexto de trabalho em professores de escola promotora\nde saúde\nTallys Newton Fernandes de Matos ¹, Patrícia Passos Sampaio², Ana Maria Fontenelle Catrib ³.\n1. Universidade de Fortaleza – Mestrando em Saúde Coletiva.\n2. Universidade de Fortaleza – Professora do curso de Psicologia.\n3. Universidade de Fortaleza – Professora de pós-graduação em Saúde Coletiva.\ntallysnfm@gmail.com\nPalavras-chave: Escola. Saúde. Trabalho.\nResumo\nO presente trabalho objetivou identificar e avaliar o seu contexto de trabalho em professores de escola\npromotora de saúde. A pesquisa foi desenvolvida numa uma escola estadual de ensino médio\nprofissionalizante, caracterizada como uma escola promotora de saúde. Para a coleta de dados foi utilizada\na Escala de Avaliação do Contexto do Trabalho, com o objetivo de analisar o contexto do trabalho docente\nnos seguintes aspectos: condições de trabalho (ambiente físico, posto de trabalho, equipamentos e\nmateriais disponibilizados); organização do trabalho (divisões de tarefas, normas, controles e ritmos) e\nrelações sócio profissionais (modos de gestão do trabalho, comunicação e interação profissional).\nParticiparam da pesquisa 23 professores com nível superior completo (76,2%), idade média de 36 anos e\nequitativamente distribuídos entre homens e mulheres. Os dados foram analisados a partir do Programa\nStatistical Package for Social Science-SPSS- versão 20, para Windows, usando o crosstab (cruzamento de\nvariáveis). Foram apresentados os seguintes resultados: as relações sócio profissionais apresentaram\nsatisfatórias principalmente em relação à autonomia e participação nas decisões. Quanto ao aspecto\ncondições de trabalho mostraram críticos no desconforto físico, barulho, falta de equipamentos,\ninstrumentos e material de expediente. Em relação à organização do trabalho estão críticos o ritmo, a\npressão, a fiscalização e a intensificação do trabalho aparecendo como grave o item cobrança por\nresultados. Fez-se necessária uma intervenção imediata em relação ao item avaliado como grave bem como\nminimizar os efeitos negativos dos indicadores críticos com vistas à melhoria da saúde e da qualidade de\nvida destes professores.\nIntrodução\nA psicologia como ciência que investiga o comportamento humano e suas relações propõe uma\ncompreensão trabalho e organizações através de três períodos: industrial, organizacional e trabalho. O\nperíodo industrial aconteceu na década de 1930 e sua função resumia-se em seleção profissional e\nutilização de testes psicológicos. No período organizacional aconteceu a ampliação do objeto alvo, seleção\nprofissional e na motivação de trabalhadores assegurando a produtividade e lucro. O período do trabalho é\n1direcionado a compreensão de significados, subjetividades e manifestações no trabalhador. A psicologia do\ntrabalho vem considerar o trabalho e a sua influência significativa na subjetividade e saúde, do cotidiano no\nsujeito (COELHO-LIMA; COSTA; YAMAMOTO, 2011).\nEstes períodos têm diferentes significados e propostas de compreensão no papel do psicólogo. As\nfases que são definidas na literatura são apenas momentos históricos que envolvem o contexto social e a\ndinâmica de integração com a diversidade, aberta para a compreensão. O trabalho envolve um significado\ncomplexo que acondiciona em torno de desenvolver atividades a fim de buscar sustento para si e para seus\npróximos. Há uma ação e efeito, físico e intelectual. Nisto, encontramos o sentido que exerce a\nrenumeração. No trabalho há um nível econômico, cultural e político. Existe o sentido de caráter produtivo\ncom renumeração para a subsistência do meio de produção e a manutenção da satisfação no indivíduo\n(GOULART; SAMPAIO, 1998) (CHIAVENATO, 2000).\nAs funções principais do trabalho são: (1) integrativa: auto-estima e identidade; (2) status:\nrealização; (3) identidade: pessoa vista pela profissão; (4) econômica: consumo, poder e sustento; (5)\ninteração social: promove interações e mobiliza grupos; (6) estrutura o tempo: marcador de calendário; (7)\nmanter uma atividade: promove sentido ao tempo; (8) desenvolver habilidade: produz conhecimento,\npráticas e habilidades; (9) nomes, regras, crenças e expectativas: instância socializadora e cultural; (10)\npoder e controle: defende interesses. É importante destacar que o trabalho deve estar a serviço da vida, e\nnão o contrario (GOULART; SAMPAIO, 1998).\nO trabalho no contexto escolar ganha relevância por se articular com a saúde, bem estar e\nqualidade de vida. Neste âmbito, a escola investigada tem o propósito de promover saúde e o professor\nganha destaque por desenvolver uma prática que necessita força, vontade e persistência, pois existe um\narsenal de atividades que estão ligadas à profissão, como corrigir avaliações, elaborar atividades, preparar\naula, além de permanecerem de pé longos períodos. A atividade diária pode gerar um grande desgaste ao\ncorpo do professor podendo impossibilitá-lo de executar outras funções. As principais consequências estão\nligadas a problemas na voz, visto que é o principal instrumento de trabalho. A voz é indispensável ao\nprofessor, pois é através dela que as informações, conteúdos e conhecimentos em geral, são\ntransmitidos. Por causa da importância que a voz ocupa, é relevante o cuidado com as cordas vocais para\ngarantir a qualidade do ensino. Naturalmente o que motiva problemas vocais nos professores são\nespecialmente as condições de trabalho desfavorável e extensa jornada de trabalho (GRILLO; PENTEADO,\n2005) (PENTEADO, 2007).\nExistem, também, outros problemas ligados à prática docente direcionadas a postura, fadiga mental\ne alimentação inadequada, oferecendo riscos que podem desencadear diminuição no sistema imunológico,\nocasionando doenças de diversas naturezas. A questão salarial, restrição de tempo para se cuidar,\ncobranças fora e dentro da sala de aula, excesso de trabalho e pouco descanso, são situações que\nfavorecem o adoecimento e afastamento da atividade docente (PENTEADO, 2007). Com isso, o objetivo\ngeral investigar e avaliar o contexto de trabalho em professores de escola promotora de saúde.\nMetodologia\nUtilizou-se a pesquisa quantitativa, na qual se traduz em números as opiniões e informações obtidas\npor meio de testes numéricos para obter dados para posterior análise e, finalmente, chegar a uma\nconclusão. Foi aplicada uma escala gráfica que tem como objetivo diagnosticar como o ambiente de\ntrabalho se constitui. A escala utilizada foi a “Escala de Avaliação do Contexto do Trabalho” (EACT), que\nanalisou os seguintes aspectos: condições de trabalho (ambiente físico, posto de trabalho, equipamentos e\nmateriais disponibilizados); organização do trabalho (divisões de tarefas, normas, controles e ritmos) e\n2relações sócio-profissionais (modos de gestão do trabalho, comunicação e interação profissional)\n(SIQUEIRA, 2008).\nPara a análise dos dados obtidos foi utilizado o SPSS, (Statistical Package for the Social Sciences)\nque tem como tomada de decisão a aplicação analítica. Os resultados de média e desvio padrão serão\ncolocados entre parênteses em formato descritivo. Inicialmente é colocado à média e depois o desvio\npadrão. O público envolvido foram todos os 23 professores da rede pública da Escola Estadual De\nEducação Profissional José De Barcelos, do ano de 2014, localizada na comunidade de Messejana em\nFortaleza, no Estado do Ceará. A escola citada faz parte do projeto “Escola promotora de saúde” através do\nvinculo cientifico com “Universidade de Fortaleza” e o “Conselho Nacional de Desenvolvimento Científico e\nTecnológico”. Este vínculo é organizado pelo programa de pós-graduação em Saúde Coletiva, na\nUniversidade de Fortaleza, e realizado pelo grupo de estudo “Saúde nos Espaços Educacionais”.\nAdemais, o trabalho baseou-se em princípios éticos que objetivam o respeito, dignidade, igualdade e\nintegridade do ser humano. Foi fundamento ético respeitar a identidade profissional a fim de proteger, por\nmeio da confidencialidade, a intimidade das pessoas e grupos. Ademais, para a constituição do trabalho\nforam realizadas quatro visitas por mês, com duração de cinco horas cada.\nResultados e Discussão\n Resultados\nO grupo analisado era composto por 23 professores, sendo 12 mulheres (52,2%) e 11 (47,8%)\nhomens. Em relação ao estado civil dos professores pode-se detectar que o grupo era composto por 7\n(30,4%) solteiros, 14 (60,9%) casados e 2 (8,7%) viúvos. A distribuição dos professores por status salarial foi\na seguinte: 3 (13,0%) professores ganhavam de um a dois salários, 12 (52,2%) professores ganham entre\ntrês a quatro salários, 5 (21,7%) professores ganham entre cinco a seis salários e 3 (13,0%) ganham acima\nde seis salários.\nO grau de escolaridade do grupo estudado é que 5 (23,8%) possuem o ensino superior incompleto.\nJá 16 (76,2%) possuem o superior completo. Os profissionais se dão de forma variada para a demandas ou\nnecessidade, que a escola tem com suas disciplinas. Estes cursos são administração, agronomia,\nbiblioteconomia, enfermagem, física, história, informática, letras português, matemática, química e turismo.\nAdministração, enfermagem e química possuem dois profissionais. Letras possuem três profissionais e os\ndemais cursos citados só possuem um profissional da área.\nFoi analisado o grau de instrução desses professores e identificou-se que 17 (73,9%) não\npossuem especialização e 6 (26,1%) possuem. Em relação ao título de mestre 16 (69,6%) não possuem a\ntitulação, enquanto 7 (30,4%) possuem. Com relação ao título de doutor apenas 1 (4,3%) possui esse\nregistro enquanto 22 (95,7%) não possuem.\nNa amostra estudada, também se detectou que 16 (76,2%) não possuem vínculos com outras\ninstituições, já 5 (23,8%) exercem outras atividades fora do colégio. A escola é responsável pelo\npreenchimento dos turnos da manhã e tarde. A análise revelou que todos os professores trabalham no turno\nda manhã, já no turno da tarde apenas 19 (90,5%) trabalha neste período. Na escola analisada pode-se\nconstatar que a idade média dos professores é 36,10 (±12,272) anos. A média do tempo de formado é de\n9,98 (±11,564) anos. Na escola esses professores têm média de 3,86 (±4,8044) anos, e na docência de\nmodo geral 7,55 (±50,155) anos. A média de carga horária destes professores é de 32,00 (±9,576) horas\nsemanais, com uma publico de alunos de 234,24 (±144,521) por ano.\n3A escala de “avaliação do contexto do trabalho” ou a “EACT”, coleta informações sobre como o\nprofissional percebe o seu trabalho, no cotidiano. Esta escala analisa aspectos das ‘condições de trabalho’,\nonde são expressas a qualidade do ambiente físico, posto de trabalho e equipamentos e materiais\ndisponibilizados para a execução do trabalho. Avalia também a ‘organização do trabalho’ que envolve a\nexpressão das divisões de tarefas, normas controles e ritmos de trabalho, e por fim, as ‘relações\nsocioprofissionais’ que expressa os modos de gestão do trabalho, da comunicação e da interação\nprofissional. A escala sugere que 1,0 a 2,3 as condições são satisfatórias, de 2,3 a 3,7 as condições são\ncríticas e de 3,7 a 5,0 as condições são graves (SIQUEIRA, 2008).\nNas “condições de trabalho” nos resultados obtidos demonstrou-se que os professores estão em\num nível crítico em condições de trabalhos (média 2,91±1,164), ambiente físico desconfortável (média\n2,83±1,114), barulho no trabalho (média 3,48±0,947), mobília existente inadequada (média 3,22±1,380),\ninstrumentos de trabalhos são insuficientes (média 2,87±1,180), o posto de trabalho é inadequado para a\nrealização de tarefas (média 2,65±1,229), os equipamentos necessário para a realização de tarefas (média\n2,96±1,147), o espaço para realizar trabalho é inadequado (média 2,35±1,071), e o material de consumo é\ninsuficiente (média 2,57±0,864). Apenas as condições de trabalho oferecem segurança física das pessoas\nobteve um resultado satisfatório (média 1,74±1,199).\nA ‘organização do trabalho’ obteve resultados críticos direcionados á ritmo de trabalho acelerado\n(média 3,48±1,082), pressão para cumprir tarefas (média 2,78±1,043), rigidez normas de execução de\nresultados (média 3,09±0,949), fiscalização por desempenho (média 3,48±1,238), numero de pessoas é\ninsuficiente para realizar tarefas (média 2,43±1,237), resultados esperados estão fora da realidade (média\n2,35±1,301), divisão entre quem planeja e quem executa (média 2,91±1,505). Há uma inexistência\nindividualismo no ambiente de trabalho (média 1,74±0,752). A falta tempo para realizar descanso no trabalho\nesta em transição do satisfatório para o crítico (média 2,26±1,251). E há um ponto grave no ambiente de\ntrabalho que é a cobraça por resultados (média 4,00±0,905).\nNas ‘relações socioprofissionais’ os resultados são satisfatórios, envolvendo definição de tarefas\n(média 1,8±0,968), existência de autonomia (média 2,00±1,044), a distribuição de tarefas é justa (média\n1,83±0,778), os profissionais são convocados para decisões (média 1,96±1,186), não existe dificuldade na\ncomunicação de profissionais e direção (média 1,78±1,043), não existe disputas profissionais no ambiente\nde trabalho (média 1,39±0,449), não existe conflitos no ambiente de trabalho (média 1,70±0,822), a\ncomunicação entre funcionários é satisfatória (média 1,87±0,869), as informações para execução de tarefas\nsão acessíveis (média 1,78±0,671), e a direção fornece apoio para o desenvolvimento profissional (média\n1,78±0,850).\n Discussão\nÉ importante destacar que a atividade diária do docente, na modernidade, pode gerar um grande\ndesgaste ao corpo podendo impossibilitá-lo de executar outras funções. Com as novas formas de gestão e\nprodução, o educador se submete a migração laboral, incorporação da informática e tecnologia,\nintensificação de ritmos e processos de trabalho, aumento da produtividade, tempo mínimo pessoal,\nterceirização, flexibilização, desconcentração do espaço físico e jornada de trabalho. Há uma mudança do\ncognitivo para o maquinário e exigência de qualificação frente à tecnologia. O docente está submisso a\nmaior vulnerabilidade e incertezas quanto a sua segurança e condição humana. É a logica do modelo social\nsubstituído pelo risco desregulado (LIMA; BARROS; AQUINO, 2012) (ROMANELLI, 1997) (GRILLO;\nPENTEADO, 2005) (PENTEADO, 2007).\n4As maiores formas negativas do ambiente de trabalho em docentes estão relacionadas à voz no\nque se refere a falar forte em ambientes ruidosos e o ar acabar rápido e precisar respirar muitas vezes\nenquanto fala. Porém, podem existir diferenças de ruídos em diferentes tipos de ensino, neste contexto é\nrelevante que novos estudos possam avaliar tais características (SERVILHA; Et. al, 2014; PENTEADO,\n2007). Há, também, ausência de documentos para possam garantir direitos aos professores, limitando-se ao\ntratamento da disfônia, demonstrando que a voz do professor ainda não constitue objeto de preocupação do\nEstado (RIBAS; PENTEADO; GARCÍA-ZAPATA, 2014).\nApesar de razoavelmente satisfeitos em alguns contextos, por realizar a atividade que desejou, os\nprofessores mostraram dificuldades na percepção do processo saúde-doença. Evidenciaram-se aspectos\ndesfavorecidos da qualidade de vida e necessidades de saúde que podem ter implicações na voz e saúde\nvocal docente (SERVILHA; Et al., 2014). A maior dificuldade relatada pelos professores é a necessidade\nfalar muito para garantir atenção e resultado do trabalho, trabalhar conteúdos comportamentais e atitudinais,\nresolver e negociar conflitos, administrar a violência na sala de aula, controlar situações e acalmar as\nalunos. Nisto, há uso intenso e contínuo da voz para outras situações, além da aula. “Gritar” e “falar alto” são\nassociados a competir com o ruído interno e externo da sala de aula, quantidade de alunos e do exercer\ncontrole imediato sobre imprevisibilidades (SERVILHA; Et al., 2014) (GRILLO; PENTEADO, 2005).\nHá uma desorganização na rotina como interrupções constantes e sobrecarrega física e\nmentalmente. Em decorrência disto, muitos professores apresentam problemas como falta de ar e\ndepressão. Há forte intensidade na incoordenação pneumofônica no trabalho e nos sentimentos negativos,\ndiretamente relacionados às necessidades vocais da categoria (SERVILHA Et al., 2014). Outro fator de\nimpacto é que professores de ensino fundamental podem ter maiores problemas de voz tendo em vista que\nseu público se encontra na fase da puberdade e a tensão psicológica nesta fase é maior (RIBAS;\nPENTEADO) (GARCÍA-ZAPATA, 2014).\nNeste sentido, são importantes novos estudos diferenciando os tipos de ensino no trabalho\ndocente para identificar e separar variáveis na perspectiva de elaboração de estratégias subsidiando\npoliticas públicas. No Brasil existem duas modalidades de ensino: educação básica e educação superior. A\neducação básica corresponde á educação infantil (creche e pré-escola), ensino fundamental (escola), e o\nensino médio (escola). A educação superior consiste na graduação, especialização, mestrado, doutorado e\npós-doutorado (BRASIL, 2009).\nConclusão\nPode-se compreender que existem inúmeras variáveis que agem de formas deferentes. A\nconsequência é que uma variável pode desencadear as outras, beneficiando ou colocando em risco a\ninstabilidade de um determinado ambiente. Por isso é relevante compreender cada aspecto que compõe\numa sistemática de diversas movimentações. Então, faz-se necessária uma intervenção imediata em\nrelação aos itens avaliados como grave bem como minimizar os efeitos negativos dos indicadores críticos\ncom vistas à melhoria da saúde e da qualidade de vida destes professores.\nReferências\nANDRADE, J. E. B.; BASTOS, A. V. B.. Psicologia, organizações e trabalho. Porto alegre: artmed, 2004.\nBRASIL. MINISTÉRIO DA EDUCAÇÃO. Ensino médio inovador. Brasília: Secretaria de Educação, 2009.\nCOELHO-LIMA, F.; COSTA, A. L. F.; YAMAMOTO, O. H.. O exercício profissional do psicólogo do trabalho e\ndas organizações: uma revisão de produção científica. Revista Psicologia: Organização e Trabalho, Rio\nGrande do Norte, v. 2, n. 11, p. 21-35, jul. 2011.\n5CHIAVENATO, I.. Gestão de Pessoas. Rio de Janeiro: Editora Campus, 2000.\nGRILLO, M. H. M. M.; PENTEADO, R. Z.. Impacto da voz na qualidade de vida de professore(a)s do ensino\nfundamental. Pró-Fono Revista de Atualização Científica, São Paulo, v. 17, n. 3, p. 1-12, 2005.\nGOULART, I. B.; SAMPAIO, J. R.. Psicologia do trabalho e gestão de recursos humanos: estudos\ncontemporâneos. São Paulo: Casa do Psicólogo, 1998.\nLIMA, C. A.; BARROS, E. M. C.; AQUINO, C. A. B.. Flexibilização e intensificação laboral: manifestações da\nprecarização do trabalho e suas consequências para o trabalhador. Revista Labor, Fortaleza, v. 1, n. 7, p.\n102-125, 2012.\nPENTEADO, R. Z.. Qualidade de vida e saúde vocal de professores. Rev Saúde Pública, São Paulo, v.\n41, n. 2. p. 236-43, 2007.\nRIBAS, T. M.; PENTEADO, R. Z., GARCÍA-ZAPATA, M. T.. Qualidade de vida relacionada à voz de\nprofessores: uma revisão sistemática exploratória da literatura. Revista Cefac, Goiás, v. 16, n. 1 p. 294-\n306, 2014.\nROMANELLI, O. O.. História da educação no Brasil. Petrópolis: Vozes, 1997.\nSERVILHA, E. A. M.; FERREIRA , L. P.; MASSON, M. L. V.; REINALDI, M. B. F. M.. Voz do professor:\nanálise das leis brasileiras na perspectiva da promoção da saúde. Rev. CEFAC, São Paulo, n. 16, v. 6, p.\n1888-1899, 2014.\nSIQUEIRA, M. M. M.. Medidas de comportamento organizacional. Porto Alegre: Artemad, 2008.\n6"
}