{
  "id": "27122",
  "trabalho": "FORMAÇÃO PROFISSIONAL DE PROFESSORES DO CURSO TÉCNICO EM ENFERMAGEM DE DUAS ESCOLAS NO MUNICÍPIO DE ITAPIPOCA-CEARÁ: CAMINHOS PARA A DOCÊNCIA",
  "area": "CIÊNCIAS HUMANAS",
  "ano": "2016",
  "evento": "XXII - ENCONTRO DE INICIAÇÃO À PESQUISA ",
  "link": "http://uol.unifor.br/oul/conteudosite/?uuid=D48F4409B7672A86503D219E94BFEB9DDBF48F69",
  "conteudo": "XXII Encontro de Iniciação à Pesquisa\nUniversidade de Fortaleza\n17 à 21 de Outubrode2016\nFORMAÇÃO PROFISSIONAL DE PROFESSORES DO CURSO TÉCNICO\nEM ENFERMAGEM DE DUAS ESCOLAS NO MUNICÍPIO DE ITAPIPOCA-\nCEARÁ: CAMINHOS PARA A DOCÊNCIA.\nAntônio Soares de Andrade 1* (IC), Pedro\nJônatas da Silva Chaves 2 (IC), Francisco Mirtiel Frankson Moura Castro 3 (IC), Ailton Batista de\nAlbuquerque Junior 4 (IC), Natanael Thiago Ferreira Carneiro 5 (IC), Rosana Maria Cavalcanti Soares 6\n(PQ).\n1. Instituo Federal do Ceará – Licenciatura em Educação Profissional, Científica e Tecnológica\n2. Universidade Estadual do Ceará – Licenciatura em Pedagogia\n3. Universidade Estadual do Ceará – Doutorado em Educação\n4. Instituto Federal do Ceará (IFCE) – Pedagogo - Área (Professor de Extensão)\n5. Universidade Estadual do Ceará – Licenciatura em Pedagogia\n6. Universidade Federal do Ceará – Mestrado em Educação\nantsoaand@yahoo.com.br\nPalavras-chave: Formação de Professores. Docência. Curso Técnico.\nResumo\nEste artigo buscou investigar a trajetória de formação profissional de professores do Curso Técnico em\nEnfermagem de duas instituições educacionais do município de Itapipoca-Ceará no ano de 2015.\nPercebendo que alguns professores desenvolviam metodologias de ensino mais interessantes que outros,\npretendeu-se compreender mais sobre o percurso de formação daqueles docentes, uma vez que nem todos\npossuíam habilitação para o magistério. Assim, o trabalho pesquisou os motivos que os levaram a optar\npela docência, as dificuldades encontradas no início de suas práticas, as soluções encontradas para\nenfrentá-las, como foram se constituindo professores e como desenvolvem suas metodologias de ensino.\nFoi realizada uma pesquisa de abordagem qualitativa, através da aplicação de um questionário com\nperguntas abertas a cinco professores do referido curso em duas instituições educacionais que ofertam o\nCurso Técnico em Enfermagem. Sobre a opção pelo magistério, três dos entrevistados apontaram a\ninfluência familiar. Quanto às dificuldades encontradas no início da prática docente, destacaram a execução\ndo planejamento de aula e informaram que buscavam superá-la pesquisando novas estratégias\npedagógicas. Os entrevistados revelaram que se constituíram professores a partir das experiências como\naluno na formação inicial e na prática docente. Informaram também que buscam tornar as aulas\ninteressantes e dinâmicas através dos planejamentos, embora sentem dificuldades em ministrá-las.\nIntrodução\nA formação de professores é foco emergente no cenário educacional brasileiro. É um dos campos\ndo conhecimento mais estudados em trabalhos científicos na área da educação, demonstrando a\nimportância que essa temática tomou nos últimos anos. As exigências que cada vez mais chegam à escola,\nos desafios presentes neste contexto e a busca por uma educação de qualidade atingem diretamente a\nformação e a profissão docente.\nA docência é uma profissão conhecida por todos que passam pela instituição escolar. Até finalizar a\neducação básica, o indivíduo passa pelo menos doze anos em contato com esta atividade. Neste sentido,\ndurante a formação escolar se tem contato com “modelos” diversos de profissionais, com posturas e\natitudes consideradas positivas e negativas, que poderão ser reproduzidas por aqueles que escolhem a\n1docência como profissão. E a observação desses “modelos” também permanece na formação inicial de\nnível superior e durante a prática profissional.\nNa perspectiva da formação como um continuum, as experiências vividas e as aprendizagens\nconstruídas do decorrer da vida, através dos estudos, das observações, do trabalho, do contato com os\nalunos e as famílias, da prática profissional e das situações e desafios nela presentes, da busca pela\nsolução das dificuldades e da troca de experiências e conhecimentos com os colegas de profissão,\ncontribuem para a constituição do professor.\nNeste sentido, este trabalho buscou investigar a trajetória de formação dos professores do Curso\nTécnico em Enfermagem de duas instituições de educação profissional do município de Itapipoca-CE no\nano de 2015. Os questionamentos que orientam o desenvolvimento da pesquisa são os seguintes: quais os\nmotivos que o levaram à escolha pela profissão docente? Quais as dificuldades que você encontrou no\ninício de sua prática docente? Como buscou solucionar essas dificuldades? Como você foi se constituindo\nprofessor? Como são as suas aulas?\nO interesse em pesquisar sobre o tema surgiu após a disciplina de Estágio Supervisionado I, do\nCurso de Licenciatura em Educação Profissional, Científica e Tecnológica (EPCT), realizada em uma escola\nda rede privada de Itapipoca-CE que oferece Curso Técnico em Enfermagem. Durante as observações das\naulas, foi percebido que alguns professores demonstravam ter uma metodologia de ensino mais atrativa e\ninteressante que outros. A partir disso, sentiu-se a curiosidade de conhecer o percurso de formação\ndaqueles docentes, uma vez que se sabia que nem todos possuem habilitação para o magistério. Dessa\nforma, a intenção era descobrir como esses profissionais constituíram-se professores, uma vez que os\ncursos de bacharelado não habilitam o profissional para lecionar; para atuar como docente, o bacharel\nprecisa ter curso de complementação pedagógica e era sabido que a maioria não possuía essa formação.\nMetodologia\nEste estudo foi realizado em uma abordagem qualitativa, através da aplicação de um questionário\ncom perguntas abertas a cinco professores de duas instituições educacionais privadas que ofertam o Curso\nTécnico em Enfermagem. A pesquisa qualitativa é uma “metodologia de pesquisa não-estruturada e\nexploratória, baseada em pequenas amostras que proporcionam percepções e compreensão do contexto do\nproblema”.(CHAER, 2011, p. 257).\nDesse modo, a utilização do questionário com perguntas abertas buscou identificar os significados\natribuídos pelos professores em relação à opção pela docência, as dificuldades sentidas no início do\nmagistério, a superação das mesmas, a constituição de si como professor e o desenvolvimento de suas\nmetodologias de ensino.\nConsiderando o exposto, o questionário contava com as seguintes: quais os motivos que o levaram\nà escolha pela profissão docente? Quais as dificuldades que você encontrou no início de sua prática\ndocente? Como buscou solucionar essas dificuldades? Como você foi se constituindo professor? Como são\nas suas aulas?\nO contato com os professores que participaram do estudo aconteceu após visita do pesquisador às\nduas instituições de ensino particular, que ofereciam o Curso Técnico em Enfermagem em Itapipoca-CE.\nInicialmente, conversou-se com as coordenações desse curso para saber se os professores possuíam\ntambém formação pedagógica ou apenas bacharelado em Enfermagem, constatando-se que a maioria tinha\nsomente a última formação.\n2Os questionários foram codificados em P1, P2 etc. Dos cinco professores que participaram desta\ninvestigação, somente um é licenciado; os demais são bacharéis em Enfermagem. Têm entre 25 a 47 anos\nde idade e possuem de 2 a 15 anos de magistério.\nResultados e Discussão\nEsta seção revela a opinião de cinco docentes do Curso Técnico em Enfermagem sobre seu\npercurso de formação, considerando a opção pela docência, as dificuldades encontradas no início da\nprática, como buscam solucionar essas dificuldades, como se constituem como professores e como\ndesenvolvem suas metodologias de ensino. É importante lembrar que esses docentes são graduados em\nEnfermagem e ministram aulas em curso técnico, sendo que apenas um possui formação pedagógica.\nPara três professores, a opção pela docência foi motivada por influência familiar. De acordo com\neles, seguiram outra carreira profissional, mas vivenciaram o cotidiano de seus pais, preparando aulas,\nestudando e corrigindo provas. Então, quando surgiu a oportunidade de lecionar, assumiram essa função, já\nconhecendo a rotina da mesma. Revelaram ainda que, ao começarem a lecionar gostaram da experiência e\nhoje pretendem permanecer em sala de aula.\nO comentário a seguir expressa que além da influência dos pais, havia um desejo pelo magistério:\n“por realização pessoal. Meus pais são professores e eu, quando pequena, os acompanhava em algumas\naulas. Desde então sempre tive o desejo de ensinar” (P4).\nUm dos professores informou que foi convidado e aceitou assumir a turma de alunos e outro\ndestacou que fez essa opção como possibilidade de melhorar a renda.\nSobre as dificuldades encontradas no início de prática docente, todos falaram sobre o desconforto\nnos primeiros dias do magistério, apresentando como principal dificuldade a execução do planejamento,\ncomo registra a opinião do professor P4: “colocar os planos de aula em ação. Uma coisa é planejar no papel\nas aulas, outra coisa é conseguir atender a todas os objetivos propostos no plano de aula”.\nDe acordo com Joye (2013), o planejamento das aulas é fundamental: “os professores, em sua\nmaioria, reconhecem o quão importante é planejar sua prática de ensino, pois eles não podem chegar à\nsala de aula sem terem previsto as ações didáticas para aquelas aulas ou para aquele curso”. (p.46).\nEntretanto, para os docentes que participaram da pesquisa a principal dificuldade era colocá-lo em prática.\nO professor que possui uma formação pedagógica também encontrou na prática muitos desafios.\nOs docentes que possuem apenas um bacharelado e que não tiveram em sua formação estudos sobre\ndidática, metodologias de ensino etc., provavelmente sentiram muito mais dificuldades quando assumiram\numa sala de aula.\nQuanto às formas encontradas para solucionar suas dificuldades, a maioria dos professores\ninvestigados responderam que a solução foi buscar estratégias pedagógicas, pesquisar metodologias de\nensino e atividades que pudessem facilitar a aprendizagem do aluno. Para o professor P5, foi preciso\n“encontrar metodologia a qual deixasse os alunos interessados pelos conteúdos propostos”, assim como\ncomplementou o docente P4: “Tentando buscar metodologias diferenciadas para as aulas de forma que\ntodos os alunos entendam e atendam aos objetivos propostos para aquela aula”.\nPara Joye (2013, p. 86), “para fazer essa facilitação, essa transposição didática no planejamento e\nexecução do ensino, o professor se utiliza das estratégias didático-pedagógicas.”.\nCom relação à como foram se constituindo professores, os sujeitos revelaram que alguns\nelementos foram essenciais nesse processo, como as experiências como aluno na formação inicial e\n3experiências no cotidiano escolar, mais precisamente na vivência com os estudantes dentro de sala de aula.\nIsso os motivou a buscar mais informações, se preparar, estudar e dar o melhor de si, como expressa este\ncomentário: “dando o melhor de mim. O fato de querer ensinar aquilo que aprendi” (P1).\nDe acordo com o professor P4, a partir dos “modelos” de professores que teve durante sua\nformação inicial foi buscando identificar pontos positivos e negativos: “observando a forma de conduzir e\nagir dos professores que tive durante a vida acadêmica. E extrair o melhor de cada um e busco aplicar nas\nminhas aulas”\nSegundo Hobolt, a reflexão é elemento essencial para a constituição do ser professor. Para ele,\na formação profissional do professor é construída por diversificadas experiências\nque compõem e fundamentam a prática pedagógica. Construir-se professor\nrequer, desde a formação inicial, a constante reflexão do que se faz, como se faz\ne como deveria ser feito. Esse momento de construir e reconstruir a prática\npedagógica resulta no processo dialético que norteará a formação profissional”.\n(2004, p. 36)\nSobre como são desenvolvidas suas metodologias de ensino, os professores investigados relataram\nque buscam dar aulas dinâmicas, no entanto, três docentes demonstraram encontrar muitas dificuldades em\nsua prática docente, sobretudo pela desmotivação de seus discentes, conforme registra a seguinte opinião:\n“acredito que proveitosas, porém os alunos encontram muita dificuldade devido à formação anterior e\ntambém estão desmotivados. Muito buscam apenas se qualificar, não gostam do que estão fazendo, digo,\nestão apenas para entrar no mercado de trabalho, falta de opção” (P1).\nA realidade apresentada por este professor e pelos demais do Curso Técnico em Enfermagem\ndemonstra que a formação inicial não é capaz de responder a todos os desafios da prática docente,\nespecialmente porque apenas um deles teve formação pedagógica. Como afirma Nogueira e Lima (2012, p.\n6):\nÉ sabido que a formação inicial não será capaz de responder a todos os desafios\nda prática, porém, pretende-se fomentar a necessidade de buscar a formação\npedagógica e instrumentalizá-los para o uso adequado de ferramentas\nindispensáveis a organização e desenvolvimento da prática pedagógica.\nAlém dos desafios relacionados à docência, os professores também sentem dificuldades pela\nprópria situação dos alunos, que não possuem uma boa base teórica, resquício de uma formação escolar\nmuitas vezes deficiente. Além disso, muitos também trabalham e não dispõem de muito tempo para dedicar-\nse aos estudos; outros fazem o Curso Técnico em Enfermagem pelas oportunidades de trabalho na área, e\nnão porque realmente se identificam com a mesma.\nConclusão\nNeste trabalho investigou-se a trajetória de formação dos professores do Curso Técnico em\nEnfermagem de duas instituições de educação profissional do município de Itapipoca-CE, identificando os\nmotivos que os levaram a optar pela docência, as principais dificuldades sentidas no início e como estas\nforam superadas, como foram se constituindo professores e desenvolveram suas metodologias de ensino.\nSobre a opção pelo magistério, a maioria dos investigados apontou a influência familiar. Quanto às\ndificuldades encontradas no início da prática docente, destacaram a execução do planejamento de aula e\ninformaram que buscavam superá-las pesquisando novas estratégias pedagógicas. Revelaram que se\nconstituem professores a partir das experiências como aluno na formação inicial e na prática docente.\n4Informaram também que buscam tornar suas aulas interessantes e dinâmicas, mas que também sentem\ndificuldades em fazê-lo.\nNo Brasil ainda existem sérios problemas relativos à formação de professores. É preciso investir\nmuito na formação e valorizar profissionalmente os docentes para que seja possível obter melhores\nresultados educacionais. A formação inicial, independente do local em que aconteça, não atende às\nnecessidades e exigências que são atribuídas ao professor, nem oferece suporte para lidar com os desafios\npresentes no atual cenário educacional. Desse modo, diante de uma formação inicial “fragilizada”, é preciso\ninvestir em formação continuada para buscar preencher as lacunas deixadas.\nComo são profissionais com bacharelado em Enfermagem e a maioria não possui formação\npedagógica, faz-se necessário que as instituições invistam em formação continuada para os professores. A\nformação inicial já não é capaz de responder a todos os desafios da prática docente, e no caso desses\nprofissionais, que não tiveram estudos mais aprofundados sobre didáticas, metodologias de ensino, entre\noutros conhecimentos fundamentais para a docência, as dificuldades tornam-se ainda maiores.\nReferência\nBRASIL. Lei nº 9.394, de 20 de dezembro de 1996. Institui as Diretrizes e Bases da Educação Nacional\n(LDBN). Disponível em: < http://www.planalto.gov.br/ccivil_03/leis/L9394.htm>. Acesso em 14 fev. 2016.\nCHAER, G.; DINIZ, R. R. P.; RIBEIRO, E. A. A técnica do questionário na pesquisa educacional. In:\nRevista Evidência, Araxá, v. 7, n.7, p.251-266, 2011. Disponível em:\n<http://www.uniaraxa.edu.br/ojs/index.php/evidencia/article/view/201/187> Acesso em: 04/03/2015.\nHOBOLD, Márcia de Sousa. A constituição da profissionalidade docente: um estudo com professores de\neducação profissional. 2004. Dissertação (mestrado em educação) Universidade do vale do Itajaí – UNIVALI\n– Santa Catarina, 2004.\nJOYE, C. R. Didáticas Aplicada à EPCT. – Fortaleza: IFCE, 2013.\nLIBÂNEO, J. C. Didática. São Paulo: Cortez, 1994.\n________. Adeus Professor, Adeus Professora? Novas exigências educacionais e profissões docente.\nSão Paulo: Cortez, 1998.\nMATOS, K. S. L. de; VIEIRA, S. L. Pesquisa educacional: o prazer de conhecer. Fortaleza: Edições\nDemócrito Rocha, UECE, 2001.\nNOGUEIRA, E. A. S; LIMA, C. U. VI Colóquio Internacional. Os professores não licenciados e a docência\nno ensino superior: uma proposta de curso de formação inicial. São Cristóvão – SE/Brasil 20 a 22\nsetembro de 2012. Disponível em: <http://educonse.com.br/2012/eixo_13/PDF/12.pdf> Acesso em\n06/03/2015.\nPIMENTA, S. G; LIMA, M. S. L. Estágio e Docência. São Paulo: Cortez, 2004\nSOARES, R. M. C. A constituição do ser professor: análise do percurso de formação e trabalho de\ndocentes da educação básica. 2012. Dissertação (mestrado em Educação) Universidade Federal do\nCeará – UFC, Ceará, 2012.\nSOUZA, Jobeane França. VI Colóquio internacional. “Educação e contemporaneidade”. Identidade\nprofissional no ensino superior: a escolha do magistério como profissão. São Cristóvão – SE/ Brasil\n20 a 22 setembro de 2012. Disponível em: <http://educonse.com.br/2012/eixo_13/PDF/2.pdf> Acesso em:\n03/03/2015.\nAgradecimentos\nÀ professora Rosana, que pacientemente ajudou-me no desenvolvimento desta pesquisa.\n5"
}