{
  "id": "27129",
  "trabalho": "EDUCAÇÃO PERMANENTE EM SAÚDE: UMA REVISÃO INTEGRATIVA COM ÊNFASE NA FORMAÇÃO NO SERVIÇO DE SAÚDE DO MUNICÍPIO DE SOBRAL-CE.",
  "area": "CIÊNCIAS DA VIDA",
  "ano": "2016",
  "evento": "XXII - ENCONTRO DE INICIAÇÃO À PESQUISA ",
  "link": "http://uol.unifor.br/oul/conteudosite/?uuid=7B819D58B06AC25C1A82A9ADEC74F31E4A5B2C57",
  "conteudo": "XXII Encontro de Iniciação à Pesquisa\nUniversidade de Fortaleza\n17 à 21 de Outubro de 2016\nEducação permanente em saúde: uma revisão integrativa com ênfase na\nformação no serviço de saúde do município de Sobral-CE.\nEdmilson Ferreira\nBezerra Filho 1* (IC), Francisco Robson Pereira Bezerra 2 (IC), Cyntia Monteiro Vasconcelos 3 (PQ).\n1. Instituto Superior de Teologia Aplicada – Curso Fisioterapia.\n2. Universidade do Vale do Acaraú – Curso Educação Física.\n3. Instituto Superior de Teologia Aplicada – Docente do curso de Biomedicina.\nedmilsonfereira@gmail.com.\nPalavras-chave: Educação Continuada. Educação. Ensino.\nResumo\nA educação permanente deve ser entendida como o conhecimento e a realização diante do encontro entre o\nmundo da formação/trabalho, onde irá haver uma conexão entre o ensinar e aprender se agregando ao dia-\na-dia do serviço de saúde, tal que se desenvolvem competências e habilidades diante da realidade vivida. O\npresente artigo trata-se de uma pesquisa exploratória do tipo revisão integrativa. Neste ponto de vista o\ntrabalho visa analisar as produções cientifica visando evidenciar e propor educação permanente para a sua\natuação no Sistema Único de Saúde (SUS) no município de Sobral – CE. A educação permanente irá\npropiciar aos profissionais da saúde a elevar seus conhecimentos e um modo de agir diante situações\nvivenciadas nos serviços do SUS. As pesquisas mostram que os profissionais iniciaram os serviços de\nsaúde sem muitas informações de seu cargo, percebe-se modificações no seu modo de atuar, próprias de\numa função nova, através dos resultados de pesquisas de forma a contribuir para formação dos\nprofissionais de saúde para o SUS. Observa-se que a educação permanente é um instrumento importante\npara os profissionais, com um propósito de melhorar os serviços de saúde, no entanto, se tem uma enorme\nnecessidade de ampliar o estudo sobre a temática revisada nas contribuições com a educação permanente\nno SUS pois percebeu-se uma significativa escassez nas produções de científicas.\nIntrodução\nSão cada vez maiores os desafios a serem superados pelo profissional da saúde no Sistema Único\nde Saúde (SUS), sobretudo quando se fala de educação permanente. A demanda é bastante escassa em\nbusca de novos conhecimentos, no âmbito da saúde percebe-se que também há necessidade de novas\nmetodologias na integração ensino-serviço que possam contribuir no desenvolvimento desses profissionais.\nA educação permanente tem como principal conceito pedagógico, no setor da saúde, para efetuar\nrelações orgânicas entre ensino e as ações e serviços, e entre docência e atenção à saúde, sendo\ndesenvolvido, na reforma sanitária brasileira, para as conexões entre formação e gestão setorial,\ndesenvolvimento institucional e controle social em saúde (BRASIL, 2009).\nAinda nessa perspectiva, observa-se que muitas das vezes há dificuldades do profissional da saúde\nem relação com o seu dia-a-dia no trabalho em lidar com situações novas, desta forma a educação\npermanente assegura a esse profissional experiências educativas de interação social construtiva que\nfavoreça a sua formação com base nos valores humanos.\nSousa (2015), ressalta que a educação permanente é um modelo que inova a buscar transformar a\nrealidade, podendo ultrapassar os campos do conhecimento especifico e procurar o ensino-aprendizagem\namplamente deste profissional, a partir da sua vivência com a comunidade e assim, dando seguimento com\no processo ensino-serviço.\nISSN 18088449 1A atuação no Sistema Único de Saúde (SUS), fundamenta-se na educação permanente que deve\nser entendida como o conhecimento e a realização do encontro entre o mundo de formação e o expediente\ndo trabalho, onde o compreender e ensinar se agregam a rotina do serviço de saúde. Portanto, com base\nnesse pensamento percebe-se que o profissional de saúde, está preso a métodos teóricos, pois não está\npreparado para desenvolver ações práticas por falta de experiências.\nA relevância desta pesquisa se dar pelo o fato de que a educação permanente é uma importante\nferramenta para a valorização e contribuição para formação de profissionais da saúde, assim os preparando\n– os para o SUS.\nAcredita-se que a formação em serviços é capaz de esforços para a integração teoria-prática\n(NOGUEIRA et al, 2010), aprimorando competências e habilidades diante da realidade vivida no cotidiano\ndos processos de trabalho em saúde (PAGANI; ANDRADE, 2012).\nA questão ou problema central da pesquisa é o que se tem desenvolvido nos periódicos em relação\na educação permanente com ênfase nos campos de atuação do SUS?\nA pesquisa busca ser um instrumento para o acadêmico recém-formado visar conhecer as diretrizes\ne os princípios do SUS. Nessa concepção, a educação permanente pode influenciar o profissional da saúde\na se destacar em seus serviços, realizou – se este trabalho cujo objetivo é revisar e buscar evidências na\nliteratura científicas que abordem a educação permanente do município de Sobral - CE.\nMetodologia\nNo estudo, realizou-se uma revisão integrativa de artigos publicados na literatura científica. O\nmétodo escolhido permite reunir e sintetizar resultados de pesquisas de forma a contribuir para o alcance do\nobjetivo proposto.\nA revisão integrativa da literatura é um método relevante para a prática baseada em evidência,\npermite analisar várias pesquisas com diferentes metodologias (quantitativa e qualitativa) em um mesmo\nestudo, assim como unir trabalhos experimentais e teóricos em construção de uma nova concepção textual.\nConsiste na construção de uma análise ampla da literatura, contribuindo para discussões sobre métodos e\nresultados de pesquisas, assim como reflexões sobre a realização de futuros estudos. (MENDES;\nSILVEIRA; GALVÃO, 2008).\nEste estudo parte do levantamento em pesquisas bibliográficas sobre educação permanente no\nmunicípio de Sobral - CE. A escolha pelo estudo no município de Sobral recaiu em decorrência deste ser\nreferência em educação permanente, com a presença da Escola de Formação em Saúde da Família\nVisconde de Saboia e por ser uma região que tem mais acessibilidade de pesquisa/estudo de campo, onde\nos profissionais têm mais linhas de pesquisa relacionada a saúde. A Escola de Formação em Saúde da\nFamília Visconde de Saboia de Sobral foi inaugurada em 06 de julho de 2001, com o objetivo a promoção de\nações educativas na área da saúde junto com o sistema de saúde de Sobral, com o ponto de vista de\ntransformar práticas de trabalhos e indicadores sanitários, surgiu no contexto da reforma sanitária brasileira\ncomo a primeira de seu gênero (SOBRAL, 2016).\nSobral é uma cidade da região Norte do estado do Ceará com uma população de 188.233 mil\nhabitantes (IBGE, 2010). O município contempla com 56 equipes distribuídas em 31 Centros de Saúde da\nFamília, sendo 18 na sede e 13 nos distritos. (SOBRAL, 2013).\nPara o levantamento dos artigos na literatura, procedeu-se a uma busca nas bases de dados\nSCIELO e LILACS (Literatura Latino-Americana e do Caribe em Ciências da Saúde), foram utilizados\nSCIELO (67%) e LILACS (33%). Após este primeiro levantamento, procedeu-se uma nova busca específica\nISSN 18088449 2para o periódico Sanare, já que o mesmo é coordenado pelo Núcleo de Estudos e Pesquisa em Saúde da\nEscola de Formação em Saúde da Família Visconde de Sabóia, e, portanto, apresenta diferentes\npublicações sobre as políticas e ações de Saúde da região. Nesse levantamento específico na Sanare\nselecionou-se 05 artigos.\nO levantamento de dados reuniu artigos de publicação nacional, disponíveis na base eletrônicas de\ndados dos periódicos Saúde Brasileira entre os anos de 2008 a 2015. A finalidade inicial desse recurso\nmetodológico de pesquisa é obter um profundo entendimento de uma determinada área de estudo\nbaseando-se em pesquisas anteriores.\nA busca foi feita a partir dos seguintes descritores: Educação Permanente, Educação continuada e\nSistema Único de Saúde. Após a coleta dos artigos, realizou-se a verificação dos temas que apesar de\nremetidos a reflexão sobre a educação permanente no município de Sobral - CE, o estudo apresenta como\nprincipais focos: o sistema único de saúde como métodos colaboradores para melhorias das práticas dos\nprofissionais de saúde. O período de busca dos artigos foi entre a primeira e segunda semana do mês de\nfevereiro no ano de 2016. Os artigos foram lidos e relidos consoante necessário, sendo todos analisados\ndetalhadamente e de forma crítica.\nResultados e Discussão\nO estudo desse presente trabalho busca evidenciar em revistas, o levantamento de artigos que\nabordam sobre o tema Educação Permanente no SUS, essas coletas de dados serão analisadas e\ninterpretadas para ser incluídos na revisão integrativa.\nÉ fundamental seguir princípios de rigor metodológico, clareza na apresentação dos resultados,\nvisto que fique fácil a identificação das características reais dos estudos inclusos na revisão. Em seguida a\ntabela abaixo ilustrará o número de artigos selecionados e refletidos para o estudo.\nTabela 1 – Percurso de seleção dos artigos incluídos na revisão.\nPercurso de seleção dos artigos Número de artigos\nTotal de artigos identificados 61\nTotal de artigos excluídos 52\nTotal de artigos analisados 09\nForam identificados e analisados 61 artigos em três revistas da saúde brasileira no que tange a\ntemática baseadas nos descritores. Portanto, foram selecionados apenas 09 artigos que abordam o assunto,\nnos anos de 2008 a 2015. Os artigos foram publicados nas seguintes revistas: Na Revista Sanare, Revista\nSaúde e Sociedade, Revista Trabalho, Educação e Saúde e por fim na Revista Interfaces, assim como\ndisposto no gráfico 1.\nGráfico 1 – Periódicos referentes a revisão integrativa.\nISSN 18088449 3Em 1997, se iniciou a construção da política municipal de educação permanente em Sobral\n(SOUZA, 2008). As pesquisas mostram que os profissionais iniciaram os serviços de saúde sem muita\nclareza da sua atividade percebe-se redefinições no seu modo de atuar, próprias de uma função nova.\nEm 1999, iniciou-se a primeira turma de Residência Multiprofissional em Saúde da Família que teve\ncomo principal objetivo de capacitar esses profissionais de saúde para atuar na Estratégia Saúde da Família\n(ESF). O Curso de Especialização com Caráter de Residência em Saúde da Família possibilitou o\ndesencadeamento de outros processos, como a criação, em 2001, da Escola de Formação em Saúde da\nFamília Visconde de Sabóia (SOUZA, 2008).\nPinto e colaboradores (2008) relataram que o Sistema Municipal de Saúde de Sobral - CE deparou-\nse com um grande obstáculo no processo de organização da atenção básica: a falta de formação dos\nprofissionais para assumir novas práticas na visão de transformar o modelo dominante descendente, em um\nnovo modelo de atenção à saúde, necessário para uma assistência mais efetiva e de qualidade.\nEssa constatação gerou a necessidade de conceber um processo de qualificação\ndesses profissionais. [...] o que levou a gestão a estruturar um processo\npermanente de qualificação dos profissionais que atuavam na ESF, provocando-os\na uma reflexão sobre a dinâmica do seu trabalho, elemento fundamental da\nEducação Permanente (PINTO et al, 2008, p. 64).\nA aproximação que a educação permanente tem a partir do conhecimento emergido das situações\nas quais envolvem os profissionais no seu dia-a-dia de trabalho, argumento pela qual a torna relevante para\na transformação do SUS e para o desenvolvimento dos profissionais inseridos neste (SOUSA, 2015). Nessa\nconcepção Nogueira (2010, p. 43), afirma que:\nPara se construir um novo modo de organizar e praticar a atenção é imprescindível\num novo perfil de trabalho e trabalhadores, e que se faz necessária uma educação\nno trabalho e para o trabalho.\nLogo, os servidores desse sistema devem tomar atitudes significativas diante as determinadas\nsituações desta rotina nova, ao estabelecer que esse espaço tenha uma cumplicidade aos demais e\nqualquer ato de posicionamento influenciará de tal forma a melhorias no SUS, dessa maneira tornando-se\npossível reencontrar o caminho educativo para a caráter do sujeito em seus valores humanos tal atitude\nsomará novos hábitos futuros.\nO sentido é vivenciar a Educação Permanente para melhorar a formação e, consequentemente,\nfortalecer o SUS (SOUZA, 2008). Neste aspecto, a educação permanente irá propiciar aos profissionais da\nISSN 18088449 4saúde ampliação de seus conhecimentos e um modo de agir diante situações vivenciadas nos serviços do\nsistema único de saúde.\nHá necessidade de um constante aperfeiçoamento na vivencia na rotina do SUS para que o\nprofissional consiga resolver problemas que venham aparecer ao longo de sua atuação junto os que já\natuam no sistema. Nesse sentido, acredita-se que o profissional deve estar sempre se questionando,\nlevando em consideração a forma de como está sendo aplicadas suas metodologias, ao trabalhar sempre o\ndesenvolvimento da postura profissional frente ao universo de problemáticas encontradas na rotina de\ntrabalho.\nTrabalhando neste critério, a educação permanente vai utilizar uma metodologia envolvida na pratica\ne ensino, agregando novos valores. Acerca das mudanças ocorridas no campo de conhecimento, podendo\nenfatizar como um meio de construção de conhecimentos para esses profissionais. Nogueira (2010, p. 41)\nafirma:\nEducação Permanente como uma metodologia para a capacitação profissional\ndevido ao fato deste modelo pedagógico ter o ambiente de trabalho como campo\nde construção de conhecimentos, tornando-se necessária para a consolidação do\nSUS.\nNesta perspectiva Souza (2008), explica que a Educação Permanente pode ser entendida como\naprendizagem no ambiente de trabalho, isto é, ela acontece no cotidiano das pessoas e das organizações,\nou melhor, vivenciada a partir dos problemas enfrentados na prática e leva em conta os conhecimentos e as\nexperiências dos próprios.\nA formação contínua que norteia o processo de trabalho, consideraram a educação permanente\ncomo um processo formativo contínuo capaz de dar continuidade à aprendizagem da graduação e que esta\npode nortear para melhor organização dos serviços (SOUSA, 2015).\nConclusão\nEsse estudo investigou as variadas formas de atuação da educação permanente no SUS no\nmunicípio de Sobral – CE.\nDesse modo, o desenvolvimento do estudo apontou para uma constatação não esperada nos\nresultados encontrados, visto que mesmo por se tratar de uma temática tão importante nos dias atuais,\npercebeu-se uma substancial escassez nas produções de pesquisas.\nEm vista sobre os princípios que regem o SUS, como integralidade, universalidade e equidade,\ntambém são complementares para o profissional da saúde que deseja possuir uma visão humanista\npodendo assim captar o desempenho do sistema, fitando os desafios do cotidiano de forma distinta, levando\nem conta as restrições e o potencial do serviço, oferecendo à população um amparo satisfatório.\nEsse estudo foi de grande relevância para a formação profissional, a tal passo que um\nentendimento desses acontecimentos que estão ligados ao contexto de Educação Permanente para o SUS,\ntendo em vista que a partir dessa compreensão. Portanto, é imprescindível o debate a respeito dessas\nquestões relacionadas à saúde e à construção destes profissionais de acordo com as necessidades dos\nserviços diversificando as condutas e resgatando os principais objetivos do processo de ensino e\naprendizagem, obtendo a formação do sujeito analítico para uma sociedade cada vez mais atual em\nconstantes mudanças.\nO absorver conhecimento sobre práticas diante das vivências realizadas no sistema único de saúde\nrealmente precisar ser de fato um compromisso pessoal a ser conquistado com mudanças nas atitudes\nISSN 18088449 5assim conquistando um rendimento social e profissional. Consequentemente, é imprescindível o debate\ndiante os problemas associados à saúde e à formação dos profissionais da saúde.\nConclui-se com essa revisão integrativa que a educação permanente é um instrumento de extrema\nimportância para esses profissionais ligados à ESF e SUS, com um propósito a um atendimento\nespecializado visando melhorar os serviços de saúde.\nReferências\nBRASIL. Ministério da Saúde. Política Nacional de Educação Permanente em Saúde. Secretaria de\nGestão do Trabalho e da Educação na Saúde. Departamento de Gestão da Educação em Saúde. Brasília:\nMinistério da Saúde, 2009.\nIBGE. Sinopse do Censo Demográfico de 2010. Rio de Janeiro, 2010. Disponível em:\n<http://www.censo2010.ibge.gov.br/sinopse>. Acesso em: fevereiro de 2016.\nMENDES, K. D. S; SILVEIRA, R. C. C; GALVÃO, C. M. Revisão Integrativa: método de pesquisa para a\nincorporação de evidências na saúde e na enfermagem. Texto contexto – enferm.[online]. Florianópolis, v.\n17, n. 04, p. 758-764, out./dez. de 2008. Disponível em:\n<http://www.scielo.br/scielo.php?script=sci_arttext&pid=S0104-07072008000400018>. Acesso em:\n06.fev.2016.\nNOGUEIRA, D. L. et al. Educação permanente em saúde no município de sobral/ce: uma revisão integrativa.\nSANARE - Revista de Políticas Públicas, v. 9, n. 2, p. 38- 60, 2010.\nPAGANI, R., ANDRADE, L. O. M. Preceptoria de Território, Novas Práticas e Saberes na Estratégia de\nEducação Permanente em Saúde da Família: o estudo do caso de. Saúde e Sociedade, v. 21, supl 1, p. 94-\n106, 2012.\nPINTO, V. P. T. et al. Análise do processo de Educação Permanente para os profissionais do SUS: A\nexperiência de Sobral-CE. SANARE-Revista de Políticas Públicas, v. 7, n. 2, 2008.\nSOBRAL. Quem somos. Prefeitura Municipal de Sobral. 2013. Disponível em:\n<http://www.sobral.ce.gov.br/site_novo/sec/saude/index.php/atencao-primaria/quem-somos>. Acesso em:\nfevereiro de 2016.\nSOUSA, M. S. T; BRANDÃO, I. R; PARENTE, J. R. F. A percepção dos enfermeiros sobre educação\npermanente em saúde no contexto da estratégia saúde da família de Sobral (CE). Revista Interfaces:\nSaúde, Humanas e Tecnologia, v. 2, n. 7, 2015.\nSOUZA, F. L. et al. A política municipal de educação permanente em Sobral-CE. SANARE - Revista de\nPolíticas Públicas, v. 7, n. 2, p. 14-22, 2008.\nAgradecimentos\nAgradeço primeiramente a Deus por ser tudo na minha vida e agradeço a professora/orientadora Cyntia\nMonteiro Vasconcelos pelo suporte no pouco tempo que coube, pelas suas correções e incentivos, e ao\ncoautor Francisco Robson Pereira Bezerra por ter me auxiliado na construção do trabalho e a todos meus\nfamiliares por ter me dado força e motivação para continuar os meus estudos.\nISSN 18088449 6"
}