{
  "id": "27140",
  "trabalho": "DESENVOLVIMENTO DE AULA PRÁTICA PARA CÁLCULO DO RENDIMENTO DOS ATUADORES PNEUMÁTICOS.",
  "area": "CIÊNCIAS EXATAS E TECNOLÓGICAS",
  "ano": "2016",
  "evento": "XVI - ENCONTRO DE INICIAÇÃO À DOCÊNCIA",
  "link": "http://uol.unifor.br/oul/conteudosite/?uuid=8A50BF94283C4E768F42C4DC94C2BAAEC17E1747",
  "conteudo": "XVI Encontro de Iniciação à Docência\nUniversidade de Fortaleza\n17 a 20 de outubro de 2016\nDesenvolvimento de aula prática para cálculo do rendimento dos atuadores\npneumáticos.\nRaul Cruz Rebouças*1 (ID), Amanda Kélvia de Lima Freitas2 (ID), André Lunardi de Souza3 (PO),\nJorge Luís de Lima Maciel3.\n1. Universidade de Fortaleza – Engenharia mecânica, Programa de Monitoria Voluntaria.\n2. Universidade de Fortaleza – Engenharia de controle e automação.\n3. Universidade de Fortaleza – Docente do curso de Engenharia Mecânica\nraull.cruz@hotmail.com\nPalavras-chave: sistema pneumático, atuador pneumático, pressão de trabalho, rendimento, aula prática.\nResumo\nAplicar a teoria juntamente com a prática durante o período acadêmico do aluno se mostra cada\nvez mais eficaz na formação dos profissionais de engenharia. Visando esta importância\ndesenvolveu-se uma aula prática que teve como objetivo observar o rendimento de um atuador\npneumático submetido à elevação de uma carga exposta aos fatores externos e assim\npossibilitando a realização de uma comparação entre os valores calculados teoricamente com\naqueles obtidos na aplicação prática. Para a realização desta atividade os alunos deverão\nprimeiramente calcular a pressão necessária para que o atuador pneumático seja capaz de elevar\numa carga padrão e posteriormente desenvolver um circuito composto por componentes\npneumáticos e que sejam capazes de realizar à ação deste atuador pneumático visando realizar a\ncomparação dos resultados teóricos e práticos mensurados de pressão. A partir deste estudo\ncomparativo foi observado foi observado uma variação na pressão de trabalho de 0,48 bar\nprovocando uma eficiência no trabalho realizado pelo atuador de 72% o que levou a um erro\npercentual de 28% no rendimento do atuador.\nIntrodução\nA Pneumática é o estudo dos movimentos e fenômenos dos gases, ou seja, é a\nciência que trata da utilização do ar comprimido para a realização de um trabalho, transformando\na energia armazenada no fluído em trabalho. Segundo Harry L. Stewart muitas máquinas e\nprocessos diferentes utilizam um fluido para desenvolver uma força para mover ou controlar uma\nação. O uso do ar comprimido apresenta certas vantagens como estar prontamente disponível na\natmosfera e não apresenta riscos como choque elétrico ou contaminação do ambiente em caso de\nvazamento.Em meados do século XX a pneumática começou a ser utilizada na indústria\nferroviária para acionamento de mecanismos de freio e assim evoluindo até hoje tornando\npossível alcançar objetivos como redução dos custos com a mão de obra e eficiência na produção\nde maneira simples e rentável, substituindo o trabalho humano repetitivo e cansativo e com isso\nela se tornou uma tecnologia importante para solucionar problemas encontrados nas linhas de\nmontagem.\nCom a facilidade de transporte e estando em grande quantidade no meio ambiente, a\nutilização do ar comprimido se tornou um meio vantajoso, por permitir altas velocidades de\ntrabalho devido à baixa viscosidade do fluido. O desenvolvimento das ferramentas pneumáticas\npermitiu a criação de circuitos resistentes às áreas insalubres e perigosas possibilitando a\nrealização de qualquer tipo de atividade ou tarefa.\nAtualmente a tecnologia pneumática vai desde a indústria mecânica com sua\nutilização em automóveis, máquinas para conformação de metal até o mundo da robótica com\numa tecnologia inovadora o chamado “músculo artificial pneumático”, que permite com a utilização\ndo ar comprimido realizar movimentos semelhantes aos do músculo humano. Neste contexto a\nindústria robótica viu nesta ferramenta a possibilidade de criar robôs “humanoides” com\nmovimentos mais similares aos de um homem.\nConsiderando a importância do estudo desta ciência desenvolveu-se uma aula prática\ncom foco em um ensino aplicado e diferenciado. Tendo como objetivo estabelecer o rendimento\nreal de um atuador cilíndrico pneumático de dupla ação à partir do estudo comparativo dos valores\nteóricos e práticos calculados.\nMetodologia\nPara a realização do experimento foi criado um sistema pneumático com objetivo de\nacionar e controlar o trabalho do atuador. O sistema consiste em acionar uma válvula de controle\ndirecional 5/2 vias pilotada por uma botoeira que permitirá a passagem do ar comprimido\n(fornecido por compressor), de forma controlada para atuador. Este, por sua vez, deslocará – no\nsentido vertical – uma carga padronizada que com a utilização de um manômetro será verificada a\npressão real necessária para realizar a ação, possibilitando dessa forma comparar o valor da\npressão teórica calculada com o valor da pressão real aplicado, podendo desta forma calcular o\nrendimento do atuador.\nO cilíndrico pneumático visto na figura 1 e que fora utilizado no sistema é do tipo DSN-\n20-80-PPV fabricado pela FESTO e apresenta as seguintes características conforme o quadro 1:\nQuadro 1: Dados do cilindro DSN-20-80-PPV\nDiâmetro do êmbolo 20 mm\nCurso 80 mm\nMassa do Peso 5,500g\nAceleração Gravitacional 9,81m/s2\nDiâmetro da Haste 8 mm\nForça teórica a 6 bar, retorno 158,3 N\nForça teórica a 6 bar, avanço 188,5 N\nFonte: FESTO, 2016Figura 1 – Atuador Pneumático\nFonte: Arquivo pessoal do autor, 2016.\nO diagrama esquemático do circuito pneumático é representado na figura 2 onde é\npossível observar a disposição e montagem de cada componente.\nFigura 2: Sistema Pneumático\nAtuador dupla ação\n4 2\nValvula 5/2 vias simple pilotagem\n5 3\n2\n1\nBotoeira 3/2 vias\n1 3\n2\nChave Geral 2/2 vias\n1\nUnidade de Manutenção\nCompressor\nFonte: Arquivo pessoal do autor, 2016.\nPara que seja realizada à prática, torna-se necessário o cálculo da massa padrão que\no atuador deverá levantar e assim adota-la como a força resultante que o atuador deverá aplicar.\nCom os dados fornecidos pelo Quadro 1, realizou-se um estudo sobre valores teóricos\ne práticos de pressão. Inicialmente calculou-se a força necessária para a elevação da massa, ou\nseja, a força de avanço do atuador e assim, tornou-se possível o cálculo da pressão necessáriapara a realização do movimento. O cálculo da Força de Avanço (Fa) foi realizado da seguinte\nmaneira:\n( ) ( )\n( ) ( )\nCalculando a pressão de trabalho teórica (Ptt):\nSabe-se que: , isolando a pressão de trabalho teórica temos:\n( )\n( )\nA partir da realização dos cálculos teóricos, realizou-se a montagem do circuito\npneumático na bancada de teste coletando-se os dados reais de pressão para a elevação da\nmassa padrão. A média dos valores coletados resultou em uma pressão de trabalho prática (Ptp)\nde 2,2 bar e assim, com base no valor teórico e a média dos valores práticos desenvolveu-se o\nestudo comparativo e calculou-se o rendimento do atuador de forma percentual.\nCalculando a variação da pressão:\n( ) ( )\n( ) ( )\nCalculando o erro percentual:\nCom todos os passos realizados na atividade foi viável demonstra que o rendimento\nde um atuador pneumático de dupla ação apresentou uma variação que resultou em 28% de erro\nquando comparados aos valores calculados de forma teórica.\nResultados e Discussão\nA realização desta atividade em sala de aula, além confirmar à importância de alinhar\na teoria com a prática no ensino, demonstrou também o interesse dos alunos em vivenciar a teoria\ne assim contribuindo com o enriquecimento do conhecimento. Com um desempenho satisfatórioda sua aplicação, à atividade pode demonstrar situações reais de trabalho e rendimento de um\natuador pneumático.\nCom os resultados alcançados de 2,2 bar na pressão de trabalho real do atuador,\npode-se notar uma variação de 0,48 bar nessa pressão de trabalho calculada de forma teórica,\nprovocando uma eficiência no trabalho realizado pelo atuador de 72% o que resultou em uma\nvariação percentual de 28% no rendimento e desempenho do atuador causados por fatores\nprevistos no projeto, mas que não poderiam ser dimensionados como a resistência imposta pelo\natrito, desgaste do equipamento, vazamentos e a perda de carga natural dos componentes.\nConclusão\nCom os resultados demonstrados pela aula prática o aluno pode perceber a\nimportância em se avaliar e averiguar os valores teóricos de um determinado equipamento, bem\ncomo, a importância de se realizar uma atividade que demonstre situações reais de trabalho.\nNeste contexto, contribuiu para a compreensão de que o rendimento de um atuador não está\nligado apenas com sua forma construtiva mais também as condições de trabalho que ele está\nsubmetido e das demais ações atuantes como força de atrito, aplicação ou não de lubrificação no\nsistema, a importância da manutenção, dentre outros.\nReferência\nPortal Mario Loureiro, Técnica, Pneumática, Fundamentos. Disponível em: <\nhttp://www.marioloureiro.net/tecnica/pneumatica/fundamentos3.pdf > Acesso em 12 de Agosto de\n2016.\nPortal Tribuna, Musculo Pneumático FESTO é inspirado na anatomia humana. Disponível em :\n<http://www.tribunapr.com.br/noticias/automoveis/musculo-pneumatico-festo-e-inspirado-na-\nanatomia-humana/ > Acesso em : 05 de agosto de 2016.\nD`ASSUNÇÃO,F.M.J. Modelagem e Controle de Musculo Pneumático. 2011.80f. Dissertação\n(Mestrado em Engenharia Mecânica)- Departamento de Ciência e Tecnologia, Instituto Militar de\nEngenharia, Rio de Janeiro.\nFESTO DIDATIC (BRASIL). Análise e montagem de sistemas pneumáticos. São Paulo:[s.n.],\n2001. (Cód.:42160)\nFESTO DIDATIC (BRASIL).P 111: Introdução a pneumática. 3.ed. [S.I.:s.n.], 1999. (Cód.:37741)\nSTEWART, Harry L. Pneumática e hidráulica. Tradução de Luiz Roberto de Godoi Vidal. 3. Ed.\nSão Paulo: Hemus, 1981. 486 p. (Cód.: 16211)\nMELCONIAN, Sarkis. Sistemas Fluidomecânicos: Hidráulica e Pneumática. 1. ed: Erica, 2014. 256\np.Agradecimento\nAgradeço aos meus orientadores Prof. André Lunardi de Souza e Prof. Jorge Luis de\nLima Maciel, ao coordenador do programa de monitoria o Prof. Rodrigo Alves Patrício, a Liliane\nCavalcante, aos técnicos do laboratório Álvaro Ximenes e Alexandre Jonas e pôr fim a\nUniversidade de Fortaleza - UNIFOR pelo amparo e comprometimento no ensino."
}