{
  "id": "27142",
  "trabalho": "O MENINO DESCALÇO: UM CASO CLÍNICO DE PSICOSE",
  "area": "CIÊNCIAS DA VIDA",
  "ano": "2016",
  "evento": "XXII - ENCONTRO DE INICIAÇÃO À PESQUISA ",
  "link": "http://uol.unifor.br/oul/conteudosite/?uuid=87FD471B3C3BEF536CDED49110B5A07165DEE968",
  "conteudo": "XXII Encontro de Iniciação à Pesquisa\nUniversidade de Fortaleza\n17 à 21 de Outubro de 2016\nO MENINO DESCALÇO: UM CASO CLÍNICO DE PSICOSE.\nAutores: Maria Tereza Portela Ramos 1* (IC), Juliana Cruz Sousa 1 (IC)\nProf(a). Orientador(a): Janara Pinheiro (PQ)\n1. Universidade de Fortaleza – Curso Psicologia.\nmaiteportela9@gmail.com\nPalavras-chave: Instituição total. Psicose. Psicanálise\nResumo\nEste artigo foi elaborado para servir como Instrumento de aprendizagem da disciplina de Prática\nIntegrativa V, do Curso de Psicologia da UNIFOR. O mesmo se deu com cinco visitas\nsupervisionadas a uma instituição de saúde mental, em Fortaleza, Ceará. Realizamos uma\npesquisa qualitativa, mediante entrevista semi-aberta, não realizando uma anamnese tradicional.\nEstudo de caso clínico com base na abordagem psicanalítica para a construção de uma hipótese\ndiagnóstica, além de pesquisa bibliográfica e pesquisa documental que se deu com a análise do\nprontuário do paciente. Entrevistamos um paciente internado na tentativa de compreender seu\nsofrimento psíquico à luz psicanálise, assim como analisamos a instituição total de internamento.\nPara tanto, foi utilizado teóricos como Goffman (2005), no que tange as instituições totais e os\nprocessos de mortificação do eu; em Foucault (1978) sobre a história da loucura; e ainda Quinet\n(2003), sobre o estudo da psicose.\nIntrodução\nO presente artigo tem como objetivo retratar o fechamento do estágio da disciplina de Práticas\nIntegrativa V, do Curso de psicologia da Universidade de Fortaleza (UNIFOR). A proposta\nacadêmica é a inserção no universo de uma instituição de saúde mental, para a entrevista de um\npaciente interno com base em um roteiro de anamnese diferente do convencional. Para tanto,\nacompanhamos um paciente interno a fim de identificar as manifestações do sofrimento psíquico, e\nfazer o levantamento de uma hipótese diagnostica com base nas disciplinas de psicopatologia\ncursadas e com os estudos bibliográficos que realizamos ao longo de todo o processo.\nA instituição visitada por nós foi um Hospital de Saúde Mental, em Fortaleza, Ceará. A turma foi\ndividida em duplas que fizeram cinco visitas ao local, durante os meses de setembro e outubro, do\npresente ano. Todas sob a supervisão de nossa professora, Ms. Janara Pinheira, que nos motivou\na produzir esse trabalho tendo como foco ampliar e melhorar nosso aprendizado sobre a atuação\ndo psicólogo junto às instituições totais psiquiátricas, visando estabelecer a importância da\nanamnese diferente da convencional, produzida por um saber da psicologia, perante a produção\nde um diagnóstico; além de trazer para o estudante de psicologia a vivência de profissionais de\nsua área.O referencial teórico utilizado foi a psicanálise como abordagem, onde tivemos como teórico Quinet\n(2003), no que consiste a análise do paciente e a produção do diagnóstico. No que refere as\nobservações da instituição total, Hospital Psiquiátrico, tivemos como base Goffman (2005) e seu\nestudo sobre o processo de “mortificação de eu”, além Foucault (1978) no que diz respeito a\n“história da loucura”. Tais teorias, foram de suma importância para termos um olhar diferenciado\nem relação a essa vivência, fazendo um paralelo entre a teoria e a prática.\nMetodologia\nA presente pesquisa foi desenvolvida de forma qualitativa utilizando para sua implementação a\npesquisa semi-aberta ou semi estruturada, tendo como base um roteiro de anamnese diverso do\ntradicional; além de estudo de caso que consistiu na análise do paciente á luz da psicanálise, para\na construção de um diagnóstico. Também foi utilizada a pesquisa documental, através da\nobservação do prontuário médico/psicológico da instituição; além da pesquisa bibliográfica em\nlivros. Foram feitas cinco visitas a um Hospital de Saúde Mental, em Fortaleza, Ceará, no período\nde setembro e outubro do presente ano, com o objetivo de coletar dados a cerca de um paciente\nda instituição, para posterior hipótese diagnostica.\nEm um primeiro momento as visitas ao Hospital Mental foram feitas de forma coletiva pela turma\npara entender o funcionamento do local, sua estrutura. Posteriormente, estas foram direcionadas a\npacientes da instituição, ficando cada dupla com o mesmo interno no decorrer das visitas. As\nentrevistas foram feitas em uma unidade masculina, no pátio central onde diariamente todos os\npacientes desta ala ficavam reunidos. Ao longo desse procedimento, formulamos a hipótese\ndiagnóstica e ao final das visitas tivemos acesso ao diagnóstico do paciente através do prontuário\nmédico/psicológico da instituição.\nO interno que acompanhamos será no decorrer trabalho denominado de paciente F, pseudônimo\npara preservar o sigilo ético que deve ser mantido sobre sua identidade. Também haverá o sigilo\nsobre a instituição que acolheu os alunos dessa pesquisa. Todos os dados e informações colhidas\napenas serão divulgado no meio acadêmico, com intuito de promover o aprendizado.\nResultados e Discussão\nHospital psiquiátrico, instituição total\nNosso país a partir do final da década de setenta, iniciou um movimento de bastante repercussão\npolítica, e que ficou conhecido como Reforma Psiquiátrica, e que diz respeito, entre outras coisas,\na extinção progressiva dos hospitais psiquiátricos, concomitante com a criação de leitos em\nhospitais gerais, possibilitando a substituição do modelo hospitalocêntrico por uma ampla rede de\natenção e cuidado às pessoas com episódios de sofrimento mental. Todavia, apesar do movimento\nter sido muito impacto social e ter conseguido grandes avanços, houve uma estagnação dessa\nreforma por falta de recursos e políticas públicas que a implementem.Durante o decorrer das visitas, foi possível presenciar no Hospital psiquiátrico, várias mudanças no\nque consiste a tentativa de uma “humanização” deste local, no sentido de atender às exigências da\nreferida reforma. Entre elas foram a abolição da técnica da eletroconvulso terapia, que infelizmente\njá fora utilizada em vários hospitais brasileiros, como forma de punição e adaptação do interno ao\nsistema, e que fora muito bem explicitada pelo livro Holocausto Brasileiro (2013); até a questão de\num cuidado maior com a higienização do ambiente. Todas essas mudanças foram explicitadas em\numa palestra promovida pela direção do hospital e que ocorreu na primeira visita. Entretanto, foi\npossível constatar que pontos da reforma psiquiátrica ainda não foram possíveis de serem\nimplementados, entre eles está a internação de pacientes abandonadas pela família, por um tempo\nmaior do que o preconizado, três meses, o que leva a “institucionalização do indivíduo”, um dos\ngrandes fracassos da implementação da luta antimanicomial. Na prática, os pacientes recebem alta\ndo hospital e a família busca outra instituição para recebê-lo, havendo um verdadeiro “rodízio”\nentre esses locais. Esse aspecto nos tocou profundamente, pelo paciente acompanhado encontra-\nse interno a mais de dezesseis anos, um verdadeiro “castigo”, que se funda no único fato de\npossuir um transtorno mental.\nIsso nos recorda as instituições totais, a exemplo dos hospitais psiquiátricos, que são para\nGoffman (2005), locais onde residem e trabalham um grande número de pessoas que se\nencontram em situação semelhante, e que são separados da sociedade por período considerável\nde tempo, levando nestes locais uma vida fechada e disciplinada administrativamente. O\nisolamento e a disciplina que perpassam a vida dos internos os levam a sofrerem os processos\ndenominamos por tal teórico como \"mortificação do eu\", que configuram-se em verdadeiras\nprofanações da subjetividade, que acarretam nestes sujeitos uma perda nos processos que os\nidentificam como pessoa. Esses processos, sofridos pelo sujeito institucionalizado, entre outras\ncoisas, consistem: na perda da identidade pela falta do vínculo social, a grande mutilação do eu; o\ndespojamento de bens, inclusive de objetos pessoais que servem de identidade para o sujeito,\ncomo no caso do paciente F, que não possuía nem como seu um simples chinelo, fato que nos\nchamou bastante atenção e que nos fez intitular o presente artigo.\nEsses fatos nos remetem à História da Loucura, obra na qual Foucault (1978) nos apresenta o\ndiscurso dos dizeres da loucura, desde o Renascimento até a Modernidade. Trazendo os\nmecanismos de controle e poder que vão desde o exílio dos loucos no Renascimento, através da\n“Nau dos Loucos”, passando pelo internamento destes enquanto desatinados, no Classicismo, e\nposteriormente como doentes mentais na Modernidade. A segregação está presente por toda essa\nhistória, neste contexto, nós, estudantes de psicologia, “detentores do saber Psi” temos que ficar\natentos para não reproduzirmos as iniquidades postas, e ainda tentarmos, de alguma forma,\ncontribuir para a mudança desse sistema.\nPaciente F, foraclusão do nome do pai\nO paciente F é um homem de trinta anos, solteiro, que não possui profissão e tem um nível baixo\nde escolaridade, não terminou o ciclo de primeiro grau do ensino fundamental. Pelo que foientendido pelo relato de sua história e posterior análise de prontuário, fora abandonada pela\nfamília ao longo de dezesseis anos de internações ininterruptas em vários hospitais psiquiátricos\nde Fortaleza, Ceará; onde sua família, avó e tia, o visitam esporadicamente, mas não possuem\nintenção de retirá-lo do local. Nestes casos, a reforma psiquiátrica preconiza que estes pacientes\ndevem ser encaminhados às residências terapêuticas, para que não tenham os hospitais como\nmoradia. Entretanto, apesar de em seu prontuário haver a indicação da mudança de domicílio,\nessa ainda não fora possível por falta de vagas nessas residências.\nNo prontuário do paciente F, há o diagnosticado médico de Retardo Mental, F.70, e Esquizofrenia\nHebefrênica, F20.1, ambos da Classificação Internacional de Doenças (CID-10). Segundo seu\nprontuário o Retardo Mental se deu pelo uso de drogas de sua mãe durante a gestação, levando o\nacometimento de tal debilidade. Em relação a Esquizofrenia Hebefrênica, a alegação dos\nprofissionais que o acompanhavam, médico e psicólogo, era a de que este possuía um afeto pueril,\nnão conseguindo estabelecer laços afetivos, e ainda possuindo um comportamento agressivo em\nrelação aos demais internos e profissionais da instituição.\nEntendemos que o paciente possui um comportamento infantil, compatível com o diagnóstico de\nRetardo Mental. Todavia, não concordamos com o caso de Hebefrênia, por ter o paciente F\nconseguido fazer a transferência psicanalítica com uma das autoras do presente trabalho, além de\nter recebido de forma afetuosa a dupla. A transferência em psicanálise em relação aos psicóticos é\npossível, segundo Quinet (2003), todavia se dá de forma passional, devendo ser bem manejada\npelo psicanalista.\nA Esquizofrenia foi avaliada por nós como uma psicose nos moldes psicanalíticos, fruto de um\ndesamor materno que alienou a constituição psiquismo desse sujeito. Segundo Quinet (2003) a\npsicose configura-se nos moldes lacanianos, na foraclusão do nome do pai, onde o pai consiste no\nrepresentante da lei, e a foraclusão a desobediência a essa lei, ou seja, o desconhecimento do\nprocesso de castração: “O Édipo é a armadura significante mínima que condiciona a entrada do\nsujeito ao mundo simbólico. (p.6)”\nO “menino descalço” em suas entrevistas relatou brevemente sua história de sofrimento e\nabandono, em falas como: “minha mãe nunca me quis, me batia com um pau, daí me deu para\nminha avó que ficou sendo minha mãe, pois avó é mãe duas vezes.” Todavia sentia-se também\nabandonado por ela, aludiu: “minha avó está velha não tem como cuidar de mim, mas também não\nvem me visitar, tenho medo que esse Hospital feche e eu não tenha para onde ir.” Neste sentido,\nsempre pedia que ligássemos pra sua avó para que ela pudesse deixar um chinelo para ele, já que\nvivia descalço, demostrando assim a necessidade de rever a família.\nNo decorrer das entrevistas sentiu-se bem confiante para relatar fatos de sua vivência, que não\nforam revelados nem mesmo para os profissionais que o acompanhavam a anos. Disse ser\nabusado sexualmente por outros internos e sentia muito medo de contrair doenças, por isso criou\numa forma própria de expurgar o corpo, que seria fazer necessidades fisiológicas após as relações\nsexuais, como forma de pôr para fora as impurezas. E para saber se fora bem sucedido em seuintento, espalhava as fezes na parede para ver se os agentes patógenos tinham sido expelidos.\nAgindo assim, o paciente F demonstra que vivenciava o real do corpo, que para Quinet (2003) é a\nincapacidade de simbolizar: “A função simbólica constitui um universo no interior do qual tudo que\né humano pode ordenar-se. (p.8)”. O psicólogo que o acompanhava ficou satisfeito por termos\nconseguido desvendar tal comportamento, que até então não tinha sido possível.\nNo que tange aos processos psicológicos básicos possui inteligência e atenção preservadas,\nconsegue manter um diálogo. Todavia no que diz respeito a memória, consegue relatar fatos\npassados numa sequência lógica, mas não sabe, por exemplo, dizer o telefone de sua avó, apesar\nde lembrar os números que calça. Esses fatos ficam difíceis de serem analisados por ser o sujeito\ninstitucionalizado, e o que fora mais relatado em sua fala, foi a sua vivência passada, fora da\ninstituição.\nEntendemos que o paciente F iria beneficiar-se muito de uma psicoterapia individualizada em que\nele pudesse sentir-se livre para falar e elaborar sua vivência sofrida, sendo uma oportunidade de\nalguém que nada possui como seu, ter um espaço reservado voltado para seu mundo particular. E\nainda, ser de suma importância a transferência para uma residência terapêutica, por ser desumano\nmorar em um hospital psiquiátrico, necessitando possuir um lugar no mundo.\nConclusão\nEntendemos como ímpar a possibilidade de vivenciamos o dia-a-dia de uma instituição psiquiátrica,\ne ainda de pudermos acompanhar de perto um paciente na tentativa de elaboração de um possível\ndiagnóstico. Todavia, mais importante do que isso foi nos depararmos com a realidade dos\nHospitais de Saúde Mental e o sofrimento de um sujeito “institucionalizado”. O manicômio ainda\naparece como um local de segregação do tido como louco, neste sentido há mais \"higienização\nsocial\" do que aceitação da diferença, tendo ainda hoje seu uso como de um localmente de\nsegregação.\nSentimo-nos gratificadas por de alguma forma elucidarmos comportamentos do paciente F, como o\ndas fezes; ou ainda por ser possível o estabelecimento de um elo transferencial, onde na\ndespedida chamava de mãe uma das autoras do artigo, despedindo-se em lágrimas. Para um\npaciente, até então, tido como violento é impossível de transmitir afeto que não fosse pueril, é\nmuito importante sabermos que contribuirmos para a mudança desse estigma.\nReferências\nARBEX.Daniela. Holocausto brasileiro. 1. ed. – São Paulo: Geração Editorial, 2013.\nFOUCAULT, Michel. História da loucura na Idade Clássica. São Paulo: Ed. Perspectiva, 1978.\nGOFFMAN, Erving. Manicômios, prisões e conventos. Tradução de Dante Moreira Leite. 7. ed.\nSão Paulo: Perspectiva, 2005. (Coleção debates,91).QUINET, ANTONIO. Teoria e Clinica da Psicose. 2.ed. Rio de Janeiro: Forense Universitária.\n2013.\nAgradecimentos\nAgradecemos ao Curso de Psicologia da Universidade de Fortaleza, UNIFOR, pela oportunidade\nvivenciada. E também a nossa orientadora, Professora Ms. Janara Pinheiro, que nos acompanhou\ndurante os processos e que muito nos ajudou na elaboração desse artigo."
}