{
  "id": "27158",
  "trabalho": "RELAÇÃO ENTRE A FAMÍLIA CONTEMPORÂNEA E A EDUCAÇÃO ESCOLAR.",
  "area": "CIÊNCIAS DA VIDA",
  "ano": "2016",
  "evento": "XXII - ENCONTRO DE INICIAÇÃO À PESQUISA ",
  "link": "http://uol.unifor.br/oul/conteudosite/?uuid=160B98534C9B8F522574F8AA0AB172ABFA2870FB",
  "conteudo": "XXII Encontro de Iniciação à Pesquisa\nUniversidade de Fortaleza\n17 à 21 de Outubro de 2016\nRelação entre a família contemporânea e a educação escolar\nKaren Stefanny Crisostomo Ramos¹* (IC), Xenia Diogenes Benfatti ² (PQ)\n1. Universidade de Fortaleza – Curso de Psicologia\nstefanny_ka@hotmail.com*\n2. Universidade de Fortaleza – Docente do curso de Graduação em Psicologia\nResumo\nO presente trabalho tem por objetivo analisar as diversas interseções da educação escolar com\na família contemporânea, e foi desenvolvido durante a disciplina de Pesquisa Qualitativa do\ncurso de Psicologia da Universidade de Fortaleza (UNIFOR). A pesquisa é de natureza\nqualitativa, tendo como métodos a pesquisa bibliográfica e a análise de conteúdo, utilizando-se\nde duas entrevistas semi-abertas com duas psicólogas escolares. A pesquisa bibliográfica\nbaseou-se em obras da teoria da Gestalt-Terapia, da educação (com foco na educação\nescolar) e de visões críticas sobre os contextos familiares contemporâneos. A compreensão de\nsujeito para a Gestalt-terapia refere-se a um ser que se relaciona com o mundo de uma forma\ninteira, como um todo e não como a soma das partes. Por esse motivo, as relações familiares\nsão importantes inclusive na formação do sujeito durante a educação escolar.\nPalavras-chave: educação escolar. Psicologia Escolar. Gestalt-terapia. Família-Escola.\nIntrodução\nO objetivo deste trabalho é desenvolver uma pesquisa qualitativa, a partir de pesquisas\nbibliográficas e de entrevistas com duas profissionais da psicologia que atuam na área escolar,\na fim de buscar compreender e refletir acerca das diversas interseções da educação escolar\nsua relação com a família contemporânea.\nA escolha desse objeto de pesquisa foi motivada a partir das percepções e\nexperiências na área escolar, tendo em vista a extrema importância de pensar as relações\nfamiliares que constituem o sujeito, e, mais especificamente, o aluno.\nOs dados coletados nesta investigação foram oriundos de pesquisa bibliográfica e\nanálise de conteúdo. A pesquisa bibliográfica baseou-se em obras da teoria da Gestalt-Terapia,\nda educação (com foco na educação escolar) e de visões críticas sobre os contextos familiares\ncontemporâneos. A literatura utilizada contém artigos científicos de sites acadêmicos e livros.\nA análise de conteúdo foi a partir de entrevistas semi-aberta com duas psicólogas\nescolares. A psicóloga A atua na área escolar em uma escola particular, tradicional, de grande\nporte, atendendo o público adolescente e adulto (alunos de pré-vestibular e cursinho). A\nISSN 18088449 1psicóloga B atua em uma instituição particular de médio porte, abordando o público infantil\n(Educação Infantil e Ensino Fundamental I).\nA escolha das profissionais seguiu o objetivo da pesquisa também de compreender a\npercepção da relação familiar com a educação sob a ótica de seus distintos públicos.\nMetodologia\nA natureza da pesquisa refere-se a uma pesquisa qualitativa, a qual nos permite além\nde colher informações sobre o meio em que está inserido o problema de pesquisa, construir\nreflexões acerca das informações obtidas.\nJá o método de pesquisa refere-se à pesquisa bibliográfica e análise de conteúdo, e\ncomo técnica para a análise de conteúdo foi utilizado um roteiro de entrevista semi-estruturado\ncom duas psicólogas escolares.\nA pesquisa teve duração de 3 meses, de setembro a novembro de 2015, período\ncompreendido em pesquisa bibliográfica, entrevistas com duas profissionais da área\neducacional e elaboração do artigo final.\nResultados e Discussão\nPartindo da necessidade de olhar para a constituição do sujeito, é importante\nconsiderar o contexto social atual, bem como as diversas mudanças da família\ncontemporânea. Esse sujeito, que, segundo Perls (1977), é um organismo, ou seja, relaciona-\nse com o mundo de uma forma inteira, como um todo e não como a soma das partes.\nEsse todo também é constituído pelas relações familiares. A família, segundo Elsen\n(2002, apud SIMIONATO e OLIVEIRA, 2003), pode ser compreendida como “unidade de\npessoas em interação, um sistema semi-aberto, com uma história natural composta por vários\nestágios [...]”.\nDiante dessa compreensão de família, um dos relatos das profissionais refere-se à\npsicóloga B, a qual trouxe uma compreensão dessa multiplicidade das constituições familiares\nexemplificando que\n[...] cada família tem a sua base de valores né, tem a questão da\nreligiosidade, a questão daquilo que se respeita que em alguns lares\né mais tradicional, outros são mais abertos, mais alternativos, mais\nmoderados, né. E a escola é um espaço que recebe toda essas\nculturas, todas essas diferenças, e aqui a gente tem que trabalhar\ncom essa diversidade [...] não homogeneizando todo mundo. (sic)\nEssa visão da psicóloga B diferencia-se dos autores que afirmam que uma das\ndificuldades encontradas para que essa aproximação seja efetiva, é a falta de coerência com a\ndiversidade de sujeitos que chegam ao ambiente escolar. Segundo Dessen e Polonia (2007),\nessa dificuldade na relação família-escola vem aparecendo pois a escola\n[...] ainda não comporta, em seus espaços acadêmicos, sociais e de\ninteração, os diferentes segmentos da comunidade e, por isso, não\npossibilita uma distribuição eqüitativa das competências e o\ncompartilhar das responsabilidades. [...] (P. 28).\nISSN 18088449 2Isso não significa que não haja essa dificuldade, mas no contexto em que a profissional\nestá inserida, não foi levantada essa possível relação com um problema que é promovido por\nalguns contextos escolares.\nPeixoto e Cicchelli (2000, apud SIMIONATO e OLIVEIRA, 2003, P.61) trazem o\nconceito de crise na família contemporânea, considerando um aumento da expectativa de vida,\nassociado ao baixo nível de nascimentos nas famílias, somados ao “declínio do casamento e\nda banalização das separações”. Mas a principal característica dessa chamada “crise” refere-\nse ao “[...] surgimento de novos modelos familiares, de novas relações entre os sexos, numa\nperspectiva igualitária, mediante maior controle da natalidade, e a inserção massiva da mulher\nno mercado de trabalho [...]” (PEIXOTO e CICCHELLI, 2000 apud SIMIONATO e OLIVEIRA,\n2003, P.61)\nCom relação a essa notória mudança da estrutura da família contemporânea, a\npsicóloga A trouxe a concepção da transformação pela qual a família vem passando,\nprincipalmente em relação à vida econômica e social dos responsáveis.\n[...] a gente tá vivendo em uma sociedade contemporânea em que a\nmulher ela não vive mais em prol da vida daquele filho, que não fica\nmais em casa né, que vai trabalhar, pais divorciados, às vezes o\ncontato é mais difícil né, essa, a própria inserção da mulher no\nmercado de trabalho, que dizem respeito a características da família\ncontemporânea né. (sic)\nPartindo dessa concepção de multiplicidade, e de dinamicidade no decorrer da história,\né sabido que a família é um dos contextos de formação dos sujeitos, mas não o único.\nSegundo Polonia e Dessen (2005) “a família não é, portanto, o único contexto em que a criança\ntem oportunidade de experienciar e ampliar o seu repertório como sujeito de aprendizagem e\ndesenvolvimento”.\nQuando perguntado sobre como as profissionais percebiam a família contemporânea\nno contexto escolar, ambas pontuaram uma relação conflituosa entre os papeis da família na\neducação escolar dos filhos. As psicólogas compartilharam da noção de que a família não é o\núnico espaço de crescimento dos indivíduos. A psicóloga A disse que\n[...] às vezes os papeis se confundem né, os papeis entre escola e\nfamília, dada essa questão da contemporaneidade né, em que a\nfamília vê na escola como se a gente fosse o único educador muitas\nvezes esquecendo que ela é a primeira fonte da educação do sujeito\ne não a própria escola. (sic)\nA psicóloga B trouxe a percepção de uma família que, pelo fato de estar muito ocupada\ncom a manutenção do lar e do conforto próprio e também dos filhos, acaba por estar cada vez\nmais terceirizando\n[...] a educação das crianças e esperando que a escola faça muito\nmais que o ensino né. [...] com uma expectativa de que a escola\npossa suprir tanto o seu papel de ensinar os conhecimentos e tudo\nmais, e também o da família, de ensinar valores e evitar que as\ncrianças tenham conflitos, dificuldades né. (sic)\nOs discursos das psicólogas demonstram que a família, muitas vezes, busca a escola\ncomo forma de resolução de conflitos, e acabam por não compreender de fato a função da\neducação escolar como sendo diferente da educação que a família precisa propor.\nISSN 18088449 3Assim como a família não é o único contexto de aprendizagem para os jovens, “a\ninstituição escolar não será mais o único local de aprendizagem, mas toda a sociedade.”\n(WERTHEIN E COSTA, 2000, p.15). Ou seja, é necessário compreendermos que a sociedade\ncomo um todo precisa ser inserida no processo de educação dos jovens.\nEssa compreensão dos jovens enquanto sociedade, enquanto experiência, também\nexterna ao ambiente escolar, pôde ser percebida quando as psicólogas falaram de suas\nintervenções. Tanto no público infantil, quanto no público adolescente, ressaltaram a\nimportância do ouvir o sujeito, de buscar compreender como aquele indivíduo percebe o\ncontexto que o cerca.\nO ambiente escolar, assim como as configurações familiares, também se modificaram\ncom o tempo. Segundo Nogueira (2006, apud SILVA, 2003, P. 29) “desde que há escolas e\nfamílias sempre houve algum tipo de relação entre ambas”, e essas relações que vêm\nmudando em direção a, em alguns momentos, uma maior aproximação entre escola-família, e\nem outros, a um maior distanciamento entre elas.\nCom relação ao público adolescente, na fala da psicóloga A também se encontrou uma\nperspectiva de que, ao mesmo tempo em que a família vem se inserindo no contexto escolar,\nos papeis se confundem tendo em vista uma essa aproximação em excesso que não se torna\ntão eficaz para o jovem. Pois segundo ela “[...] os pais acabam colocando a escola num papel\nque eles não devem colocá-la, como se eles tivessem se eximindo dessa responsabilidade”\n(sic).\nA psicóloga B percebe que acontece o movimento de distanciamento desses pais, e\nque a criança sente e demonstra isso em seu comportamento. Ressaltou que há uma\nnecessidade de aproximação da família, tendo em vista que é importantíssimo para a auto-\nestima da criança, pois quando o pai está presente\na criança fica mais segura, mais confiante, ela acredita „meus pais\nconfiam na escola que eu estudo, eles conhecem todas as pessoas,\neles sabem da rotina que eu vivo‟, né, a criança se sente segura\nconfiante, ela também coloca credibilidade na escola. (sic)\nOutra questão a ser problematizada refere-se ao fato de que nem sempre a escola traz\num olhar de acolhimento para os jovens, algumas atitudes dos membros que constituem a área\nescolar, é que, ainda se reportam aos jovens (crianças e/ou adolescentes) como se eles ainda\nfossem, e devessem ser passivos a tudo e a todos, sem considerar que,\nHoje, há uma maior liberdade e autonomia para os jovens e uma\ndiminuição da autoridade e controle paternos. Os métodos\nautoritários e diretivos de educação são criticados. Procura-se\nminimizar as diferenças entre as gerações e evitar que a criança seja\nlembrada de sua imaturidade e dependência. (SALLES, 2005, p.38)\nAlgo que chama atenção no processo educativo dos jovens é que por muitas vezes, a\nfamília confunde incentivo à autonomia com negligência. De fato, na escola há diversas\nsituações que permitem que o sujeito possa entrar em contato com diversas situações bem\ndiferentes do ambiente familiar, e que assim, possa ir consolidando sua autonomia.\nISSN 18088449 4Ao perguntar à psicóloga A como ela percebe que os jovens (adolescentes) sentem ou\nnão esse distanciamento da família, ela apontou que\n[...] eu acho que os que não sentem [...] proximidade eles se sentem\ndesassistidos. E como hoje as relações estão muito próximas, os\nalunos sentem muito isso, né, eles comparam muito as coisas né.\nEntão aquele pai que não vem, enquanto o pai do coleguinha vem,\nné, realmente causa um, uma sensação de negligência né. Então eu\nacho que sim, de certa forma eles cobram que os pais estejam aqui\nné, assim, e eu acho que facilita muito na... na educação né, do\nsujeito, realmente essa parceria. (sic)\nO grande problema é quando a escola, a fim de trabalhar sobre questões individuais e\ngrupais, encontra um distanciamento com a família, ou até mesmo promove esse\ndistanciamento. A promoção desse distanciamento pode ser visto, por exemplo, quando a\nfamília só é considerada no ambiente escolar como única fonte responsável pelas dificuldades\nque o aluno apresenta a nível de rendimento, de socialização, de indisciplina, etc.\nA psicóloga A trouxe o exemplo de como a instituição na qual atua considera essa\npresença da família, com relação à forma como procedem tendo em vista o rendimento escolar\ndos alunos. Ela disse que a escola chama os pais, a cada etapa, a partir do baixo rendimento\ndo aluno para assim poder trabalhar de forma mais próxima à família. Porém, também relatou\nque encontra dificuldades\n[...] quando a gente recorre à família pra pedir esse suporte, pra pedir\nessa ajuda, fazer um acompanhamento mais assertivo, em relação a\nesse aluno que está precisando desse acompanhamento, a gente\npercebe a mesma dificuldade com a família, né. (sic)\nA psicóloga B percebe esse distanciamento inversamente proporcional à idade. Disse\nque “em linhas gerais, a gente percebe que quanto maior a criança, menor a participação da\nfamília.” (sic)\nA partir dessas falas, as profissionais expõem que a escola segue um movimento de\nbuscar uma aproximação com a família, mas nem sempre essas tentativas são satisfatórias em\ndecorrência, muitas vezes, da falta de compreensão do quão significativa é essa parceria\nfamília-escola.\nSobre a relevância da atuação do psicólogo nessa interlocução entre a educação\nescolar e a família contemporânea, ambas as psicólogas trouxeram o fato de que a psicologia\nfornece meios de observação, proporcionando assim uma maior sensibilidade no\nacompanhamento desses alunos, sendo então fundamental a pareceria entre o psicólogo e as\nequipes que compõem o contexto escolar.\nConclusão\nDiante da proposta inicial da pesquisa, foi possível compreender o processo da\neducação escolar, sob a ótica Gestalt-Terapia, considerando os aspectos familiares que são de\nextrema importância nesse processo de desenvolvimento dos sujeitos, sejam eles crianças ou\nadolescentes.\nAs pesquisas bibliográficas somaram-se às análises das entrevistas, permitindo um\ndiálogo entre teoria e prática. A análise de conteúdo nos permitiu ampliar as reflexões teóricas\njá iniciadas com as leituras anteriores, tendo em vista que o campo revela uma dimensão de\nISSN 18088449 5questionamento do problema de pesquisa de forma vivencial, ou seja, ressaltando a\nexperiência prática.\nAs profissionais entrevistadas compartilharam da ideia de que a família de fato vem se\nmodificando com o tempo e assumindo as novas configurações que podem a definir enquanto\ncontemporânea. Ressaltaram também a importância de uma proximidade entre a escola e a\nfamília, tendo o cuidado de não reforçar um conflito entre os papeis cabíveis a estes\nambientes.\nCom relação à relevância da atuação do psicólogo na educação escolar, as psicólogas\nescolares pontuaram a mediação e a observação como estratégias fundamentais para\ncontribuir com a educação escolar dos jovens.\nReferências\nDESSEN, M. A. POLONIA, A. C. Em busca de uma compreensão das relações entre família e\nescola: Relações família-escola. Psicologia Escolar e Educacional, Universidade de Brasília,\nVol. 9, Nº 2, Out. 2005. Disponível em< http://www.scielo.br/scielo > Acesso em: 14/09/2015.\nDESSEN, M. A. POLONIA, A. C. A Família e a Escola como contextos de desenvolvimento\nhumano. Universidade de Brasília. Paidéia, 17(36), Maio. 2007.\n<http://www.scielo.br/pdf/paideia > Acesso em: 14/09/2015\nLACASA, P. Ambiente familiar e educação escolar: a interseção de dois cenários educacionais.\nIn: COLL (Org.). Desenvolvimento psicológico e educação: Psicologia da educação escolar.\nPorto Alegre: Artmed, 2004. P. 403-419.\nNOGUEIRA, Maria Alice. FAMÍLIA E ESCOLA NA CONTEMPORANEIDADE: os meandros de\numa relação. Educação e Realidade, Porto Alegre, v. 2, n. 31, p.155-170, dez. 2006. Disponível\nem < http://scholar.googleusercontent.com/scholar> Acesso em: 11/09/2015\nPERLS, F. S. Gestalt-Terapia explicada. Trad.: George Schlesinger. São Paulo:Summus, 1997.\nSALLES, L. M. F. Infância e adolescência na sociedade contemporânea: alguns apontamentos.\nEstudos de Psicologia, Campinas, 22(1), 33-41, jan./mar. 2005. <\nhttp://repositorio.unesp.br/handle/11449/29060 > Acesso em: 14/09/2015.\nSIMIONATO, M. A. W. OLIVEIRA, R. G. Funções e transformações da família ao longo da\nhistória. I Encontro Paranaense de Psicopedagogia – ABPppr, Novembro. 2003. <\nhttp://www.institutounipac.com.br> Acesso em: 14/09/2015\nWERTHEIN, J. CUNHA, C. Fundamentos da nova educação. Brasília : UNESCO,\n2000.Disponível em < http://unesdoc.unesco.org/images/0012/001297/129766por.pdf> Acesso\nem: 15/09/2015.\nAgradecimentos\nÀ Deus pela vida, à professora Xenia Diógenes Benfatti pela atenciosa e dedicada orientação,\nàs profissionais entrevistadas, e à Universidade de Fortaleza pelo espaço de crescimento.\nISSN 18088449 6"
}