{
  "id": "27169",
  "trabalho": "A UTILIZAÇÃO DE FILMES COMO METODOLOGIA DE ESTUDOS NA DISCIPLINA TEORIAS PSICOLÓGICAS II: PSICANÁLISE",
  "area": "CIÊNCIAS DA VIDA",
  "ano": "2016",
  "evento": "XVI - ENCONTRO DE INICIAÇÃO À DOCÊNCIA",
  "link": "http://uol.unifor.br/oul/conteudosite/?uuid=C0D842D7865FC64788B90C5F6F585B5D193E82E9",
  "conteudo": "XVI Encontro de Iniciação à Docência\nUniversidade de Fortaleza\n17 a 20 de outubro de 2016\nA UTILIZAÇÃO DE FILMES COMO METODOLOGIA DE ESTUDOS NA\nDISCIPLINA TEORIAS PSICOLÓGICAS II: PSICANÁLISE\nTaís de Andrade Lopes¹* (ID), Rosane Muller Costa ² (PO)\n1. Universidade de Fortaleza – PROMON\n2. Universidade de Fortaleza – Curso de Psicologia\ntaisandrade_@hotmail.com\nPalavras-chave: Cinema. Psicanálise. Histeria. Docência.\nResumo\nNa disciplina de “Teorias II – Psicanálise”, pertencente ao primeiro semestre do curso de\nPsicologia da Universidade de Fortaleza, busca-se proporcionar aos alunos um contato inicial com\na teoria psicanalítica, abordando conteúdos relativos aos seus primórdios, incluindo o modo como\na histeria se apresentava e era compreendida nesse período. Visando facilitar a um maior\nentendimento acerca desse conteúdo, utiliza-se, no decorrer do semestre, a exibição dos filmes\nFreud Além da Alma (1962) e Augustine (2012), procurando exemplificar o assunto, mas também\nproporcionar discussões, em sala de aula, unindo os filmes à literatura estudada. Assim, permite-\nse uma posição dialógica com os alunos, para que estes possam se apropriar do material\ntrabalhado. Dessa forma, esse artigo visou apresentar, por meio de uma pesquisa quantitativa, a\nopinião dos estudantes, que cursaram “Teorias II” no primeiro semestre do ano de 2016, acerca\nda contribuição ou não dos filmes para entendimento do assunto. Foi feita também uma discussão\ncom base em pesquisa qualitativa, para contextualizar a experiência do uso de cinema como uma\ndas metodologias na disciplina, sendo feita uma interlocução com referências bibliográficas sobre\ncinema e educação. Conclui-se que os filmes, para a maioria dos alunos pesquisados, foram\neficazes, facilitando o modo de compreender como eram as histéricas na época de Freud e como\nocorreu o início da psicanálise, sendo, no entanto, indispensáveis as discussões posteriores para\na apreensão do material exibido.\nIntrodução\nO presente artigo tem como objetivo discutir sobre a utilização de filmes, no ensino sobre\nos primórdios da teoria e clínica psicanalítica, focalizando as manifestações da histeria no final do\nséculo XIX e inicio do século XX. Para isso, busca-se apresentar a experiência obtida na disciplina\nISSN 21755396 1de “Teorias II – Psicanálise”, a qual é pertencente ao curso de Psicologia da Universidade de\nFortaleza (UNIFOR), instituição de ensino superior situada no estado do Ceará, sendo aquela uma\ndisciplina do primeiro semestre do curso, onde os alunos iniciam, na graduação, os primeiros\ncontatos com os conteúdos acerca da teoria psicanalítica.\nForam utilizados dois longas-metragens: Freud Além da Alma (1962) e Augustine (2012),\nno decorrer do semestre. A escolha por estes filmes visou facilitar a compreensão dos estudantes\nquanto à história dos primórdios psicanalíticos e, consequentemente, do modo como a Medicina\nconcebia a neurose histérica no final do século XIX e início do séc. XX.\nAcredita-se que o uso de filmes para abordar esta temática pode ser considerado como um\nmodo de facilitar maior apreensão e interesse da turma pelos assuntos discutidos, desviando-se\nde uma didática onde há postura ativa apenas por parte do docente. Como aponta Anastasiou\n(2003), ao tentar superar o simples “repasse de informações”, o professor deve repensar seu\nmodo de ensino e a estruturação das aulas, facilitando aos alunos não apenas aprender, mas\n“apreender” o conteúdo discutido, permitindo uma compreensão maior deste, com a sua\nassimilação, discussão e problematização, levando o estudante a ter papel ativo no processo de\naprendizagem.\nPara atingir esse objetivo, é necessária ao professor a utilização de metodologias variadas\nna sala de aula, que permitam uma maior participação e motivação por parte dos estudantes,\nquanto ao conteúdo apresentado (ALENCAR, 2007). O uso de filmes é, muitas vezes, um dos\nelementos apontados como facilitadores dessa apropriação da matéria, por parte dos alunos.\nDessa forma, o presente artigo irá apresentar uma discussão teórica acerca da relação\nexistente entre cinema e educação, a partir de leitura especializada no tema e do questionário\naplicado aos alunos. Busca-se demonstrar como o uso de filmes pode ser utilizado em uma\ndisciplina que introduz a Psicanálise e o conceito de histeria aos estudantes do curso de\nPsicologia, destacando pontos favoráveis e contrários a essa metodologia. Serão demonstrados,\ntambém, os resultados de questionários aplicados aos discentes da turma, visando conhecer a\nopinião destes sobre o uso dos filmes nas aulas.\nMetodologia\nPara abordar a experiência obtida com o uso do cinema em sala, utilizou-se os métodos\nqualitativo e quantitativo. Visando ao conhecimento sobre a percepção dos alunos acerca dos\nfilmes utilizados na disciplina, foi efetuada uma pesquisa quantitativa para coletar e analisar as\nrepostas obtidas. Segundo Del-Farra e Lopes (2003), as análises quantitativas permitem mensurar\ne operacionalizar um determinado constructo, favorecendo as associações entre variáveis e a\ncomparação entre elas.\nPara isso, foram fornecidos a todos os 34 alunos da disciplina, que a haviam cursado no\nprimeiro semestre de 2016 e que tinham disponibilizado seus contatos eletrônicos, um\nquestionário online contendo onze questões com respostas objetivas, cujos itens variavam de“concordo plenamente” a “discordo plenamente”. Dezoito estudantes aceitaram participar da\npesquisa, constituindo em uma amostra de 40% do total de alunos, visto que a turma era formada\npor 45 estudantes. A identificação de cada participante foi efetuada apenas por meio do sexo e\nidade.\nA amostra foi como composta por 83,3% de participantes do sexo feminino e 16,7% do\nsexo masculino; as idades dos entrevistados variaram de 17 a 56 anos, sendo a maior parte\n(72,2% do total) constituída por jovens de 17 a 25 anos. As perguntas do questionário faziam\nreferência à relação entre o conteúdo dos filmes e os assuntos abordados em sala, tendo sido as\nrespostas analisadas com o uso do programa de análise estatística SPSS, para avaliar a\nfrequência de cada item respondido nos questionamentos propostos. De acordo com Del-Farra e\nLopes (2003), há, no entanto, uma limitação ao uso da abordagem quantitativa para análise dos\ndados, visto que priorizando esse modo de análise, pode ocorrer um deslocamento dos resultados\nobtidos em relação ao contexto onde foram produzidos, impedindo uma melhor avaliação destes.\nDessa forma, buscou-se realizar também uma pesquisa qualitativa da experiência obtida\nem sala, pois esse modo de abordagem permite uma compreensão e aprofundamento acerca dos\naspectos avaliados, buscando integrar as informações em seu conjunto (MARTINS, 2004). Para\nisso, apresenta-se o modo como os filmes foram utilizados ao longo da disciplina, relacionando\nessa experiência com referências bibliográficas relativas ao uso do cinema em sala de aula. Esses\ndados são apontados para demonstrar o contexto em que as respostas, obtidas por meio dos\nquestionários, foram produzidas, buscando promover uma melhor compreensão sobre elas.\nResultados e Discussão\nA disciplina de “Teorias II – Psicanálise” tem como objetivo inserir os alunos, ingressantes\ndo curso de Psicologia, nos conceitos básicos da teoria psicanalítica, permitindo que estes\nconheçam sobre a história desta. Criada por Sigmund Freud (1856-1939), a psicanálise teve seus\nprimórdios baseados no tratamento das histéricas, pacientes que, no final do séc. XIX, tinham\nseus sintomas desconsiderados pela Medicina, visto que não possuíam lesões anatômicas\ncapazes de explicá-los (BIRMAN, 2003).\nFreud diferenciava-se do pensamento predominante na época, pois percebia a existência\nde um sofrimento real diante dos quadros clínicos apresentados pelas pacientes com histeria.\nApós contato com os médicos Charcot (1823 – 1895) e Breuer (1842 – 1925), além dos\natendimentos clínicos que efetuava, passou a considerar que são de reminiscências que sofrem\nas histéricas, considerando existir um sentido por trás dos sintomas existentes, tendo vinculação a\nassuntos de ordem sexual (FREUD, 1909).\nDessa forma, optou-se, na disciplina, pelo uso de filmes, retratando a histeria e as\nprimeiras pesquisas de Freud, visando permitir aos alunos uma melhor compreensão de como a\nPsicanálise foi se constituindo e de como os sintomas histéricos ocorriam e eram interpretados\npela Medicina e por Freud, no final do séc XIX e no começo do séc. XX. Nesse período, arealidade social era bastante distinta e, com isso, os próprios sintomas predominantes de histeria\ndiferenciavam–se dos que são comuns na contemporaneidade, pois antes havia predomínio de\nparalisias, enquanto, hoje, prevalecem os sintomas depressivos (KEHL, 2006).\nOs filmes, Freud Além da Alma (1962) e Augustine (2012), ao unirem realidade com\naspectos fictícios, facilitam uma compreensão atual de episódios históricos, proporcionando o\nestabelecimento de uma relação entre conteúdos passados com o que é vivenciado na\natualidade. Tal fato pode ser explicado, pois o cinema “[...] condensa partes de sua cultura que\nguardará para a posteridade não como em um museu, mas com o dinamismo e atualidade que\nsão próprios da imagem. É que a imagem é sempre atual, porque quem a vê a frui com o olhar do\npresente” (ALENCAR, 2007, p. 41).\nSegundo Fabris (2008), por existir uma predominância da imagem na sociedade\ncontemporânea, as aprendizagens através do cinema ocorrem com uma maior facilidade. De\nacordo com o autor, no momento em que se acompanha um filme, é comum uma identificação do\npúblico com algumas posições assumidas pelas personagens, propiciando uma compreensão\nmais ampla acerca do contexto apresentado. Seria como se, naquele momento, o público\nvivenciasse também aquelas cenas. “Podemos entender essa experiência como uma viagem em\nque somos levados a ir a diferentes lugares, a conhecer povos, línguas, costumes, que se\ndistanciam ou se aproximam das nossas experiências culturais” (Ibidem, p. 118-119).\nNa disciplina de “Teorias II”, os filmes utilizados, por falarem de pacientes histéricas do\nfinal do séc. XIX, relatando ainda, em Freud Além da Alma (1962), os trabalhos iniciais de Freud,\nforam utilizados como uma exemplificação de como eram os sintomas histéricos, o seu\ntratamento, a sociedade em que a Psicanálise se originou, bem como os percursos que essa\nteoria atravessou até ser constituída.\nPorém, o filme pode ter uma utilização que ultrapassa a mera ilustração do conteúdo. De\nacordo com Alencar (2007), o uso de filmes não deve ser apenas um recurso metodológico, para\nilustrar a teoria, mas uma própria metodologia de ensino, já que o cinema permite a abertura a\ndiscussões e promove a motivação dos alunos. Tal fato ocorre, pois, por meio dos longas-\nmetragens, alunos e professores podem assumir uma posição de diálogo, em que ambos\nparticipam ativamente do processo de apreensão do conteúdo, permitindo entrelaçar fatos do\npassado com os do presente.\nBuscou-se, na disciplina, promover essas discussões após a exibição dos filmes,\npermitindo aos alunos exporem suas reflexões e dúvidas, bem como articulando, através do\ndiálogo com a professora, o conteúdo dos longas-metragens com os assuntos estudados em sala\npor meio dos textos e das aulas expositivas. Essa discussão facilitada pelo professor é\nfundamental à compreensão daquilo que se quer transmitir aos alunos a partir do cinema, pois,\ncomo aponta Rosa (2000), os recursos audiovisuais não constituem, isoladamente, fontes de\nconhecimento capazes de proporcionar uma compreensão completa acerca do conteúdo, sendo\nindispensável uma atividade reflexiva sobre o material exposto.O próprio modo de constituição dos filmes também exige que essa abertura à discussão\nseja efetuada, pois estes reconstroem a realidade, não sendo uma reprodução fiel dela (KORNIS,\n1992). O cinema representa o real partindo de uma linguagem própria, onde a ficção e a realidade\nse misturam, através de um conjunto de seleções organizadas por aqueles que o produzem. Nos\nfilmes vistos em sala, tal aspecto foi evidenciado, visto que algumas cenas não ocorreram de fato\ncomo foram exibidas, sendo buscado esclarecer esses pontos através das discussões facilitadas.\nQuanto a esse aspecto, de acordo com os questionários aplicados aos estudantes, 83,4%\ndos alunos discordaram ou discordaram plenamente, diante da afirmação de que os filmes\nprejudicaram a compreensão do assunto, por não diferenciarem verdade e ficção. Já 66,7% dos\nentrevistados afirmaram concordar plenamente ou concordar que sem a discussão posterior em\nsala de aula, acerca do conteúdo abordado pelos filmes, não seria possível compreender a\nhisteria apenas através deles.\nSobre o papel de Charcot e de Breuer para a constituição da Psicanálise, 94,4% dos\nentrevistados afirmaram concordar ou concordar plenamente que os filmes facilitaram o\nentendimento relativo ás influências desses pesquisadores para a teoria psicanalítica.\nQuanto ao modo como as histéricas se apresentavam na época de Freud, à forma de\ntratamento conferido a elas e à maneira como os sintomas se manifestavam naquele período,\n100% dos entrevistados concordaram ou concordaram plenamente que os filmes facilitaram uma\nvisualização desses aspectos. Na amostra, 94,4% concordaram ou concordaram plenamente que\nos filmes facilitaram a compreensão sobre o modo como Freud concebia os sintomas da histeria.\nQuando perguntados acerca do uso do cinema enquanto metodologia de ensino, 88,9%\ndos pesquisados concordaram ou concordaram plenamente que os filmes ajudaram a aumentar o\nseu interesse pelos assuntos trabalhados na disciplina. Dos estudantes entrevistados, somente\n33,4% discordaram ou discordaram plenamente que as aulas de exibição dos filmes são tão\nimportantes quanto às demais aulas.\nSobre essa relevância da aula com o uso do cinema como metodologia, Alencar (2007)\ndestaca que o planejamento, por parte do professor, é essencial para que os objetivos esperados\nsejam atingidos e para que a aula tenha sua importância compreendida. Desse modo, não deve\nser exibido um filme qualquer, mas sim aqueles que estejam vinculados aos assuntos trabalhados,\npropiciando discussões sobre esses conteúdos. Isso foi realizado na disciplina, ao serem\nescolhidos filmes ligados ao tema, apontando os aspectos históricos da histeria e da Psicanálise.\nConclusão\nPor meio da realização desta pesquisa, foi possível concluir que o uso dos filmes pode ser\numa forma eficaz enquanto metodologia de ensino dos aspectos históricos sobre a histeria e os\nprimórdios da teoria psicanalítica. Porém, o cinema não deve ser utilizado somente como um\nrecurso ilustrativo do assunto, mas sim com um meio que proporcione discussões em sala de\naula, capazes de associar as imagens vistas com o material estudado, permitindo maior\nparticipação dos alunos e consequente apropriação do conteúdo.Na disciplina de “Teorias II – Psicanálise”, por meio da aplicação de questionários,\npercebeu-se que um número significativo de alunos da amostra pesquisada considerou o uso dos\nfilmes como facilitadores na compreensão da histeria e dos sintomas que eram predominantes, na\népoca em que Freud iniciou o percurso de constituição da Psicanálise.\nObservou-se também, através das referências utilizadas e dos questionários, que o\nplanejamento das aulas, com uma escolha pensada dos filmes e a discussões sobre eles, tal\ncomo ocorreu ao longo da disciplina que originou este artigo, são essenciais para que os alunos\npossam de fato compreender o assunto proposto. Esse aspecto é essencial devido à própria\nlinguagem cinematográfica, que une realidade à ficção, não devendo ser usada como um recurso\nisolado de ensino.\nAssim, percebe-se a necessidade, na prática docente, de unir outras metodologias às\naulas expositivas, para que os estudantes possam ter maior compreensão e motivação acerca do\nconteúdo trabalhado.\nReferências\nALENCAR, Silvia E. P. O cinema na sala de aula: uma aprendizagem dialógica da disciplina\nhistória. Dissertação de mestrado. Faculdade de Educação. Universidade Federal do Ceará.\nFortaleza/CE. 2007.\nANASTASIOU, Léa das Graças C. Ensinar, aprender, apreender e processos de ensinagem. In\nANASTASIOU, Léa das Graças C. e ALVES, Leonir Pessate. Processos de ensinagem na\nuniversidade. Joinville: Editora Univille, 2003.\nBIRMAN, Joel. Freud e a Filosofia. Rio de Janeiro: Jorge Zahar, 2003.\nFABRIS, Elí Henn. Cinema e Educação: Um caminho metodológico. Educação e Realidade, Rio\nGrande do Sul, v. 33, n.1, p. 117-134, jan/jun 2008.\nFREUD, S. Cinco Lições de Psicanálise (1910 [1909]). In: Obras Completas de Sigmund Freud.\nRio de Janeiro: Imago, 1989.\nKEHL, Maria Rita. O tempo e o cão: A atualidade das depressões. São Paulo: Boitempo, 2009.\nKORNIS, Mônica Almeida. História e Cinema: Um debate metodológico. Estudos Históricos, Rio\nde Janeiro, v. 5, n. 10, p. 237-250, 1992.\nMARTINS, Heloisa H. T. S. Metodologia Qualitativa de Pesquisa. Educação e Pesquisa, São\nPaulo, v.30, n.2, p. 289-300, maio/ago. 2004.\nROSA, Paulo R. S. O uso dos recursos audiovisuais e o ensino de ciências. Caderno\nCatarinense de Ensino de Física, Santa Catarina, v. 17, n. 1, p. 33-49, abr, 2000.\nAgradecimentos\nAgradeço à Universidade de Fortaleza e à professora Rosane Muller, pelas orientações e\nensinamentos durante o período de monitoria. Agradeço também aos alunos da disciplina de\n“Teorias II” pela participação, possibilitando a realização desta pesquisa."
}