{
  "id": "27179",
  "trabalho": "A IMPORTÂNCIA DO USO DE METODOLOGIAS ATIVAS NO PROCESSO DE APRENDIZAGEM: UM RELATO DE MONITORIA",
  "area": "CIÊNCIAS DA VIDA",
  "ano": "2016",
  "evento": "XVI - ENCONTRO DE INICIAÇÃO À DOCÊNCIA",
  "link": "http://uol.unifor.br/oul/conteudosite/?uuid=1A443BE1AED3DB0B3B545DDC08ACB4E687C9D9F8",
  "conteudo": "XVI Encontro de Iniciação à Docência\nUniversidade de Fortaleza\n17 a 20 de outubro de 2016\nA IMPORTANCIA DO USO DE METODOLOGIAS ATIVAS NO\nPROCESSO DE APRENDIZAGEM UM RELATO DE MONITORIA.\nKatherine Lopes de Souza Abreu (ID) 1*, Luiza Valeska de Mesquita Martins (PIBIC/CNPQ)\n2, Susana Vasconcelos Acioli Lins Rocha (PO)\n1. Curso de Psicologia – Programa de Monitoria – Universidade de Fortaleza\n2. Universidade de Fortaleza – PIBIC/CNPQ\nabreukatherine14@gmail.com, valeskamesquita@hotmail.com\nPalavras-chave Metodologias ativas. Experiência no Programa de Monitoria. Aprendizagem.\nResumo\nEsse artigo foi desenvolvido para o Programa de Monitoria da Universidade de Fortaleza\n(UNIFOR), com o intuito de descrever nossa experiência como monitoras do primeiro\nsemestre de 2016. Buscamos por meio de pesquisa bibliográfica unir nossa experiência ao\ntema de metodologias ativas que compreende em técnicas que facilitam a aprendizagem do\naluno e uma maior interação entre aluno e monitor. Durante o semestre fomos monitoras da\ndisciplina de Psicologia da Adolescência, Vida Adulta e Velhice que compreende as fases da\nvida, assim acompanhamos duas professoras da mesma disciplina e buscamos aprender\nmais sobre o que é ser docente e como utilizar dessas técnicas ativas. Assim, ressaltamos a\nimportância de ter e de ser um monitor tanto em sala de aula, quanto fora dela.\nIntrodução\nEste trabalho foi realizado para o Programa de Iniciação à Docência a partir do\nPrograma de Monitoria fornecido pela Universidade de Fortaleza (UNIFOR). A finalidade do\nprograma de monitoria é favorecer a participação dos alunos na execução de projetos de\nensino e ampliar experiências na vida acadêmica, aproximando-os, assim, de alguns eixos\nque compõem a universidade, como ensino e pesquisa. Além de incentivar a melhoria no\nprocesso ensino/aprendizagem, o programa de monitoria fortalece a relação aluno/aluno,\naluno/professor e aluno/professor/universidade. Os princípios desse programa são\nrelacionamento e integração, pesquisa e práticas de pesquisa e aprendizagem.\nUma das exigências desse programa é a elaboração de um artigo que retrate nossa\nexperiência na monitoria, destacando os métodos utilizados para a melhoria do aprendizado\ndo aluno tanto em sala como em horário extra e, em nosso caso particular, abordaremos\ntemas relacionados as metodologias ativas, em outras palavras, falaremos sobre como omonitor pode contribuir na aprendizagem dos alunos e quais as metodologias que auxiliam\nesse trabalho.\nAs metodologias ativas são uma forma de facilitar no processo ensino/aprendizagem, é\na tentativa de deixar as aulas mais dinâmicas e não mais aulas expositivas em que somente\no professor expressa seu conhecimento, sua opinião e o aluno é um sujeito passivo e que\nestá na aula como ouvinte, sem participação. Esse método, desmistificando isso, vem trazer\no aluno com um papel ativo em que ele participa e impõe sua opinião nos assuntos discutidos,\nfazendo a aprendizagem ser uma via de mão dupla, aonde o conhecimento vai e vem sendo\ncompartilhado por todos. Dessa forma e com o acompanhamento do professor e monitor é\npossível compreender as facilidades e as dificuldades de cada aluno e acompanha-lo, fazendo\ncom que cada aprenda em seu tempo. Esse tipo de metodologia favorece uma aprendizagem\nmais flexível, não mais aquela situação em que o professor expõe um conteúdo e avalia os\nalunos igualmente. (MORÁN, 2015)\nFalaremos assim, do nosso papel, experiência e crescimento como monitor na\nconstrução de uma educação facilitadora, não mais bancária, que cresce de ambos os lados\ne que é necessária para uma aprendizagem significativa e para um melhor aproveitamento\ndas oportunidades que a universidade oferece.\nMetodologia\nEsse artigo traz informações referentes ao nosso primeiro semestre como monitoras,\nque compreende de fevereiro a junho de 2016. Durante esse período acompanhamos a\ndisciplina Psicologia da Adolescência, Vida Adulta e Velhice, que traz aspectos sobre as fases\nde vida e desenvolvimento do sujeito, sendo assim, acompanhamos duas professoras da\nmesma disciplina, podendo ter uma visão de métodos diferentes diante do mesmo assunto,\nmétodos esses que nos ajudaram a compreender melhor o que é ser professor e quão\nimportante é ter uma boa didática e bom relacionamento com os alunos.\nAssim, é essencial que o professor mantenha seu esforço em procurar oferecer um\nprocesso de aprendizagem que inclua atividades interativas que aproximem os alunos uns\ndos outros e os alunos ao próprio professor, facilitando o diálogo e abrindo oportunidade para\nque o aluno traga seu conhecimento e perspectiva diante determinado tema. Diante disso,\nuniremos nosso relato da monitoria a importância da utilização de metodologias ativas para o\naprendizado em sala de aula. Essas metodologias podem ser definidas como “processos\ninterativos de conhecimento, análise, estudos, pesquisas e decisões individuais ou coletivas,\ncom a finalidade de encontrar soluções para um problema” (Berbel apud Bastos, 2011).\nUtilizamos para nossa produção o método qualitativo, mais especificamente a pesquisa\nbibliográfica, buscando uma melhor sincronia entre a nossa experiência e os conteúdos\nteóricos sobre o assunto que abordaremos. A pesquisa bibliográfica, é desenvolvida a partir\nde material já elaborado, constituído principalmente por livros e artigos científicos, sobre otema específico ou sobre algo relacionado e que sirva de ponto de partida para o\ndesenvolvimento do assunto central (GIL, 2008).\nResultados e Discussões\nEm nossa prática no Programa de Monitoria nos deparamos com metodologias\ndiferentes. Ambas nossas professoras trabalham bastante com grupos, pois acreditam que\nessa forma de trabalho é melhor tanto na interação entre os próprios alunos quanto na\naprendizagem, que quando utilizadas certas metodologias, é significativa. Uma das\nmetodologias utilizadas foi o estudo de caso em que os alunos precisavam pôr em prática\nseus conhecimentos sobre o assunto que no caso era sobre as crises que os adolescentes\nsofrem nessa fase de acordo com a perspectiva naturalista, uma das professoras utilizou para\nexemplificar esse estudo e comprovar o conhecimento dos alunos que os mesmos criassem\nquadrinhos que foi possível observar a criatividade na resolução de problemas.\nAs metodologias ativas têm o potencial de despertar a curiosidade, à medida\nque os alunos se inserem na teorização e trazem elementos novos, ainda não\nconsiderados nas aulas ou na própria perspectiva do professor. Quando\nacatadas e analisadas as contribuições dos alunos, valorizando-as, são\nestimulados os sentimentos de engajamento, percepção de competência e\nde pertencimento, além da persistência nos estudos, entre outras. (BERBEL,\np.28)\nA aprendizagem com o Estudo de Caso é utilizada em vários cursos como Direito,\nMedicina, Administração e Psicologia para aplicação do conhecimento teórico em um evento\nprático, dessa forma,\n...o aluno é levado à análise de problemas e tomada de decisões. Conforme\nAbreu e Masetto (1985, p. 69), “o caso pode ser real, fictício ou adaptado da\nrealidade”. Os alunos empregam conceitos já estudados para a análise e\nconclusões em relação ao caso. Pode ser utilizado antes de um estudo\nteórico de um tema, com a finalidade de estimular os alunos para o estudo.\nO estudo de caso é recomendado para possibilitar aos alunos um contato\ncom situações que podem ser encontradas na profissão e habituá-los a\nanalisá-las em seus diferentes ângulos antes de tomar uma decisão.\n(BERBEL, 2011, p. 30-31)\nA atividade realizada por uma das professoras foi de trazer pequenos textos que\nabordasse os principais sintomas relatados por Knobel e Aberastury (1981) que os\nadolescentes passam de acordo com a abordagem naturalista. Dessa forma, os alunos tinham\nque ler e identificar qual a crise que o texto se referia, posteriormente, os alunos tinham que\ncriar quadrinhos a partir do programa Toondoo disponível na internet, que exemplificasse\naquela mesma crise. Depois de criado, eles apresentariam em sala para os outros colegas.\nPodemos mencionar também como metodologia utilizada, pela outra professora, um\ntrabalho em grupo que proporcionou a ida dos alunos a campo para entrevistar pessoas em\ndiferentes fases da vida. A entrevista seguia um roteiro de perguntas relacionadas à vida e as\nvivências do entrevistado, assim os alunos deveriam fazer uma relação entre o relato do\nentrevistado com pontos que julgavam mais importantes do texto, formando um elo entreconteúdo teórico e prática, após esse processo os alunos apresentavam o que colheram para\nos outros alunos.\nEsse método coloca os alunos em um papel fundamental em nossa futura profissão, o\nde observador e de analisador do que irá colher, tendo que usar de conhecimento e\ncriatividade para explanar o conteúdo colhido.\nAs metodologias precisam acompanhar os objetivos pretendidos. Se\nqueremos que os alunos sejam proativos, precisamos adotar metodologias\nem que os alunos se envolvam em atividades cada vez mais complexas, em\nque tenham que tomar decisões e avaliar os resultados, com apoio de\nmateriais relevantes. Se queremos que sejam criativos, eles precisam\nexperimentar inúmeras novas possibilidades de mostrar sua iniciativa.\n(MORÁN, 2015, p.17)\nO desenvolvimento de trabalhos em grupo é bastante importante para que se estabeleça\num vínculo entre os alunos, sendo possível que se formem novas amizades e até que se\nconheçam melhor, considerando que futuramente serão colegas de profissão e precisarão de\numa gama de conhecimento que inclui profissionais da mesma área. Ressaltamos também\nnossa experiência em participar dessas atividades, apoiando os alunos durante a produção e\ntirando possíveis dúvidas relacionadas ao conteúdo e a metodologias de apresentação, por\nexemplo. Assim, as atividades em grupo aproximam tanto aluno com outros alunos, aluno\ncom professor, como também aluno e monitor, permitindo nossa atuação constantemente.\nA utilização de metodologias ativas no processo de ensino- aprendizagem é importante\nnão apenas na vida estudantil, seja para o aluno de ensino fundamental, médio ou até\ngraduação, mas para a vida, contribuindo para que o sujeito saiba desenvolver sua\ninteligência emocional e assim saber se sobressair em situações em que se exige maior\ntolerância, desenvolvimento em grupo, desenvolvimento de vínculos, criatividade e até\nliderança.\nO trabalho do monitor que se resume em auxiliar tanto o professor quanto o aluno,\nbuscando tornar clara, rápida e aberta a relação entre ambos, é facilitada quando se considera\no aluno como sujeito principal, buscando que ele construa uma aprendizagem significativa.\nAssim, sua participação em sala se torna constante, as aulas tomam um percurso onde todos\ntrazem suas contribuições, onde todos ensinam e aprendem, tornando o ambiente propício e\nagradável.\nMuitas vezes a relação entre aluno e monitor se torna mais constante levando em conta\nque o aluno se sente mais à vontade já que o monitor também é um aluno. O monitor deve\nbuscar formas mais simplificadas de se ensinar e buscar tirar determinada dúvida que o aluno\ntenha, ressaltando nesse exercício a aprendizagem em ambas as partes.\nMuitas vezes os próprios alunos se sentem mais a vontade de consultar seus\ncompanheiros para tirar dúvidas. As pesquisas sobre aprendizagem\ncooperativa vêm mostrar como os alunos aprendem com seus colegas,\nrepresentando uma rica estratégia de se estimular esse apoio mútuo\n(SLAVIN, 1990).O monitor é um aluno, participa da cultura própria dos alunos, que tem\ndiferenças com a dos professores. A interação daquele com a formação dos\nalunos da disciplina tende a favorecer a aprendizagem cooperativa,\ncontribuindo com a formação dos alunos e do próprio monitor. (NUNES, 2005,\np.53)\nDessa forma, a interação entre ambas as partes é de grande importância, os trabalhos\nem grupo e as dificuldades e desafios que o mesmo apresenta para o seu desenvolvimento\ninfluenciam no relacionamento entre os próprios alunos, aluno-professor e aluno-monitor-\nprofessor. Os estudos de caso, já citados anteriormente, também são uma maneira de\n“desafiar” os alunos em sua resolução.\nAlguns componentes são fundamentais para o sucesso da aprendizagem a\ncriação de desafios, atividades, jogos que realmente trazem as competências\nnecessárias para cada etapa, que solicitam informações pertinentes, que\noferecem recompensas estimulantes, que combinam percursos pessoais\ncom participação significativa em grupos que se inserem em plataformas\nadaptativas, que reconhecem cada aluno e ao mesmo tempo aprendem com\na interação, tudo isso utilizando as tecnologias adequadas (MORÁN, 2015,\np.18)\nOutro ponto importante sobre as metodologias ativas é que\nA implementação dessas metodologias pode vir a favorecer uma motivação\nautônoma quando incluir o fortalecimento da percepção do aluno de ser\norigem da própria ação, ao serem apresentadas oportunidades de\nproblematização de situações envolvidas na programação escolar, de\nescolha de aspectos dos conteúdos de estudo, de caminhos possíveis para\no desenvolvimento de respostas ou soluções para os problemas que se\napresentam alternativas criativas para a conclusão do estudo ou da pesquisa,\nentre outras possibilidades.\nAs atividades realizadas proporcionaram uma aprendizagem lúdica, os alunos se\ndivertiram e aprenderam o conteúdo, foi possível perceber o conhecimento adquirido pelos\nestudantes na realização das avaliações onde as notas foram significativas.\nConsiderações Finais\nA oportunidade de ser monitor de uma disciplina que você gosta e se identifica é um dos\neixos que tornam nossa graduação mais completa, com essa experiência nos aproximamos\ndas funções que o docente exerce tentando ajudar no que fosse possível e facilitando a\ncomunicação entre esse e seus discentes.\nSer monitor nos trouxe a certeza de que esse papel é muito importante, tanto ser quanto\nter um monitor em sala, muitas vezes, torna a disciplina mais leve, agradável e todos ganham.\nO aluno monitor ajuda tanto o professor, o outro aluno, quanto a si mesmo, pois ao buscar\nsoluções para as dificuldades do outro está aumentando seu leque de conhecimento e\ntornando a aprendizagem evolutiva.\nNo decorrer do semestre como monitoras percebemos, também, a importância de se\nutilizar metodologias ativas buscando uma maior integração do aluno em sala. Sendo assim,\nidentificamos em ambas as professoras um esforço em utilizar de tal técnica e promover tal\nintegração, nós enquanto alunas, sentimos que há uma maior aceitação de conteúdo quandoesse vem acompanhado de um método dinâmico, seja o mais simples que for e não foi\ndiferente ao observarmos os outros alunos.\nReferências\nABERASTURY, Arminda et. al. KNOBEL, Maurício. Adolescência Normal. Um enfoque\npsicanalítico. Porto Alegre, Artmed Editora, 1981.\nBERBEL, N. A. N. As metodologias ativas e a promoção da autonomia de estudantes.\nSemina Ciências Sociais e Humanas, v.32, n.1, p. 25-40. Londrina, 2011.\nGIL, Antonio Carlos. Como elaborar projetos de pesquisa. 5. ed. São Paulo: Atlas, 2008.\nMORÁN, J. Mudando a educação com metodologias ativas. Coleção Mídias\nContemporâneas, Convergências Midiáticas, Educação e Cidadania aproximações jovens\nv.2. Paraná, 2015.\nNUNES, J. B. C. Monitoria acadêmica espaço de formação. Coleção Pedagógica n.9, p.\n45-57. Rio Grande do Norte, 2005.\nRABELLO, C. R. L. Aprendizagem na educação a distância: dificuldades dos discentes\nde licenciatura em ciências biológicas na modalidade semipresencial. UFRJ – Núcleo de\nTecnologia Educacional para a Saúde, p. 34-46. Rio de Janeiro, 2007.\nToondoo. World’s fastest way to create cartoons. Disponível em http://www.toondoo.com/.\nAcesso em 20 de Agosto de 2016.\nAgradecimentos\nAgradecemos às nossas professoras/orientadoras Susana Vasconcelos e Roberta\nCavalcante que nos acompanharam durante esse período de experiências no Programa de\nMonitoria coordenado pela professora Soraya Rocha. Agradecemos também a Universidade\nde Fortaleza que disponibiliza um programa desse nível onde nós, graduandos, podemos\nexperimentar, um pouco, como é o trabalho do professor universitário e auxiliar no processo\nde aprendizagem entre aluno e professor."
}