{
  "id": "27189",
  "trabalho": "O PROGRAMA ALFABETIZAÇÃO NA IDADE CERTA-PAIC E O TRABALHO PRESCRITO PARA OS PROFESSORES ALFABETIZADORES",
  "area": "CIÊNCIAS DA VIDA",
  "ano": "2016",
  "evento": "XVI - ENCONTRO DE PÓS-GRADUAÇÃO E PESQUISA",
  "link": "http://uol.unifor.br/oul/conteudosite/?uuid=EFF46DA120007D1042C70CEBF97BF2CA5E70892F",
  "conteudo": "XVI ENCONTRO DE PÓS-GRADUAÇÃO E PESQUISA\nUniversidade de Fortaleza\n17 a 20 de outubro de 2016\nO Programa Alfabetização na Idade Certa-PAIC e o trabalho prescrito\npara os professores alfabetizadores\nRoberta da Silva1* (PG), Tereza Glaucia Rocha Matos2 (PQ)\n1Doutorado em Psicologia, Universidade de Fortaleza, Fortaleza-CE;\n2Programa de Pós-Graduação em Psicologia, Universidade de Fortaleza, Fortaleza-CE.\nrobertaacopiara@yahoo.com.br\nPalavras-chave: PAIC. Trabalho prescrito. Professores.\nResumo\nO presente trabalho objetivou identificar o trabalho prescrito para os professores alfabetizadores, a partir das\nações e metas previstas no Programa Alfabetização na Idade certa-PAIC, à luz dos pressupostos teóricos\nda Psicodinâmica do Trabalho. Foram apresentadas as etapas de formulação e implementação do\nPrograma, que consiste em uma política educacional do Estado do Ceará, descrevendo-se suas diretrizes,\nobjetivos e metas, bem como os eixos que o estruturam: gestão, avaliação externa, educação infantil,\nformação do leitor e alfabetização. A pesquisa qualitativa caracteriza-se como exploratória e utilizou como\ntécnica para coleta de dados a análise documental. Os dados foram analisados mediante a análise de\nconteúdo de Bardin (2011), considerando o objetivo proposto para o trabalho. Os resultados apontam para\num conjunto significativo de prescrições para o trabalho dos professores, implicando em sobrecarga de\ntrabalho, uma das portas ara os processos de adoecimento.\nIntrodução\nO PAIC é uma política educacional do Estado do Ceará, instituída pela Lei Nº 14.026, de 17.12.07, a\nqual prevê, em seu artigo 1º, a prestação de cooperação técnica e financeira aos municípios cearenses, com\nvistas à melhoria dos resultados de aprendizagem. Sob a coordenação da Secretaria de Educação do\nEstado do Ceará (SEDUC), foi implementado em regime de colaboração com os 184 municípios cearenses,\nmediante a assinatura de um protocolo de intenções datado de 24 de maio de 2007. Os prefeitos municipais\nfirmaram compromisso com o Estado, sendo, na oportunidade, definidas as competências e\nresponsabilidades dos partícipes, estabelecendo-se as diretrizes, normas e procedimentos a serem\nadotados, bem como as prioridades diante do acordo firmado. (Protocolo de Intenções, 2007).\nO Programa desenvolve ações articuladas, distribuídas em cinco eixos estruturantes: gestão\nmunicipal, avaliação externa, formação do leitor, educação infantil e alfabetização. (Lei 14.026, art. 3º). Os\neixos oferecem subsídios para o desenvolvimento das ações de formação continuada de professores,\norientando-a quanto aos aspectos previstos na totalidade dos eixos. (Silva, 2013).\nO Eixo da Gestão Municipal da Educação tem como objetivo fortalecer a autonomia da gestão local,\npriorizando a aprendizagem dos alunos, apresentando como objetivos: elevar o Índice de Desenvolvimento\nda Educação Básica (IDEB) das séries iniciais, reduzir o abandono e evasão escolar e corrigir o fluxo\nescolar. O eixo também propõe uma política de formação de professores em serviço, com foco em uma\ncultura de gestão escolar eficaz e na capacidade de diagnosticar, planejar, monitorar e reorganizar\nprocessos de gestão (PAIC, 2012).\nO Eixo da Avaliação Externa é apresentado pelo Programa como imprescindível para a elaboração\nde propostas de intervenção pedagógica, apresentando como objetivos a disseminação da avaliação externa\n1no município como ferramenta para definição de políticas e estruturação de equipe de avaliação externa nas\nSecretarias Municipais de Educação- SME. (PAIC, 2012).\nO Eixo da Formação do Leitor busca estimular o hábito da leitura em alunos e professores,\ncontribuindo para o desenvolvimento da alfabetização dos alunos, objetivando ainda a implementação de\ncantinhos de leitura em 100% das salas de aula do 1° e 2º ano, bem como acompanhar 100% das crianças\nde 1º e 2º ano para que leiam, no mínimo, cinco títulos de literatura infantil a cada ano letivo (PAIC, 2012).\nO Eixo da Educação Infantil entende essa etapa da escolaridade como de extrema relevância para o\nsucesso escolar dos alunos nas etapas escolares posteriores, apresentando como objetivo “ampliar o\natendimento das crianças de zero a três anos de idade e atender 100% das crianças de quatro e cinco anos\nde idade” (PAIC, 2012, p.77).\nO Eixo da Alfabetização objetiva “Alfabetizar 100% das crianças até o final do 2º ano, com\ncomprovação por meio do Sistema Permanente de Avaliação da Educação Básica do Ceará Alfabetização\n(Spaece-Alfa) e alfabetizar os alunos não alfabetizados de 3º ao 9º ano” (PAIC, 2012, p.77). O cumprimento\ndesse objetivo dar-se-á mediante o desenvolvimento das ações de formação de professores e aquisição de\nmateriais estruturados.\nA política de formação de professores visa ao estímulo do compromisso dos professores\nalfabetizadores com a aprendizagem das crianças e ainda rever os planos de cargos, carreira e\nremuneração do magistério, com prioridade aos incentivos para a função de professor alfabetizador de\ncrianças a partir de critérios de desempenho. (Protocolo de Intenções, 2007).\nO monitoramento das ações do Programa é entendido como uma estratégia importante para\nredefinir as ações e identificar os aspectos que precisam de maior apoio. (PAIC, 2012). As ações de\nmonitoramento são realizadas nos níveis: escola-escola, quando diretores, coordenadores e professores\nacompanham os processos e resultados de aprendizagem na própria escola; município-escola, coordenado\npelo gerente municipal e equipe PAIC por meio de reuniões e acompanhamento de indicadores das escolas;\nCoordenadorias-municípios, quando o monitoramento é realizado pela equipe regional juntamente com a\nequipe municipal através de reuniões e acompanhamento de indicadores e SEDUC-Coordenadorias,\nrealizado mensalmente com as gerentes regionais. (Silva, 2013).\nA abordagem da Psicodinâmica do Trabalho busca analisar as relações entre trabalho e\nsubjetividade, destacando-se, dentre suas implicações, a compreensão das consequências humanas do\ncontexto neoliberal em que hoje se situa o trabalho. O trabalho, na abordagem da psicodinâmica, é a ação\ndo sujeito, “é aquilo que implica, do ponto de vista humano, o fato de trabalhar: gestos, saber-fazer, um\nengajamento do corpo, a mobilização da inteligência, a capacidade de refletir, de sentir, de pensar e de\ninventar.” (Dejours, 2004, p. 28).\nA Psicodinâmica do Trabalho concebe organização do trabalho como a divisão do trabalho e o\nconteúdo da tarefa bem como as relações de poder que envolvem a estrutura hierárquica e as modalidades\nde comando, além das questões de responsabilidade. As condições de trabalho referem-se ao ambiente\nfísico, químico e biológico, as condições de higiene e de segurança do posto de trabalho. As relações de\ntrabalho dizem respeito ao relacionamento hierárquico, com as chefias e com o demais trabalhadores\n(Mendes, 2007).\nPara Dejours (2004), há uma discrepância entre a tarefa prescrita e a realidade concreta da situação\nde trabalho; um hiato entre a organização do trabalho prescrita e a real, uma contradição que se apresenta\nentre uma e outra. A organização do trabalho real implica, portanto, no afastamento das prescrições, para\nque o indivíduo realize a atividade de acordo com sua interpretação. (Dejours, 2008).\n2O prescrito equivale ao que antecede a execução da tarefa, satisfazendo uma necessidade de\norientação, instrução e controle. O trabalho real diz respeito ao momento de execução, à atividade que o\ntrabalhador realiza. Entre a prescrição e a execução, é o trabalhador que atua como uma espécie de\n“variável de ajuste”, pois é ele que, diante das condições de trabalho, ao se deparar com a realidade, decide,\na partir das regras impostas, o que fazer para atingir os objetivos propostos. (Mendes & Facas, 2011).\nConsiderando que o Programa Alfabetização na Idade Certa se insere no campo das políticas\npúblicas educacionais, cuja formulação, estrutura, objetivos, metas e ações estabelecidos relacionam-se ao\ntrabalho dos professores, elege-se como pergunta norteadora do estudo: “Quais as prescrições do\nPrograma Alfabetização na Idade Certa-PAIC para o trabalho dos professores alfabetizadores?”\nMetodologia\nA pesquisa de cunho qualitativo caracteriza-se como exploratória e objetivou identificar o trabalho\nprescrito para o professor alfabetizador a partir das ações e metas propostas pelo Programa.\nA técnica utilizada para coleta de dados foi a análise documental, mediante análise de documentos\nque normatizam o Programa e que estabelecem a parceria firmada entre Estado e municípios, bem como\ndos referenciais que estabelecem os objetivos, metas e ações previstas.\nOs dados foram analisados através da análise de conteúdo (Bardin, 2011), mediante análise\ntemática, buscando as unidades de significação a partir do objetivo proposto. Na etapa de pré-análise, os\ndocumentos foram selecionados considerando o enfoque atribuído à pesquisa. Na etapa de exploração do\nmaterial, as temáticas de maior relevância para o estudo foram identificadas e apresentadas na Tabela 1,\nseguida das discussões.\nResultados e Discussão\nApós a exploração dos dados coletados através da análise documental, foram identificadas as\nprescrições para o trabalho dos professores alfabetizadores por eixo do Programa, expostas no quadro 1.\nQuadro 1: As prescrições para o trabalho do professor alfabetizador por eixo do PAIC\nEixos Prescrições para o trabalho docente\nGestão Municipal Redução dos indicadores de evasão e repetência;\nMelhoria dos indicadores de desempenho e aprendizagem;\nAtendimento a turmas com maiores quantidades de alunos;\nAtendimento às propostas de trabalho estabelecidas em virtude da política de\nacompanhamento e monitoramento desenvolvida nas escolas; Participação do\nprocesso de formação continuada em serviço.\nAvaliação Atendimento a turmas com grande quantidade de alunos;\nAssumir responsabilidade pelos resultados observados;\nConsideração dos resultados das avaliações externas, para a realização do trabalho\nem sala de aula;\nRealização de tarefas programadas com base nos indicadores produzidos;\nRealização de avaliações diagnósticas para produção de indicadores de desempenho.\nFormação do Leitor Cumprimento da meta da quantidade mínima de livros lidos pelos alunos;\nProdução de textos voltados às ações do eixo; Participação de oficinas de leituras;\nDirecionamento das atividades de leitura para a realização das avaliações externas.\nParticipação obrigatória em programa de formação continuada;\nEducação Infantil\nAtendimento a um maior número de crianças por turma.\nAlfabetização Participação obrigatória do processo de formação continuada;\nAlfabetização de 100% dos alunos atendidos;\nAtendimento à política de acompanhamento pedagógico.\nFonte: Elaborado pela autora.\nAs ações e metas previstas em cada eixo estruturante do PAIC sinalizam para as prescrições\nrelacionadas ao trabalho dos professores. Embora seja possível observar que as ações e metas estejam\n3estabelecidas no âmbito dos municípios, a estrutura hierárquica de gestão educacional e a divisão das\ntarefas características da organização do trabalho permitem inferir que o conjunto de ações do Programa é\ntraduzido, em última instância, em tarefas prescritas aos docentes, para execução em sala de aula.\nAs prescrições apresentadas corroboram com os pressupostos teóricos da Psicodinâmica do\nTrabalho que destaca, no âmbito da organização do trabalho, uma divisão do trabalho em trabalho de\nconcepção ou planejamento e de execução. (Mendes & Facas, 2011). É o que se percebe ao analisar o\nconjunto de ações e metas do PAIC, o estabelecimento de perspectivas de resultados a serem alcançados,\nque são transpostos e ajustados às tarefas prescritas para os professores alfabetizadores. Para Dejours\n(2008), a prescrição não contempla a totalidade da realidade de trabalho, exigindo do trabalhador a\ncapacidade de interpretar e gerir as situações vivenciadas diante dos objetivos postos. A atividade é sempre\num momento de interpretação e de manifestação do saber-fazer por parte do trabalhador.\nEm relação ao eixo da gestão municipal, compreendem-se como prescrições para o trabalho dos\nprofessores alfabetizadores: a redução dos indicadores de evasão e repetência, responsáveis pela correção\ndo fluxo escolar, que incide sobre o IDEB observado nas escolas. As ações desenvolvidas para melhoria dos\nindicadores de desempenho e aprendizagem constituem-se, na verdade, em um conjunto de tarefas\nprescritas, traduzidas em grande parte no trabalho pedagógico realizado pelos professores.\nAs prescrições se estendem ao atendimento a turmas com maiores quantidades de alunos, em\ndecorrência da nucleação das escolas, processo que visa à desativação de prédios escolares e\nremanejamento de alunos para escolas mais próximas, o que pode representar ampliação da matrícula.\nDestaca-se ainda a necessidade de atendimento, à risca, às propostas de trabalho estabelecidas pelo\nPrograma em virtude da política de acompanhamento e monitoramento desenvolvida pelas secretarias de\neducação.\nA política de formação de professores continuada e em serviço, para além de uma política de\nvalorização do crescimento profissional, consiste na participação dos docentes na proposta de formação do\nPrograma, a qual faz parte da rotina de trabalho dos professores, somando-se à atividade em sala de aula,\nimplicando em sobrecarga de trabalho, uma das portas de entrada do processo de adoecimento.\nNo que diz respeito às ações e metas referentes ao eixo da avaliação externa, as prescrições\nidentificadas referem-se: à consideração dos resultados das avaliações externas como ponto de partida para\no trabalho em sala de aula; à responsabilização dos docentes pelos resultados observados nos testes; ao\ncumprimento das decisões tomadas com base nos indicadores produzidos pelas avaliações e à realização\nde tarefas programadas com base produção de indicadores em sala de aula, mediante as avaliações\ndiagnósticas. As avaliações externas representam importantes mecanismos de regulação e de controle do\ntrabalho docente, funcionando como argumento de responsabilização pelos resultados de aprendizagem\nalcançados.\nEficiência, eficácia e produtividade são os princípios básicos das avaliações externas. A tradução\ndos resultados em prescrições da ação pedagógica evocam características apontadas por Lima (2011) de\ntrabalho hierarquizado e organizado em linha. Tardif (2007) ressalta que, as políticas de resultados\nrepercutem mais fortemente na formação e na organização do trabalho dos professores, integrando a ação\npedagógica às características do trabalho produtivo.\nAs prescrições relacionadas ao eixo da formação do leitor direcionam-se para: a obrigação de\ncumprimento da meta da quantidade mínima de livros lidos pelos alunos; produção de textos voltados às\nações do eixo; participação de oficinas de leituras, para além das atividades desenvolvidas em sala de aula;\ndirecionamento das atividades de leitura para a realização das avaliações externas.\n4O controle da ação pedagógica fica evidente ao se observar as tarefas propostas a serem\ndesenvolvidas com vistas ao cumprimento das metas de leitura de livros, percebendo-se um diálogo com o\neixo da avaliação externa, quanto à melhoria dos indicadores de desempenho de leitura. A participação nas\noficinas fora do tempo de sala de aula incide na sobrecarga de trabalho dos professores, ressaltando-se que\né justamente nos momentos de formação que as prescrições são apresentadas.\nEm relação às ações e metas do eixo da Educação Infantil, as prescrições são observadas\nmediante: o atendimento às propostas pedagógicas planejadas em outras instâncias, no caso a SEDUC;\nparticipação em programa de formação continuada em serviço proposto pelo Programa como dever, como\nparte das atividades cumpridas no exercício da profissão e atendimento a um maior número de crianças por\nturma.\nAs ações e metas do eixo da alfabetização traduzem-se como prescrições para o trabalho dos\nprofessores alfabetizadores: a participação obrigatória do processo de formação continuada proposto pelo\nPAIC, alfabetização de 100% dos alunos atendidos nas turmas e atendimento aos pressupostos\nestabelecidos pela política de acompanhamento pedagógico.\nA formação continuada é um processo entendido como importante estratégia para assegurar o\ncumprimento das tarefas previstas pelo Programa, por se constituir em um espaço em que boa parte dessas\ntarefas é apresentada. Os encontros se desenvolvem de modo articulado ao material estruturado, que por\nsua vez articula o tempo pedagógico às atividades programadas, mediante a proposição de uma rotina diária\nde atividades em sala de aula. A formação continuada assume características de treinamento para utilização\ndos recursos didáticos, os quais são elaborados a partir das orientações previstas pelo Programa,\ncongregando todos os princípios que estão postos nos eixos estruturantes.\nConclusão\nAs prescrições para o trabalho docente, perante cada um dos eixos, sinalizam para a perda da\nautonomia do professor na tomada de decisões na execução das tarefas propostas, o que pode representar\na ausência de espaços para que o docente possa utilizar-se de sua experiência acumulada e de sua\ncriatividade. De acordo com a Psicodinâmica do Trabalho, a flexibilização da organização do trabalho\nconstitui-se numa oportunidade de ressignificar as vivências de sofrimento, transformando-as em vivências\nde prazer no trabalho.\nObserva-se igualmente uma tendência à padronização dos processos pedagógicos, sem que se leve\nem consideração a diversidade dos contextos de atuação dos professores, tampouco as reais condições de\ntrabalho em que atuam. As tarefas propostas para os professores avolumam-se, traduzindo-se em\nsobrecarga de trabalho, o que representa um espaço oportuno para vivências de sofrimento no trabalho e\npossíveis processos de adoecimentos.\nReferências\nBARDIN, Laurence. Análise de Conteúdo. Trad. Reto, L; Pinheiro, A. São Paulo: Edições 70, 2011.\nCEARÁ. Lei Nº 14.026, DE 17.12.07 (Cria o Programa Alfabetização na Idade Certa – Paic, de cooperação\ntécnica e incentivo para melhoria dos indicadores de aprendizagem nos municípios cearenses e dá outras\nprovidências). Ceará: Diário Oficial do Estado. D.O.E. DE 19.12.07.\n5CEARÁ. Governo do Estado. Regime de colaboração para a garantia do direito à aprendizagem: o\nPrograma Alfabetização na Idade Certa (Paic) no Ceará. Secretaria de Educação, Fundo das Nações\nUnidas para a Infância (UNICEF). Fortaleza: SEDUC, 2012.\nDEJOURS, Christophe. Subjetividade, trabalho e ação. Revista Produção, 14 (3), 27-34, 2004. Disponível\nem http://www.scielo.br/pdf/prod/v14n3/v14n3a03.pdf. Acesso em 03 de maio de 2016.\nDEJOURS, Christophe. Addendum Da Psicopatologia à Psicodinâmica do Trabalho. In S. Lancman & L.\nI. Sznelwar (Orgs.), Da Psicopatologia à Psicodinâmica do Trabalho (49-106). 2ª ed. Brasília, Paralelo, 2008.\nGERNET, I. Psicodinâmica do Reconhecimento. In A. M. Mendes, A. R. C. Merlo, C. F. Morrone & E. P.\nFacas (Orgs.), Psicodinâmica e Clínica do Trabalho (pp. 61-76). Curitiba: Juruá, 2011.\nLIMA, Licínio. C. Políticas Educacionais, organização escolar e trabalho dos professores. Educação:\nTeoria e Prática, 21 (38), 1-18, 2011. Disponível em:\nhttps://repositorium.sdum.uminho.pt/bitstream/1822/17208/1/Artigo%20LCL,%20Rio%20Claro.pdf. Acesso\nem 02 de maio de 2016.\nMendes, Ana. M. Psicodinâmica do Trabalho: teoria, método e pesquisas. São Paulo: Casa do\nPsicólogo, 2007.\nPROTOCOLO DE INTENÇÕES que celebram entre si O ESTADO DO CEARÁ, e os Municípios. Disponível\nem http://www.paic.seduc.ce.gov.br/index.php/historico/legislacao. Acesso em 03 de junho de 2016.\nSILVA, Roberta. Os desafios da gestão da formação de professores do programa alfabetização na\nidade certa em Acopiara/CE, 2013. (Dissertação de Mestrado). Disponível em: www.mestrado.caedufjf.net.\nAcesso em 12 de abril de 2016.\nTARDIF, Maurice. A Profissão Docente face à redução da Educação à Economia, 2007. Recuperado de\nhttp://www.ufsj.edu.br/portal2 repositorio/File/vertentes/Vertentes_29/sumario.pdf em 14/06/2016.\nAgradecimentos\nAo Programa de Pós-Graduação em Psicologia da Universidade de Fortaleza – UNIFOR.\n6"
}