{
  "id": "27188",
  "trabalho": "MONOGRAFIA JURÍDICA: UMA PROPOSTA DE ESTRUTURAÇÃO DIDÁTICO-PEDAGÓGICA PARA O ENSINO DE PROJETOS CIENTÍFICOS",
  "area": "(PRÁTICAS DOCENTES) METODOLOGIAS INOVADORAS DE ENSINO/APRENDIZAGEM NO ENSINO SUPERIOR",
  "ano": "2016",
  "evento": "VIII - ENCONTRO DE PRATICAS DOCENTES",
  "link": "http://uol.unifor.br/oul/conteudosite/?uuid=1801180EBD587FBDAA0C11856E2E032F498F6C04",
  "conteudo": "MONOGRAFIA JURÍDICA: UMA PROPOSTA DE ESTRUTURAÇÃO\nDIDÁTICO-PEDAGÓGICA PARA O ENSINO DE PROJETOS CIENTÍFICOS\nEllen Mara Nascimento Grangeiro\nIvanilda Sousa da Silva\nMariana Lopez Matias\nUniversidade de Fortaleza\nellen@unifor.br\nnilda@unifor.br\nmarilopez.matias@gmail.com\nRESUMO\nO trabalho apresentado é resultado de um estudo realizado com os alunos matriculados na\ndisciplina de Monografia I do Curso de Direito do Centro de Ciências Jurídicas da UNIFOR, no\nperíodo de 2016.1, no que concerne à estruturação didático-pedagógica da proposta da disciplina,\nque é dividida em dois momentos distintos que se sucedem: uma parte teórica e outra prática. As\nopiniões configuraram dados de extrema relevância no processo de planejamento da disciplina\npara 2016.2. Como instrumento de coleta de dados, foi utilizado um formulário online, elaborado\npelos docentes que ministram a parte metodológica da disciplina, por meio do aplicativo Google\nForms. Do total de alunos que receberam o questionário, 15,6% dos alunos o responderam,\nrevelando que, para 81,3%, a disciplina ser dividida em partes teórica e prática, respectivamente,\nfavorece o processo de ensino e aprendizagem e o fato de ser ministrada primeiramente a parte\nteórica e depois a parte prática, para 70,8%, retrata uma ótima solução didático-pedagógica.\n89,6% dos alunos consideraram o aprendizado sobre produção científica importante para sua vida\nprofissional. Dessa forma, considera-se que a disciplina alcança seus objetivos, muito embora\npossua uma restrita carga horária e o tempo disponível para a orientação individual deveria ser\nampliado.\nPalavras-chave: Metodologia Científica. Trabalho Acadêmico. Ensino. Pesquisa.\nINTRODUÇÃO\nA disciplina de Monografia do Curso de Direito do Centro de Ciências Jurídicas da\nUniversidade de Fortaleza – UNIFOR possui características muito peculiares e muito tem\nse discutido se essas particularidades favorecem ou não o processo de ensino-\naprendizagem e, principalmente, se desenvolvem habilidades e atitudes que formam a\nexcelência e a competência necessárias à pesquisa e ao pesquisador na área jurídica.\nEssa disciplina se divide em Monografia I, disposta no penúltimo semestre do curso e\nMonografia II, lotada no último semestre. Na primeira, objetiva-se a elaboração do Projeto\nde Monografia Jurídica. Em Monografia II, há, efetivamente, a execução da pesquisa\nidealizada e planejada em Monografia I.O que torna esse grupo de disciplinas único é o fato de serem necessários dois\nprofessores-orientadores para que cada aluno desenvolva sua pesquisa: um\nespecializado na área de metodologia científica (que ministra as disciplinas Monografia I e\nMonografia II) e outro com expertise voltada para o tema e a problemática envolvidos na\npesquisa, que é chamado de “professor de conteúdo”.\nEste trabalho visa mostrar especificamente a realidade vivenciada em Monografia I e a\nvisão dos alunos sobre a estrutura didático-pedagógica atualmente apresentada nesta\ndisciplina.\nO professor-orientador de metodologia é responsável pelas aulas teóricas, visto que estas\nversam sobre o assunto metodológico: noções gerais sobre pesquisa e metodologia\ncientífica; como escolher um tema e definir a problemática; como elaborar cada parte que\ncompõe o projeto de pesquisa; entre outros. Segundo Severino (2000, p. 159), “um\nprojeto bem elaborado desempenha várias funções, define e planeja para o próprio\norientando o caminho a ser seguido no desenvolvimento do trabalho de pesquisa”.\nAs aulas seguem um estilo expositivo-dialogado e são ministradas no início da disciplina\nde Monografia I. A parte prática da disciplina se configura em orientações individuais aos\nalunos, o qual deve apresentar aos professores-orientadores a produção gradativa de\ncada parte do projeto de pesquisa jurídica, a saber: capa, folha de rosto, justificativa,\nreferencial teórico, objetivos, hipóteses, aspectos metodológicos, possível sumário da\nmonografia e referências utilizadas.\nDas etapas de desenvolvimento do projeto o que requer uma dedicação maior é a parte\ndo Referencial Teórico. Sabendo desse problema, os professores de metodologia\ndiscutem a importância de uma vasta leitura para que o projeto consiga atender as\nexigências da pesquisa nas Ciências Jurídicas. E para a elaboração do marco teórico,\ntrazemos o que Richardson (1999, p. 61) pontua:\nUma vez decidida a definição do fenômeno a ser utilizada, o pesquisador deve\ncaracterizá-lo. Em outras palavras, deve fazer referência, do ponto de vista da\ncorrente epistemológica escolhida, ao que tem sido escrito sobre os elementos\nque compõem, suas relações e interligações com outros fenômenos.\nAs atividades são corrigidas e pontuadas à medida que são apresentadas. O prazo de\nentrega de cada atividade é estabelecido no Plano de Ensino da disciplina, disponibilizado\npara o aluno desde o primeiro dia de aula por meio do recurso “Material Didático” no\nUnifor OnLine. Para melhor recepção e orientação dos alunos, a turma é dividida em dois\ngrandes grupos que devem apresentar as atividades quinzenalmente.\nDesta forma, ao final do semestre pretende-se que o aluno faça apresentação oral do seu\nProjeto de Pesquisa Jurídica finalizado, a qual é pontuada na nota final da disciplina. Esse\nmomento também é bastante rico, pois todos os alunos participam das apresentações,\nsendo uma forma de socializar a produção da pesquisa acadêmica dos formandos do\nCurso de Direito. Há de se destacar que no projeto final, os professores de metodologia e\nconteúdo já corrigiram as partes que lhe cabem. Como são vários os professores de\nconteúdo e, por vezes, a relação próxima dos dois orientadores (o de metodologia e o de\nconteúdo) não é possível, o professor de conteúdo assina um termo informando que oprojeto foi acompanhado e está “liberado” para a apresentação.\nMETODOLOGIA ou DESCRIÇÃO DA EXPERIÊNCIA\nPara realização desse estudo, foi aplicado um formulário eletrônico, denominado\n“MONOGRAFIA I - Avaliação da Disciplina”, criado a partir do aplicativo Google Forms1,\ncomposto por perguntas objetivas e elaborado pelos docentes da disciplina de Monografia\nI do Curso de Direito do Centro de Ciências Jurídicas da Universidade de Fortaleza –\nUNIFOR.\nEmbora existam diversos sítios eletrônicos que permitem a criação de formulários online,\noptou-se pelo Google Forms por sua facilidade de uso, simplicidade e organização na\napresentação das respostas. Esse aplicativo pode ser encontrado no Google Docs, um\nserviço do Google que permite a edição colaborativa de documentos.\nO formulário visou coletar informações de diferentes aspectos da disciplina de Monografia\nI, sob a perspectiva dos alunos matriculados em 2016.1. Tais informações foram utilizadas\nno intuito de aperfeiçoar a dinâmica do processo de ensino-aprendizagem, bem como de\ncontribuir significativamente para que as competências e habilidades necessárias à\nformação acadêmico-científica fossem, continuamente, otimizadas.\nDesta forma, os alunos receberam individualmente via “torpedo”, um recurso de\ncomunicação do Unifor OnLine, instruções para participação não obrigatória da pesquisa,\nbem como um link2 que os direcionava diretamente para o formulário de avaliação. Este\nformulário deveria ser respondido eletronicamente por cada aluno, uma única vez.\nAo acessar o formulário, havia instruções específicas sobre o preenchimento do mesmo e\nseus objetivos. Assim, podia-se facilmente perceber que ao lado de cada indicador havia\numa escala com conceitos de julgamento a serem escolhidos. Além deles, havia o item\nNÃO SE APLICA (N/A), o qual deveria somente ser selecionado quando o quesito não se\nadequasse a realidade vivenciada pelo aluno. O aluno deveria, pois, ler cada indicador\ncuidadosamente e escolher o item da escala que melhor descrevesse a sua opinião\nacerca do assunto. Ao final, o formulário completamente preenchido deveria ser enviado\npara análise estatística.\nObjetivando uma visão da disciplina mais completa por parte do aluno, o link para o\nformulário foi enviado somente ao final da disciplina, permanecendo acessível no período\ncompreendido entre junho e julho de 2016.\nRESULTADOS E DISCUSSÃO\nO formulário eletrônico foi aplicado em 13 turmas da disciplina de Monografia I,\naleatoriamente escolhidas, em 2016.1, totalizando o envio para 306 alunos devidamente\nmatriculados e com a disciplina em curso. Foram excluídos alunos com reprovação ou\nque haviam realizado o trancamento oficial da disciplina.\n1 https://docs.google.com/a/unifor.br/forms\n2 https://goo.gl/forms/zCg647Vv8gCMMjPm2A análise estatística revelou um total de 48 (15,6%) respostas dos alunos enquadrados\ncomo sujeitos da pesquisa, um número bem abaixo do esperado, possivelmente por dois\nfatores importantes:\n1. O aluno que já se encontra aprovado tende a evadir antes mesmo do encerramento\noficial da disciplina, desinteressando-se pelo processo de avaliação e consequente\nmelhoria desta disciplina em outros semestres;\n2. Embora o recurso “torpedo” do Unifor OnLine seja extremamente válido no que\nconcerne à comunicação rápida e eficaz com o aluno, não permite que o link seja\nacessado diretamente a partir dele. Assim, o aluno que recebeu a mensagem sobre\na participação na pesquisa precisaria copiar o link e o colar na barra de tarefas de\num computador, com acesso a internet, para concluir o procedimento, dificultando o\nprocesso de avaliação.\nPorém, mesmo com um número restrito de participantes, considerou-se importante a\nexposição dos resultados obtidos e abaixo demonstrados, como uma prévia para a\nnecessidade de (re)planejamento da disciplina em questão, visto que este processo\navaliativo deve configurar-se em momento didático permanente. Segundo Richardson\n(1999, p. 190): “uma descrição adequada das características de um grupo não apenas\nbeneficia a análise a ser feita pelo pesquisador, mas também pode ajudar outros\nespecialistas, tais como planejadores”.\nAssim sendo, segue-se a exposição dos dados obtidos e a discussão sobre os mesmos.\nQuanto ao fato da disciplina de Monografia I estar estruturada em uma parte inicial teórica\ne uma parte prática subsequente, verifica-se que 39 (81,3%) dos alunos consideram essa\numa ótima forma de disposição estrutural, como pode ser observado no Gráfico 1.\nGRÁFICO 1: Opinião dos Alunos Matriculados em 2016.1 sobre a Disposição\nDidático-Pedagógica da Disciplina de Monografia I\nEsta configuração teoria e prática de forma sucessiva em uma disciplina que possui\nsomente dois créditos, fornece ao aluno uma clara compreensão do que e de como os\nprocedimentos em pesquisa se desenvolvem, permitindo que, a cada aula, o aluno possa\npensar sobre qual problemática pretende desenrolar seu estudo e tenha tempo hábil parainiciar sua busca referencial antes de efetivamente escrever.\nPode-se observar, respectivamente, nos Gráficos 2 e 3 o quanto os alunos se sentem\nseguros com esta disposição, visto que 34 (70,8%) dos alunos consideram ótimo o fato\ndas aulas teóricas da disciplina de Monografia I antecederem às da parte prática, como\npode ser verificado no Gráfico 3. Da mesma forma, quanto ao fato das aulas práticas da\ndisciplina de Monografia I sucederem às da parte teórica, constata-se que 34 (70,8%) dos\nalunos consideram ótima essa organização da disciplina, como pode ser verificado no\nGráfico 3, resultado este que corrobora com o apresentado no gráfico anterior.\nGRÁFICO 2: Opinião dos Alunos Matriculados em 2016.1 sobre o fato das Aulas\nTeóricas antecederem Aulas Práticas na Disciplina de Monografia I\nGRÁFICO 3: Opinião dos Alunos Matriculados em 2016.1 sobre o fato das Aulas\nPráticas sucederem a Aulas Teóricas na Disciplina de Monografia I\nQuanto à carga horária destinada exclusivamente para a parte teórica da disciplina, qual\nseja 18 horas/aula (1 crédito), observa-se que 33 (68,8%) dos alunos consideram o total\nde carga horária ótimo, conforme Gráfico 4. Porém, o dado já revela um preâmbulo de\ndesconforto do aluno diante do número de créditos destinado ao desenvolvimento de\ntrabalho científico. Realmente trata-se de uma carga horária diminuta para o pensar\ncientífico formal, principalmente pelo fato da cultura da graduação de Direito no Brasil não\ninvestir em pesquisa e produção acadêmica.GRÁFICO 4: Opinião dos Alunos Matriculados em 2016.1 sobre a Quantidade de\nCarga Horária Destinada a Parte Teórica da Disciplina de Monografia I\nEm relação à parte prática, os dados revelados demonstram resultados similares, como\npode ser visto no Gráfico 5, pois quanto a carga horária destinada exclusivamente para a\nparte prática da disciplina, qual seja as mesmas 18 horas/aula (1 crédito), observa-se que\n32 (66,7%) dos alunos consideram o total de carga horária ótimo.\nGRÁFICO 5: Opinião dos Alunos Matriculados em 2016.1 sobre a Quantidade de\nCarga Horária Destinada a Parte Prática da Disciplina de Monografia I\nQuanto à divisão da turma ocorrer em dois grupos durante o processo de orientação\nindividual, verifica-se que 40 (83,3%) dos alunos consideram essa uma ótima forma de\natendimento, visto que ao invés do professor analisar individualmente 30 atividades\nsemanalmente (as turmas de Monografia I pode ter no máximo 30 alunos), há a\norientação de 15 atividades em sala de aula, já que a turma é divida em Grupos A e B,\npermitindo assim maior qualidade no atendimento de cada aluno e um intervalo de tempo\nmaior (15 dias) para execução de nova atividade, conforme Gráfico 6.GRÁFICO 6: Opinião dos Alunos Matriculados em 2016.1 sobre a Divisão em\nGrupos durante a Orientação Individual da Parte Prática da Disciplina de Monografia\nI\nMuito embora, a divisão da turma em grupos permita um maior tempo na orientação\nindividual, verifica-se um decréscimo na quantidade de alunos que o consideram\nsuficiente, pois conforme Gráfico 7, constata-se que 28 (58,3%) alunos consideram ótimo\nesse intervalo de tempo, qual seja, cerca de 10 minutos por aluno.\nGRÁFICO 7: Opinião dos Alunos Matriculados em 2016.1 sobre o Tempo destinado\na Orientação Individual na Disciplina de Monografia I\nPor fim, em termos de importância, 43 (89,6%) alunos entenderam a produção científica\ncomo importante para formação profissional do bacharel em Direito, conforme revelado no\nGráfico 8.GRÁFICO 8: Opinião dos Alunos Matriculados em 2016.1 sobre a Importância dos\nConteúdos Trabalhados na Disciplina de Monografia I\nCONCLUSÃO\nQuando 89,6% dos alunos envolvidos diretamente em uma disciplina que versa sobre a\nprodução científica a consideram importante para sua vida profissional, pode-se\nconsiderar que a disciplina alcançou seus objetivos, muito embora possua uma mínima\ncarga horária para tal e o tempo disponível para a orientação individual de cada produção\nhaja ainda que ser repensado.\nNo desenrolar da prática docente, corroborado aqui pela opinião dos alunos, percebe-se a\nrelevância das aulas expositivas, do material bibliográfico que forneça ao aluno segurança\nno fazer. Mas, muito mais importante é o próprio fazer. À medida que cada um deles vai\nproduzindo gradativa e paulatinamente seus textos, partes de um pensamento científico\núnico, dúvidas que em sala de aula teórica não surgiram, vão surgindo; ideias vão sendo\ndelimitadas; problemas de pesquisa vão sendo elaborados e repensados; fontes\nbibliográficas vão sendo buscadas e, principalmente, o processo de encantamento e a\nmotivação que fazem com que o pesquisador não esmoreça durante o procedimento\ncientífico vão, pouco a pouco, aflorando.\nOs professores que ministram a disciplina analisam que o formato estimula a produção e\na práxis no saber do aluno. Cada desenvolvimento e progresso do Projeto de Pesquisa\nJurídica depende de leituras e do envolvimento do aprendiz. O formato da disciplina é\nmuito centrado neste, que culturalmente no Brasil, possui um papel passivo durante todo\no processo de graduação. Por ser turmas menores e o acompanhamento sistemático de\ndois professores, os alunos se sentem mais seguros e participam do processo de\naprendizado.\nAcredita-se, pois, com base nos dados revelados, que a estrutura didático-pedagógica\nque atualmente configura a disciplina de Monografia I do Curso de Direito é eficaz eeficiente, alcançando os objetivos propostos por ela. Porém, o tempo destinado para\ntodas as atividades necessárias a ela inerentes, pode e deve ser melhorado.\nREFERÊNCIAS\nANDRADE, Maria Margarida de. Introdução a metodologia do trabalho cientifico:\nelaboração de trabalhos na graduação. 4. ed. São Paulo: Atlas, 1999.\nBASTOS, Núbia Maria Garcia. Introdução a metodologia do trabalho acadêmico. 5.\ned. Fortaleza: Nacional, 2012.\nCASTRO, Claudio de Moura. Como redigir e apresentar um trabalho científico. São\nPaulo: Pearson Prentice Hall, 2011. Disponível em:\n/unifor.bv3.digitalpages.com.br/users/publications/9788576058793/pages/_1>.\nHUHNE, Leda Miranda (Org.). Metodologia cientifica; caderno de textos e técnicas. 7.\ned. Rio de Janeiro: Agir, 1997.\nLAKATOS, Eva Maria; MARCONI, Marina de Andrade. Metodologia científica. 6. ed. São\nPaulo: Atlas, 2011.\nMAIA, T. Lisieux. Metodologia básica. 2. ed. rev. e ampl. Fortaleza: Tradição e Cultura,\n2001.\nRICHARDSON, Roberto Jarry et al. Pesquisa Social: métodos e técnicas. 3. ed. rev. e\nampl. São Paulo: Atlas, 1999.\nRUDIO, Franz Victor. Introdução ao projeto de pesquisa cientifica. 32. ed. Petrópolis:\nVozes, 2004.\nSEVERINO, Antônio Joaquim. Metodologia do trabalho cientifico. 21. ed. rev. e ampl.\nSão Paulo: Cortez, 2000.\nISSN 2179-4332"
}