{
  "id": "27186",
  "trabalho": "PEC 65/12: UMA AFRONTA JURÍDICA AO MEIO AMBIENTE E À CONSTITUIÇÃO FEDERAL DE 1988",
  "area": "CIÊNCIAS JURÍDICAS",
  "ano": "2016",
  "evento": "XXII - ENCONTRO DE INICIAÇÃO À PESQUISA ",
  "link": "http://uol.unifor.br/oul/conteudosite/?uuid=612B282AFEEC61FD0EDA5E7AE9DC583CDED90C9D",
  "conteudo": "XXII Encontro de Iniciação à Pesquisa\nUniversidade de Fortaleza\n17 à 21 de Outubro de 2016\nPEC 65/12: UMA AFRONTA JURÍDICA AO MEIO AMBIENTE E À\nCONSTITUIÇÃO FEDERAL DE 1988\nKatiuzia Rios de Lima (IC)*¹, Erick Cysne (PQ)², Ana Paula Lima de Melo (PQ)³.\n1.Universidade de Fortaleza – Curso de Direito\n2.Universidade de Fortaleza – Professor Mestre Erick Cysne – Curso de Direito\n3.Universidade de Fortaleza – Professora Mestre – Curso de Direito\nE-mail: katyuziarios@gmail.com\nPalavras-chave: Meio ambiente. PEC. Direitos fundamentais. Cláusula Pétrea. Constituição.\nResumo\nEste artigo questiona o conteúdo da PEC 65/12, em tramitação no Senado Federal, que objetiva\nacrescentar o parágrafo sétimo ao artigo 225 da Constituição Federal, modificando a Política Nacional do\nMeio Ambiente, a partir do momento em que passa a dispensar a necessidade de licença ambiental –\nconjunto de procedimentos previstos na Lei 6.938/81 para que obras ou atividades que denotem risco ao\nmeio ambiente sejam fiscalizadas - para autorização de obras públicas, bastando apenas à consecução de\ntal intento a mera apresentação de estudo de impacto ambiental de qualquer espécie pelo empreendedor,\ncujo objetivo é eminentemente lucrativo.\nA proposta ainda afasta do Poder Judiciário sua competência típica de julgar a legalidade de tais\nobras, afastando a possibilidade de suspensão ou cancelamento pelos nossos tribunais, numa alegação\ncínica de que se busca segurança jurídica, mexendo de uma só vez com os princípios constitucionais da\nInafastabilidade de Jurisdição e Separação de Poderes (gravado como clausula pétrea em nossa Carta\nMaior). Fatos supervenientes, aos quais não sabemos seu significado até o momento, seriam a única\nexceção à regra.\nIntrodução\nVivemos a realidade do século XXI, “(...) das sociedades de massa, caracterizada por um\ncrescimento desordenado e brutal avanço tecnológico” (FIORILLO, 2012, p.63). Fomos imiscuídos numa era\nmeio estranha num primeiro momento aos nossos olhos, por ser permeada de inovações mirabolantes, mas\nque sabemos importante porque é de ponta, vanguardista. No momento, os holofotes se voltam para a\nbioética, a tecnologia da informação, os avanços da física quântica, os organismos geneticamente\nmodificados, entre outros.\nIronicamente, mesmo diante de um mundo de tantos avanços, ainda não conseguimos viver nem\nevoluir sem elementos básicos, como: ar puro, água potável, solo fértil para o plantio e clima ameno,\noferecidos aos seres humanos pelo meio ambiente, ao qual dependemos, porem insistimos em acreditar em\nnossa auto suficiência em relação a ele.\nProteção de lei esse bem maior tem e nossa Constituição de 1988, em seu artigo 225, é prova disso\nquando consagrou de forma inovadora a existência dos valores ambientais, tutelando-os e desvinculando-os\nISSN 18088449 1do instituto da posse e da propriedade. A Carta Magna deixa claro que um meio ambiente ecologicamente\nequilibrado é direito de todos, imprescindível para que tenhamos qualidade de vida e que, por isso, tanto o\nPoder Público quanto a sociedade têm o dever de protegê-lo, no sentido de preservar a nossa própria\nexistência, mas também à das futuras gerações.\nO problema é que falta conscientização para que a lei tenha eficácia social. O fruto dessa ignorância\nencontra-se impregnado não apenas no povo, mas no próprio Poder Público, inclusive, entre nossos\nlegisladores - que a princípio deveriam ser profundos conhecedores da lei, consequentemente defensores\nde nosso ordenamento jurídico - como é o caso da elaboração da PEC 65/12, em tramitação no Senado\nFederal, alvo de nossas discussões e questionamentos a seguir.\nMetodologia\nA metodologia desenvolvida para a consecução deste artigo tem caráter qualitativo e bibliográfico,\nbaseando-se na análise de publicações especializadas, entre livros, artigos, revistas, jornais impressos e\npublicações na internet que abordam direta ou indiretamente o objeto investigado, além da PEC/65/12 e o\nparecer da Comissão de Constituição, Justiça e Cidadania, do Senado Federal. A fundamentação jurídica\nbaseia-se na Constituição Federal de 1988, legislação infraconstitucional, jurisprudência e doutrina\npertinente ao tema.\nResultados e Discussão\nAo folhearmos as ínfimas três páginas da PEC 65/12, percebemos contraditoriamente num\ndocumento que tem a pretensão de modificar a Constituição Federal, cuja alteração de seu texto “(...) exige\num procedimento especial, estabelecido pelo próprio constituinte originário, mais difícil do que o exigido para\na produção do direito ordinário (...)” (PAULO; ALEXANDRINO, 2014), que a dita proposta, na verdade trata-\nse de uma brincadeira jurídica de mau gosto em sete parágrafos.\nA rigidez supracitada se traduz pelo artigo 60, parágrafo segundo da nossa Carta Maior em\ndiscussão e votação da proposta de emenda em cada Casa do Congresso Nacional, em dois turnos, sendo\naprovada quando obtiver, em ambas, nada menos que três quintos dos votos dos membros de cada uma\ndelas, para somente a posteriori ser promulgada, de acordo com o parágrafo terceiro do mesmo artigo,\npelas Mesas da Câmara dos Deputados e do Senado Federal.\nLabor pesado e essencialmente político que se faz necessário não como uma forma de obstruir\nmudanças no texto constitucional, mas para, ao contrário do que intenta a PEC 65/12, garantir estabilidade\nao ordenamento jurídico. O autor da proposta, senador Acir Gurcacz, do PDT de Roraima, pleiteia o\nseguinte acréscimo:\nArt. 1º. O art. 225 da Constituição passa a vigorar acrescido do seguinte § 7º.\nArt. 225\n§ 7º A apresentação do estudo prévio de impacto ambiental importa autorização\npara a execução da obra, que não poderá ser suspensa ou cancelada pelas\nmesmas razões a não ser em face de fato superveniente. (NR) Art. 2º. Esta\nemenda constitucional entra em vigor na data de sua publicação.\nO fundamento apresentado é o de que “uma das maiores dificuldades da Administração Pública\nbrasileira, e, também uma das razões principais para o seu desprestígio, que se revela à sociedade como\nmanifestação pública de ineficiência, consiste nas obras inacabadas ou nas obras ou ações que se iniciam e\nsão a seguir interrompidas mediante decisão judicial de natureza cautelar ou liminar, resultantes, muitas\nvezes, de ações judiciais protelatórias” (PEC 65/12, Sen. Acir Gurcacz).\nISSN 18088449 2. É de estarrecer o fato de que o mérito da proposta foi aprovado pela Comissão de Constituição,\nJustiça e Cidadania do Senado Federal, pelo parecer do senador Blairo Maggi, do PR, do Mato Grosso, e\npor ironia, justamente pela alegação de que “visa garantir segurança jurídica à execução das obras públicas,\nquando sujeitas ao licenciamento ambiental. A proposta inova o ordenamento jurídico na medida em que\nnão permite a suspensão de obra ou o seu cancelamento após a apresentação de estudo prévio de impacto\nambiental (EIA), exceto por fatos supervenientes” (RELATÓRIO CCJ/SENADO, parecer Sen. Blairo Maggi,\n07.03.2016).\n. Ou seja: um estudo intitulado de impacto ambiental qualquer encomendado por um empreendedor\nqualquer seria a carta branca, o sinal verde para uma ou várias tragédias anunciadas, já que dispensa\ntaxativamente o licenciamento ambiental, conjunto de procedimentos previstos na Lei 6.938/81 para que\nobras ou atividades que denotem risco ao meio ambiente sejam fiscalizadas e no caso de cumprimento das\ndeterminações legais podem ser realizadas, mas de uma forma que afete o mínimo possível aos\necossistemas.\nOra, e se o EIA, aduzido anteriormente, que deve apenas ser apresentado pelo empreendedor ao\nPoder Público como garantia de continuidade da obra, hipoteticamente, conter falhas graves capazes de\ncausar danos ambientais, pondo em risco a vida de toda uma coletividade? Esse procedimento sugerido\npela PEC 65/12 negligencia essa possibilidade, colocando na lata do lixo a Política Nacional do Meio\nAmbiente (Lei 6.938/81) à qual -sem aprofundamentos em relação à questão técnica por não se tratar do\nfoco de nossos questionamentos-, apregoa que um Estudo Prévio de Impacto Ambiental (EIA) seria apenas\num dos componentes do licenciamento ambiental, composto ainda por: RIMA (relatório de impacto\nambiental), RAIAS (relatório de ausência de impacto ambiental) e a licença ambiental em si que dispõe\nainda de três etapas (licença prévia, licença de instalação e licença de operação).\nA lei é clara quando demonstra a preocupação em preservar o planeta Terra pois trata-se do único\nlugar que resta ao ser humano para viver, assentindo aos comandos do artigo 225 da Constituição que\nconsidera o meio ambiente como direito de todos, bem de uso comum do povo e essencial à sadia\nqualidade de vida. Ao Poder Público e à sociedade impõe-se o dever de defende-lo e preservá-lo para as\ngerações futuras.\nPercebemos que a Constituição Federal adotou de forma expressa o princípio da prevenção,\nconsiderados um dos mais importantes na seara do Direito Ambiental. “De fato, a prevenção é preceito\nfundamental, uma vez que os danos ambientais, na maioria das vezes, são irreversíveis e irreparáveis. Para\ntanto, basta pensar: Como recuperar uma espécie extinta? Como erradicar os efeitos de Chernobyl? (...)”\n(FIORILLO, 2012, p.126). Para Caúla, “Na defesa do direito à vida, está intrínseca a ação dos poderes\npúblicos diante das situações de risco subjetivo ou objetivo, a qual constitui as obrigações positivas\nconcernentes ao mais fundamental de todos os direitos” (CAÚLA, 2004, p.22). Fiorillo ressalta ainda a\nimportância do Estado na punição do poluidor “(...) pois, dessa forma, ela passa a ser um estimulante\nnegativo contra a prática de agressões ao meio ambiente” (FIORILLO, 2012, p.127).\nA nota técnica do Ministério Público Federal faz referência ao princípio da precaução (ou\nprevenção), de nº 15, consagrado na Declaração do Rio de Janeiro de 1992, pelos países que fazem parte\nda ONU: “(...) havendo suspeita de que a atividade traga risco ao meio ambiente, devem o Poder Judiciário e\no Poder Público assumir conduta estritamente cautelosa, proibindo ou regulando atividade suspeita,\nimpondo padrões de segurança rígidos, etc. Nesse sentido, Ortolan, para quem “toda ação destinada à\nProteção ambiental corresponde ao agir pela dignidade da vida e da pessoa humana”. (ORTOLAN, 2011,\np.66).\nISSN 18088449 3Não é o que entendem os nossos legisladores que a despeito do bem maior considerado que é a\nvida, desvalorizada em praça pública pelos mesmos, a partir do momento em que pleiteiam a aprovação de\nobras não fiscalizadas por órgão oficial, numa demonstração exacerbada de sua subserviência frente aos\ninteresses político-eleitoreiros de prefeitos e governadores, como está posto na redação da PEC 65/12:\nComo Senador da República, ouvimos diuturnamente as reclamações de prefeitos\nmunicipais, governadores de estados e mesmo representantes do Poder Executivo\nfederal no sentido de que uma obra fundamental para atender às necessidades da\nsociedade brasileira se encontra paralisada por muito tempo, resultando muitas\nvezes em severo prejuízo para a prestação de serviços públicos fundamentais,\ncomo educação e saúde, como também em obras importantes para a sociedade,\ncomo pontes e rodovias.\nNão atentaram para o rol de cláusulas pétreas elencadas no artigo 60 da Constituição, em que o\nmeio ambiente está incluso, mais especificamente no parágrafo quarto, inciso quatro, dos direitos e\ngarantias individuais. Para Bleine Queiroz Caúla, pertencente ao grupo dos direitos de existência: “É\npossível compreender que, quando se está a proteger o ambiente, se está ao mesmo tempo assumindo o\ndever de preservar a vida de outras pessoas. Uma parcela da doutrina chama essa postura de dever de\nsolidariedade (...) (CAÚLA, 2004, p.9).\nEsse reconhecimento advém da Conferência de Estocolmo que estabeleceu o direito ao meio\nambiente ecologicamente equilibrado como direito fundamental entre os direitos sociais. “Nesta, consagrou-\nse o aproveitamento de adequadas condições de vida em um ambiente sadio, como forma de proporcionar\nexistência digna e bem-estar, como direito fundamental” (ORTOLAN, 2011, p.69). Ou seja, não se pode\nimaginar uma vida digna se não existir primeiramente meio ambiente saudável.\nA partir da PEC 65/12 assistimos à tentativa inconstitucional de abrir-se mão do meio ambiente\nsaudável, indo a mesma além. Fruto de uma espécie de trapalhada jurídica, a proposta suscita obstar\ntambém o Princípio da inafastabilidade de jurisdição (art.5º, XXXV, CF), gravado como cláusula pétrea\n(art.60, §4, IV), que trata do poder de atuação do Judiciário, quando aduz que “a obra não poderá ser\nsuspensa ou cancelada”. Pelo postulado supremo de nosso ordenamento jurídico “(...) entre nós, somente o\nPoder Judiciário decide definitivamente, com força de coisa julgada” (PAULO, Vicente; ALEXANDRINO,\nMarcelo. 2014, p.163). Percebemos que a tentativa da PEC é justamente de restringir a resolução de\nproblemas ambientais à esfera administrativa.\nAdentrando também na seara do Princípio da Separação de Poderes, considerado pela Declaração\ndos Direitos do Homem e do Cidadão, em seu artigo 16, como condição de existência de uma Constituição,\na proposta retira do Judiciário a apreciação da legalidade na execução de obras públicas ou sua interrupção\nbaseada em decisão fundamentada, em sua função considerada típica. Piçarra ressalta que “(...) no Estado\nconstitucional não existe um centro de poder ilimitado, capaz de revogar a todo o momento os ´direitos` que\nantes havia outorgado, sem que seus destinatários os possam fazer valer perante outros centros de poder,\nespecialmente os tribunais” (PIÇARRA, 1989, p.189-190).\nMaior estranhamento nos causa ainda ao depararmos no penúltimo parágrafo do texto da PEC\n65/12 com o termo “fato superveniente” apontado pelo autor como o único critério plausível para uma\npossível suspensão ou cancelamento de obra pública. O problema é que ainda não sabemos do que se trata\no tal “fato”, estando disposto de forma vaga, indeterminada, abrindo dessa forma brecha para um rol nada\nexaustivo de interpretações, que a depender da proposta de nada adiantarão serem jurídicas.\nISSN 18088449 4Conclusão\nAo contrário do que sustenta a Comissão de Constituição, Justiça e Cidadania do Senado Federal, a\nPEC 65/12, se aprovada por nossos legisladores causaria um clima de total insegurança jurídica ao nosso\nordenamento que, obviamente, por se tratar de uma emenda à Constituição, o inovaria como destaca o\nparecer, mas não no sentido atribuído pelo texto da proposta, porém negativamente, já que eivada\ngravemente de inconstitucionalidade, como demonstrado no decorrer deste artigo, além de profundo\ndistanciamento das necessidades e anseios sociais.\nInconstitucionalidade esta que evidentemente seria decretada no caso de aprovação da proposta\npelas duas Casas do Congresso (art. 60, §2, CF) e promulgação pelas Mesas respectivas (art.60, §3, CF)\npelo Supremo Tribunal Federal por meio de ação direta de inconstitucionalidade por se tratar de emenda que\nviola o princípio da separação dos Poderes e os direitos e garantias individuais, considerados cláusulas\npétreas, instrumentos essenciais numa sociedade inclusiva. Não obstante, a nossa Constituição estabelece\nque não será nem objeto de deliberação sequer aprovação emenda constitucional tendente a abolir\nquaisquer uma delas (art.60, §4, CF). Diversas emendas já foram anuladas no todo ou em parte por nossa\nCorte Suprema devido a inobservância dos limites materiais ao poder de revisão, como é o caso da PEC\n65/12.\nEntendemos também que a referida proposta ratifica a negligência e o descaso para com as\npopulações atingidas pelas obras públicas, independentemente do nível de impacto ambiental, ao dispensar\na emissão da licença ambiental e retirar do Judiciário e do órgão fiscalizador o controle do cumprimento das\ncondições para a execução de obras públicas.\nEstaríamos, ao nosso ver, diante de mais uma forma de favorecimento à corrupção envolvendo\nempreiteiros, prática essa de conhecimento público a partir da Operação Lava-Jato, que revelou casos de\npagamentos de propina a políticos para emissão de licenças ambientais. Imaginemos em que se\ntransformará nosso país com a dispensa das mesmas!\nEste artigo chega ao seu final ressaltando também que essa discussão não deve se ater à\nAcademia, aos jurisconsultos, operadores do direito ou especialistas em meio ambiente, ultrapassando as\nfronteiras intelectualóides e contagiando toda a sociedade, através de seus diversos organismos como:\nIgreja, Escola, Mídias, Associações de bairro, Sindicatos, Organizações não governamentais, entre outros.\nAfinal o trecho do artigo 225 da Constituição Federal que atesta que o meio ambiente é direito de todos\nprecisa ganhar novos contornos e acompanhar na prática o movimento social. Conforme acreditamos, sua\nprimeira parada deve ser na consciência das pessoas.\nReferências\nBibliográficas\nCAÚLA, Bleine Q. Proteção da vida à luz da tutela penal do ambiente. In: Direitos fundamentais uma\nperspectiva de futuro, org. MIRANDA, Jorge. São Paulo: Editora Atlas, 2013;\nFIORILLO, Celso A.P. Curso de Direito Ambiental Brasileiro. 13.ed, São Paulo: Saraiva, 2012;\nORTOLAN, Josilene H. O Meio Ambiente na ordem econômica e a tutela ambiental constitucional. In: Tutela\ndos direitos humanos e fundamentais – ensaios a partir das linhas de pesquisa, construção do saber e\nISSN 18088449 5função política do Direito, org. AGOSTINHO, Luis O. V.; HERRERA, Luiz H. M. Birigui, SP: Boreal Editora,\n2011;\nPAULO, Vicente; ALEXANDRINO, Marcelo. Direito Constitucional Descomplicado. 12.ed, São Paulo: Editora\nMétodo, 2014;\nPIÇARRA, Nuno. A separação dos poderes como doutrina e princípio constitucional – um contributo para o\nestudo das suas origens e evolução. Lisboa: Coimbra Editora, 1989.\nSítios eletrônicos\nConstituição da República Federativa do Brasil de 1988\n[http://www.planalto.gov.br/ccivil_03/Constituicao/Constituicao.htm] Acesso em 12.08.2016;\nDeclaração dos Direitos do Homem e do Cidadão [http://pfdc.pgr.mpf.mp.br/atuacao-e-conteudos-de-\napoio/legislacao/direitos-humanos/declar_dir_homem_cidadao.pdf] Acesso em 13.08.2016;\nDeclaração do Rio sobre Meio Ambiente e Desenvolvimento\n[http://www.onu.org.br/rio20/img/2012/01/rio92.pdf] Acesso em 12.08.2016;\nJornal Folha de São Paulo [http://www1.folha.uol.com.br/poder/2016/04/1758468-propina-de-belo-monte-foi-\nde-r-150-milhoes-diz-andrade-gutierrez.shtml] Acesso em 19 de agosto de 2016;\nLei n.6.938/81 [http://www.planalto.gov.br/ccivil_03/leis/L6938.htm] Acesso em 12.08.2016;\nNota técnica do Ministério Público Federal sobre a PEC 65/12 [http://www.mpf.mp.br/pgr/documentos/nota-\ntecnica-pec-65-2012] Acesso em 12.08.2016;\nParecer da Comissão de Constituição, Justiça e Cidadania sobre a PEC 65/12\n[file:///C:/Users/pessoal/Downloads/sf-sistema-sedol2-id-documento-composto-51188.pdf] Acesso em\n12.08.16;\nProposta de Emenda à Constituição, n.65, de 2012 [http://www25.senado.leg.br/web/atividade/materias/-\n/materia/109736] Acesso em 12.08.2016.\nAgradecimentos\nA Deus, pela oportunidade do exercício diário de aprender vivendo.\nÀ minha família, pelo apoio.\nAos professores Erick Cysne e Ana Paula Lima de Melo pela disponibilidade.\nÀ Unifor, por sempre me proporcionar descobertas.\nISSN 18088449 6"
}