{
  "id": "27199",
  "trabalho": "DO AFETO A SEGURANCA: A POSSIBILIDADE DE EQUIPARACAO DA ESTABILIDADE PROVISORIA A MAE ADOTANTE",
  "area": "CIÊNCIAS JURÍDICAS",
  "ano": "2016",
  "evento": "XXII - ENCONTRO DE INICIAÇÃO À PESQUISA ",
  "link": "http://uol.unifor.br/oul/conteudosite/?uuid=A74258E0C880DBCE216A8FAE8C6F4F7620D59936",
  "conteudo": "XXII Encontro de Iniciação à Pesquisa\nUniversidade de Fortaleza\n17 à 21 de Outubro de 2016\nDo afeto a segurança: a possibilidade de equiparacao da estabilidade\nprovisoria a mae adotante. Isabelle Rabelo Matos Castro1* (IC), Ana Paula Maria Araujo\nGomes2(PQ)\n1. Discente do Centro Universitário Católica de Quixadá – Curso Direito.\nbelle_matos@hotmail.com\n2. Doutoranda em Direito Constitucional, Universidade de Fortaleza, Mestre em Direito Constitucional pela\nUniversidade de Fortaleza. Professora do Centro Universitário Católica de Quixadá – Curso Direito –\nQuixadá-CE Centro Universitário Católica de Quixadá – Curso Direito.\nPalavras-chave: Empregada. Adoção. Estabilidade. Equiparação. Isonomia\nResumo\nA explanação acerca da controvérsia existente na equiparação da estabilidade provisória no emprego à mãe\nadotante, garantida constitucionalmente à gestante desde o conhecimento do estado de gravidez até cinco\nmeses após o parto, é o objetivo principal do presente trabalho. A importância constitucional dada à\nmaternidade e os avanços da CLT (Consolidação das Leis do Trabalho) buscando acompanhar àquela,\nserão aspectos relevantes que colaborarão para a compreensão do tema e elucidação da controvérsia. A\nadoção, como instituto jurídico que inaugurou o reconhecimento das relações de afetividade na sociedade\nbrasileira, merece ter destacada a sua importância, avaliando até que ponto é possível igualar direitos em\nbenefício da adotante e verificando o respeito à Constituição Federal quanto à vedação da discriminação\nentre filhos. Não obstante a isso, cumpre igualmente, perfazer uma análise da aplicação do princípio da\nproteção do Direito do Trabalho, como forma de garantir o emprego à parte hipossuficiente da relação\nempregatícia.\nIntrodução\nA cada mudança social, surge para o Direito o dever de adaptar a legislação à nova realidade. Assim\nvem acontecendo há vários séculos, principalmente, naqueles institutos jurídicos que envolvem relações de\nfamília e suas consequências patrimoniais e de parentesco. Nesse sentido é que vem ganhando forças o\ndebate acerca da possibilidade de equiparação da estabilidade provisória no emprego à mãe adotante.\nA estabilidade provisória trata-se de garantia de continuidade da relação empregatícia. As hipóteses\npara as quais a lei estipula essa garantia encontram-se temporariamente protegidas contra a dispensa\narbitrária, ou seja, sem justa causa; sendo algumas delas: do dirigente sindical, do representante da CIPA,\ndo empregado acidentado e da empregada gestante; esta última será objeto de comparação para que se\npossa aferir a possibilidade de extensão da estabilidade à adotante.\nO ponto crucial do debate guarda relação com o dever do Estado em garantir à mãe e à criança\nenvolvidas em um processo de adoção, o tempo e segurança necessários a uma maior e melhor fruição\ndesse período no que diz respeito à formação do vínculo familiar e afetivo entre ambos, ou seja, sem o risco\nde ficar desempregada de forma arbitrária, a mãe adotante teria a segurança necessária para enfrentar o\nprocesso de adoção e posteriormente estabelecer laços afetivos com o novo filho e sanar possíveis traumas\nanteriormente existentes.\nA equiparação desta garantia de emprego à mãe adotante é uma possibilidade que será analisada\nsob a perspectiva de buscar efetivar a igualdade constitucional entre filhos e proporcionar estabilidade aos\nISSN 18088449 1envolvidos no que tange aos fatores socioeconômicos. Em contraposição a isso, estão os interesses\neconômicos dos empregadores, que passariam a ter que se sujeitar a mais uma norma garantidora de\ndireitos à parte mais vulnerável do contrato.\nEmbora a Consolidação das Leis do Trabalho (CLT), já garanta o direito à licença-adotante nos\nmesmos moldes da licença-maternidade (120 dias), tal direito não subsistiria caso a empregada fosse\ndemitida sem justa causa, o que acarretaria em uma desestruturação financeira a quem está prestes a\nexercer a maternidade na forma de um ato de amor e solidariedade.\nA contrario sensu, há quem defenda a não equiparação sob fundamento no fato de o Ato das\nDisposições Constitucionais Transitórias (ADCT), em seu artigo 10, inciso II, alínea b, prever como marco\ntemporal o início da estabilidade desde a confirmação da gravidez, estendendo-se até cinco meses após o\nparto, fatores não enfrentados pela adotante. Além disso, a CLT prevê taxativamente em seu artigo 392-A, o\ndireito à licença adotante nos termos a licença maternidade, o que não o faz com relação ao direito à\nestabilidade provisória do artigo 391-A.\nComo grande parâmetro norteador de todo o conflito, tem-se a Constituição Federal e suas\ndisposições que igualam os direitos dos filhos havidos ou não da relação do casamento, ou por adoção,\nproibindo, inclusive, designações discriminatórias relativas à filiação.\nMetodologia\nA metodologia utilizada no desenvolvimento do presente estudo foi realizada através de um estudo\ndescritivo, por meio de pesquisa bibliográfica, mediante consulta a fontes legislativas, doutrinárias,\njurisprudenciais, livros, artigos e dados oficiais publicados na internet que abordam o tema em análise,\nviabilizando uma maior compreensão acerca da possibilidade de se estender a estabilidade no emprego à\nmãe adotante. Quanto a abordagem apresenta-se um estudo qualitativa tendo em vista que busca examinar\nos contornos teóricos existentes acerca da temática em pesquisa, bem como destacar as perspectivas\ndesta. Quanto aos fins, a pesquisa é de natureza exploratória, explicativa e descritiva de modo a traçar como\nobjetivo a exploração e interpretação o objeto investigado, a fim de melhor conhecê-lo.\nResultados e Discussão\nA Constituição Federal em seu artigo 7º, inciso XVIII garante a: “licença à gestante, sem prejuízo do\nemprego e do salário, com duração de cento e vinte dias;”. Mencionado dispositivo constitucional é quem\nregulamenta a proteção à maternidade no âmbito dos direitos dos trabalhadores. Através dele, fica\nevidenciado que a Constituição Federal de 1988 garante o direito à licença-maternidade remunerada (salário\nmaternidade pago pela Previdência) por cento e vinte dias, ou seja, durante tal período fica preservado o\nemprego e o salário da mãe que teve que se afastar do trabalho para dar início aos primeiros cuidados com\no filho.\nA CLT (Consolidação das Leis do Trabalho), em seu artigo 392, reforça a disposição do texto\nconstitucional. Observa-se alterações legislativas em decorrência da valoração do afeto nas relações\nfamiliares, como no caso da adoção. Nesse sentido, foi que a lei 10.421/02 acrescentou na CLT o artigo\n392-A, posteriormente alterado pela Lei 12.873/13, que dispõe: ”À empregada que adotar ou obtiver guarda\njudicial para fins de adoção de criança será concedida licença-maternidade dos termos do art. 392”. Sobre\nessa inovação, salienta Gustavo Filipe Barbosa Garcia (2015, p.1.077):\nISSN 18088449 2Deve-se ressaltar não existir vício de inconstitucionalidade na inovação legal.\nEmbora o art. 7º, inciso XVIII, da CF/1988 assegure o direito de licença somente “á\ngestante” (e não à mãe adotiva), jamais veda que a lei ordinária estenda-o para o\ncaso de adoção ou guarda judicial para fins de adoção de criança.\nAlém da licença maternidade, já estendida para as hipóteses de adoção ou guarda judicial para fins\nde adoção, a CLT prevê outro direito que visa proteger a maternidade, qual seja, a estabilidade provisória no\nemprego à gestante. O artigo 391-A da CLT garante a estabilidade provisória à gestante, nos termos da\nalínea b do inciso II do art. 10 do Ato das Disposições Constitucionais Transitórias, desde a confirmação da\ngravidez até cinco meses após o parto, ainda que durante o aviso prévio trabalhado ou indenizado.\nQuestão polêmica surge quanto à extensão do direito à garantia de emprego acima mencionada à\nadotante, que não encontra previsão legal. Para Melo e Borges (2011), o fato de o Direito não evoluir na\nmesma velocidade das situações que exigem o seu amparo, faz com que seja necessário o emprego de\noutros meios que preencham as lacunas da lei; a analogia seria um desses meios de integração da lei.\nCorroborando com o ideal dos autores acima, a aplicação da analogia deve observar determinados\nrequisitos, quais sejam: a omissão legislativa para o caso concreto, a semelhança entre o caso regulado por\nlei e o que se encontra sem amparo legal e a identidade de fundamentos lógicos e jurídicos das duas\nsituações. Carlos Roberto Gonçalves (2013, p.72) é quem melhor explicita o fundamento de tal instituto:\nO seu fundamento encontra-se no adágio romano ubi eadem ratio, ibi idem jus (ou legis\ndispositio), que expressa o princípio de igualdade de tratamento. Com esse enunciado\nlógico pretende-se dizer que a situações semelhantes deve-se aplicar a mesma regra de\ndireito (“quando se verifica a mesma razão da lei, deve haver a mesma solução ’ou mesma\ndisposição legal”’). Se um dos fatos já tem no sistema jurídico a sua regra, é essa que se\naplica.\nO instituto da adoção e as grandes mudanças que o mesmo enfrentou no Direito, foram decisivos no\navanço dos direitos das crianças e adolescentes. A longa trajetória da adoção no Brasil teve seu início\nmarcado por limitações e preconceitos, representando, na prática, um disfarce para aquisição de mão-de-\nobra familiar e uma forma de tutelar a ordem urbana, evitando a presença de crianças abandonadas em\nmeio às ruas pedindo esmolas.\nAtualmente o cenário vem mudando e a adoção vem sendo efetivada como política pública que visa\natender aos interesses do adotado, e não mais dos adotantes (a exemplo dos pais inférteis). Nesse aspecto\nrelata BARROSO (2016), que a redemocratização do Brasil e a promulgação da Constituição de 1988\nalteraram a história dos direitos da criança, da família e da mulher; uma vez que esta fez da dignidade da\npessoa humana fundamento da República e comprometeu-se com a tutela do indivíduo e de seu valor\nintrínseco como um fim em si mesmo, de forma a afastar a possibilidade de sua instrumentalização em favor\ndos interesses da comunidade.\nEm decorrência dos avanços na proteção dos direitos das crianças e adolescentes, seja por meio da\nadoção ou de outras políticas públicas, urge a necessidade de conferir estabilidade empregatícia à mãe que\nalmeja ter um filho por meio de um processo de adoção; pois esta seria uma forma de diretamente viabilizar\nmaior proteção àqueles. Em outras palavras, trata-se de efetivar o princípio da continuidade da relação\nempregatícia, impedindo que a mãe que enfrenta um processo de adoção seja demitida de forma arbitrária\n(sem justa causa). Com a inserção do art. 392-A na CLT através da Lei 10.421/2002, garantindo a licença\nISSN 18088449 3adotante nos termos da licença maternidade, Valetin Carrion (2008, p.265) mostra que não há o que se\ndiscutir:\nO legislador fez justiça com a criança adotada. Se o que pretende a lei, com a licença-\ngestante, é que mãe e filho tenham um contato e uma integração maior nos primeiros dias\nde vida da criança, a adoção também é a chegada de um novo ser para o relacionamento\nmãe-filho. Nada mais justo que tenha os mesmos direitos que a mãe biológica.\nContrariamente, GARCIA (2015) pondera que, a lei 10.421/2002 apenas concedeu a licença\nmaternidade e o salário maternidade à adotante, sendo tais institutos diferentes da garantia de emprego.\nPor muito tempo o TST (Tribunal Superior do Trabalho) demonstrou-se desfavorável a concessão da\nestabilidade no emprego á adotante, tendo como fundamento a literalidade do art. 10, inciso II, alínea b do\nADCT, e a ausência dos requisitos biológicos pela adotante (gestação e parto).\nHodiernamente, referido Tribunal não demonstra mais tanto apego à literalidade e aos vínculos\nbiológicos, dando ênfase maior à valoração do indivíduo enquanto sujeito de direitos. Nesse rumo, frise-se\ntrecho do relatório do Ministro do TST Alexandre Agra Belmonte (2015, RR2006001920085020085), no\njulgamento de um processo em que a trabalhadora foi demitida assim que recebeu a guarda provisória da\ncriança a ser adotada:\nExatamente para afastar alegações desse tipo, que eram comuns em relação à gestante,\naplica-se aqui, em última análise, a mesma solução dada à grávida, pela jurisprudência\ntrabalhista, ou seja, assim como a confirmação da gravidez é fato objetivo, a confirmação\ndo interesse em adotar, quer por meio da conclusão do processo de adoção, quer por meio\nda guarda provisória em meio ao processo de adoção, quer por meio de requerimento\njudicial, visando à adoção e, provisoriamente, a guarda, é também fato objetivo, a ensejar a\nestabilidade durante o prazo de cinco meses, com direito à fruição imediata da licença\nadotante, de cento e vinte dias.\nNão estender o direito a estabilidade a adotante é provocar desarmonia ao princípio da igualdade\nentre as mulheres que intencionam ser mães sob qualquer modalidade, a biológica ou a civil, bem como\nentre os filhos biológicos ou adotados.\nConclusão\nDesta feita, conclui-se pela possibilidade de se estender a adotante a garantia de emprego prevista\npara a gestante, no entanto em moldes adequados a cada situação.\nO fato de lei infraconstitucional ter concedido o direito à licença-maternidade à adotante, sem\nconfigurar vício de inconstitucionalidade, mostra que no caso da estabilidade no emprego essa extensão\nainda não foi alcançada tão somente por omissão legislativa, e não pela impossibilidade do direito em si. Em\nassim sendo, estando configurada a lacuna na lei e presente os demais requisitos que autorizam o uso da\nanalogia, quais sejam, a semelhança entre os casos (gestação e processo de adoção) e a identidade de\nfundamentos lógicos e jurídicos, necessário se faz que o Judiciário passe a aplicar a estabilidade provisória\nà adotante, nos moldes da gestante, observando as suas peculiaridades.\nO marco inicial a ser observado e a forma de contagem para a estabilidade da adotante explicitados\nno julgamento do acórdão da 3ª turma do TST, são precisos e aptos a embasar o referido direito. Portanto, o\nmarco inicial da estabilidade no emprego da mãe adotante tem início no momento da formalização do pedido\nISSN 18088449 4de adoção e sua contagem fica condicionada aos três seguintes momentos durante o prazo de cinco meses:\nrecebimento da criança, guarda provisória e decisão definitiva. A observância desse lapso temporal\nimportaria na necessidade de real obediência ao princípio da razoável duração do processo.\nReferências\nGARCIA, Gustavo Filipe Barbosa. Curso de Direito do Trabalho. Rio de Janeiro: Forense, 2015.\nMELO, Dimas de Abreu; Borges, Nayara. Direito à estabilidade no emprego da mãe adotiva. Revista\nEletrônica de Direito, Filosofia e Política do Curso de Direito da UNIPAC Itabirito. Minas Gerais, ano 8, no 11,\n2o semestre, 2015.\nGONCALVES, Carlos Roberto. Direito Civil Brasileiro. São Paulo: Saraiva, 2013.\nBRASIL. Supremo Tribunal Federal. Voto do relator no julgamento do recurso extraordinário de no 778.889.\nBrasília, 2016.\nCARRION, Valentin. Comentários à Consolidação das Leis do Trabalho. São Paulo: Saraiva, 2008.\n______.Curso de Direito do Trabalho. Rio de Janeiro: Forense, 2015.\nBRASIL. Tribunal Superior do Trabalho. Voto do relator no julgamento do recurso de revista\n2006001920085020085. Brasília, 2015.\nAgradecimentos\nAo Rei eterno, imortal, invisível, Deus único pela guarda e proteção.\nÁ minha mãe, exemplo de amor puro e sem distinções.\nÁ Professora Doutoranda Ana Paula Maria Araújo Gomes, pelo incentivo na aplicação do\nconhecimento.\nISSN 18088449 5"
}