{
  "id": "27195",
  "trabalho": "A PERCEPÇÃO DA IMAGEM CORPORAL DOS EDUCADORES FÍSICOS",
  "area": "CIÊNCIAS HUMANAS",
  "ano": "2016",
  "evento": "XXII - ENCONTRO DE INICIAÇÃO À PESQUISA ",
  "link": "http://uol.unifor.br/oul/conteudosite/?uuid=9FD2CCAAC48466A61DBEEAD0168A145D488C4CD9",
  "conteudo": "XXII Encontro de Iniciação à Pesquisa\nUniversidade de Fortaleza\n17 à 21 de Outubro de 2016\nA Percepção da Imagem Corporal dos Educadores Físicos.\nNathalia Gabriella da\nJusta Mota1* (IC), Camila Maria de Oliveira Ramos1 (IC), Bárbara Jéssyca Magalhães1 (IC), Cynthia de\nFreitas Melo2 (PQ)\n1. Universidade de Fortaleza – PIBIC/CNPQ.\n2. Programa de Pós-Graduação em Psicologia – Universidade de Fortaleza\ngabriellamotta@edu.unifor.br\nPalavras-chave: Educadores Físicos. Imagem Corporal. Distorção Corporal\nResumo\nOs educadores físicos, por trabalharem auxiliando pessoas a alcançar um corpo saudável, ou belo, a\ndepender do desejo do cliente, podem sofrer uma pressão para possuir um corpo perfeito. Essa imposição\npode interferir na percepção da imagem corporal que o educador físico possui sobre si, suscitando em uma\ndistorção corporal. Diante do exposto, objetivou-se analisar a percepção da imagem corporal que os\nprofissionais de Educação Física possuem de si mesmos. Trata-se de uma pesquisa exploratória e\ndescritiva, de cunho qualitativo. Para tanto, contou-se com a participação de sete educadores físicos que\nresponderam a Escala de Silhuetas e um roteiro de entrevista semiestruturado. Os resultados da aplicação\nda Escala de Silhuetas foram analisados seguindo como parâmetro as indicações dos seus autores, e\nutilizou-se os discursos obtidos nas entrevistas, que ainda estão em análises, como exemplificação. Nos\nresultados obtidos, constataram-se indicativos de distorções corporais nos profissionais entrevistados, visto\nque quatro participantes se percebem em um tamanho menor do que estão e três se enxergam em um\ntamanho maior do que o real. Averiguou-se ainda que quatro dos sete educadores físicos estão insatisfeitos\ncom os seus corpos, em virtude, sobretudo, da pressão social para que esses profissionais possuam um\ncorpo dentro dos padrões estabelecidos pela sociedade. Conclui-se que a estética corporal do educador\nfísico é relacionada à competência e à eficiência do seu trabalho, havendo, portanto, uma pressão dos\nalunos e da sociedade em geral para que o educador físico esteja com um corpo perfeito.\nIntrodução\nNos últimos anos tem-se propagado um estilo de vida saudável atrelado a uma preocupação\nestética, aumentando, portanto, a procura por prática de atividades físicas e procedimentos estéticos para\nalcançar um corpo perfeito (CELICH; SPADARI, 2008; DANTAS, 2011). A preocupação excessiva com o\ncorpo pode suscitar, contudo, a busca por uma forma idealizada, induzindo a uma tentativa constante de\nconquistar uma estrutura física ideal. Fato que pode produzir no indivíduo a impressão de que há sempre\nalgo a melhorar em si, gerando, por conseguinte, uma insatisfação constante com o próprio corpo (BATISTA\net al., 2015; MELLO; RECH, 2012).\nHá, dessa forma, uma busca contínua pelo corpo perfeito, que é alimentada por fatores como a\nsubjetividade do ser humano, a autoestima e a exigência da sociedade, que podem distorcer a percepção\ndo indivíduo sobre o tamanho e forma do seu corpo (MELLO; RECH, 2012; RECH; ARAÚJO; VANAT,\n2010). A distorção da imagem corporal ocorre de forma que o indivíduo não consegue se ver como\nISSN 18088449 1realmente é, acreditando possuir um tamanho maior ou menor do que possui (CÔRTES et al., 2013;\nGARCIA et al., 2011; NEVES; HIRATA; TAVARES, 2015; SILVA; SAENGER; PEREIRA, 2011).\nNesse contexto, onde o corpo é supervalorizado e há uma exigência de um padrão físico ideal, os\nindivíduos em sua totalidade sofrem uma pressão para apresentar um corpo perfeito, demanda essa que é\nainda maior para os educadores físicos, em razão de exercerem uma profissão que possui como função\nauxiliar outras pessoas a obter esse corpo idealizado. Essa imposição acaba por interferir fortemente na\npercepção da imagem corporal do educador físico, podendo haver uma distorção da mesma (GARCIA et al.,\n2011; SILVA; SAENGER; PEREIRA, 2011).\nAlguns estudos têm mostrado essa realidade. Secchi et al. (2009), em um estudo realizado com\nacadêmicas de educação física, destacam que eles apresentam uma auto-percepção corporal e um Índice\nde Massa Corporal (IMC) considerados normais, todavia, encontravam-se descontentes com sua aparência\nfísica. Igualmente, Bosi et al. (2008) também detectaram que os acadêmicos de educação física possuem\nIMC normal, mas que muitos estão insatisfeitos com sua imagem corporal. Diante desse contexto modo,\nsurgem questionamentos sobre a realidade da imagem corporal dos educadores físicos graduados, se\nexiste distorção na auto-percepção e insatisfação com sua autoimagem. O presente estudo objetivou\nanalisar a percepção da imagem corporal que os profissionais de Educação Física possuem de si mesmos,\nverificando se existe distorção e insatisfação.\nMetodologia\nO presente estudo trata-se de uma pesquisa exploratória e descritiva, de cunho qualitativo sobre\nessa temática pouco explorada na literatura. Foram utilizados dois instrumentos. A Escala de Silhuetas é\ncomposto por jogos de 30 cartões, 15 de cada sexo (feminino e masculino). Os cartões apresentam-se em\ndimensões de 12,5 cm x 6 cm, enumerados no verso, cada silhueta correspondendo a um intervalo de IMC\nreal para efeitos de classificação do sujeito, e um IMC médio determinado, para efeitos de cálculos. Para\nsua aplicação, deve-se indicar a imagem que: (1) seu corpo atual, (2) corpo desejado e (3) corpo ideal. Foi\nutilizado ainda um roteiro de entrevista semiestruturado com perguntas abertas, constituído pelas seguintes\ncategorias: (1) Imagem Corporal e (2) Cuidado Corporal.\nContou-se com a participação de sete educadores físicos, seis profissionais formados e um\nestagiário, que atuam em academias de diferentes regiões da cidade de Fortaleza – CE, seguindo o critério\nde saturação de dados de Sá (1998). Ressalta-se que os participantes foram convidados por meio da\ntécnica de bola de neve mediante sujeitos previamente conhecidos.\nAs entrevistas foram realizadas de forma individual, com auxílio de gravador e os participantes\nforam informados previamente dos objetivos e procedimentos do estudo, sendo solicitado, que assinassem\no Termo de Consentimento Livre e Esclarecido (TCLE), garantindo o anonimato da sua colaboração e a\nconfidencialidade de suas respostas. Salienta-se ainda que foram respeitados os aspectos éticos exigidos\npela Resolução nº466/12 do Conselho Nacional de Saúde.\nDestaca-se que os resultados da aplicação da Escala de Silhuetas foram analisados utilizando o\nparâmetro indicado por seus autores: (1) Distorção= IMC Atual (da figura escolhida) – IMC Real (medido);\nISSN 18088449 2(2) (In)Satisfação= IMC Desejado (da figura escolhida) – IMC Atual(da figura escolhida); e (3) IMC\nDesejado (da figura escolhida) – IMC Ideal. Destacando-se que o IMC das figuras é estimado pala tabela 1.\nTabela 1. IMC médio, intervalos de IMC atribuídos a cada figura para adaptação da Escala de Silhuetas\npara adultos\nIntervalo de IMC (kg/m2)\nFigura IMC Médio (kg/m2) Mínino Máximo\n1 12,5 11,25 13,74\n2 15 13,75 16,24\n3 17,5 16,25 18,74\n4 20 18,75 21,24\n5 22,5 21,25 23,74\n6 25 23,75 26,24\n7 27,5 26,25 28,74\n8 30 28,75 31,24\n9 32,5 31,25 33,74\n10 35 33,75 36,24\n11 37,5 36,25 38,74\n12 40 38,75 41,24\n13 42,5 41,25 43,74\n14 45 43,75 46,24\n15 47,5 46,25 48,75\nJá os discursos das entrevistas foram utilizados como exemplificações dos dados da escala. Estes\nainda estão sendo analisados com apoio do software Iramuteq.\nResultados e Discussão\nPor meio da aplicação da Escala de Silhuetas foi possível constatar indicativos de distorções\ncorporais nos profissionais de Educação Física entrevistados. Há uma diferenciação entre a imagem\ncorporal que os educadores físicos acham que possuem e a imagem corporal que de fato possuem.\nObservou-se que os participantes 3, 4, 6 e 7 se percebem em um tamanho menor e os participantes 1, 2 e 5\nse veem em um tamanho maior.\nPôde-se ainda averiguar que os participantes 1 e 4 possuem uma interpretação fortemente\ndistorcida de suas imagens corporais a ponto de saírem de sua real categoria na Escala de Silhuetas.\nSalienta-se que o participante 1 se enxerga maior do que seu tamanho real, de tal maneira que acredita se\nenquadrar na categoria 8 (oito), quando, na realidade, está na categoria 7 (sete). Já com o participante 4\nocorre o oposto, este se percebe menor do que sua real estrutura física, acreditando se encaixar na\ncategoria 4 (quatro), quando está na categoria 5 (cinco).\nISSN 18088449 3Em relação à satisfação corporal dos participantes, ressalta-se que os participantes 3, 4 e 5 estão\nsatisfeitos com as suas formas físicas. A respeito dessa satisfação, o participante 3 relatou:\n“Também fico satisfeito por saber que tenho este ótimo sentimento em conjunto\ncom os próprios cuidados com a saúde… Eu não mudaria absolutamente nada em\nmeu corpo” (Participante 3).\nPor outro lado, apesar de praticarem atividade física e manterem uma alimentação balanceada, os\nparticipantes 1, 2, 6 e 7 estão insatisfeitos com os seus corpos. Dentre estes, os participantes 1, 6 e 7\ngostariam de estar em uma categoria menor do que a que estão. Entretanto, destaca-se que o participante\n2 espera alcançar uma estrutura física maior do que a que possui:\n“Eu procuraria diminuir mais a quantidade de gordura corporal” (Participante 1).\n“...Embora eu ainda tenha assim vaidade de querer ficar um pouco mais\nhipertrofiado, maior” (Participante 2).\nNo que concerne ao corpo que os educadores físicos almejam ter e ao corpo que eles consideram\no ideal social, sobressai-se, dentre os dados obtidos, o fato de que, dos sete educadores físicos, cinco\n(participantes 1, 2, 3, 4 e 5) desejam ter um tipo específico de forma física que diverge do que eles supõem\nque seja o padrão ideal almejado pela sociedade. Esse dado se mostra importante visto que, apesar de\nhaver uma crescente busca da sociedade por atingir uma forma física “perfeita” e uma cultura que é dita nos\npadrões cada vez mais rígidos de beleza corporal, os próprios profissionais da educação física entendem\nque não necessitam se empenhar em se encaixar nesse perfil ideal (CELICH; SPADARI, 2008; DANTAS,\n2011). Nesse sentido, os participantes 3, 4 e 5 querem ser menores do que o que eles consideram ser o\nideal social, já os participantes 1 e 2 desejam ser maiores. Todavia, observou-se que os participantes 6 e 7\ndesejam possuir o mesmo corpo que eles julgam ser o ideal social:\n“Ele (cliente) vai olhar para você e se imaginar. Se você está fora do padrão, como\nvocê vai querer buscar isso dele? Vai dificultar a tua profissão” (Participante 3).\nPor fim, contempla-se que há uma pressão da sociedade para que o educador físico esteja com\nseu corpo condizente com o estilo de vida que a profissão intenta proporcionar aos seus alunos. Diante\ndisso, a estética corporal do educador reflete de maneira significativa em seu trabalho (GARCIA et al., 2011;\nSILVA; SAENGER; PEREIRA, 2011).\n“Aqui na academia, se os alunos veem um instrutor gordinho, com um perfil\ntotalmente diferente, aí ele diz: ‘É, se o professor que tá todo o tempo na\nacademia não tá no perfil, como é que eu vou ficar?” (Participante 5).\nContudo, apesar dessa imposição social, a maioria dos educadores físicos entrevistados não\nbuscam se enquadrar nos padrões sociais de corpo.\nISSN 18088449 4Conclusão\nAveriguou-se, por meio dos resultados adquiridos no presente estudo, que os participantes 3, 4, 6 e\n7 se percebem em um tamanho menor do que sua forma física real e que os participantes 1, 2 e 5 se\nenxergam em um tamanho maior. Destaca-se um dado que merece atenção especial, há uma distorção\ncorporal tão significativa no modo como os participantes 1 e 4 enxergam a si próprios, que estes se\npercebem em categorias corporais diferentes das que pertencem, de forma que o participante 1 se vê em\numa categoria maior do que realmente é, enquanto o participante 4 se vê em uma menor.\nConstatou-se que os participantes 1, 2, 3, 4 e 5 almejam possuir um corpo diferente do que\nconsideram ser o ideal social, fato relevante em razão dos educadores físicos não se empenharem de forma\nexacerbada em construir uma forma física tida como “ideal” pela sociedade. Observou-se ainda que os\nparticipantes 1, 2, 6 e 7, apesar de trabalharem com atividades físicas e vivenciarem diariamente a\natmosfera de cuidados com o corpo, estão insatisfeitos com os seus corpos, desejando modificá-los para\nalcançar o corpo idealizado por eles.\nEm relação a esse último dado, pode-se perceber que, apesar dos educadores físicos praticarem\natividades físicas e manterem uma alimentação balanceada, obtendo, consequentemente, corpos\nsaudáveis, mais da metade dos entrevistados não estão satisfeitos com as suas formas físicas. Esse fato se\ndá em razão não só pela questão da busca pessoal em atingir um porte físico que eles almejam, mas,\nsobretudo, em virtude da exigência, principalmente dos alunos, sobre os profissionais de Educação Física\npossuírem um corpo tido como ideal pela sociedade. Observa-se, portanto, que a estética corporal do\neducador físico é relacionada à competência e à eficiência do seu trabalho. Em virtude disso, há uma\npressão social, em geral, para que o educador físico possua uma estrutura física “perfeita” dentro dos\npadrões de beleza atuais.\nReferências\nBATISTA, Alessandra; et al. Dimensão atitudinal da imagem corporal e comportamento alimentar em\ngraduandos de educação física, nutrição e estética da cidade de juiz de fora - mg. Rev. educ. fis.\nUEM [online]. v. 26, n. 1, p.69-77, 2015.\nBOSI, M. L. M.; LUIZ, R. R.; UCHIMURA, K. Y.; OLIVEIRA, F. P. Comportamento alimentar e imagem\ncorporal entre estudantes de educação física. Jornal Brasileiro de Psiquiatria, Rio de Janeiro, n. 57, n. 1, p.\n28-33, 2008.\nCELICH, Kátia Lilian Sedrez; SPADARI, Gessiel. Estilo de vida e saúde: condicionantes de um\nenvelhecimento saudável. Revista Cogitare Enferm, 2008 Jan/Mar; 13(2):252-60. Disponível em:\n<http://ojs.c3sl.ufpr.br/ojs/index.php/cogitare/article/viewFile/12497/8559>\nCÔRTES, M. G et al. O uso de escalas de silhuetas na avaliação da satisfação corporal de adolescentes:\nrevisão sistemática da literatura. Cad. Saúde Pública, Rio de Janeiro, 29(3):427-444, mar, 2013. Disponível\nem: http://www.scielosp.org/pdf/csp/v29n3/a03v29n3.pdf\nISSN 18088449 5DANTAS, Jurema Barros. Um ensaio sobre o culto ao corpo na contemporaneidade. Estud. pesqui.\npsicol., Rio de Janeiro,v. 11,n. 3,p.898-912,dez. 2011. Disponível em:\n<http://pepsic.bvsalud.org/scielo.php?script=sci_arttext&amp;pid=S180842812011000300010&amp;lng=pt&\namp;nrm=iso>\nGARCIA, L.; MILAGRES, O.G.; MOURÃO, L.; ASSIS, M.; PALMA, A. Autopercepção da imagem corporal\nem estudantes de educação física e medicina. Rev Bras Ativ Fís Saúde. v.16, n.1, p. 25-30, 2011.\nMELLO, Gabrielli Thais de; RECH, Ricardo Rodrigo. Insatisfação com a imagem corporal em acadêmicos de\neducação física. Revista Brasileira de Obesidade, Nutrição e Emagrecimento, São Paulo, v.6, n.34,\np.233-241, set/out. 2012. ISSN 1981-9919.\nNEVES, Angela Nogueira; HIRATA, Karina Mayumi; TAVARES, Maria da Consolação Gomes Cunha\nFernandes. Imagem corporal, trauma e resiliência: reflexões sobre o papel do professor de educação\nfísica. Psicol. Esc. Educ., Maringá, v. 19, n. 1, p. 97-104, abr. 2015.\nRECH, C.R.; ARAÚJO, E. D.S.; VANAT, J. R. Autopercepção da imagem corporal em estudantes do curso\nde educação física. Rev Bras Educ Fís Esporte, São Paulo, v.24, n. 2, p.285-92, abr./jun. 2010.\nSECCHI, K.; CAMARGO, B. V.; BERTOLDO, R. B. Percepção da imagem corporal e representações sociais\ndo corpo. Psicologia: Teoria e Pesquisa, Brasília, v.25, n.2, p. 229-236, 2009.\nSILVA, T.R.; SAENGER, G.; PEREIRA, E.F. Fatores associados à imagem corporal em estudantes de\neducação física. Motriz, Rio Claro, v.17 n.4, p.630-639, out./dez, 2011.\nISSN 18088449 6"
}