{
  "id": "27202",
  "trabalho": "PREVALÊNCIA DO TABAGISMO E QUALIDADE DE VIDA DE UNIVERSITÁRIOS DA CIDADE FORTALEZA  CEARÁ",
  "area": "CIÊNCIAS DA VIDA",
  "ano": "2016",
  "evento": "XXII - ENCONTRO DE INICIAÇÃO À PESQUISA ",
  "link": "http://uol.unifor.br/oul/conteudosite/?uuid=724787E854CC288A54305E450B6183E58E16F738",
  "conteudo": "XXII Encontro de Iniciação à Pesquisa\nUniversidade de Fortaleza\n17 à 21 de Outubro de 2016\nPREVALÊNCIA DO TABAGISMO E QUALIDADE DE VIDA DE\nUNIVERSITÁRIOS DA CIDADE FORTALEZA – CEARÁ\nLuthyane Lima Fernandes1* (IC), Etevaldo Deves Fernandes Neto2 (IC), Abraão Alves Correia Martins3 (IC),\nFranklin Douglas Saboia de Sousa4 (IC) e Guilherme Pinheiro Ferreira da Silva5 (PQ).\n1. Faculdade Ateneu – Curso Fisioterapia.\n2. Faculdade Ateneu – Curso Fisioterapia.\n3.Faculdade Ateneu – Curso Fisioterapia.\n4.Faculdade Ateneu – Curso Fisioterapia.\n5.Faculdade Ateneu – Curso Fisioterapia.\nluthynha@hotmail.com\nPalavras-chave: Qualidade de Vida. Fisioterapia. Hábito de Fumar. Estudantes.\nResumo\nO tabagismo tem se mostrado presente nos hábitos de pessoas em todo o mundo com uma preocupante\nprevalência do sexo masculino, o que vem a contribuir com a incidência de tumores pulmonares e doenças\ncrônicas não transmissíveis (DNCT) em jovens no meio universitário. O objetivo do estudo é ter uma melhor\nperspectiva da prevalência e a qualidade de vida de acadêmicos de fisioterapia em uma instituição de ensino\nsuperior e seus níveis de ansiedade e depressão em decorrência dos altos índices de fumantes no meio\nuniversitário. A pesquisa trata-se de um estudo transversal, onde foram aplicados questionários objetivos\npara acadêmicos de diversos períodos proporcionando uma coleta de dados pessoais dos participantes,\ntambém foram utilizados o questionário de qualidade de vida (SF-36) e Escala de ansiedade e depressão\n(HADS). Observou-se uma baixa prevalência do tabagismo na amostra estudada, porém, níveis de\nansiedade e depressão acompanhados da falta de atividade física foi um fator notório nos resultados da\npesquisa. Conclui-se que, os níveis de ansiedade e depressão de acadêmicos de fisioterapia são fatores\nque devem ser trabalhados em decorrência de uma constante busca por uma melhor qualificação\nprofissional, por muitas vezes não respeitando hábitos saudáveis que deveriam fazer parte de suas rotinas,\no que gera impactos negativos quanto à qualidade de vida desses estudantes os expondo a possíveis\ntranstornos psicológicos como ansiedade e depressão que podem ser evitados ainda em sua formação\nprofissional com a inserção de acompanhamentos psicológicos através de suas respectivas instituições de\nensino.\nIntrodução\nAtualmente mais de um bilhão de pessoas são fumantes no mundo e estima-se que na década de 2030\nesse total poderá chegar a dois bilhões segundo Who, (2009). O que tem se mostrado preocupante, tendo\nem vista que o impacto sobre a saúde decorrente do uso do tabaco chega a ser responsável por 90% dos\ntumores pulmonares, 75% das bronquites crônicas e 25% das doenças isquêmicas do coração (MACKAY,\n2002).\nO uso do tabaco um é fato notório e ao mesmo tempo desafiador, com sua iniciação cada vez mais precoce\ne progressiva, estima-se um déficit na qualidade de vida dos usuários e como consequência um aumento do\nrisco de doenças evitáveis (CAVALCANTE, 2005). De acordo com Santos, (2009) fatores como o estresse,\ndiminuição de percepção, doenças da tireoide entre outros problemas de saúde são decorrentes do uso\nabusivo do tabaco, contribuindo para uma queda na qualidade de vida dos usuários.\nISSN 18088449 1Precioso, (2004) afirma que a inclusão no ambiente universitário no Brasil, tende a proporcionar sonhos aos\nestudantes e uma expectativa de um futuro promissor, porém esta fase é a mais vulnerável por diversos\nfatores, um dos mais comuns é a aceitação em grupos. A cada ano milhares de jovens iniciam o uso do\ntabaco em meio a novos relacionamentos no ambiente universitário. É fundamental que acadêmicos e\nleitores tenham uma boa perspectiva sobre o consumo do tabaco, tendo em vista que o consumo do mesmo\ncontribui negativamente até mesmo na qualidade de vida familiar, certas vezes por meios de influencias de\nuso por algum familiar ou exposição a doenças em decorrência do uso (ROSEMBERG, 2003).\nO objetivo do estudo concentra-se em poder vislumbrar a prevalência e a qualidade de vida de acadêmicos\nde fisioterapia em uma instituição de ensino superior na cidade de Fortaleza, verificando o ato de tabagismo,\nfaixas etárias, gêneros e níveis de ansiedade e depressão em decorrência dos altos índices de fumantes no\nmeio universitário e das diversas doenças cérebro cardiovasculares, podendo as mesmas serem evitadas\ncom uma maior conscientização dos usuários e divulgação dos respectivos achados na pesquisa.\nMetodologia\nO estudo trata-se de uma pesquisa transversal, onde participaram da pesquisa acadêmica do curso de\nfisioterapia regularmente matriculada na Faculdade Ateneu na Sede Lagoa de Messejana. A coleta de dados\nfora realizada no mês de agosto de 2015.\nO instrumento utilizando foi um questionário por perguntas simples e fechadas, que foi preenchido pelos\nuniversitários no intervalo das aulas. Foram levantadas as seguintes informações: idade, gênero, ato\ntabágico (não fumante, fumante, ex-fumante ou fumante passivo), qualidade de vida (SF-36), Teste de\nFagerström e Escala de ansiedade e depressão (HADS).\nOs critérios para participação desta pesquisa foram ≤ 18 anos, regularmente matriculados de qualquer\nperíodo e assinatura do Termo de Consentimento e Esclarecido. Os critérios de exclusão: não responder\ncorretamente, recusa a responder o instrumento de pesquisa, universitários ≥ 18anos. A pesquisa após os\ncritérios de inclusão e exclusão contou com uma amostra de 94 participantes, sendo 81 do sexo feminino e\n13 do sexo masculino.\nO projeto de pesquisa foi aprovado pelo comitê de Ética da Faculdade Ateneu, em julho de 2015.\nResultados e Discussão\nDe acordo com os achados no questionário avaliativo (tabela 1), observa-se baixa prevalência no índice de\nfumantes ativos universitários do curso de fisioterapia, sendo correspondente a 1,06% dos entrevistados,\ncom predomínio do sexo masculino e idade média de 26,3 ± 7,1. Corroborando com Andrade et al., (2006)\nonde o autor afirma que apesar do gênero feminino ser maioria no campo universitário há um predomínio\nde fumantes ativos do gênero masculino, mesmo sendo um baixo predomínio desta prevalência. Andrade et\nal., (2006) também vem a corroborar com a pesquisa atual ao se referir que há uma menor prevalência de\ntabagismo em estudantes universitários dos cursos da área de saúde quando comparados com estudantes\ndas áreas de humanas.\nQuanto ao predomínio de fumantes na família, cerca de 30% dos entrevistados alegaram não terem\nfumantes na família, o que vem a contribuir positivamente em relação ao ambiente familiar desses\nacadêmicos, dentre os entrevistados que alegaram terem fumantes na família, cerca de 29% alegaram\ntabagismo por parte de pai e cerca de 20% por parte de mãe. Com isto, destaca-se ainda o sexo masculino\nsendo o principal usuário de cigarro. Corroborando com Malcon et al., (2003) onde o mesmo afirma que o\nuso de tabaco no meio familiar pode agir como influencia para o consumo em jovens ainda na adolescência.\nISSN 18088449 2No sedentarismo não houve correlação com fumantes e não-fumantes, o que revela que a falta de atividade\nfísica pode ser considerada uma falta de hábito comum entre os universitários. De acordo Ribeiro et al.,\n(2012) o tabagismo e a falta de atividade física são fatores de risco para o aumento da morbi-mortalidade,\nalém de aumentarem os gastos com a saúde. Rodrigues et al., (2008) vem a fazer uma correlação com o\nem seus achados afirmando que a baixa quantidade de praticantes de atividade física é comum e\npreocupante no meio acadêmico devido as suas estimativas, contribuindo com surgimentos de doenças\ncrônicas não transmissíveis (DCNT).\n(Tabela 1)\nQUESTIONÁRIO AVALIATIVO\nDADOS GERAIS FUMANTES NA FAMÍLIA\nFUMANTES 1,06% NÃO FUMANTES 29,91%\nIDADE MÉDIA 26,3 ± 7,1 MÃE 20,21%\nGÊNERO M\n14% PAI 28,72%\nGÊNERO F\n86% IRMÃOS 11,70%\nPRATICANTES DE ATIVIDADE\nFÍSICA 33% OUTROS 9,46%\nDe acordo com a e Escala de Ansiedade e Depressão (HADS). Observa-se quanto aos níveis de ansiedade\ne depressão que a ansiedade é maior comparado ao nível de depressão (gráfico 1). O que contribui\nnegativamente na qualidade de vida desses estudantes em virtude de suas perspectivas futuras e auto\ncobranças em buscas de uma melhor qualificação profissional possível independente da qualidade de seus\nhábitos, o que vem a refletir em faltas de atividade física, má alimentação, insônia e em alguns casos\ndepressão.\nClaudino, (2006) vem a corroborar com os achados acima ao afirmar que nossa sociedade atualmente\npassa por uma era da ansiedade, devido a tamanha competitividade, dificuldades relacionais, consumismo,\ndiferenças sociais, injustiças, globalização e tantos outros agentes poderosos que nos induzem a uma\nrealidade mais imediatista.\n(GRÁFICO 1 DE ANSIEDADE E DEPRESSÃO (HADS))\nISSN 18088449 3Segundo os achados na versão brasileira do questionário de qualidade de vida -SF-36 (tabela 2), quanto a\ncapacidade funcional e aspecto físico levantam números positivos quanto a qualidade de vida dos\nacadêmicos, destacando assim, que os mesmos apresentam boa capacidade de realização de atividades\nfísicas, incluindo as mais exigentes, sem limitações por motivos de saúde e não apresentam problemas na\nrealização do trabalho ou de outras atividades diárias em consequência da saúde física. Geralmente não são\nencontrados déficits nos níveis de capacidade funcional e aspecto físico em jovens universitários, mesmo\ncom a prevalência de tabagismo (VARO ET AL., 2003; HALLAL ET AL., 2003).\n(Tabela 2)\nVERSÃO BRASILEIRA DO QUESTIONÁRIO\nDE QUALIDADE DE VIDA -SF-36\n86,41 ±\nCAPACIDADE FUNCIONAL 14,1 ASPECTO SOCIAL 61,9 ± 25,06\n85,47 ±\nASPECTO FÍSICO 44,04 ASPECTO EMOCIONAL 77,12 ± 38,18\n53,94 ±\nDOR 25,17 SAÚDE MENTAL 64,29 ± 17,78\n58,04 ± 48.6784 ±\nESTADO GERAL DE SAUDE 9,14 COEFICIENTE FISICO SUMARIZADO 48757,1\n53,03 ± COEFICIENTE MENTAL 49.9258 ±\nVITALIDADE 18,14 SUMARIZADO 48234,3\nQuanto aos aspectos de dor, estado geral de saúde e vitalidade os níveis mostraram que os participantes se\nencontram em maior parte do tempo cansados e/ou exaustos e avaliam seu estado de saúde e presença de\ndor como regulares.\nOs níveis de aspecto social, emocional e saúde mental dos acadêmicos indicam que os problemas\nemocionais e físicos interferem de uma forma relativa suas atividades sociais e relativas dificuldades com o\ntrabalho ou com outras atividades diárias. Precioso, (2004) vem a contribuir em seu estudo ao afirmar que\njovens ao serem inseridos em um ambiente universitário sofrem com conflitos de diversos sentimentos\ncomo ansiedade e depressão. Entretanto, acredita-se que suas expectativas futuras e auto cobranças\npodem ser consideradas um fator desencadeador dessas emoções no ambiente universitário.\nConclusão\nEm meio ao cotidiano de universitários da área de saúde no que diz respeito à conscientização do ato\ntabágico, pode-se ter uma boa percepção quanto aos conhecimentos dos malefícios desta substancia\napesar de certos ainda conviverem com consumo da mesma no ambiente familiar. Porém, além da falta de\nhábitos saudáveis como práticas de atividade física, esses jovens se mostram profundamente engajados a\numa qualificação profissional de excelência, sem respeitar por vezes alguns aspectos psicológicos que\ndeveriam ser considerados, como a ansiedade e a depressão, o que vem a contribuir com impactos\nnegativos a sua qualidade de vida.\nContudo, apesar de uma ótica positiva da conscientização de acadêmicos de fisioterapia quanto ao\ntabagismo, estima-se que aspectos psicológicos como a ansiedade e depressão devam ser considerados\ncomo uma questão de saúde pública, tendo em vista que mesmo com a queda da prevalência do tabagismo\nde acadêmicos da área de saúde, nota-se um aumento nos níveis de ansiedade e depressão, que devem\nser trabalhados ainda em sua grade curricular, contribuindo assim para uma melhora em sua qualidade de\nvida buscando conscientizar os mesmos quanto a importância da redução desses transtornos psicológicos\ncomo a ansiedade e depressão para uma melhor qualificação pessoal e profissional através de suas\nrespectivas instituições de ensino.\nISSN 18088449 4Referências\nANDRADE, A. P. A.; BERNARDO, A. C. C.; VIEGAS, C. A. A.; FERREIRA, D. B. L.; GOMES, T. C.; SALES,\nM. R. Prevalência e características do tabagismo em jovens da Universidade de Brasília. J Bras Pneumol.\n2006;32(1):23-8\nCAVALCANTE, Tânia Maria. O controle do tabagismo no Brasil: avanços e desafios. Revista de Psiquiatria\nClínica 2005.\nCLAUDINO, J.; CORDEIRO, R. (2006). Níveis de ansiedade e depressão nos alunos do curso de\nlicenciatura em Enfermagem: O caso particular dos alunos da escola superior de saúde de Portalegre.\nEducação, Ciência e Tecnologia, 32, 197-210.\nHALLAL, P.C.; VICTORA, C. G.; WELLS, J. C. K.; LIMA, R. C. Physical inactivity: prevalence and associated\nvariables in brazilian adults. Med Sci Sports Exerc. 2003;35(11):1894-900. doi:10.1249/01.\nMSS.0000093615.33774.0E\nMACKAY, J.; ERIKSEN, M. The tobacco atlas. Geneva: World Health Organization; 2002.\nMALCON, M. C.; MENEZES, A. M. B.; CHATKIN, M. Prevalência e fatores de risco para tabagismo em\nadolescentes: estudo de base populacional, no sul do Brasil. Rev Saúde Publica. 2003;37(1):1-7\nPRECIOSO, José. Quando e Por que Começam os Estudantes Universitários a Fumar: Implicações para a\nPrevenção 2004.\nRIBEIRO, A. G.; COTTA, R. M. M.; RIBEIRO, S. M. R. A Promoção da Saúde e a Prevenção Integrada dos\nFatores de Risco para Doenças Cardiovasculares. Ciência & Saúde Coletiva, 17(1):7-17, 2012\nRODRIGUES, E. S. R.; CHEIK, N. C.; MAYER, A. F. Nível de atividade física e tabagismo em universitários.\nRev Saúde Pública 2008;42(4):672-8\nROSEMBERG, José. Nicotina: Droga Universal. 2003.\nVARO, J. J.; MARTÍNEZ-GONZÁLEZ, M. A.; DE IRALA-ESTÉVEZ, J.; KEARNEY, J.; GIBNEY, M.;\nMARTÍNEZ, J. A. Distribution and determinants of sedentary lifestyles in the European Union. Int J Epidemiol.\n2003;32(1):138-46. doi:10.1093/ije/dyg116\nSANTOS, Marilise Beatris, Análise da Qualidade de Vida de Portadores de Doença Pulmonar Obstrutiva\nCrônica Pós um Programa de Reabilitação pulmonar. Net, Novo Hamburgo RJ, 2009.\nWHO. WHO Report on the Global Tobacco Epidemic, 2009. Acesso em 25 de Novembro de 2015.\nDisponível em: <http://www.who.int/tobacco/ mpower/en/index.html>.\nISSN 18088449 5"
}