{
  "id": "27206",
  "trabalho": "CONFECÇÃO DE VÍDEOAULA COMO RECURSO DIDÁTICO NA DISCIPLINA DE PRÉ CLÍNICA II",
  "area": "CIÊNCIAS DA VIDA",
  "ano": "2016",
  "evento": "XVI - ENCONTRO DE INICIAÇÃO À DOCÊNCIA",
  "link": "http://uol.unifor.br/oul/conteudosite/?uuid=76010F125C55123F24FEE4C44B48E7953204EDD0",
  "conteudo": "XVI Encontro de Iniciação à Docência\nUniversidade de Fortaleza\n17 a 20 de outubro de 2016\nCONFECÇÃO DE VÍDEOAULA COMO RECURSO DIDÁTICO NA\nDISCIPLINA DE PRÉ CLÍNICA II\nWlhadya Kaenny de Freitas Costa¹* (ID), Isabelly de Carvalho Leal² (ID), Fernando Bruno Pontes\nTabosa³ (ID), André Mattos Brito de Souza4, Vanara Florêncio Passos4 (PO)\n1. Universidade de Fortaleza - PROMON\n2. Universidade de Fortaleza – PROMOV\n3. Universidade de Fortaleza – Curso de Odontologia\n4. Universidade de Fortaleza – Professor(a) do curso de Odontologia\nWlhadya.freitas@hotmail.com\nPalavras-chave: Estratégias. Ensino. Aprendizagem.\nResumo\nA disciplina de Pré Clínica II do curso de Odontologia da Unifor possui grande carga de conteúdo\nteórico, tornando-a por vezes difícil e cansativa. Dessa forma, é importante a utilização de\nmétodos fora da sala de aula que motivem, auxiliem e facilitem o processo de ensino-\naprendizagem dos alunos. Dentre esses métodos temos a utilização de vídeoaulas, que são\nbastante acessíveis e estão relacionadas com atividades de lazer, fazendo com que o aluno tenha\numa nova postura ao receber o conteúdo, sendo mais autônomo e responsável. Para isso, foram\nconfeccionadas duas vídeoaulas utilizando imagens da internet e fotografias e áudio narrado a\npartir de uma câmera fotográfica. As vídeoaulas foram editadas e serão passadas aos alunos do\nquarto semestre no período de 2016.2. Assim, o preparo de vídeoaulas pode trazer grandes\nbenefícios no processo de aprendizagem, por permitir que os alunos tenham acesso ao conteúdo\nde forma mais rápida e esclarecida, pois ilustra, contempla informações e dinamiza as aulas,\nsendo uma ótima opção para professores e monitores utilizarem-no como recurso didático auxiliar.\nIntrodução\nA disciplina de Pré Clínica II do curso de Odontologia possui uma grande carga de conteúdos\nteóricos associados à prática laboratorial. O estudo desses conteúdos somente através de aulas\nse torna, muitas vezes, difícil e cansativo para os alunos. Por isso, se faz necessária a inserção de\nnovos métodos de ensino no processo de aprendizagem dos alunos, de forma a despertar seus\ninteresses e permitir a assimilação dos conteúdos com mais facilidade.\nISSN 21755396 1Entre esses métodos podemos destacar as vídeoaulas, uma vez que são bastante acessíveis,\ndevido a globalização da internet, e pelo potencial em dinamizar as atividades didáticas\n(VICENTINI; DOMINGUES, 2008).\nO vídeo está intimamente relacionado às atividades de lazer, de entretenimento, fazendo com que\no aluno modifique sua postura e expectativas ao receber determinado conteúdo, uma vez que\npara ele, é como um descanso das aulas tradicionais (MORAN, 1995). O vídeo parte do concreto,\ndo visível e serve para confirmar uma teoria, ilustrar, demonstrar um olhar específico com o qual\nse está trabalhando, é ele que amplia o conhecimento e exemplifica (MORAN, 1995; MORAN,\n2004).\nSegundo Moran (1995), o vídeo não substitui o professor e por si só também não muda a relação\nensino e aprendizagem. Porém, é excelente para aproximar o ambiente educacional das relações\ncotidianas, das linguagens e para levantar novas questões durante o processo de aprendizado,\ndespertando o interesse dos alunos (VICENTINI; DOMINGUES, 2008).\nPortanto, a prática educativa para a aprendizagem deve englobar diferentes estratégias, e\nprincipalmente, utilizar novas tecnologias que ampliem e diversifiquem a interação professor-\naluno. Nesse sentido, o objetivo do seguinte trabalho é discutir alguns aspectos que envolvem a\neducação através de vídeoaulas, a serem repassadas aos alunos via divulgação on-line, visando\nminimizar suas dificuldades tanto na compreensão da teoria como na execução da técnica\nlaboratorial.\nMetodologia\nInicialmente, através de reuniões com os professores da disciplina de Pré-Clínica II, foram\nverificados os dois conteúdos mais complexos e de maior dificuldade de aprendizagem. Dessa\nforma, utilizando imagens obtidas da internet, livros, artigos científicos e imagens fotografadas,\ncom câmera Nikon D3100 lente NIKKOR 18-55, que representassem os dois conteúdos. As aulas\nforam confeccionadas utilizando slides no programa PowerPoint 2013. Posteriormente, foram\neditadas com acréscimos de pequenos textos ou tópicos sobre os assuntos em cada slide.\nSequencialmente, foi realizada uma filmagem com a narração da aula, previamente avaliada pela\nprofessora orientadora, sobre os assuntos, com câmera Nikon D3100 lente NIKKOR 18-55. O\náudio foi extraído da filmagem e anexado aos slides no programa Windows Movie Maker para\ncriar cada videoaula (Figuras 1 e 2).Figura 1. Imagem da vídeoaula\nFigura 2. Imagem da videoaula\nResultados e Discussão\nForam obtidas duas vídeoaulas de mais ou menos 10 minutos falando sobre os dois temas de\nmaior dificuldade para os alunos de pré-clínica II, sistemas adesivos e amalgama dental. As\nvídeoaulas serão passadas aos alunos do quarto semestre no período de 2016.2, via YouTube,\nobjetivando que os alunos adquiram maior segurança sobre o conteúdo abordado e facilidade no\naprendizado.\nSegundo Mattar (2009), o YouTube foi criado em 2005 e em 2006, comprado pelo Google,\nobjetivando o compartilhamento de experiências de viagens. Entretanto, essa ferramenta\ntransformou-se também em um recurso educacional. Hoje, YouTube EDU agrupa vídeos e canais\nde faculdades e universidades de renome mundial como MIT, Berkeley, Yale, Princeton e\nStanford, bem como Nacionais, dentre outras. Uma vez o vídeo baixado, ele pode ser visualizado\npor centenas de alunos ao mesmo tempo, de acordo com a disponibilidade de tempo de cada um,\nutilizando computadores ou acesso mais rápidos como celulares, tablets, entre outros. Seususuários têm total controle no ritmo do vídeo, podendo repetir algumas informações, ou avançar\nde acordo com a necessidade educacional de cada um.\nO uso das várias técnicas informacionais incidiu sobre o meio educacional e aumentou as\npossibilidades de interação entre o aluno e o conteúdo. Esse caminho de transformação que a\neducação vem percorrendo coloca os envolvidos, professor, aluno e monitor para refletir sobre\nsuas atuações. Se antes o professor centralizava o conhecimento em sua figura em sala de aula,\nhoje, o acesso facilitado que as várias mídias permitem, faz com que alunos possam ter contato\ncom diversos conteúdos muito antes deles serem apresentados em sala de aula, incentivando a\nautonomia e responsabilidade (DOTTA et al., 2013).\nHá certas teorias que são melhor compreendidas, ou somente podem ser bem compreendidas, se\nfilmadas (ROSA, 2000). Pesquisadores apontam que o uso de vídeos pode alcançar diferentes\nestilos de aprendizagem e inteligências, pois os alunos absorvem melhor as informações quando\nobtêm estímulos visuais e sonoros em comparação a educação tradicional (MATTAR, 2009).\nUma videoaula tem um forte apelo emocional e, por isso, motiva a aprendizagem dos conteúdos\napresentados pelo professor. Ou seja, o sujeito compreende de maneira sensitiva, conhece por\nmeio das sensações, do visual, reage diante dos estímulos dos sentidos, não apenas diante das\nargumentações da razão, sendo acessível a maioria da população adulta e jovem. Não se trata de\numa simples transmissão de conhecimento, mas sim de aquisição de experiências de todo o tipo:\nconhecimento, emoções, atitudes, sensações, etc., distanciando-se da cultura linear de sala de\naula e da rotina escolar (DALLACOSTA, 2004). Além disso, a quebra de rotina provocada pela\napresentação de um audiovisual é saudável, pois altera o ritmo da sala de aula e permite\ndiversificar as atividades ali realizadas. Portanto, o produto audiovisual pode ser utilizado como\nmotivador da aprendizagem e organizador do ensino na sala de aula (ARROIO; GIORDAN, 2008).\nTodavia, segundo Moran (1995), o uso de videoaula não apresentará sucesso sem uma boa\nestratégia pedagógica do professor. Portanto, o professor ainda deve apresentar um papel ativo e\nfacilitador para a construção do conhecimento.\nConclusão\nO preparo de vídeoaulas traz grandes benefícios no processo de aprendizagem, permite que os\nalunos tenham acesso ao conteúdo de forma mais rápida e esclarecida, pois ilustra, contempla\ninformações e dinamiza as aulas. A confecção do vídeo aula nos trouxe uma experiência\nsignificativa para nossa formação como monitores e para uma futura prática docente, visto que\npudemos realizar a prática concreta e teórica da docência. Dessa maneira, é de grande relevância\nque todos os professores e/ou monitores confeccionem vídeoaulas.Referências\nARROIO, A.; GIORDAN, M. O vídeo educativo: aspectos da organização do ensino. Química\nnova na escola, v. 24, n. 1, p. 8-11, 2006.\nDALLACOSTA, Adriana. Possibilidades educacionais do uso de vídeos anotados no\nyoutube. Rio de Janeiro - RJ - Abril 2004.\nhttp://www.ensino.eb.br/portaledu/conteudo/artigo9513.pdf\nDOTTA, S. C. et al. Análise das Preferências dos Estudantes no uso de Videoaulas: Uma\nexperiência na Educação a Distância. Anais do Workshop de Informática na Escola. Vol. 1. No.\n1. 2013.\nMATTAR, João. Youtube na educação: o uso de vídeos em EaD. In: Congresso da Associação\nbrasileira de educação à distância. São Paulo, 2009. Anais eletrônicos - Resumos. Disponível em:\nhttp://www.abed.org.br/congresso2009/CD/trabalhos/2462009190733.pdf. Acesso em: 13 agos.\n2016.\nMORAN, J. M. Os novos espaços de atuação do educador com as\ntecnologias. Conhecimento local e conhecimento universal: diversidade, mídias e tecnologias na\neducação. Curitiba: Champagnat, p. 245-253, 2004.\nMORAN, J. M. O vídeo na sala de aula. Comunicação & Educação, n. 2, p. 27-35, 1995.\nROSA, P. R. S. O uso dos recursos audiovisuais e o ensino de ciências. 2000.\nVICENTINI, G. W.; DOMINGUES, M. O uso do vídeo como instrumento didático e educativo\nem sala de aula. In: ENCONTRO DA ASSOCIAÇÃO NACIONAL DE CURSOS DE GRADUAÇÃO\nEM ADMINISTRAÇÃO, 14, 2008, Curitiba.\nAgradecimentos\nAgradeço a Deus por mais um ano com essa experiência enriquecedora na minha vida\nacadêmica. Agradeço a minha família e amigos por todo apoio e por torcerem sempre pelo meu\nsucesso. Agradeço a Universidade de Fortaleza (UNIFOR) por essa oportunidade de vivenciar um\npouco da docência através do PROMON (Programa de Monitoria Institucional). Agradeço aos\namigos e também monitores Isabelly, Thays, Dayrine e Rafael por toda ajuda e por vivenciarem e\ncompartilharem comigo as emoções e experiências da monitoria. Agradeço também a todos os\nprofessores da disciplina, em especial a Professora Orientadora Vanara Florêncio Passos, por\ntodo o ensinamento, dedicação e paciência na elaboração deste trabalho."
}