{
  "id": "27216",
  "trabalho": "SISTEMA EDUCACIONAL DE QUEBRA-CABEÇA: ANÁLISE CRÍTICA DE UM ENSINO JURÍDICO INTERDISCIPLINAR COMO MODELO PARADIGMÁTICO.",
  "area": "CIÊNCIAS JURÍDICAS",
  "ano": "2016",
  "evento": "XVI - ENCONTRO DE INICIAÇÃO À DOCÊNCIA",
  "link": "http://uol.unifor.br/oul/conteudosite/?uuid=7A53346E21E1DCE67568BF2546B2A41EC6E4F3B3",
  "conteudo": "XVI Encontro de Iniciação à Docência\nUniversidade de Fortaleza\n17 a 20 de outubro de 2016\n“Sistema educacional de Quebra-cabeça”: análise crítica de um ensino\njurídico interdisciplinar como modelo paradigmático.\nLarissa Querem Tavares Mendonça (ID)¹*; Gustavo Tavares Cavalcanti Liberato (PO)²\n1. Universidade de Fortaleza – PROMON – lariquerem@hotmail.com\n2. Universidade de Fortaleza – Curso Direito – gustavoliberato@unifor.br\nPalavras-chave: Interdisciplinaridade. Exegetismo. Ensino jurídico.\nResumo\nO presente artigo tem como finalidade demonstrar a relevância da implementação de uma\nmetodologia de ensino jurídico dotada de interdisciplinaridade, com vistas à formação de\nacadêmicos de direito providos de habilidades que viabilizem a construção de um conhecimento\nabrangente e interligado dos diversos ramos do direito. Ademais, buscou-se apresentar reflexões\nsobre a influência do ensino jurídico tradicional como obstáculo para a efetivação de um ensino\njurídico paradigmático sustentado por articulações epistemológicas interdisciplinares. Finalmente,\nà guisa de conclusão, ressaltou-se a relevância do papel do professor e das academias de direito\nna integração das disciplinas curriculares, a fim de superar a fragmentação do ensino,\nobjetivando, dessa forma, que o discente possa exercer criticamente a cidadania.\nIntrodução\nA educação tem um papel essencial nas mudanças dos condicionamentos sociais\ninstalados. Para isso, é necessário que esta não se restrinja a transferir instruções, mas que\nrealmente prepare os discentes para desafios maiores. Trata-se de desenvolver uma postura\nreflexiva e uma visão crítica, que permitam ao educando associar a teoria à prática. Neste sentido\npreleciona Neisser Freitas (2000, p.2):\n[...] a educação deve ser trabalhada na expressão de formar cidadãos\ncríticos e conscientes que, em decorrência desta percepção, possam em\numa primeira etapa se pensarem enquanto seres de cultura e agentes\ntransformadores, buscando assim mudarem a si próprios e, em seguida\ninfluenciarem as pessoas e o meio em que vivem.\nEm razão da relevância social do tema, o artigo em epígrafe trata da interdisciplinaridade\ncomo modelo de ensino a ser alcançado, haja vista, que o processo de formação dos bacharéis\nem direito deve estar alicerçado a compreensão das várias dimensões do sistema jurídico e a sua\nação no cotidiano da vida social, isto é, busca-se findar o ensino fragmentado do saber científico.\nISSN 21755396 1À vista disso, a efetivação da interdisciplinaridade no processo de ensino-aprendizagem,\npor meio da integração de conteúdos, além de aliar o campo teórico das salas de aulas à\nrealidade profissional e social, instiga os educandos a ter um maior interesse pelo curso, pois a\nemancipação do tradicional modelo de ensino segmentado permite que o aprendizado e a\nformação dos acadêmicos seja realizada de forma globalizada, com o intuito de que as\npercepções e os conceitos que compõem o sistema jurídico seja apreendido com uma significação\ncompleta. Neste sentido, assevera João Ribeiro Júnior (2003, p.31-32):\nA formação estereotipada e especializada doa advogados que se\ntransformaram, e às vezes até eficientemente, em autênticos\ndespachantes de papéis judiciários, em contraste com os bacharéis de\nlarga cultura, que chegaram a dirigir o processo sociopolítico-econômico\ndo nosso país, trouxe-me à mente um preconceito típico de nossa época\ntecnológica, que dá extremo valor ao especialismo, como se houvesse um\núnico caminho para o conhecimento humano trilhar com segurança.\nNestes termos, para que haja essa inserção do modelo de ensino interdisciplinar, o\npresente artigo relata que também se faz necessário que as resistências colocadas pelos\nespecialistas em direito em se libertarem do conservadorismo didático seja superada, além do\nmais que as instituições de ensino possam se desapegar dessa herança formalista pela extrema\nespecialização, para que, dessa maneira, não sejam formados profissionais acríticos e\nincompetentes que não auferem soluções efetivas, porém, tão somente, repetem as soluções\npreexistentes, não contribuindo, destarte, com as transformações sociais.\nMetodologia\nPara o deslinde deste trabalho acadêmico, utilizou-se uma metodologia de natureza\ndescritiva e exploratória, por intermédio de uma abordagem qualitativa e empírica, desenvolvida\natravés de pesquisa bibliográfica, baseada em livros, revistas e artigos diametralmente associados\nao tema em análise.\nResultados e Discussão\n1. \"Sistema educacional de Quebra cabeça”\nPara iniciar este opúsculo de forma concisa e didática é relevante que seja fornecido o\nentendimento de interdisciplinaridade segundo Hilton Japiassu (1976, p.115):\nEm síntese, poderíamos dizer que a metodologia interdisciplinar postula uma\nreformulação generalizada das estruturas de ensino das disciplinas científicas, na\nmedida em que coloca em questão não somente a pedagogia de cada disciplina,\nmas também o papel do ensino pré-universitário, bem como o emprego que se faz\ndos conhecimentos psicopedagógicos adquiridos. Ademais, põe em jogo o\nfracionamento das disciplinas ainda vigentes nas universidades, para postular uma\npedagogia que privilegie as interconexões interdisciplinares.\nPartindo desta definição, percebe-se que é necessário um ensino jurídico interdisciplinar,\npara que haja uma comunicação entre os diversos ramos do saber, com a finalidade de se ter\numa integração do conhecimento num todo harmônico, em razão de as disciplinas estarem\nvisivelmente conectadas, pois, por exemplo, apesar de existirem ramos do direito público e dodireito privado, entre estes há intercessões, como entre o direito processual civil na sua vertente\nde execução que encontra-se intimamente ligada ao direito das obrigações; e/ou entre o direito\nadministrativo e o direito civil, em virtude da matéria de contratos, bem como o direito\nconstitucional, que devido a sua supremacia e a sua eficácia normativa é de estudo obrigatório\npara as demais áreas do direito. A esse respeito alerta Goffredo Telles Júnior, ao afirmar que\n(2003, p.2):\nDurante cinco anos do curso, matérias muitas e diversas são explicitadas e\nestudadas. Mas, reparem, todas elas se prendem uma com as outras.\nRelacionam-se pelos seus primeiros princípios, pelos seus fundamentos, pelos\nfins que almejam. Em verdade, podemos até dizer que, durante todo o Curso\nnuma faculdade de Direito, só cuidamos de uma única disciplina: A Disciplina da\nConvivência Humana.\nAssociando essa elucidação - que explana que o ensino jurídico deve ser ministrado de\nforma encadeada - a prática da “montagem de um quebra-cabeça”, entende-se como uma praxe\nem que se usa a imagem padrão que o acompanha, unindo assim de forma lógica as peças que o\ncompõem. No curso de direito, cada semestre é uma peça que é oferecida aos discentes por meio\nde um modelo de ensino, em que, por vezes, este é reduzido a mera passividade em relação ao\nprofessor, que apenas transplanta conhecimentos, através de um processo de acumulação,\nacreditando que o aluno aprendeu o que foi aclarado e que conseguirá reproduzir de forma\nrobótica.\nTodavia, a problemática reside no fato de que essa forma de ensino pulverizada, não\nfornece a imagem modelo, ou seja, os alunos ao se formarem e ao aplicarem o direito na prática,\nmuitas vezes, não conseguem interligar os diversos ramos jurídicos, fazendo-se necessário, que\nhaja uma interdisciplinaridade no ensino para que os intérpretes do direito sejam dotados das\ncompetências profissionais que o meio social requer, visto que é necessário que estes saibam\nassociar a teoria com a prática, caso contrário haverá um saber deficitário, incompleto.\nTal pensamento está estruturado nas palavras de Paulo Freire de que “A reflexão crítica\nsobre a prática se torna uma exigência da relação Teoria/Prática, sem a qual a teoria pode ir\nvirando blablablá e a prática, ativismo” (FREIRE, 2007, p.22), ou seja, esta proposição denota que\no acúmulo de conhecimentos apenas teóricos do direito tornar-se-ia um “blablablá”, um jogo de\npalavras vazias, caso não seja interligado com a vivência prática da realidade jurídica.\n2. O exegetismo como obstáculo à interdisciplinaridade\nOs conceitos de sociedade e direito formam um binômio indissociável, consequentemente\npara fazer jus ao brocado latino ubi societas ibi jus é necessário que o ensino jurídico se adapte a\numa sociedade demasiadamente globalizada baseada em redes de intercomunicações dinâmicas\ne complexas, que se traduzem na maleabilidade das relações sociais e em mercados exigentes;\ntais fatos geram a necessidade de profissionais com habilidades distintas e que sejam capazes de\ninterligar os diversos ramos do direito com a realidade social.Contudo, essa interdisciplinaridade é um paradigma a ser alcançado, visto que há o\nentrave do ensino jurídico ser firmado em um modelo de educação exegético, marcado por um\nformalismo legal, ou seja, pelo conservadorismo cientificista, já que os exegetas minoram o campo\nde abordagem do Direito, considerando que este é apenas a lei, descartando, dessa forma, uma\nanálise interdisciplinar e de fatores metajurídicos nas relações sociais, defendendo que a\ninterpretação das normas deve ser tecnicista, quando não literal.\nEssa conjuntura pode ser elucidada pela afirmação de Hilton Japiassu (1976, p.210)\nquando diz que a finalidade do exegetismo é de “apenas descrever os fenômenos e suas\nrelações, graças a enunciados teóricos susceptíveis de explicá-los de modo eficaz e cômodo, mas\nsem nenhuma pretensão de desvendar os ‘segredos’ da realidade”. Todavia, essa visão jurídico-\ntecnicista fundamentada pela doutrina dogmática, que exclui qualquer elemento não-jurídico,\nimpede uma abordagem de conceitos, classificações e de modelos jurídicos de forma interligada\nentre as disciplinas jurídicas.\nTal fato depaupera o direito, contribuindo para a miopia dos operadores jurídicos,\nimpedindo-os de compreender o caráter multifacetado da realidade social e a complexidade da\nregulamentação jurídica, visto que este ensino exegético somente coopera para a formação de\nprofissionais com o conhecimento fragmentado, dissociados da realidade social, restritos a\nespecialidades em determinada área, motivados, em geral, por interesses eminentemente\nparticulares.\nPartindo desse deslinde, fica evidente que para a desconstrução do modelo educacional\ntradicionalista é importante que seja adotada uma metodologia de ensino-aprendizagem\ninovadora alicerçada por modelos interdisciplinares, que sejam capazes de propagar não apenas\no “saber”, mas também o “fazer”, para que, dessa forma, seja possível formar bacharéis em direito\nhumanistas e capazes de compreender o contexto social em que irão cooperar.\n3. O papel dos docentes e das universidades na difusão da interdisciplinaridade\nA descontaminação do ensino jurídico deste sistema unidisciplinar, demanda que o\nprofessor tenha plena consciência do seu papel como agente da reforma educacional,\ndesenvolvendo com os alunos técnicas interdisciplinares, aproximando-os, desse modo, da\nrealidade que os futuros profissionais do direito necessitam para execução de suas atividades,\nalém de contribuir para a formação de bacharéis com conhecimento abrangente dos diversos\nramos do direito.\nCom base nesta explicitação, é possível vislumbrar que, para que haja a implementação\npaulatina da interdisciplinaridade de forma eficaz no curso de direito, é importante o engajamento\nefetivo dos professores na criação de projetos que possibilitem essa interligação entre as\ndiferentes matérias, por exemplo, por meio da elaboração de questões que não abordem apenas\num ramo jurídico específico; outrossim ao explicarem suas abordagens é relevante que façam\nassociações com as demais disciplinas, assim como com as propedêuticas, por isso é\nindispensável que os docentes desenvolvam parcerias entre si para a construção dessa novacultura jurídica interdisciplinar, de uma maturidade na democracia, como vislumbra neste sentido\nIvani C. Arantes Fazenda (1995, p.85):\nA parceira seria, por assim dizer, a possibilidade de consolidação da\nintersubjetividade – a possibilidade de que um pensar venha a se complementar\nno outro. A produção em parceria quando revestida do rigor, da autenticidade e do\ncompromisso, amplia a possibilidade de execução de um projeto interdisciplinar.\nEla consolida, alimenta, registra e enaltece as boas produções na área da\neducação.\nAlém disso, é necessário que as instituições de ensino auxiliem nessa mudança de\nparadigmas no processo de ensino-aprendizagem, rompendo as barreiras que se construíram\nentre os diferentes campos dos saberes, a título de exemplo, a Portaria do MEC n° 1.886/94, ao\nexigir que além das disciplinas obrigatórias e profissionalizantes, sejam também inseridas no\ncurrículo estudantil dos Cursos de Direito as matérias de caráter optativo, abrindo, dessa forma,\nespaço para que as universidades possam introduzir cadeiras opcionais de cunho interdisciplinar.\nAdemais a interdisciplinaridade pode ser alcançada através da realização de debates, seminários,\nentrevistas, visitas à órgãos de assistência e amparo a menores, às Delegacias de Polícias,\npenitenciárias e dentre outros.\nConclusão\nEm suma, este sucinto artigo evidenciou a importância da desconstrução do modelo\neducacional exegético, pois, dentre outras, características é formalista e monodisciplinar, e\nconsequentemente não atende as demandas educacionais do direito em um mundo globalizado,\nde modo, que Antônio Carlos Wolkmer (2001, p.72) assevera que o direito está em crise, ao\ndestacar que “a crise do direito não é uma crise setorial isolada, mas está diretamente relacionada\ncom a crise dos fundamentos e dos paradigmas que norteiam a modernidade”. Com isso, faz-se\nnecessário que seja concretizada, como referencial a ser adotado, a interdisciplinaridade, para\nque os discentes do curso de direito detenham uma visão mais ampla da realidade e da totalidade\ndo conhecimento.\nOutrossim, o texto em análise destaca que para que as diretrizes tradicionalistas sejam\nafastadas do ensino jurídico, é relevante a conscientização dos professores sobre a possibilidade\ne a necessidade da aplicação da interdisciplinaridade como meio para uma eminente formação do\nprofissional no campo jurídico, demonstrando-se, além disso, que é essencial que as academias\nde direito se dediquem na adoção de técnicas educacionais capazes de inserir o modelo\ninterdisciplinar, em contrassenso ao tradicional conservadorismo do saber cientifico, pois, apenas,\ndesse modo, será possível o entrelaçamento das matérias, resultando na construção de um\nconhecimento abrangente sobre os diversos ramos do direito e no consequente enriquecimento\ndo processo de ensino-aprendizagem.\nReferências\nFREITAS, N.O. Ensaio sobre a educação brasileira e o ensino jurídico: e ensino jurídico na\ngraduação. Revista OAB Goiás, ano XIV, n.42, Abr/Jun. 2000.RIBEIRO JÚNIOR, J. A formação pedagógica do professor de direito: conteúdos e alternativas\nmetodológicas para a qualidade do ensino do direito. 2. ed. Campinas: Papirus, 2003.\nJAPIASSU, Hilton. Interdisciplinaridade e Patologia do Saber. Rio de janeiro: Imago Editora\nLTDA, 1976.\nTELLES JÚNIOR, G. Palavras do amigo aos estudantes de direito: bosquejos\nextracurriculares, proferidos no escritório do professor em 2002. São Paulo: J. de Oliveira, 2003.\nFREIRE, Paulo. Pedagogia da Autonomia: saberes necessários à prática educativa. 36. ed.\nSão Paulo: Paz e Terra, 2007.\nFAZENDA, Ivani C. Arantes. Interdisciplinaridade: história, teoria e pesquisa. 2. ed. Campinas:\nPapirus, 1995.\nWolkmer, Antônio Carlos. Introdução ao Pensamento Jurídico Crítico. São Paulo: Saraiva,\n2001.\nFonseca, Maria Guadalupe Piragibe. Direito e interdisciplinaridade. Veredas do direito. v.2. n.3.\np. 9-15. Jan/Jun. 2005\nAgradecimentos\nAgradeço a Deus e à minha família. Ademais, ao professor Gustavo Liberato, pelo exemplo\nde orientação, bem como pela demasiada excelência em que conduz o ensino dos seus\ndiscentes. À Universidade de Fortaleza que, por intermédio de seu programa de monitoria\n(PROMON) me proporcionou aprendizados indispensáveis para o meu futuro magistério."
}