{
  "id": "27220",
  "trabalho": "REGISTROS DE COMPORTAMENTOS DA JUVENTUDE ESTUDANTIL DIANTE DOS DISCURSOS SOBRE SEXO E SEXUALIDADE EM TEMPOS DE HIV/AIDS.",
  "area": "CIÊNCIAS HUMANAS",
  "ano": "2016",
  "evento": "XXII - ENCONTRO DE INICIAÇÃO À PESQUISA ",
  "link": "http://uol.unifor.br/oul/conteudosite/?uuid=66C4FEC3A041728F7BF4DA524E0967706B7140C2",
  "conteudo": "XXII Encontro de Iniciação à Pesquisa\nUniversidade de Fortaleza\n17 à 21 de Outubro de 2016\nRegistros de comportamentos da juventude estudantil diante dos\ndiscursos sobre sexo e sexualidade em tempos de HIV/AIDS.\nClara da Silva Soares 1* (IC), Preciliana Barreto de Morais 2 (PQ), Ana Paula de Holanda Silva 3 (IC),\nYara Bruna Vitorino de Paula 4 (IC)\n1. Universidade Estadual do Ceará – PET Sociologia – Curso de Ciências Sociais.\n2. Universidade Estadual do Ceará – Professora/Orientadora.\n3. Universidade Estadual do Ceará – PET Sociologia – Curso de Ciências Sociais.\n4. Universidade Estadual do Ceará – Bolsista PRAE – Curso de Ciências Sociais.\nClara_12315@hotmail.com\nPalavras-chave: Juventude Estudantil. Sexo e Sexualidade. Comportamentos. HIV/AIDS.\nResumo\nEste artigo tem por finalidade analisar os comportamentos da juventude estudantil quando se deparam com\ndiscursos referentes ao sexo e a sexualidade em tempos de HIV/AIDS, tendo em vista a nova realidade do\nacesso à informação. Por meio de oficinas por nós ministradas em uma escola de ensino fundamental, com\no apoio de documentos produzidos pelos Ministérios da Saúde e da Educação, de pesquisas em obras do\nfilósofo francês Michel Foucault e demais autores como: Janine Pierret (1998), Maria Andréa Loyola (1998) e\nPedro Angelo Pagni (2011) buscou-se analisar criticamente como as representações sobre o sexo e\nsexualidade são explicitadas nos comportamentos desses jovens e como as chamadas práticas de si podem\najuda-los a rever suas condutas no campo sexual, com consciência e responsabilidade, principalmente em\ntempos de HIV/AIDS. Com isso, verificou-se que essa forma da juventude lidar com informações implícitas\nou explícitas sobre o sexo não é resultado de uma hipótese repressiva, mas uma vontade de saber sobre o\nsexo, mesmo que de forma infundada e a “vergonha” diante de algumas informações é porque acredita-se\nque nossas práticas sexuais são reveladores de nossa identidade.\nIntrodução\nA ciência moderna já desmistificou a teoria que afirmava não haver incitação das instituições sobre\nnossa sexualidade. Michel Foucault (1926-1984), o filósofo historiador1 no volume I da sua Histoire de la\nSexualité (1976) defende, por meio de suas análises, que desde o século XIX fomos provocados a produzir\ndiscursos confessionais sobre o sexo. Esta tese de Foulcault afirma que o conjunto desses discursos\npermitiu a criação de uma Scientia Sexualis – inspirada no método da confissão utilizada no Ocidente\nCristão. Depreende-se, com as teses do filósofo francês, que pensar a sexualidade não é nada inovador,\nmas pensá-la como deve ser pensada, ou seja, de forma consciente, distinguindo o pensamento do\npensado, que é uma construção valorativa, é tarefa não apenas para suprirmos uma necessidade\nacadêmica de produções científicas importantíssimas para a fortificação da ciência, mas para avançarmos\nna maneira política contra-hegemônica de pensarmos nossa sexualidade para além dos objetivos da\nbiopolítica (FOULCAULT, 2008). E é isso que este trabalho procura fazer: analisar os comportamentos da\nISSN 18088449 1juventude estudantil quando se deparam com discursos referentes ao sexo e a sexualidade em tempos de\nHIV/AIDS, tendo em vista a nova realidade do acesso à informação. Michel Foucault e outros autores nos\norientaram com seus estudos de como compreender as representações sexuais desses jovens na\npromoção de um governo de si (consciência do sujeito) e de novas constituições das relações – sociais –\nsexuais.\nPretendemos apresentar aqui análises científicas que desconstruam verdades que se pretendem\nser inquestionáveis e propiciar a continuação das reflexões que não devem se restringir a uma ciência que\npossui apenas qualidades formais, mas que para ser completa necessita de qualidade política (DEMO,\n1995).\nUma das grandes obras que analisam a nossa consciência nacional: Formação do Brasil\nContemporâneo (1942), do historiador Caio Prado Júnior (1907-1990) contém a seguinte afirmação: “toda\nsociedade organizada se funda precipuamente na regulamentação, não importa a complexidade posterior\nque dela resultará, dos dois instintos primários do homem: o econômico e o sexual” (PRADO JÚNIOR, 1942,\np.345). O pensador brasileiro reforçou a importância dada à sexualidade, em qualquer sociedade, para se\nentender tanto o passado quanto a cultura desses grupos de indivíduos (RAGO,1998). Diríamos, que se\nFoucault não pretende ir além do passado e da cultura com a intenção de vislumbrar o futuro, pelo menos\namplia o que foi dito por Caio Prado Júnior, pois tinha como propósito “saber em que medida o trabalho de\npensar sua própria história pode liberar o pensamento daquilo que ele pensa silenciosamente, e permitir-lhe\npensar diferentemente” (FOUCAULT, 1990, p.14). Neste sentido, consideramos que compreendendo e\nregistrando como os adolescentes e jovens produzem e reproduzem habitus2 ligados ao seu cotidiano e\nsuas expectativas sexuais podem levá-los a indagação de por quê não estarem pensando e agindo de forma\ndiferente.\nMetodologia\nO motivador principal para o impulso primeiro e constituição desse artigo – que foi a primeira fase do\ntrabalho – teve como berço 6(seis) fascículos do Projeto Saúde e Prevenção nas Escolas (SPE) destinados\na adolescentes e jovens. Estes manuais são fruto de uma parceria entre o Ministério da Saúde e o Ministério\nda Educação. Por intermédio de um projeto de extensão do Laboratório de Ciências Sociais em Saúde\n(LESSAU/UECE) na Escola Municipal Projeto Nascente localizada no Bairro Itaperi na cidade de Fortaleza –\nCE tivemos acesso a este material. Dentre os 6 (seis) manuais, um deles disponibilizou uma oficina que\nconsideramos uma das mais impactantes de todas intitulada “Medo de quê?” A orientação da oficina tinha\ncomo principal objetivo estimular a reflexão a respeito dos sentimentos dos adolescentes e jovens sobre\nrelações sexuais. (MINISTÉRIO DA SAÚDE, 2010). As diretrizes de todas as oficinas distribuídas nos\nmanuais procuravam contribuir para que adolescentes e jovens pensassem e relatassem sobre as suas\ncondutas sexuais tendo como orientação não uma moral judaico-cristã ou “valores moralistas” difundidos na\nsociedade, mas as produções científicas sobre temas como: direitos humanos, diversidades sexuais e\nétnicas, relações de gênero, respeito às diferenças, prevenção de DSTS, HIV/AIDS etc.\nNo primeiro momento, as oficinas foram ministradas no Fundamental II, nas turmas de sexto,\nsétimo, oitavo e nono anos durante o ano de 2014, com uma média de 100 alunos na totalidade com idades\n1 Para a historiadora Margareth Rago o “furacão Foucault” na historiografia brasileira foi e ainda continua sendo forte\nporque o filósofo francês compartilhava do mesmo pensamento de Nietsche de que “tudo é histórico” (RAGO, 1995).\n2 De acordo com Pierre Bourdieu, a noção de habitus é importante para lembrarmos que “os agentes têm uma\nhistória, que são o produto de uma história individual, de uma educação associada a determinado meio, além de serem\nproduto de uma história coletiva, e que em particular as categorias de pensamento, as categorias do juízo, os\nesquemas de percepção, os sistemas de valores, etc. são o produto da incorporação de estruturas sociais”.\n(BORDIEU;CHARTIER, 2012)\nISSN 18088449 2entre 13 a 19 anos. Em 2015 resolvemos nos restringir as turmas de oitavo e nono ano tendo em vista uma\nfaixa etária mais amadurecida composta por estudantes, meninos e meninas, na idade de 15 a 19 anos,\ncom uma abrangência de em média 50 alunos. Foi desse segmento que registramos, de forma mais precisa,\nas expressões e comportamentos quando falávamos sobre práticas sexuais numa dimensão sociocultural e\ncotidiana.\nA segunda fase ficou a cargo do estudo contínuo de grandes obras renomadas do filósofo francês\nMichel Foucault. Entrelaçando as duas primeiras fases, a terceira revelou-se buscar em Foucault respostas\nao que por ser cotidiano, não nos incita imediatamente. Além do relato de experiência e de bibliografias de\nFoucault, também usamos como referenciais teóricos como Janine Pierret (1998), Maria Andréa Loyola\n(1998) e Pedro Angelo Pagni (2011).\nResultados e Discussão\nA tentativa de pensar a sexualidade por uma única vertente é algo que se já não superamos,\ndevemos superar, pois para Loyola,\nA sexualidade pode ser abordada em relação à família, ao parentesco, ao casamento e à\naliança (Loyola e Pierret) ou como ameaça à ordem social (Pierret e Corrêa). Ela pode ser\nabordada, ainda, como constitutiva da subjetividadade (Birman e Costa) e/ou da identidade\nindividual (Birman e Rios) e social (Rago); como representação (Giami), ou como desejo\n(Birman e Rios); como um problema biológico/genérico (Corrêa), político (Loyola) e moral\n(Costa) ou, na mais direta e simplesmente, como atividade sexual. (LOYOLA, 1998, p.10)\nSabemos que diferentes – e semelhantes – áreas de conhecimento têm suas teorias sobre a\nsexualidade. Predispuseram-se a perguntar e responder: o que é sexualidade? Como devemos enxergá-la?\nO que a impulsiona? etc. Todavia, percebemos que o maior ganho adquirido de tantos movimentos de\ndistintas áreas de entendimento humano são responsáveis pela constituição máxima de que devemos\npensá-la em termos plurais. Plurais que mesmo validados pela sociedade, alguns ainda se mostram\ninsuficientes na desconstrução de alguns paradigmas da educação moral sobre as práticas sexuais3\nrepassados para as gerações.\nEncontrávamo-nos quinzenalmente por 50 minutos com os estudantes nas aulas que eram\ndestinadas aos estudos de Ciências ou de Educação Física – que era solicitado ao professor (a) da\ndisciplina pela diretoria - revelando, involuntariamente, a associação da sexualidade a processos\nbiologizantes. Embora de início os estudantes se mostrassem meio insatisfeitos por na maior parte das\nvezes ficarmos no período das aulas práticas de Educação Física, eles logo interagiam conosco. Entretanto,\nmesmo fazendo as atividades e participando dos debates propostos, quando algum deles tentava expor\nalguma dúvida, imediatamente era “calado” por uma maioria com sussurros, risos ou olhares de reprovação.\nO resultado disso era que as dúvidas um pouco mais “sérias” – que poderiam ser de todos – eram tiradas\nem conversas particulares entre nós oficineiros com alguns deles. Aliás, quando voltávamos das conversas\nparticulares, o ar de curiosidade por parte dos outros estudantes explicitava-se pela sala.\nEm pleno século XXI, marcado pelas tecnologias globalizadas que nos dão acesso contínuo às\ninformações, dentre elas sobre a sexualidade, o falar e ouvir sobre o sexo ainda é recebido com olhares de\n3 Ao iniciarmos o projeto de extensão fomos “entrevistados” pela gestão da escola e ela nos pediu para que não\nlevássemos para a sala de aula preservativos tais como a camisinha masculina e feminina. A gestão nos informou que\nessa “medida” era para que os responsáveis pelos alunos não se dirigissem à escola – depois do aluno comentar em\ncasa – buscando explicações.\nISSN 18088449 3inquietação e reprovação que se cruzam evidenciando uma total “vergonha” diante dessas situações. Aliás,\nas reações – caracterizadas por sussurros ou o famoso “huuuuuuuuuum” – são representativas de tal\nsentimento ao ouvirem palavras como vagina, pênis, ânus etc. Estas formas de comportamento nos levaram\na pensar – na interação com adolescentes e jovens – por qual motivo não vimos atitudes diferentes? Como\nmostra Foucault, essa forma da juventude lidar com informações implícitas ou explícitas sobre o sexo não é\nresultado de uma hipótese repressiva, mas uma vontade de saber sobre o sexo, mesmo que de forma\ninfundada. Os adolescentes e jovens que tivemos contatos querem saber sobre sexo, mas de forma\ncontroversa, se defendem por meio de artifícios como o silêncio 4 ou as brincadeiras inapropriadas.\nA partir do fim do século XVI, a colocação do sexo em discurso, em vez de sofrer um\nprocesso de restrição, foi, ao contrário, submetida a um mecanismo de crescente incitação;\nque as técnicas de poder exercidas sobre o sexo não obedeceram a um princípio de\nseleção rigorosa, mas ao contrário, de disseminação e implantação das sexualidades\npolimorfas e que a vontade de saber não se detém diante de um tabu irrevogável, mas se\nobstinou – sem dúvida através de muitos erros – em construir uma ciência da sexualidade.\n(FOUCAULT, 2014, p.18)\nSegundo o autor supracitado, não só exercitávamos o falar acerca do sexo, mas também criamos\numa ciência especial para isso. Uma ciência que tinha como objetivo produzir discursos verdadeiros sobre\nas práticas sexuais. Indagava-se, escutava-se, anotava-se. Ao pedirmos que os adolescentes e jovens\nfalassem sobre suas experiências ou expusessem suas dúvidas em público ou de forma particular, não nos\ndiferenciamos muito no que concerne aos meios que essa Scientia Sexualis utilizou na época de sua\nintensificação que foi o século XIX. Entretanto, nossos fins e o que pretendíamos com a pesquisa não era\ncriar mais um discurso de orientação científica sobre sexo, mas incentivar esses adolescentes e jovens a\npensarem sobre suas vidas sexuais e como elas são capazes de atingir (in) diretamente os outros que estão\nao seu redor.\nTendo em vista todos os mecanismos utilizados pelas instituições e sua influência histórica direta\nnas maneiras de agir dos indivíduos, devemos postular a seguinte indagação: por que todo esse “trabalho”\nem dissecar a sexualidade? Para Foucault,\nO problema é o seguinte: como se explica que, em uma sociedade como a nossa, a\nsexualidade não seja simplesmente aquilo que permita a reprodução da espécie, da\nfamília, dos indivíduos? Não seja simplesmente alguma coisa que dê prazer e gozo? Como\né possível que ele (o sexo) tenha sido considerado como o lugar privilegiado em que nossa\n“verdade” profunda é lida, é dita? Pois o essencial é que, a partir do cristianismo, o\nOcidente não parou de dizer „Para saber quem és, conheças teu sexo‟. O sexo sempre foi\no núcleo onde se aloja, juntamente com o devir de nossa espécie, nossa “verdade” de\nsujeito humano. (FOUCAULT, 1990, p.229)\nNão é o sexo, propriamente dito, que faz com que adolescentes e jovens se comportem de\ndeterminadas maneiras, mas porque se acredita que sabendo sobre ele (sexo) sabemos sobre nós, o\nelegemos como o caracterizador crucial mais profundo da nossa identidade.\n4 Para Foucault não devemos fazer divisão binária entre o que é dito e o que não é dito, pois “é preciso determinar as\ndiferentes maneiras de não dizer, como são distribuídos os que podem falar, que tipo de discurso é autorizado ou que\nforma de discrição é exigida a uns e outros. Não existe um só, mas muitos silêncios e são parte integrante das\nestratégias que apoiam e atravessam os discursos”. (FOUCAULT, 2014, p.30-31)\nISSN 18088449 4Para o pesquisador Pagni, as discussões de Foucault no campo da educação ressalta o exercício\ndas práticas de si, pois:\n[...] tais práticas seriam consideradas por ele (Foucault) como práticas de Liberdade, isto é,\ncomo um modo de existência que se contrapõe à imobilidade das relações de poder e à\nsedimentação dos estados de dominação, visando resistir a elas, por meio do ensaio de\nnovas relações e da experiência da recriação de si, por meio do cuidado para consigo e\npara com outros (PAGNI, 2011, p.27).\nNa tentativa de fazer com que os estudantes das nossas oficinas ministradas refletissem sobre as\nquestões que envolvessem as relações sexuais, estávamos envoltos na esperança de que eles deixassem\nde ver o sexo como algo dado, e passassem a enxergá-lo como fruto de valores morais que já existiam\nantes deles (adolescentes e jovens) nascerem. E esse novo olhar que eles atribuirão às práticas sexuais os\najudassem a “escolher seus melhores guias e aprenderem a cuidar dos outros” (PAGNI, 2011, p.27) e de si\nmesmo, com consciência e responsabilidade, principalmente no campo sexual em tempos de HIV/AIDS.\nConclusão\nPara Janine Pierret, a sexualidade é trabalhada socialmente (1998) isto é, a representação social\nque adolescentes e jovens têm sobre o sexo é resultado de uma construção histórico-social. A partir desses\nacúmulos de experiências, narrativas, informações coletadas e recebidas relativas ao sexo, os adolescentes\ne jovens são produtores e reprodutores de condutas já conhecidas de comportamento frente ao ouvir-falar a\nrespeito das práticas sexuais.\nA investida de promover uma nova reflexão, por meio das oficinas, sobre esses comportamentos\nnaturalizados antes deles e por eles, se revela como fundamental para a construção de um fazer novo que\ntanto acrescentará às suas vidas como na dos outros que estão em constante interação com eles.\nConcluímos então que quando reduzimos as análises referentes à sexualidade apenas ao seu “lado” sexual,\ndificultamos qualquer discussão que não esteja nesse plano, tais como as relações de poder construídas\nhistoricamente no Ocidente que visam o controle do sujeito, a percepção das diferenças e dos diferentes, a\ndiversidade de condutas sexuais, a autonomia de escolhas, a liberdade de pensamento, o reconhecimento\ndo outro como sujeito de direitos etc.. Nesse contexto, nos importa como a sexualidade é trabalhada\nsocialmente – indivíduos e sociedade a fim de que possamos auxiliar a juventude a questionar o que é tido\ncomo “certo” e “errado” nos discursos das instituições.\nPercebe-se, nos relatos das oficinas dadas, com a ajuda dos Manuais do Programa SPE e do\nreferencial teórico supracitado, como a sexualidade, embora não seja um tabu, ainda pertence –\nparcialmente – ao campo do anonimato por acreditar-se que embora não seja a sexualidade mais “o grande\nsegredo” ela ainda é “um sintoma, uma manifestação do que há de mais secreto em nossa individualidade”.\n(FOUCAULT, 2014, p.200-201).\nReferências\nBOURDIEU, Pierre; CHARTIER, Roger. O sociólogo e o historiador. Belo Horizonte: Autêntica, 2012.\nDEMO, Pedro. Metodologia Científica em Ciências Sociais. 3.ed. São Paulo: Atlas, 1995.\nFOUCAULT, Michel. História da Sexualidade I: a vontade de saber. São Paulo: Paz e Terra, 2014.\n___________. História da Sexualidade II: o uso dos prazeres. Rio de Janeiro: Graal, 1990.\n___________. O Nascimento da Biopolítica. São Paulo: Martins Fontes, 2008.\n___________. Não ao sexo rei. In: ___________Microfísica do poder. Rio de Janeiro: Graal, 1990.\nISSN 18088449 5___________. Uma entrevista de Michel Foucault por Stephen Riggins. In: ___________Ditos e\nEscritos, volume IX: Genealogia da Ética, Subjetividade e Sexualidade. Rio de Janeiro: Forense\nUniversitária, 2014.\nLOYOLA, Maria Andréa. Sexo e sexualidade na antropologia. In: ___________A sexualidade nas ciências\nhumanas / Maria Andréa Loyola (org) – Rio de Janeiro: EdUERJ, 1998. 308 p. – (coleção saúde e\nsociedade).\nMinistério da Saúde, Secretaria de vigilância em saúde, Departamento de DSTS, AIDS e hepatites virais.\nPrograma Saúde Prevenção nas Escolas. Brasília – DF, 2010.\nPAGNI, Pedro Angelo. O cuidado de si em Foucault e as suas possibilidades na educação: algumas\nconsiderações. In: ___________Michel Foucault: sexualidade, corpo e direito. São Paulo: Cultura\nacadêmica, 2011.\nPIERRET, Janine. Elementos para reflexão sobre o lugar e o sentido da sexualidade na sociologia.In:\n___________ A sexualidade nas ciências humanas / Maria Andréa Loyola (org) – Rio de Janeiro: EdUERJ,\n1998. 308 p. – (coleção saúde e sociedade).\nPRADO JÚNIOR, C. Formação do Brasil Contemporâneo. São Paulo: Livraria Martins Editora, 1942.\nRAGO, Margareth. O efeito-Foucault na historiografia brasileira. Tempo Social; Rev. Sociol. USP, S. Paulo,\n7(1-2): 67-82, out.1995.\n___________. Sexualidade e Identidade na historiografia brasileira In: ___________A sexualidade nas\nciências humanas / Maria Andréa Loyola (org) – Rio de Janeiro: EdUERJ, 1998. 308 p. – (coleção saúde e\nsociedade).\nAgradecimentos\nAo Laboratório de Ciências Sociais em Saúde – LESSAU – do curso de Ciências Sociais da\nUniversidade Estadual do Ceará que com o cuidado constante da professora/orientadora Dra. Preciliana\nBarreto de Morais nos incentiva à curiosidade necessária para a investigação sociológica. Ao PET Sociologia\nque sob a coordenação da Prof. Dra. Roberta Manuela Barros de Andrade coloca-nos para exercer, já na\ngraduação, o ofício de sociólogo. E a Universidade de Fortaleza – UNIFOR – por proporcionar a\nconsolidação e continuação do fazer científico por meio do recebimento de nossas indagações e reflexões.\nISSN 18088449 6"
}