{
  "id": "27229",
  "trabalho": "TERAPIA COMUNITÁRIA SISTÊMICA INTEGRATIVA EM UM CAPS AD",
  "area": "CIÊNCIAS DA VIDA",
  "ano": "2016",
  "evento": "XVI - ENCONTRO DE PÓS-GRADUAÇÃO E PESQUISA",
  "link": "http://uol.unifor.br/oul/conteudosite/?uuid=57DC7799CF39ABF0539286551A0C69B5EC5F852D",
  "conteudo": "XVI ENCONTRO DE PÓS-GRADUAÇÃO E PESQUISA\nUniversidade de Fortaleza\n17 a 20 de outubro de 2016\nTERAPIA COMUNITÁRIA SISTÊMICA INTEGRATIVA EM UM CAPS AD\nSabrina de Souza Gurgel1* (PG), Jéssica Lima Trindade2 (PQ), Rocicler Bernardo Bezerra2 (PQ)\n1Mestranda em Enfermagem, Universidade Federal do Ceará, Fortaleza-CE.\n2Especialista em caráter de residência em Saúde Coletiva, Escola de Saúde Pública do Ceará, Fortaleza-CE.\nsabrina_gurgel@yahoo.com.br\nPalavras-chave: Terapia. Apoio social. Saúde mental.\nResumo\nEste estudo tem como objetivo relatar a experiência de terapeutas comunitárias em formação em um CAPS\nAD III do município de Fortaleza. Os temas mais frequentes foram tristeza/culpa/depressão, e a estratégia\nde enfrentamento mais utilizada foi o autocuidado.\nIntrodução\nAs residências em saúde são orientadas pelos princípios e diretrizes do Sistema Único de Saúde\n(SUS), a partir das necessidades e realidades locais e regionais, concebidas para favorecer a inserção\nqualificada de profissionais da saúde no SUS.\nNesse contexto, a formação em Terapia Comunitária foi ofertada como formação complementar\ndas Residências Integradas em Saúde (RIS) da Escola de Saúde Pública do Ceará (ESP/CE) com o intuito\nde trazer, para os residentes, estratégias de cuidado nos cenários de práticas, e é essa a experiência que\npassaremos a discutir.\nInteressados em proporcionar o cuidado integral para o atendimento às necessidades de saúde dos\nusuários do Centro de Atenção Psicossocial (CAPS), buscamos na Terapia Comunitária Integrativa (TCI) o\nespaço de fala e partilha de situações inquietantes que provocam sofrimento emocional para que estes\npudessem sentir-se apoiados e buscassem estratégias mais eficazes para resolverem seus problemas.\nA necessidade de investigarmos o impacto e as contribuições trazidas pela TCI, bem como as inquietações\ne problemáticas embutidas em seus participantes, impulsionou o desenvolvimento deste estudo na busca de\numa análise condizente com a realidade dos usuários de álcool e outras drogas, frequentadores do CAPS\nÁlcool e outras Drogas (AD) tipo III, em consonância com o contexto no qual estão inseridos.\nPara Barreto (2005), a TCI enquanto prática de cuidado possui os seguintes objetivos: reforçar a\ndinâmica que perfaz o interior de cada indivíduo; fortalecer a autoestima individual e coletiva; redescobrir a\ncapacidade de cada indivíduo, em seu desenvolvimento como indivíduo; valorização do papel da família e de\noutros indivíduos que compõem a rede de relações no meio em que vive; fazer emergir, em cada indivíduo,\nfamília e grupo social, sentimentos de união e descoberta de identidade cultural; promover o\ndesenvolvimento comunitário, prevenindo a desintegração dos indivíduos e das famílias; promover e\nvalorizar as instituições culturais tradicionais na comunidade, a fim de proteger a identidade cultural ali\npresente; permitir a comunicação entre as diferentes formas de saber popular e saber científico; promover a\n1conscientização do grupo, por meio do diálogo e da reflexão, permitindo-lhe ser protagonista de sua própria\ntransformação.\nMoura et al. (2012) comentam que a TCI é um espaço de fala do sofrimento, que possibilita a\nprevenção dos efeitos do estresse cotidiano, visando garantir o resgate da autoestima necessária para a\nimplementação de mudanças na vida de cada indivíduo. É um procedimento terapêutico que se procede em\ngrupo, com a finalidade de promover a saúde e a atenção primária em saúde mental, priorizando a\npromoção e, sobretudo, estimulando a comunidade a usar sua criatividade para construir seu presente e seu\nfuturo a partir dos próprios recursos.\nEsse tipo de terapia pode ser realizado em qualquer espaço comunitário e segue as seguintes\netapas definidas: o acolhimento, a escolha do tema, a contextualização, a problematização e o\nencerramento.\nDiante disso, tem-se como objetivo discutir as contribuições da TCI na vida de usuários no contexto\ndo CAPS AD tipo III.\nMetodologia\nTrata-se de um relato de experiência utilizando o caminho metodológico da pesquisa quantitativa e\nqualitativa.\nO estudo foi realizado no CAPS AD tipo III, no município de Fortaleza, sendo uma unidade de saúde\nespecializada em atender indivíduos com dependência e/ou uso prejudicial de álcool e outras drogas, dentro\ndas diretrizes determinadas pelo Ministério da Saúde, que tem por base o tratamento do usuário em\nliberdade, buscando sua reinserção social.\nA população do estudo foi de 110 usuários cadastrados no grupo de TCI, sendo que destes 60\nvivem em situação de rua. Foi selecionada uma amostra de 15 fichas de registro.\nOs participantes foram indivíduos maiores de dezoito anos e frequentadores do grupo de TCI. Foi\nconsiderado como critério o fato de os participantes serem usuários do serviço CAPS AD III, permitindo,\nassim, uma referência de inserção de classe comum aos participantes.\nA coleta de dados foi realizada no período de novembro de 2013 a maio de 2014, sempre às\nquintas-feiras, no turno da tarde e com duração de, aproximadamente, uma hora.\nO instrumento de coleta de dados foi a ficha de Registro das Rodas de TCI que organiza as\ninformações. Nela contém o endereço do local da TCI, dia e horário; a identificação dos responsáveis pelo\ndesenvolvimento da roda; o número de participantes presentes; os temas propostos; o tema escolhido; o\nmote; as estratégias de enfrentamento; as reflexões dos participantes; a apreciação da roda pelo grupo\nparticipante e encaminhamentos para rede de apoio.\nFoi realizada a leitura de todas as informações obtidas, cujos dados foram compilados conforme o\ntópico em questão no programa Excel do Windows professional. Os dados foram expostos em tabelas. Os\ntemas foram interrelacionados e discutidos conforme a literatura pertinente à temática.\nResultados e Discussão\nA equipe de terapeutas é composta por duas psicólogas, uma enfermeira e uma terapeuta\ncomunitária com formação em pedagogia, sendo as etapas desenvolvidas pelas profissionais de forma\naleatória a cada roda. A média do número de participantes presentes nas 15 rodas de TCI foi de,\n2aproximadamente, 19, com a faixa etária predominante de 21 a 59 anos. Dentre esses, a média de homens\nfoi de 16 e de mulheres foi 3 a cada roda. Quanto ao número de participantes, essa caracterização é\npercebida, também, em outros estudos, como o de Guimarães (2006), em que participaram em média 20 a\n25 pessoas por encontro na associação de moradores em um bairro de João Pessoa, cuja faixa etária\npredominante é de adultos jovens, em sua maioria mulheres, havendo uma inversão em relação ao nosso\nestudo que apresenta uma predominância de homens.\nDurante as rodas, 40 temas foram propostos, sendo os mais frequentes Preocupação/Felicidade,\nsurgindo cinco vezes, seguido de Medo/Tristeza, os quais foram propostos quatro vezes,\nAngústia/Culpa/Aflição surgiram três vezes, e duas vezes os temas\nArrependimento/Depressão/Esperança/Alegria/Indecisão/Incômodo/Saudade/Remorso/Gratidão. Outros\ntemas apareceram uma única vez.\nCorroborando com o estudo, em uma pesquisa feita a partir dos grupos de Terapia Comunitária com\nidosos no município de João Pessoa, a preocupação surge diante dos conflitos familiares (tema mais\nabordado) e dos problemas de saúde (ROCHA et al., 2009). Ainda nesse mesmo estudo, a partilha de\nalegrias foi citada, demonstrando que o momento do grupo também é utilizado como valorização de\nsentimentos “bons”, como é visto no presente estudo quando, dentre os temas propostos, surgem a alegria,\na esperança, a gratidão e a felicidade.\nObservamos que os principais problemas trazidos pelos usuários de um CAPS tipo III de João\nPessoa para as rodas de TCI são oriundos de situações bastante diversificadas, como conflitos familiares,\ninsônia, o medo, o abandono e a rejeição, saudade, preocupações financeiras e tristeza (FERREIRA FILHA;\nCARVALHO, 2010), indo ao encontro dessa pesquisa.\nDentre os temas propostos, Tristeza/Culpa/Depressão foram os temas escolhidos com maior\nfrequência (duas vezes), seguido de Programação de\nmetas/Saudade/Inquietação/Conflito/Felicidade/Fracasso/Incômodo/Aflição/Angústia, escolhidos uma vez. O\nestudo feito por Amorim et al. (2009), na periferia de São Paulo, mostra que os usuários das comunidades,\nos quais são submetidos a condições socioeconômicas precárias, como a carência de serviços essenciais e\no alto grau de vulnerabilidade para o adoecer físico, psíquico e social, referem perda da capacidade de\ndefinir e concretizar projetos, além da angústia por perdas objetivas acrescida da sensação angustiante de\nser diferente, de ter um problema/defeito que ninguém tem. Ainda de acordo com o estudo supracitado, o\ndiscurso da solidão, perdas e depressão não se refere a situações de doença, mas de sofrimento e perda de\nperspectiva de vida, trabalhadas de modo que o grupo possa apontar soluções oriundas da sua bagagem,\ndo seu potencial e da sua experiência.\nA rede de apoio utilizada na estratégia de enfrentamento da inquietação/sofrimento foi o autocuidado\n(29 vezes), seguido de sistema de saúde e outros serviços da rede de apoio (12 vezes), outros (9 vezes),\nfamília (8 vezes), espiritualidade (6 vezes) e amigos (5 vezes). Vale ressaltar que vizinhos e indivíduos da\nmesma comunidade e indivíduos do trabalho ou da escola/outras comunidades não foram citados pelos\nusuários como estratégia de enfrentamento.\nDiante disso, os usuários do CAPS que participaram da TCI mostraram-se, enquanto indivíduos, que\ntêm buscado reorganizar suas vidas seja através do espaço familiar, de amizades ou qualquer outra\nestratégia que os inclua no convívio social e os engrandeça como cidadãos capazes, reforçando a TCI\nenquanto dispositivo de inclusão.\nAnalisando as reflexões dos participantes sobre o que aprenderam e querem levar consigo,\npercebemos que o principal objetivo da TCI de que estes consigam estabelecer estratégias para superar os\ndesafios do cotidiano foi alcançado, visto que em suas falas ressaltam aprendizagem/experiência/sabedoria\n3com frequência significativa. Conforme aponta Carvalho (2013), os indivíduos detêm uma força que os\nimpulsiona para a descoberta, estimulando-os a serem responsáveis por adotarem posturas de pró-atividade\n[…] que transcendam à vitimização, mas que reconheçam e estimulem processos de descobertas e\nreinvenções edificadas coletivamente.\nBarreto (2005) aponta que a TCI deve constituir um espaço para que os participantes expressem\nalegria, afeto, solidariedade, esperança, generosidade, humildade, comprometimento e engajamento\nconsigo e com o outro, curiosidade, tomada consciente de decisões e liberdade. Notamos essa potência a\npartir da frequência que aparecem nos relatos os sentimentos de felicidade; esperança; paz/ tranquilidade;\ncoragem/força; solidariedade; perseverança; superação; amor/família/amizade.\nConclusão\nO fato de nos inserirmos em uma instituição com a prática da TCI consolidada facilitou e enriqueceu\no processo formativo que contou com momentos distintos: observação inicial das rodas, condução destas\ncom apoio da terapeuta, condução com a observação da terapeuta e condução em conjunto. Esses\nmomentos foram acompanhados pela terapeuta com devolutivas das intervenções.\nUm instrumento muito importante foi a ficha de apreciação da roda como elemento disparador do\nprocesso de avaliação da nossa prática, que possibilitou valorizar as reformulações, as questões restituídas\nao grupo e as adaptações ao contexto. Essa estrutura promoveu a formação de vínculos institucionais e\nafetivos, bem como o nosso crescimento enquanto terapeutas comunitárias, além de proporcionar uma\nintervenção mais singular, mantendo em nós o desejo de continuar a prática da terapia comunitária.\nO trabalho em equipe sempre foi bastante favorável, havendo uma colaboração constante,\nsinceridade ao discutir as dificuldades do percurso e marcado desejo de construir uma formação sólida e\nsignificativa.\nNossas contribuições para o grupo de terapia comunitária constituíram-se em organizar as etapas,\nfacilitar o momento de registro e possibilitar a apreciação das rodas, visto que a terapeuta facilitava as rodas\nsozinha.\nNeste processo, os principais desafios enfrentados por nós estavam ligados ao domínio da técnica,\ncomo na restituição, na elaboração do mote, no desenvolvimento das etapas conforme o tempo proposto no\nmétodo.\nOutro fator significativo foi a formação teórica paralela à prática que proporcionou momentos de\nsupervisão e trocas de experiências com os demais terapeutas comunitários em formação.\nA qualificação da escuta, enquanto orientadora de práticas de gestão em saúde voltadas para\natender às reais necessidades em saúde, foi identificada como importante contribuição para nosso processo\nformativo de Residência em Saúde Coletiva.\nTendo em vista que a residência em saúde visa formar trabalhadores comprometidos com o SUS,\nnotamos que a TCI complementa essa formação uma vez que fomenta uma política de participação\nsolidária, por meio da qual as políticas centram seus objetivos na promoção da saúde e no desenvolvimento\ncomunitário e social da população. Sendo esta uma relevante contribuição para o SUS.\nReferências\nAMORIM, Andrea Lucia Torres et al. A terapia comunitária na fala dos seus atores: solidão, perdas e\ndepressão. Cad. téc. DANT doenças agravos não-transm. São Paulo, set. 2009. Disponível em:\n<http://pesquisa.bvsalud.org/portal/resource/pt/sus-26778>. Acesso em: 04 jun. 2016.\n4BARRETO, Adalberto de Paula. Terapia Comunitária passo a passo. Fortaleza: Gráfica LCR, 2005.\nMOURA, Samilla Gonçalves de et al. A experiência da Terapia Comunitária em diferentes instituições e\ncontextos populacionais. Revista da Universidade Vale do Rio Verde, Três Corações, v. 10, n. 1, 2012.\nDisponível em: < http://revistas.unincor.br/index.php/revistaunincor/article/view/529/pdf>. Acesso em: 27 jul.\n2016.\nCARVALHO, Mariana Albernaz Pinheiro de et al. Contribuições da terapia comunitária integrativa para\nusuários dos Centros de Atenção Psicossocial (CAPS): do isolamento à sociabilidade libertadora. Cad.\nSaúde Pública, Rio de Janeiro, v. 29, n. 10, out. 2013. Disponível em:\n<http://www.scielo.br/scielo.php?script=sci_arttext&pid=S0102-311X2013001000019&lng=en&nrm=iso>.\nAcesso em: 04 jun. 2016. http://dx.doi.org/10.1590/0102-311X00000913.\nFERREIRA FILHA, Maria de Oliveira; CARVALHO, Mariana Albernaz Pinheiro. A Terapia Comunitária em\num Centro de Atenção Psicossocial: (des)atando pontos relevantes. Revista gaúcha de enfermagem.,\nPorto Alegre, v. 31, n. 2, jun. 2010. Disponível em:\n<http://seer.ufrgs.br/index.php/RevistaGauchadeEnfermagem/article/view/11739/10230>. Acesso em: 11 jun.\n2016.\nGUIMARÃES, Fernanda Jorge. Repercussões da Terapia Comunitária no cotidiano de seus\nparticipantes. 2006. 132 f. Dissertação (Mestrado em Enfermagem). Universidade Federal da Paraíba,\n2006.\nROCHA, Ianine Alves da et al. A terapia comunitária como um novo instrumento de cuidado para saúde\nmental do idoso. Revista brasileira de enfermagem, Brasília, v. 62, n. 5, out. 2009. Disponível em:\n<http://www.scielo.br/scielo.php?script=sci_arttext&pid=S0034-71672009000500006&lng=pt&nrm=iso>.\nAcesso em: 11 jun. 2016. http://dx.doi.org/10.1590/S0034-71672009000500006.\nAgradecimentos\nInserir os agradecimentos às pessoas, entidades e/ou agências de fomento ARIAL, 10) – Atenção para não\nultrapassar as margens laterais.\n5"
}