{
  "id": "27233",
  "trabalho": "PREVENÇÃO DO ACIDENTE VASCULAR ENCEFÁLICO (AVE) EM UNIDADE DE ATENÇÃO PRIMÁRIA (UAP): RELATO DE EXPERIÊNCIA",
  "area": "CIÊNCIAS DA VIDA",
  "ano": "2016",
  "evento": "IV - ENCONTRO DE INICIAÇÃO CIENTÍFICA JÚNIOR",
  "link": "http://uol.unifor.br/oul/conteudosite/?uuid=B80ED7D6F56BED7FAD6A3EAC70D65B1C67932565",
  "conteudo": "IV Encontro de Iniciação Científica Júnior\nUniversidade de Fortaleza\n17 à 21 de Outubro de 2016\nPrevenção do Acidente Vascular Encefálico (AVE) em Unidade de Atenção\nPrimária (UAP): Relato de Experiência\nMikaelle Cavalcante Soares1* (IC), Valquíria Teixeira de Sousa2 (IC), Beatriz Aires de Castro3 (IC),\nMorgama Mara Nogueira Lima4 (IC), Maria Geranice Rodrigues5 (IC), Eveline Thomaz Moura Santos de\nVasconcelos Soares6 (PQ).\n1. Aluna do curso técnico de enfermagem da Escola Estadual de Educação Profissional Paulo Petrola.\n2. Aluna do curso técnico de enfermagem da Escola Estadual de Educação Profissional Paulo Petrola.\n3. Professora do curso técnico em Enfermagem da Estadual de Educação Profissional Paulo Petrola.\n4. Professora do curso técnico em Enfermagem da Estadual de Educação Profissional Paulo Petrola.\n5. Professora do curso técnico em Enfermagem da Estadual de Educação Profissional Paulo Petrola.\n6. Especialista em Saúde da Família e Saúde da Pessoa Idosa pela Universidade Federal do Ceará.\nProfessora orientadora de estágio do curso técnico em Enfermagem da Escola Estadual de Educação\nProfissional Paulo Petrola.\nmikaelle68enfermagem@gmail.com\nPalavras-chave: Educação em Saúde. Promoção da Saúde. Educação em Enfermagem.\nResumo\nO presente trabalho trata-se de estudo descritivo do tipo relato de experiência realizado durante o mês de\njunho de 2016 com 25 pacientes adultos em uma Unidade de Atenção Primária (UAP) no município de\nFortaleza. Tem por objetivo relatar a experiência de estudantes do curso técnico em enfermagem durante\numa educação em saúde para prevenção do Acidente Vascular Encefálico (AVE). Por meio de palestra com\nuso de cartazes e panfletos os pacientes foram orientados sobre os principais fatores de risco, a importância\nda prática de atividade física regular e alimentação saudável, como identificar uma pessoa suspeita de AVE\ne medidas de prevenção da doença. Após a explanação do que era a doença, dos principais fatores de risco\ne medidas de prevenção, os participantes demonstraram interesse, principalmente, sobre os alimentos mais\nindicados na prevenção da patologia. Buscou-se contribuir para ampliação do conhecimento dos\nparticipantes da ação sobre o AVE, bem como aumentar o conhecimento do público sobre a patologia e a\nrealização de ações de prevenção, além de proporcionar aos estudantes do curso técnico em enfermagem o\ndespertar para a importância da educação em saúde na prática de enfermagem.\nIntrodução\nAlém da alta mortalidade, o Acidente Vascular Encefálico também é responsável por produzir importantes\ndéficits físicos, psicológicos, cognitivos e sociais nos indivíduos acometidos, acarretando elevados índices\nde morbidade e incapacidades, principalmente no que se refere aos idosos (PEREIRA et al, 2013).\nA população sobrevivente necessita da supervisão de enfermagem após a alta hospitalar, principalmente na\nAtenção Básica, em que orientações e assistência são necessárias para que consiga se adaptar ao novo\nestilo de vida imposto pela doença (MONTEIRO et al, 2013).\nPara tanto, é imprescindível que estudantes de enfermagem, assim como profissionais da atenção básica\nestejam atualizados quanto à doença para que possam promover conscientização sobre a importância da\nprevenção e da adoção de estilo de vida saudável.\nObjetivo\nRelatar a experiência de estudantes do curso técnico em enfermagem durante uma educação em saúde\npara prevenção do Acidente Vascular Encefálico.\nISSN 18088449 1Metodologia\nO presente trabalho trata-se de um relato de experiência com método descritivo realizado no mês de junho\nde 2016 com 25 pacientes adultos, entre homens e mulheres, que aguardavam atendimento médico em\numa Unidade de Atenção Primária (UAP) do município de Fortaleza, através de educação em saúde. Foi\nrealizada uma palestra com linguagem adequada para melhor entendimento pelo público específico, com\nuso de cartazes com figuras que demonstravam os principais sintomas do AVE e folders que descreviam\nfatores de risco da doença, importância da prática de atividades físicas, alimentação saudável e medidas de\nprevenção. Foi abordado o teste SAMU (sorriso, abraço, música e urgência) para descrever os principais\nsintomas da doença e o procedimento de suporte ao paciente com suspeita de AVE. Após a palestra foi\naberto um momento de debate para compartilhamento de relatos e retirada de dúvidas sobre o tema.\nResultados e Discussão\nO público participante da educação em saúde demostrou interesse no tema, porém, no geral, possuíam\npouco conhecimento prévio acerca da patologia abordada. Antes do início da palestra foram levantados os\nseguintes questionamentos: “O que é Acidente Vascular Encefálico?”, “O que leva ao aparecimento da\ndoença?” e “Quais os principais sintomas?”, e não obtivemos respostas. Então foi perguntado: “Alguém já\nouviu falar em derrame ou trombose?”, então a maioria dos participantes respondeu que sim, mas que não\nsabiam direito o que era. Após a explanação do que era a doença, dos principais fatores de risco e medidas\nde prevenção, os participantes demonstraram interesse, principalmente, sobre os alimentos mais indicados\nna prevenção da patologia. Após o término da palestra os pacientes compartilharam relatos de casos de\nAVE na família ou na comunidade onde vivem e mostraram-se preocupados sobre os efeitos da doença na\nvida do paciente e dos cuidadores.\nConclusão\nA partir da experiência vivenciada pôde-se perceber que as orientações fornecidas contribuíram para\nampliar o conhecimento dos participantes acerca da patologia e assim, despertar maior consciência sobre a\nimportância da prevenção.\nA realização de educação em saúde é de grande importância na atuação do profissional de saúde na\natenção primária, pois permite a avaliação do conhecimento do público sobre o tema abordado, permitindo\num melhor direcionamento da assistência em saúde.\nReferências\nPEREIRA, Roberta Amorim et al. Sobrecarga dos cuidadores de idosos com acidente vascular\ncerebral. Rev. esc. enferm. USP, São Paulo, v. 47, n. 1, p. 185-192, fev. 2013. Disponível em\n<http://www.scielo.br/scielo.php?script=sci_arttext&pid=S0080-62342013000100023&lng=pt&nrm=iso>.\nAcessos em 20 ago. 2016\nMONTEIRO, Raquel Buarque Caminha et al. Medo de cair e sua relação com a medida da independência\nfuncional e a qualidade de vida em indivíduos após Acidente Vascular Encefálico. Ciênc. saúde coletiva,\nRio de Janeiro , v. 18, n. 7, p. 2017-2027, jul. 2013 . Disponível em\n<http://www.scielo.br/scielo.php?script=sci_arttext&pid=S1413-81232013000700017&lng=pt&nrm=iso>.\nAcessos em 20 ago. 2016\nAgradecimentos\nAgradecemos à direção da Unidade Básica de Saúde onde foi realizada a educação em saúde pela\ncolaboração.\nISSN 18088449 2"
}