{
  "id": "27248",
  "trabalho": "TÉCNICA DE RELAXAMENTO COMO ESTRATÉGIA PROMOTORA DE AUTO-EFICÁCIA NO DESENVOLVIMENTO HUMANO: REVISÃO SISTEMÁTICA",
  "area": "CIÊNCIAS HUMANAS",
  "ano": "2016",
  "evento": "XXII - ENCONTRO DE INICIAÇÃO À PESQUISA ",
  "link": "http://uol.unifor.br/oul/conteudosite/?uuid=F84A29D5E3F5997CCB5876EBF74F04C6829AD9B9",
  "conteudo": "XXII Encontro de Iniciação à Pesquisa\nUniversidade de Fortaleza\n17 à 21 de Outubro de 2016\nTÉCNICA DE RELAXAMENTO COMO ESTRATÉGIA PROMOTORA DE\nAUTO-EFICÁCIA NO DESENVOLVIMENTO HUMANO: REVISÃO\nSISTEMÁTICA.\nPriscilla Cavalcante de Azevedo 1* (IC), Ricardo Ângelo de Andrade Souza 2* (PO).\n1. Centro Universitário Estácio do Ceará – Curso de Psicologia\n2. Centro Universitário Estácio do Ceará – Curso de Psicologia\nTillacavalcante85@gmail.com\nPalavras-chave: relaxamento, auto-eficácia, desenvolvimento humano.\nResumo\nEstá pesquisa baseou-se no objetivo de utilizar uma técnica de relaxamento como estratégia promotora da\nauto-eficácia em crianças de faixa etária 6 a 14 anos para potencializar seu desenvolvimento humano e\nagregar resultados até a fase adulta. O processo metodológico desta pesquisa será uma revisão\nsistemática, sobre o conceito e as crenças da Auto-eficácia no desenvolvimento humano e a apresentação\ndos benefícios da técnica de relaxamento, no caso respiração diafragmática aplicada à redução do estresse\ninfantil, entre outros com a utilização de artigos científicos através banco de dados do site scielo e livros\nacadêmicos sobre desenvolvimento humano na linha de Vigotsky, além do estudo realizado sobre “Terapia\nCognitivo-Comportamental em Saúde Mental” do Ambulatório de Ansiedade do Instituto de Psiquiatria do\nHospital das Clínicas da Faculdade de Medicina da Universidade de São Paulo (AMBAN- -IPQ-HCFMUSP).\nNos resultados foi percebido a melhoria no estado de saúde como: estabilização do sistema nervoso\nautonômico, aumento da variabilidade da frequência cardíaca, aumento da função pulmonar, aumento da\nfunção imune, aumento do fluxo de sangue e linfa, melhora da digestão, melhora da qualidade e padrão do\nsono e aumento do bem-estar biopsicossocial e qualidade de vida. A conclusão que pode-se apresentar\ndiante dos resultados é a importância de reforçar os benefícios que a respiração diafragmática proporciona\nno desenvolvimento humano, podendo se tornar uma estratégia de política pública de relevância para a\nsociedade.\nIntrodução\nA sociedade contemporânea aumenta a probabilidade dos sujeitos adquirirem comportamentos\ninadequados pelo crescimento dos fluxos de atividades cada vez mais exigentes no âmbito pessoal e\nprofissional, que reflete em seus anseios e receios na busca de suas realizações e reconhecimentos nesses\ncontextos, que pode-se assim prejudicar seu desenvolvimento humano.\nLeva-se em consideração que no desenvolvimento humano passamos por fases que vão da infância\nà velhice, faz-se necessário trabalhar-se com estratégias de prevenção, minimizando assim, possíveis\ndanos à saúde física e mental. Nesse sentido, abordar desde cedo na criança aspectos que podem ajudar\nna idade adulta, poderá ser uma estratégia de política pública de relevância para a sociedade.\nNessa perspectiva, será apresentado um modelo de técnicas de relaxamento como ferramenta\nessencial no desenvolvimento humano no processo de aprendizagem, que pode-se abordar a faixa etária de\n6 a 14 anos, por ser enfatizado nessa fase a capacidade desses sujeitos de reconhecer seus erros, planejar\nações em equipe e possuir uma comunicação estruturada.\nISSN 18088449 1A partir desse contexto o objetivo geral é de implementar as técnicas de relaxamento como\nestratégia promotora da auto-eficácia no desenvolvimento humano, que poderá ajudar no manejo diário, na\ndiminuição de ansiedade, dentre outros e promover a auto-eficácia como ferramenta auxiliar para\nrealizações de tarefas. Além dos objetivos específicos de promover os benefícios do relaxamento em\natividades diárias.\nPor tanto, o processo metodológico desta pesquisa será uma revisão sistemática, sobre o conceito e\nas crenças da Auto-eficácia no desenvolvimento humano e a apresentação dos benefícios da técnica de\nrelaxamento, no caso respiração diafragmática aplicada à redução do estresse infantil, entre outros com a\nutilização de artigos científicos através banco de dados do site scielo e livros acadêmicos sobre\ndesenvolvimento humano na linha de Vigotsky, além do estudo realizado sobre “Terapia Cognitivo-\nComportamental em Saúde Mental” do Ambulatório de Ansiedade do Instituto de Psiquiatria do Hospital das\nClínicas da Faculdade de Medicina da Universidade de São Paulo (AMBAN- -IPQ-HCFMUSP).\nSendo assim, será abordado primeiramente uma breve explanação sobre o conceito da auto-\neficácia e suas crenças do Albert Bandura, em seguida o desenvolvimento humano na visão do Vigotsky em\ntorno do professor como sendo mediador no processo de aprendizagem, por fim a técnica de respiração\ndiafragmática como ferramenta promotora da auto-eficácia no desenvolvimento humano, bem logo como\nresultado já alcançados com pesquisas sobre os benefícios desta técnica de relaxamento na redução de\nestresse infantil.\nAUTO-EFICÁCIA\nDentro dessa perspectiva, segundo Bandura (2006), a auto-eficácia refere-se à crença ou\nexpectativa de que é possível, através do esforço pessoal, realizar com sucesso uma determinada tarefa e\nalcançar um resultado desejado. Tais crenças, produzem efeitos diversos por meio de quatro processos\nprincipais, tais como: experiências de êxito, experiências vicárias, persuasão social e estados fisiológicos.\nA crença da experiência de êxito considera que o indivíduo através da imitação de outro sujeito em\num caso de sucesso semelhante ao seu, pode auxilia-lo na concretização de seu próprio sucesso, ou seja, é\natravés dos exemplos com êxito que o sujeito acredita ser capaz de realizar a mesma atividade.\nNa experiência vicárias, leva-se em conta suas próprias experiências de vida, na medida com que\nsuas metas traçadas sejam realizadas com sucesso, o sujeito se capacita através da sua autoconfiança que\nrealiza qualquer tarefa semelhante das que já realizou com satisfação.\nA persuasão social é quando sujeito possui ao seu redor uma rede social com crenças\nfortalecedoras que proporciona ao individuo autonomia e autoconfiança nas atividades que irá exercer.\nNos estados fisiológicos leva-se em consideração os sentimentos e emoções que o sujeito\napresenta perante uma atividade, como por exemplo: ansiedade, estresse, taquicardia, entre outros.\nNota-se que auto-eficácia são as habilidades e competências que o sujeito constrói ao longo da vida,\natravés de suas realizações pessoais, observação de suas experiências, persuasão verbal e respostas\nemocionais, salienta ainda o autor.\nBaseado neste contexto, a auto-eficácia introduzida na educação básica, mais especificamente a\npercepção de auto-eficácia fisiológica e emocional, poderá promover um desenvolvimento cognitivo\nsatisfatório para futuras diversidades encontradas na fase adulta, seja acadêmica ou profissional. Sendo\nassim, a possível formação de professores dentro desta perspectiva auxiliará no desempenho de seus\nalunos em desenvolvimento.\nISSN 18088449 2DESENVOLVIMENTO HUMANO NA VISÃO DE VIGOTSKY\nO desenvolvimento humano inicia-se muito antes do processo de aprendizagem, em seu\ndesenvolvimento cognitivo, que no caso, será abordado os estudos realizados por Vigotsky, que visa o\nprofessor como mediador no processo cognitivo do aluno.\nSegundo Vigotsky (1989, p168.), a aprendizagem possui um papel fundamental para o\ndesenvolvimento do conhecimento. Todo e qualquer processo de aprendizagem é ensino-aprendizagem.\nRessalta ainda, que essa relação entre desenvolvimento e aprendizagem através da zona de\ndesenvolvimento proximal (distância entre níveis de desenvolvimento potencial e nível de desenvolvimento\nreal), um intervalo dinâmico entre os problemas que uma criança pode resolver sozinha e os que deverá\nresolver com a ajuda de outro sujeito mais capaz no momento, para em seguida, chegar a dominá-los por si\nmesma.\nNesse contexto de desenvolvimento e autonomia da criança, pode-se perceber em alguns casos,\nsegundo Bourne e Garano (2008), evidências de ansiedade, que se dá através dos seguintes sintomas\nfísicos: pela falta de ar, palpitações, dores musculares, de cabeça, pressão alta, insônia e muitas outras. Há\npessoas nas quais a tensão em ombros e pescoço já se tornou crônica. Eles reforçam os pensamentos que\nproduzem ansiedade, pois afetam a sensação de bem-estar do indivíduo.\nContudo, as técnicas de relaxamento se insere como forma de amenizar esses sintomas caso haja\nnecessidade, esse instrumento é utilizado na terapia cognitiva comportamental na atuação do psicólogo,\ntodavia, essa prática pode abranger outros âmbitos de forma promissora no combate de doenças crônicas.\nTÉCNICA DE RELAXAMENTO – RESPIRAÇÃO DIAFRAGMÁTICA\nSegundo a American Psychiatry Association (2010), a respiração consiste em: (1º) uma série de\nreações químicas que permitem que organismos convertam a energia química armazenada nos alimentos\nem energia que pode ser usada pelas células, denominada por respiração interna e (2º) o processo pelo\nqual um animal retira o oxigênio de seu ambiente e descarrega dióxido de carbono nele, denominado por\nrespiração externa.\nPor sua vez, a respiração é uma contração e expansão rítmicas que envolvem\ndiversos sistemas e músculos e permitem um fluxo continuo de ar para dentro e\nfora dos pulmões. A ventilação pulmonar é formada pela inspiração, que promove\na entrada de ar nos pulmões, e acontece pela contração da musculatura do\ndiafragma e dos músculos intercostais. O diafragma abaixa e as costelas elevam-\nse, promovendo o aumento da caixa torácica, com consequente redução da\npressão interna (em relação à externa), forçando o ar a entrar nos pulmões. Já a\nexpiração, que promove a saída de ar dos pulmões, acontece pelo relaxamento da\nmusculatura do diafragma e dos músculos intercostais. O diafragma eleva-se e as\ncostelas abaixam, o que diminui o volume da caixa torácica, com aumento da\npressão interna, forçando o ar a sair dos pulmões (Andreassi, 2000; Gervitz,\nSchwartz, 2003 apud Neves Neto, 2011).\nNeves Neto (2011), ressalta ainda que a respiração é controlada automaticamente por um centro\nrespiratório nervoso localizado no bulbo, de onde partem nervos responsáveis pela contração dos músculos\nrespiratórios, sendo estes sinais enviados via coluna espinhal para os músculos da respiração. O diafragma\nrecebe sinais respiratórios através do nervo frênico. A respiração é afetada tanto por estímulos involuntários\n(ex. estímulos sensoriais) quanto por estímulos voluntários (ex. Estados emocionais).\nISSN 18088449 3A partir dessa explanação, pesquisou-se sobre os benefícios da técnica de relaxamento, no caso,\nrespiração diafragmática como estratégia promotora da auto-eficácia no desenvolvimento humano, no qual,\nserá apresentado os resultados que podem ser utilizados de forma assertiva na faixa etária de 6 a 14 anos.\nMetodologia\nConforme mencionado anteriormente, a proposta inicial deste trabalho seria o conhecimento e a\naplicação de técnicas de relaxamento em alunos da 4º série do ensino fundamental como estratégia\npromotora da auto-eficácia no desenvolvimento humano, porém por conta de uma variável dependente, no\ncaso a escola, passou por um período de greve dos professores e não foi possível a realização desta\npesquisa aplicada, sendo assim classificada como uma pesquisa básica.\nPor tanto foi realizado uma revisão sistemática sobre o conceito e crenças da Auto-eficácia no\ndesenvolvimento humano e a técnica de relaxamento, no caso respiração diafragmática aplicada à redução\ndo estresse infantil, entre outros. Utilização de artigos científicos através banco de dados do site SCIELO e\nlivros acadêmicos sobre desenvolvimento humano na linha de Vigotsky, além do estudo realizado sobre\n“Terapia Cognitivo-Comportamental em Saúde Mental” do Ambulatório de Ansiedade do Instituto de\nPsiquiatria do Hospital das Clínicas da Faculdade de Medicina da Universidade de São Paulo (AMBAN- -\nIPQ-HCFMUSP)\nResultados e Discussão\nVygotsky (1989), o desenvolvimento humano, principalmente o psicológico/mental (que é causado\npela convivência social, pelo processo de socialização, além das maturações orgânicas) – depende da\naprendizagem na medida em que se dá por processos de internalização de conceitos, que são promovidos\npela aprendizagem social, principalmente aquela planejada no meio escolar.\nNesta perspectiva, a auto-eficácia que Bandura(2006) conceitua como sendo a habilidade do\nindivíduo em realizar suas atividades de forma plena e satisfatória, pode-se considerar que seja por meio\ndas crenças da autoeficácia que o indivíduo possui e permite a concretização de suas atividades com êxito.\nDesta forma, a criança durante esse processo de desenvolvimento pode vir a sentir ansiedade,\nestresse, medo, etc, por tanto, Neves Neto (2011) a importância de identificar os sintomas do estresse é\nprimordial para dar início na vigilância e prevenção dos comportamentos e/ou pensamentos que\ndesencadeiam doenças crônicas, como taquicardia, sudorese, dor no peito, náuseas, entre outras.\n“Os benefícios das técnicas de respiração (ex. respiração diafragmática) na\nliteratura são bastante amplos, mas em síntese os efeitos no organismo são:\nestabilização do sistema nervoso autonômico, aumento da variabilidade da\nfrequência cardíaca, diminuição da pressão arterial (sístole e diástole), aumento da\nfunção pulmonar, aumento da função imune, aumento do fluxo de sangue e linfa,\nmelhora da digestão, melhora da qualidade e padrão do sono e aumento do bem-\nestar biopsicossocial e qualidade de vida” (Dixhoorn, 2007; Rakel, 2007 apud\nNeves Neto, 2011).\nRessalta que as principais alterações psicofisiológicas decorrentes do estresse prejudice o\ndesenvolvimento humano em sua rotina diária, e a relevância da prática do relaxamento ajuda na diminuição\ndo metabolismo, frequência cardíaca, pressão arterial, frequência respiratória, tônus muscular, atenção\ndiminui na ausência sendo crônica, e apresenta um benefício relevante na memória e flexibilidade cognitiva\nda razão, na qual auxilia o sujeito a se desenvolver com mais autonomia em suas atividades.\nConclusão\nISSN 18088449 4Esta pesquisa foi realizada de forma voluntária no Programa de Iniciação Científica com o objetivo\nde apresentar uma técnica de relaxamento como estratégia promotora da auto-eficácia de forma aplicada,\nmas não foi possível pela greve dos professores. Poderia ter sido uma pesquisa cancelada pelo motivo\napresentado, porém a relevância do assunto para o âmbito acadêmico, como também para sociedade civil,\nresultou na dedicação da continuidade que apresentou os benefícios da respiração diafragmática para o dia-\na-dia no âmbito educacional de forma geral no auxilio do desenvolvimento intelectual/emocional das\ncrianças. Desta maneira, as técnicas de relaxamento como estratégia promotora da auto-eficácia pode-se\napresentar evidências em sala de aula por meio do professor catalizador, que se apresenta como um\nmediador em sua atuação com a respiração diafragmática, para isso, sendo necessário a capacitação do\nprofissional e discussões sobre o assunto podendo se tornar politica publica.\nReferências\nAMERICAN PSYCHOLOGICAL ASSOCIATION (APA). Stress in America.Washington\n(D.C): APA; 2010.\nBandura, A. (2006). Guide for constructing self-efficacy scales. In F. Pajares & T.\nUrdan (Eds.), Self-efficacy beliefs of adolescents (Vol. 5, pp. 307-337). Greenwich, CT:\nInformation Age Publishing\nBOURNE, Edmund; GARANO, Lorna. Acabe com a ansiedade, antes que ela acabe\ncom você: Gente, 2008.\nKAUARK, Fabiana. Metodologia da pesquisa: guia prático / Fabiana Kauark, Fernanda\nCastro Manhães e Carlos Henrique Medeiros. – Ita- buna: Via Litterarum, 2010.\nNEVES NETO, AR. Técnicas de respiração para a redução do estresse em terapia\ncognitivo-comportamental. Arq Med Hosp Fac Cienc Med Santa Casa São Paulo.\n2011;56(3):158-68.\nVIGOTSKY, Lev.S. A formação social da mente: o desenvolvimento dos processos\npsicológicos superiores.3º.ed. São Paulo:Martins Fontes, 1989. 168p. (Coleção\nPsicologia e Pedagogia. Nova série.\nAgradecimentos\nAgradeço ao meu orientador Prof. Ricardo Angelo de Andrade Souza e ao Centro Universitário Estácio do\nCeará, assim como meus pais, que me deram todo o suporte emocional e financeiro.\nISSN 18088449 5"
}