{
  "id": "27245",
  "trabalho": "CASOS DE MICROCEFALIA E ALTERAÇÕES DO SISTEMA NERVOSO CENTRAL SUGESTIVOS DE INFECÇÃO CONGÊNITA EM FORTALEZA, CEARÁ",
  "area": "CIÊNCIAS DA VIDA",
  "ano": "2016",
  "evento": "XVI - ENCONTRO DE PÓS-GRADUAÇÃO E PESQUISA",
  "link": "http://uol.unifor.br/oul/conteudosite/?uuid=2EC688668E8EFCC95D47CD57AC7D0F597624C05F",
  "conteudo": "XVI ENCONTRO DE PÓS-GRADUAÇÃO E PESQUISA\nUniversidade de Fortaleza\n17 a 20 de outubro de 2016\nCasos de Microcefalia e Alterações do Sistema Nervoso Central\nSugestivos de Infecção Congênita em Fortaleza, Ceará\nRadmila Alves Alencar Viana1* (PG), Francisco José Maia Pinto2 (PQ), Rafaella Maria Monteiro\nSampaio3 (PG), Katherine Jeronimo Lima1 (PG), Ana Maria Peixoto Cabral Maia4 (PG), Ingrid Medeiros\nCamelo5 (PG).\n1 Mestranda em Saúde Coletiva pela Universidade Estadual do Ceará - Uece\n2 Pós doutor em Saúde Coletiva pela Universidade de São Paulo – USP/SP\n3 Doutoranda em Saúde Coletiva (Uece), Docente da Universidade de Fortaleza\n4 Especialista em Epidemiologia e vigilância em Saúde\n5 Mestranda em Saúde da Criança e do Adolescente pela Universidade Estadual do Ceará - Uece\nradmilaviana@gmail.com\nPalavras-chave: Microcefalia.. Sistema nervoso central. Infecção congênita.\nResumo\nA microcefalia é detectada intra-útero ou após o nascimento, exibindo quadro diversificado de manifestações\nclínicas, conforme gravidade do caso. Objetivou-se analisar casos notificados/confirmados de microcefalia\ne/ou alterações do Sistema Nervoso Central sugestivos de infecções congênitas. Estudo descritivo,\ntransversal dos casos notificados entre a 43ª semana epidemiológica de 2015, primeiro caso notificado, até\na 20° semana epidemiológica de 2016. Analisou-se a forma de infecção, confirmação, momento da\ndetecção, sexo do recém-nascido (RN), presença de exantema na gestação, óbito e alterações congênitas\ndos óbitos. Notificou-se 153 casos, sendo 22,2% (n = 34) sugestivos de infecção congênita viral. 76,5% (n =\n26) confirmados por critério clínico-radiológico e 23,5% (n = 8) por critério clinico-laboratorial, desses, um por\ntoxoplasmose, um por dengue e seis por zíka vírus. 85,6% (n = 131) identificadas após o nascimento e\n14,4% (n = 22) intra-útero. Verificou-se, a presença de exantema na gestação, 26,8% (n = 41) das gestantes\nnão apresentaram, 48,4% (n = 74) não souberam responder, 17,6% (n = 27) no 1º trimestre de gestação,\n5,2% (n = 8) no 2º trimestre, 0,7% (n = 1) no 3º trimestre e 1,3% (n = 2) não lembraram em qual período\ngestacional. Notificou-se 10 óbitos suspeitos de microcefalia e/ou alterações do SNC Sugestivos de Infecção\ncongênita. A infecção pelo vírus Zika e suas consequências, devem ser notificadas e manejadas como uma\nnova infecção congênita, estando, dentre os exames básicos do pré-natal, possibilitando um número de\ncasos mais próximos entre os notificados e confirmados.\nIntrodução\nA microcefalia é classificada como uma anomalia congênita e, portanto, definida como alteração de\nestrutura ou função do corpo, presente ao nascimento e de origem pré-natal (GENEVA, 2014). Podendo ser\ndetectada no período intra-útero ou após o nascimento, a partir da avaliação do perimétrico cefálico (PC)\n(DUNCAN et al., 2014). Sabe-se que, assim como todo recém-nascido com anomalia congênita, existem\ndiversas etiologias complexas e multifatoriais que explicam a ocorrência do evento, envolvendo tanto fatores\ngenéticos como fatores ambientais (BRASIL, 2015).\nAssim, o conhecimento de algumas das causas de microcefalia, descritas na literatura, são:\ninfecções congênitas como a sífilis, a toxoplasmose, a rubéola, o citomegalovírus, herpes simples, o HIV e\noutros vírus; fatores teratógenos, como o álcool e outras drogas, radiação, diabetes materna mal controlada\ne fatores outros como, acidente vascular encefálico, lesões traumáticas no cérebro, infecções como\nmeningites, encefalites, encefalopatias congênitas pelo HIV, intoxicação por cobre, falência renal crônica\nentre outras diversas etiologias (ASHWAL et al., 2009).\nA microcefalia, como qualquer outro defeito congênito, exibe um quadro diversificado de\nmanifestações clínicas, que varia de acordo com a gravidade de cada caso, podendo exibir dismorfias leves\nou até defeitos complexos de órgãos, apresentados isoladamente ou associados. Por apresentar\nmanifestações clínicas diversas e complexas, as malformações congênitas, são descritas como a segunda\n1causa de mortalidade infantil. E apesar de algumas dessas manifestações poderem ser tratadas ou\n“reparadas”, outras não podem, causando gravidades incapacitantes de forma permanente ou levando a\nmorte da própria criança (PERNAMBUCO, 2015).\nO Ministério da Saúde declarou, em novembro de 2015, estado de emergência sanitária nacional\ndevido um surto em Pernambuco de neonatos com microcefalia, sendo registrado 268 casos, valor muito\nsuperior à média do período de 2010 a 2014, que registrava apenas nove casos por ano (REIS, 2015).\nA partir de outubro de 2015, observou-se um aumento inesperado no nascimento de crianças com\nmicrocefalia, acontecendo inicialmente em Pernambuco, e posteriormente em outros estados da região\nNordeste. Fato que coincidiu com a confirmação da transmissão autóctone da febre pelo vírus Zika no\nBrasil, em abril do mesmo ano, o que levou cientistas a estabelecerem associações entre os dois eventos.\nAté 20 de fevereiro de 2016, haviam sido registrados 5.640 casos suspeitos de microcefalia e 583\nconfirmados (HENRIQUES; DUARTE; GARCIA, 2016).\nPela primeira vez, o Brasil enfrentou um surto do vírus Zíka, sendo a região Nordeste a mais\nacometida. E apesar da maioria dos casos de infecção pelo vírus serem auto-limitados, sem sequelas e sem\naltas taxas de morbimortalidades, encontra-se por outro lado um aglomerado de casos de microcefalia nas\nmesmas áreas de transmissão do vírus. E ainda que não seja conclusivo, o elevado número de casos de\nmicrocefalia no país fez com que fossem adotadas medidas de proteção para mulheres grávidas em todo o\nterritório nacional (VICTORA et al., 2016).\nDessa forma, a partir do atual contexto enfrentado pelos crescentes casos de microcefalia no Brasil\ne sendo a região Nordeste a mais representativa, o presente estudo objetivou identificar os casos notificados\ne confirmados de microcefalia e/ou alterações do Sistema Nervoso Central sugestivos de infecções\ncongênitas em um município do Nordeste Brasileiro.\nMetodologia\nTrata-se de um estudo descritivo, com corte transversal, realizado a partir dos casos notificados de\nmicrocefalia e/ou alterações do sistema nervoso central em Fortaleza, Ceará. Os dados são referentes ao\nperíodo de 2015, iniciando na 43ª semana epidemiológica, momento que surgiu o primeiro caso notificado,\naté a 20° semana epidemiológica de 2016. Vale ressaltar, que no ano de 2015 determinou-se a notificação\nimediata dos casos suspeitos de microcefalia por meio da Nota Informativa N⁰ 01/2015 (BRASIL, 2015).\nOs casos confirmados foram encerrados de acordo com a orientação estabelecida no Protocolo de\nVigilância e Resposta a Ocorrência de Microcefalia e/ou Alterações do Sistema Nervoso Central do\nMinistério da Saúde (BRASIL, 2015), podendo ser confirmado de duas formas: Por critério clinico-\nradiológico: através de avaliação médica do exame físico e de imagem do recém-nascido (tomografia\nintracraniana, ultrassom transfontanelar, ressonância magnética); Por exames laboratoriais: sorologia\npositiva para dengue, chikungunya, infecções congênitas STORCH (sífilis, toxoplasmose, rubéola,\ncitomegalovírus, herpes simplex); ou RT-PCR detectável para o vírus zíka.\nOs dados foram obtidos através da planilha de monitoramento dos casos, disponíveis no Registro de\nEventos de Saúde Pública (RESP) referente às microcefalias e/ou alterações do sistema nervoso central da\nSecretaria Municipal de Saúde. Os dados epidemiológicos analisados foram: forma de infecção, forma de\nconfirmação, momento da detecção, sexo do recém-nascido (RN), idade gestacional, peso ao nascer e\npresença de exantema na gestação. Posteriormente, estes dados foram tabulados e analisados de forma\ndescritiva por meio do programa Microsoft Excell, sendo discutidos conforme a literatura pertinente.\nResultados e Discussão\n2No período de 2015, da 43ª semana epidemiológica, até a 20° semana epidemiológica de 2016,\nforam notificados 153 casos de RNs que atendiam a definição de casos preconizados pelo Ministério da\nSaúde de microcefalia e/ou alterações do Sistema Nervoso Central (SNC), segundo consta na Tabela 1.\nFonte: Planilha de Microcefalia - Secretaria de Saúde do Estado\nTabela 1 - Casos Notificados de Microcefalia e/ou Alterações do Sistema Nervoso Central Sugestivos\nde Infecção Congênita em um Município do Nordeste Brasileiro, 2015 – 2016\n2015 2016 Total\nClassificação Final por ano\n(N) (N) (N)\nCasos Confirmados 19 15 34\nCasos Descartados 56 17 73\nCasos em investigação 25 21 46\nTOTAL 100 53 153\nFonte: Planilha de Microcefalia - Secretaria de Saúde do Estado\nDo total dos recém-nascidos (RNs) notificados, 22,2% (n = 34) foram confirmados como sugestivos\nde infecção congênita viral. Sendo que destes 34 RNs, 76,5% (n=26) foram confirmados por critério clínico-\nradiológico e 23,5% (n=8) por critério clinico-laboratorial. Pela confirmação laboratorial, identificou-se, ainda,\num por toxoplasmose, um por dengue e seis por zíka vírus. Sobre o ciclo de notificação, nota-se que no ano\nde 2015, a 52ª semana epidemiológica apresentou o maior de número de notificações, 19 casos e no ano de\n2016, a terceira semana epidemiológica foi a que mais apresentou casos confirmados, quatro casos.\nNo que se refere à detecção dos casos de microcefalia e/ou alterações do SNC, observa que 85,6%\n(n=131) foram identificadas após o nascimento da criança e 14,4% (n=22) identificados intra-útero. Dentre\nos casos notificados, 60,1% (n=92) eram do sexo feminino, 37,3% (n=57) do sexo masculino, 2,6% (n=4)\nignorados. Verificou-se também, a presença de exantema na gestação, notando que 26,8% (n=41) das\nmulheres não apresentaram sintomas no período gestacional, 48,4% (n=74) não souberam responder,\n17,6% (n=27) tiveram no 1º trimestre de gestação, 5,2% (n=8) no 2º trimestre de gestação, 0,7% (n=1) no 3º\ntrimestre e 1,3% (n=2) não lembraram em qual período gestacional ocorreu este sintoma (Tabela 2).\nA infecção congênita é a infecção adquirida pelo feto ainda no período intra-útero, após a mãe ser\ninfectada por algum patógeno, diferente da infecção perinatal que é aquela contraída no período pós-\nneonatal ou peri-parto (PEREIRA et al., 2015).\nSabe-se que as infecções congênitas e perinatais são há bastante tempo reconhecidas e bem\ndescritas na literatura, identificadas pela sigla TORCHS (toxoplasmose, outras infecções como HIV/AIDS,\nvaricela zoster, hepatites B e C, sífilis, rubéola, citomegalovírus e herpes) e muitas vezes são associadas ao\nrisco mais elevado de morbimortalidade neonatal (MAIA et al., 2015). Os casos presentes no estudo são\ncasos, em sua maioria, de microcefalia e alterações do sistema nervoso central sugestivos de infecção\ncongênita, que, de maneira ainda inconclusiva, podemos citar como a mais nova infecção congênita junto\ncom as demais já descritas, devendo, portanto, serem identificadas ainda no pré-natal, como são para as\nTORCHS.\nSegundo Nunes et al. (2016) agentes virais podem ser os causadores de microcefalia congênita\nadquirida. Devendo, portanto, priorizar o desenvolvimento de técnicas diagnósticas que confirmem uma\nrelação causa–efeito e estudos sobre mecanismos da patogênese da infecção pelo Zika no sistema nervoso\n3central. O fato é que a entrada do Zika Vírus no SNC, causa diversas alterações nesse sistema, fato já\ndemonstrado anteriormente em experimentos com animais.\nDessa forma é importante destacar a necessidade de detecção antes do nascimento, como forma\nde diagnóstico precoce, como é realizado para as TORCHS, e assim ofertar os devidos protocolos bem\nestabelecidos e consolidados para as futuras intervenções. Em nosso estudo e no Brasil, atentou-se para a\ndetecção ainda no período intra-útero após o surto estabelecido inicialmente no Nordeste e depois em todo o\nterritório nacional.\nO estudo mostra que os dados notificados ainda no período intra-útero são bem mais próximos do\nnúmero de casos encontrados após confirmação, diferente da notificação após o nascimento, que revelou\numa maior dispersão nos dados de casos notificados e confirmados, podendo pensar que a notificação intra-\nútero traz dados mais próximos do real encontrado, possibilitando, assim, que os casos confirmados quando\na detecção é realizada intra-útero, sejam encontrados em tempo oportuno, evitando muitas demandas e\ncustos de investigações.\nTabela 2 - Perfil dos casos notificados de Microcefalia e/ou alterações do Sistema Nervoso Central, 2015 –\n2016 em um município do Nordeste – Brasil (N=153)\nNotificados Notificados Confirmados Confirmados\nVariáveis\n(N) (%) (N) (%)\nPeríodo de detecção dos casos\nApós o nascimento 131 85,6 20 13,1\nIntra-útero 22 14,4 14 9,1\nSexo dos casos\nFeminino 92 60,1 11 7,2\nMasculino 57 37,3 21 13,7\nIgnorado 4 2,6 2 1,3\nPresença de Exantema na\nGestação\nNão apresentou 41 27 7 4,6\nNão soube responder 74 48 9 5,9\nSintomas no 1°Trimestre 27 18 14 9,0\nSintomas no 2°Trimestre 8 5 2 1,3\nSintomas no 3°Trimestre 1 0,7 1 0,7\nTeve, mas não lembram 2 1,3 1 0,7\nFonte: Planilha de Microcefalia - Secretaria de Saúde do Estado\nSegundo Rasmussen et al. (2016) precisamos intensificar nossos esforços para a prevenção de\nefeitos adversos causados por infecção congênita pelo vírus Zika, incluindo o espectro de defeitos causados\npor infecção pré-natal do vírus, o grau de riscos relativos e absolutos de resultados adversos entre os fetos\ncujas mães foram infectadas em momentos diferentes durante a gravidez. Dessa forma nosso estudo trouxe\num perfil desses recém-nascidos e suas alterações, bem como a presença e período de aparecimento de\nenxantemas em mulheres gestantes, cujos filhos nasceram com microcefalia.\nForam notificados, ainda, 10 óbitos suspeitos de microcefalia e/ou alterações do Sistema Nervos\nCentral Sugestivos de Infecção congênita, sendo que destes apenas cinco foram confirmados e os outros\ncinco ainda estão em investigação. Dentre os cinco confirmados, algumas alterações foram encontradas e\nencontram-se descritas nas Tabela 3 desse estudo, associadas com a presença de exantema não mãe.\nEm um estudo realizado na Paraíba, foi identificado o vírus zika no líquido amniótico de duas\ngestantes com histórico de doença exantemática e fetos com microcefalia detectados na ultrassografia fetal.\nA partir desse achado, estudos adicionais foram feitos, o que possibilitou o sequenciamento completo do\nvírus isolado do líquido amniótico. Ainda nesse estudo, foram encontrados dados semelhantes ao nosso em\n4relação ao número de óbitos por Microcefalia, que foi de quatro óbitos (OLIVEIRA; VASCONCELOS, 2016)\ncomparados aos cinco óbitos, até o momento, encontrados em nosso estudo.\nTabela 3 - Casos Confirmados de Óbitos por Microcefalia e/ou alterações do SNC com associação ao vírus\nZika em um município do Nordeste Brasileiro, 2015-2016\nPRESENÇA DE EXANTEMA NA\nCASOS ALTERAÇÕES\nMÃE\nCoração desviado para a Esquerda, Hipoplasia pulmonar\nbilateral, Genitália ambígua, bolsa escrotal vazia, MMSS\n1 SIM, 1º TRIMESTRE\ncurtos, Rotação de antebraço, mãos fletidas bilaterais, pé\ntorto congênito, microcefalia\nMalformação cardíaca, bolsa escrotal vazia, hipospadia,\n2 SIM, 1º TRIMESTRE mãos em garra, membros espásticos, microcefalia,\ncalcificações periventriculares\nAlterações oftalmológicas, calcificações em região frontal\n3 NÃO APRESENTOU EXANTEMA\nesquerda e parietal direita\nDilatação moderada do sistema ventricular, calcificações,\n4 SIM, 1º TRIMESTRE\nlisencefalia\nDeformidade da calota craniana, expressiva microcefalia\ncom acentuada redução bilateral na espessura\n5 SIM, 1º TRIMESTRE parenquimatosa cerebral, associado a dilatação do sistema\nventricular de aspecto não hipertensivo, alisamento difuso da\nconvexidade cerebral\nFonte: Planilha de Microcefalia - Secretaria de Saúde do Estado\nConclusão\nA infecção pelo vírus Zika e suas consequências, a Microcefalia e/ ou alterações no Sistema\nNervoso Central, devem ser notificadas e manejadas como uma nova infecção congênita, estando, portanto,\ndentre os exames básicos realizados no pré-natal, uma vez que pode possibilitar uma confirmação mais\npróxima do real de número de casos, sendo necessário o correto monitoramento.\nPodemos perceber também que a presença de exantema é um sinal de alerta para a possível\nassociação com o nascimento de crianças com microcefalia, o que deve ser incluído durante o\nmonitoramento do pré-natal das mulheres em todo o território nacional, reforçando orientações para os\ncuidados com o contato com o vírus.\nEsse estudo contribui para elucidar o perfil dos recém-nascidos com microcefalia e/ ou alterações do\nSNC, sendo importante mais estudos em relação as alterações, morbimortalidade e estudo futuros sobre a\nsobrevida desses recém-nascidos, bem como o estudo e perfil das mães desses recém-nascidos.\nReferências\nASHWAL, S. et al. Practice Parameter: Evaluation of the child with microcephaly (an evidence-based\nreview). Neurology, [s.l.], v. 73, n. 11, p.887-897, 14 set. 2009. Ovid Technologies (Wolters Kluwer Health).\nBRASIL. Ministério da Saúde. NOTA INFORMATIVA N⁰ 01/2015 – COES MICROCEFALIAS: Procedimentos\npreliminares a serem adotados para a vigilância dos casos de microcefalia no Brasil. Brasília, 17 de novembro de 2015.\n5BRASIL, Ministério da Saúde. Protocolo de vigilância e resposta à occorênica de microcefalia relacionada à\ninfecção pelo vírus Zika: Plano nacional de enfrentamento à microcefalia no Brasil. Brasília: Ministério da Saúde,\n2015. 71 p.\nDUNCAN, Bruce B. et al. Medicina Ambulatorial: Conduta de Atenção Primária Baseadas em Evidências. 4. ed. São\nPaulo: Artmed, 2014.\nGENEVA. World Health Organization. Centers For Disease Control And Prevention (u.s.). International Clearinghouse\nFor Birth Defects Monitoring Systems. Birth defects surveillance: a manual for programme managers. 2014.\nHENRIQUES, Cláudio Maierovitch Pessanha; DUARTE, Elisete; GARCIA, Leila Posenato. Desafios para o\nenfrentamento da epidemia de microcefalia. Epidemiol. Serv. Saúde, [s.l.], v. 25, n. 1, p.10-1, jan. 2016. Instituto\nEvandro Chagas.\nNUNES, Magda Lahorgue et al. Microcephaly and Zika vírus: a clinical and epidemiological analysis of the current\noutbreak in Brazil. J. Pediatr., v.92, n.3, p. 230-240, abr. 2016.\nMAIA, Marcelle Marie Martins et al. Prevalência de infecções congênitas e perinatais em gestantes HIV positivas da\nregião metropolitana de Belo Horizonte. Rev. Bras. Ginecol. Obstet., Rio de Janeiro, v.37, n.9, p.421-427, set. 2015.\nOLIVEIRA, Consuelo Silva de; VASCONCELOS, Pedro Fernando da Costa. Microcefalia e vírus zika. J. Pediatr. (Rio\nJ.), Porto Alegre, v.92, n.2, p.103-105, Abr. 2016.\nPEREIRA, Danilo Alves Ponzi et al. Infecção congênita em pacientes matriculados em programa de referência materno-\ninfantil. Rev. Paraense de Medicina, v.29, n.1, p.31-38, jan-mar. 2015.\nPERNAMBUCO. Secretaria Estadual de Saúde de Pernambuco. Secretaria Executiva de Vigilância em Saúde.\nProtocolo Clínico e Epidemiológico para investigação de casos de microcefalia no estado de Pernambuco.\nVersão N° 02. Pernambuco: Secretaria Estadual de Saúde, 2015.42p.\nRASMUSSEN, Sonia A. Zika Virus and Birth Defects: Reviewing the Evidence for Causality. N Engl J Med, p. 1981-87,\nMai 2016.\nREIS, Raquel Pitchon dos. Increased cases of microcephaly in Brazil. Revista Médica de Minas Gerais, [s.l.], v. 25,\np.88-89, 2015. GN1 Genesis Network.\nVICTORA, Cesar Gomes et al. Microcephaly in Brazil: how to interpret reported numbers. The Lancet, Brasil, v.387,\np.621-624, 5 fev. 2016.\n6"
}