{
  "id": "27260",
  "trabalho": "A MAXIMIZAÇÃO DO BEM COLETIVO E AS DECISÕES JUDICIAIS ACERCA DA SAÚDE.",
  "area": "CIÊNCIAS JURÍDICAS",
  "ano": "2016",
  "evento": "XXII - ENCONTRO DE INICIAÇÃO À PESQUISA ",
  "link": "http://uol.unifor.br/oul/conteudosite/?uuid=A7F71CE9F7966FB046F73D8F35E6E3D5C17DF27A",
  "conteudo": "XXII Encontro de Iniciação à Pesquisa\nUniversidade de Fortaleza\n17 à 21 de Outubro de 2016\nA maximização do bem coletivo e as decisões judiciais acerca da saúde.\nBorges, Ana Beatriz Matos de Carvalho. Ana Beatriz Matos de Carvalho Borges (IC). Fábio Holanda\nRodrigues(PQ).\n1. Universidade de Fortaleza – PIBIC/CNPQ.\n2. Universidade de Fortaleza – Curso Direito.\nmcb.beatriz@gmail.com.\nPalavras-chave: Saúde. Justiça. Utilitarismo. Bem.\nResumo\nO presente artigo preocupa-se em analisar a concessão do dinheiro público para tratamentos de\nsaúde de alto valor. É certo que a Constituição Federal prevê em seu texto a garantia à saúde, porém, tendo\nem vista a situação econômica e política do país, tal direito muitas vezes não é protegido, havendo a\nproteção do direito de alguns em detrimento do de terceiros.\nIntrodução\nA saúde é prevista na Constituição Federal de 1988 em dois momentos: no primeiro momento, no\nart. 6º, é elencada como direito social, exaltando sua importância para o bem-estar comum e, no segundo,\nno art. 196, a saúde é tida como direito de todos e dever do Estado, devendo ser garantido mediante\npolíticas sociais e econômicas que visem à redução do risco de doença e de outros agravos e ao acesso de\nsaúde universal e igualitário.\nPautado nos artigos supracitados, o Brasil segue hoje a o Sistema Único de Saúde (SUS) que, em\nsua essência, tenta exercitar os ideais constitucionais: eficiência, qualidade e universalidade. Contudo,\nlamentavelmente, a situação de tal Sistema vem se mostrando muito aquém daquilo que se almeja.\nMetodologia\nO presente artigo foi fruto de extensiva pesquisa acadêmica por artigos científicos, doutrinas e\nmatérias jornalísticas, tendo seu desenvolvimento e conclusão baseados na análise e interpretação de seus\nconteúdos.\nResultados e Discussão\nO SUS vem cotidianamente provando que sua sistemática não se adequa, entre outros fatores,\nprincipalmente com a realidade econômica e política do Brasil. Apesar das garantias estarem presentes em\nnossa Constituição, acreditar que tal serviço consiga ser realizado com excelência no cenário atual é uma\ncrença absolutamente utópica. A falta de materiais essenciais para o exercício da medicina, a baixa\nremuneração da equipe médica e dos colaboradores, filas intermináveis de atendimento e falta de\ninfraestrutura são problemas que podem ser diretamente associados ao mal uso da verba disponibilizada,\ntornando-a insuficiente para suprir os altíssimos gastos desse sistema.\nEm 2013, o Instituto Brasileiro de Geográfica e Estatística (IBGE), totalizou que, no referido ano, foi\ngasto cerca de 8% do Produto Interno Bruto (PIB), sendo cerca de 4% desse valor arcado pelo governo.\nApesar do percentual parecer baixo, esses 4% corresponde a cerca de R$ 190 bilhões, valor que seria\nsuficiente para pagar aproximadamente três vezes o custo do Poder Judiciário no mesmo ano. De acordo\nISSN 18088449 1com o Conselho Nacional de Justiça (CNJ), o Judiciário brasileiro custou R$ 62,3 bilhões em 2013, sendo\nconsiderado um dos Judiciários mais caros do Ocidente.\nDe acordo com o Gapminder Foundation, um empreendimento suíço sem fins lucrativos, estima-se\nque seria necessário cerca de 50% do PIB do país, o que é absolutamente inviável. A verdade é que a\nsaúde brasileira como ela se apresenta hoje é um sistema falido.\nDentre os diversos problemas políticos e econômicos que o Sistema Único de Saúde enfrenta, a\nimperita realocação e utilização das verbas é um problema latente. A verdade é que não há dinheiro o\nsuficiente para uma enorme demanda, comprometendo uma característica essencial do programa: a\nuniversalidade.\nAlguns pacientes necessitam de valores maiores para custearem seus tratamentos, sendo esse\ndinheiro retirado de outras áreas que também necessitam de assistência, deixando uma lacuna no\norçamento. É possível ver a movimentação de grandes valores para um pequeno grupo de pessoas em\ndisputas judiciais que pleiteiam o pagamento de seu tratamento pelo Estado. Casos de família ingressando\nna justiça para conseguir tratamentos, em sua maioria, de altíssimo valor pagos pelo governo têm se\nmostrado grande quebra-cabeça para o orçamento público no que se refere a saúde, pois, quando postos\nlado a lado, o direito a vida muitas vezes se sobrepõe ao orçamento público.\nEm 2014, a família de Sophia Gonçalves de Lacerda ingressou no Judiciário do São Paulo o pedido\nde R$ 2,4 milhões para que a menina, de, aproximadamente, um ano, pudesse receber tratamento da\nSíndrome de Berdon nos Estados Unidos. O caso teve grande repercussão no Brasil.\nDe acordo com o Orphanet, portal de doenças raras criado pela Comissão Europeia, a Síndrome de\nBerdon é uma doença rara, congênita, caracterizada por massiva distensão abdominal, causada por uma\nbexiga dilatada não obstruída, microcólon e peristaltismo intestinal diminuído ou ausente, causando falência\nintestinal, incapacibilidade de defecar, urinar e alimentar-se por via oral, deficiência que devem ser corrigidas\ncom o transplante simultâneo de fígado, estômago, pâncreas, intestino delgado e intestino grosso.\nAtualmente, não há cura para a doença e intervenções cirúrgicas não tem mostrado sucesso. O\nprocedimento é considerado altamente complexo e arriscado, uma vez que o organismo da criança pode\nnão aguentar a cirurgia ou, posteriormente, rejeitar os órgãos transplantados.\nNo mesmo ano, foi concedida liminar pelo Tribunal Regional Federal, obrigando o Ministério Público\na custear todo o procedimento e estadia da família no exterior, que rapidamente viajou para realizar a\ncirurgia e tratamento da criança. Em 2015, apesar dos esforços, cinco meses após ter sido submetida a um\ntransplante de cinco órgãos, Sophia faleceu.\nEm nota, de acordo com o site de notícias G1, o Ministério da Saúde informou que o valor total\ngasto com o tratamento integral e transplante multivisceral foi de R$ 4,4 milhões. Um custo altíssimo para\num procedimento eivado de riscos e de baixo índice de sucesso, como já mencionado.\nÉ certo que a vida é um bem precioso, porém, não deixa de surgir a dúvida se a concessão de um\nvalor tão alto para um procedimento tão arriscado e com poucas chances de sucesso foi justo. O gasto do\ndinheiro público, seja ele decretado pelo Executivo ou Judiciário, e, neste caso, mesmo que esteja em busca\nda proteção de um direito, deve ser feito de maneira cautelosa, uma vez que o mesmo pertence e dever\nservir a todos, ou, pelo menos, ser usado com a maior eficiência possível. As decisões políticas e jurídicas\ndevem almejar, essencialmente, \"agir sempre de forma a produzir a maior quantidade de bem-estar\". Tal\nescopo surge do Princípio do Bem-Estar Máximo, essência da corrente Utilitarista, encabeçada por Jeremy\nBentham, que, em seu livro, \"An Introduction to the Principles of Moral and Legislation\", denomina o princípio\ncomo o Princípio da Utilidade, e assim o conceitua:\nISSN 18088449 2“Por princípio da utilidade entende-se o princípio que aprova ou desaprova toda a ação, qualquer\nque seja, de acorda com a tendência que aparenta ter de aumentar ou reduzir o bem-estar das\npartes afetadas pela ação: ou, em outras palavras, promover ou se opor a esse bem-estar. Quero\ndizer toda e qualquer ação, e, assim, não apenas a ação de um indivíduo, mas também todas as\nmedidas de um governo.\"\nO Tribunal Regional Federal, ao conceder o montante de R$ 4,4 milhões para garantir o Direito à\nSaúde de Sophia, permitiu que uma única pessoa, por mais que necessitada fosse, usufruísse de um\ndinheiro que poderia beneficiar um número muito maior de pessoas, algumas delas de forma definitiva,\npodendo se dizer que o direito à saúde destas foi indiretamente negado.\nO filósofo político Richard Weaver acertadamente declarou que ideias têm consequências. No caso\nem questão, se alguém decide que uma pessoa tem \"mais direito\" à saúde do que outra, alguém terá que\nceder sua parte, pois deve-se lembrar que a saúde é direito de todos, porém dentro dos limites que o\ndinheiro público consegue arcar. Assim, por que uma vida merece \"mais investimento público\" do que a de\noutras pessoas que necessitam tanto, ou mais do que ela? E que esses problemas que lhe são nocivos\npoderiam ser resolvidos com políticas públicas simples e duradouras?\nDe acordo com um estudo realizado pela Confederação Nacional da Indústria (CNI), o Brasil não vai\nconseguir universalizar o saneamento básico na primeira metade do século 21, tendo como uma de suas\ncausas a falta de verba, conseguindo o feito apenas em 2054. A data prevista pelo governo federal para a\nuniversalização é 2033, último ano do Plano Nacional de Saneamento Básico. De acordo com informações\ndivulgadas pelo Instituto Brasileiro de Geografia e Estatística (IBGE), há uma grande discrepância entre as\nregiões do Brasil em relação ao saneamento. A partir dos dados da Pesquisa Nacional de Saneamento\nBásico (PNSB), a CNI mostra, por exemplo, que na região norte do país, 52,4% dos municípios contam com\nágua encanada e apenas 6,5% com coleta de esgoto.\nTal situação é alarmante, pois a falta de saneamento básico, além de poder causar doenças como\nfebre tifoide, cólera e hepatite A, aumenta exponencialmente o risco de exposição a dengue, febre\nchikungunya e vírus Zika, todas elas doenças que podem causar uma vida de sofrimento e até a morte. O\ngerente de Infraestrutura da CNI, Wagner Cardoso, avalia que “custa muito caro não ter saneamento no\npaís, principalmente nas internações hospitalares”. Segundo a Organização Mundial da Saúde (OMS), cada\ndólar gasto com saneamento básico economiza US$ 4,3 em gastos com saúde. Considerando o cenário\nbrasileiro, onde se gasta muito com a saúde e pouco com a prevenção de doenças, não seria necessário um\ninvestimento para provocar grandes mudanças na saúde da população, tendo em vista os benefícios do\nsaneamento básico.\nDe acordo com uma pesquisa realizado e 2010 pelo Instituto Trata Brasil em parceria com a\nFundação Getúlio, pelo menos 217 mil pessoas, por ano, se afastam de seus postos de trabalho por\nadquirirem problemas gastrointestinais provocados pela falta de saneamento. Ademais, o custo para cada\ninternação chega, em média, a R$ 350, e, com a universalização do acesso à rede de esgoto, se\neconomizaria cerca de R$ 745 milhões em pouco menos de duas décadas. Tal dinheiro poderia ser\ninvestido em pesquisa médica ou em medicamentos, por exemplo. O investimento em saneamento básico\nmelhoria a saúde da população de tal forma que diminuiria significativamente a procura por hospitais e\npostos de saúde públicos poupando e desafogando todo o aparato médico-hospitalar, deixando para a\nutilização daqueles de que de fato a necessitam.\nÉ certo, como já mencionado, que a vida é um bem precioso. Exatamente por tal motivo que o\nEstado, em todos os seus ramos, deve se preocupar em proteger o maior número de vidas possível. Tal\nsituação remete ao exemplo dado pelo professor e filósofo jurídico Michael Sandel, em uma palestra\nISSN 18088449 3ministrada pelo mesmo em 2015, na Universidade de Harvard, acerca do seu livro \"Justiça: O que é certo a\nfazer\". O professor questiona sua plateia sobre o seguinte caso: \" Suponham que vocês são o motorista de\num Troller e o carro está desgovernado, descendo uma trilha à 100km/h. No final dessa trilha, há cinco\ntrabalhadores. Você tenta parar, mas você não pode, os freios não funcionam. Você se sente desesperado\nporque você sabe que, se você bater nesses trabalhadores, todos irão morrer. Então você percebe uma\nsaída na lateral da trilha, e no final daquela trilha, há um trabalhador. Seu volante funciona, então você pode\ndobrar nessa saída, se quiser, matando um trabalhador, mas poupando cinco. Quantos de vocês entrariam\nna saída? E quantos de vocês seguiriam reto.\" O auditório, em massa, levantou a mão quando o professor\nfez a primeira pergunta, e não mais que dez pessoas levantaram a mão quando a segunda foi feita.\nAo questionar a maioria o por que, não havendo chance de escapar da situação, seria preferível\natropelar um trabalhado em favor de cinco, os alunos lhe responderam que \"não pode ser certo poupar um\nhomem em detrimento de cinco\". Apesar da simplicidade, a resposta retratou bem o princípio da utilidade; a\nperda de cinco trabalhadores seria mais sofrida. Cinco vidas à menos, cinco trabalhadores à menos, cinco\nfamílias com um membro à menos.\nQuando se transporta tal situação à concessão de dinheiro para poucos ou para um único indivíduo,\ndeve-se levar em consideração quantas pessoas sofrerão pela falta dessa verba, direta ou indiretamente.\nFaltará verba para materiais, remédios, vacinas, pesquisas, infraestrutura, salário e outros investimentos\nadjacentes que poderiam diminuir significativamente o número de doentes, internados e grupos de risco. O\nresultado final será o mesmo e irá acontecer, basta saber se poucas ou muitas pessoas poderão deixar de\nsofrer sesse resultado.\nNo entanto, a situação torna-se mais delicada, principalmente quando levada ao âmbito judicial.\nAnalisando a situação logicamente, tentando sempre afastar as paixões do julgamento, a decisão entre\nmilhares de pessoas e uma única seria fácil, sendo escolhidas as milhares de pessoas na esmagadora\nmaioria das vezes. No entanto, manter uma postura imparcial torna-se difícil quando é exposta ao juiz ou\njuíza a realidade difícil que o paciente e sua família passam. A exposição do sofrimento, do desespero\nfamiliar e da luta pela vida do próprio pacienta e a luta da família por ele muitas vezes conseguem sobrepor\na emoção sobre a razão. Agora, não se considera mais um paciente contra dez: considera-se, tomando de\nexemplo o caso mencionado, a Sophia contra dez paciente. Uma pessoa vira história; milhares, estatística.\nÉ tão verdade que a Sophia e sua família receberam apoio de todo o Brasil em sua luta pela\nconcessão do tratamento. O caso ficou famoso, recebendo apoio, inclusive, de celebridades. Quando veio a\nnotícia de seu falecimento, houve enorme comoção nas redes sociais. A situação do juiz ou juíza que irá\ndecidir sobre o caso é, então, delicadíssima, tendo em vista que está, de certa forma, imerso na situação.\nPorém, infelizmente, seu papel não é esse. Seu papel é julgar de acordo com a lei e com o melhor se\namolda para o bem-estar máximo da sociedade, pois deve pensar não somente naqueles que recorrem ao\njudiciário, mas também deverá pensar nas consequências que repercutirão de suas decisões.\nEm 2016, Avelita Barbosa da Silva ingressou no Judiciário do Estado do Paraná para pleitear um\ntratamento estimado em R$ 10 milhões para seu filho, João Pedro, portador da mesma doença de Sophia.\nDe acordo com o site de notícias G1, o menino, de dois anos, necessita de transplante de fígado e intestino\npara sobreviver. A notícia afirma também que se trata de uma cirurgia complicada e que não há registro de\nsucesso no Brasil. A família luta na Justiça para que o Governo Federal custei o transplante no Estados\nUnidos.\nO caso ainda está em trâmite na Justiça, tendo seu último despacho no dia 26 de julho, o qual\ncontinha uma determinação para que a criança fosse transportada, se tivesse condições para os\nespecialistas em São Paulo.\nISSN 18088449 4De fato, a situação da família é imensamente infeliz. Porém, tendo em vista o que foi explicitado,\nnão seria justo conceder um montante de alto valor para um único paciente, com baixíssimas chances de\nsobreviver, e negar, indiretamente, a chance de saúde há centenas de outras pessoas que poderiam ser\nbeneficiadas com R$ 10 milhões de reais, seja com saneamento básico, compra de remédios ou\ninfraestrutura.\nConclusão\nO Estado e a Justiça devem buscar proteger tanto o interesse individual quando o coletivo. Haverá\nocasiões, porém, que a proteção do interesse individual poderá causar consequências demasiadamente\nnegativas para a coletividade, devendo ser a relação \"indivíduo x sociedade\" posta em perspectiva. A\nausência de planejamento estratégico que vise medidas a longo prazo resulta na falta de verba para a\nproteção dos direitos e garantias dos cidadãos, ocorrendo situações onde um grupo ou indivíduo será\npreterido em relação a outro, pois não há como proteger a todos. Por tal motivo, as decisões tomadas no\nPoder Executivo e Judiciário devem sempre que possível buscar a maximização dos benefícios. No caso\nexposto, conclui-se que deveria haver maior minuciosidade na concessão de verba pública para tratamentos\nmédicos de alto valor, como maior observância das chances de sobrevivência do paciente durante e após o\nprocedimento, pois, infelizmente, muitos casos se tratam de \"apostas\", no sentido em que é dada a sorte um\ngrande papel para a sobrevivência do enfermo e o Estado deve-se preocupar com resultados e melhoras\nmais certeiras.\nReferências\n1. Bentham, Jeremy. Batoche Books Kitchener, 2000. 14p.\n2. Sandel, Michael. Civilização Brasileira, 2012.\n3. Paul, Ron. Instituto Ludwig von Mises Brasil. “A saúde é um bem, e não um direito”\n4. Costa, Gilberto. O Brasil não vai cumprir meta de universalizar saneamento básico, diz CNI. Agência\nBrasil. Brasília, 12 de jan. 2016.\n5. Gonçalves, Anderson Clayton; Souza, Luiz Carlos de; Silva Júnior. Simpósio Internacional de\nCiências Integradas da UNAERP Campus Guarujá.\n6. Lasko, Jaqueline. Pesquisa revela benefícios reais do saneamento básico. Planeta Sustentável. 22\nde jul. 2010.\n7. Instituto Brasileiro de Geografia e Estatística. Sistema de Informações sobre orçamentos Públicos\nem Saúde – SIOPS.\n8. Granda, Alana. Despesas de saúde equivalem a 8% do PIB em 2013, diz IBGE. Agência Brasil. Rio\nde Janeiro, 10 de dez. 2015.\n9. Das Ros, Luciano. O Custo da Justiça no Brasil: Uma análise comparativa exploratória. The\nObservatory of Social Political Elites of Brazil.\n10. Fonseca, Alana. Mãe do Paraná luta para que governo pague cirurgia de R$ 10 mi para filho. G1. 08\nde ago. 2016.\n11. Constituição Federal do Brasil, 1988.\nISSN 18088449 5"
}