{
  "id": "27261",
  "trabalho": "UMA OBSERVAÇÃO PARTICIPANTE INSPIRADA NO MÉTODO ETNOGRÁFICO",
  "area": "CIÊNCIAS DA VIDA",
  "ano": "2016",
  "evento": "XXII - ENCONTRO DE INICIAÇÃO À PESQUISA ",
  "link": "http://uol.unifor.br/oul/conteudosite/?uuid=5CF04189FBA094E02A71D62AE89541D8A084BA54",
  "conteudo": "XXII Encontro de Iniciação à Pesquisa\nUniversidade de Fortaleza\n17 à 21 de Outubro de 2016\nUMA OBSERVAÇÃO PARTICIPANTE INSPIRADA NO MÉTODO\nETNOGRÁFICO\nCintia Oliveira Santiago¹* (IC), Gabriel Brasil e Silva¹ (IC), Paula Suzelle Santos Amorim¹ (IC), Magno\nCézar Carvalho Teófilo² (PQ).\n1. Universidade de Fortaleza – Curso Psicologia\n2. Universidade de Fortaleza – Docente do Curso de Psicologia\ncintia96.oliveira@gmail.com\nPalavras-chave: Instituição. Método Etnográfico. Idosas.\nResumo\nA expectativa de vida aumentou consideravelmente nas últimas décadas, o que acarretou em um\nconsiderável crescimento da população idosa, e consequentemente a uma maior procura por instituições\nque acolham ao indivíduo idoso. Diante de tal realidade, fomos incentivados a ir à campo, realizar um\nestudo baseado no método etnográfico, com o objetivo de compreender como se estrutura e quais as\nformas de funcionamento de um asilo. O presente estudo nos possibilitou tomar conhecimento acerca\ndas representações sociais que a velhice e as instituições de acolhimento ao idoso possuem na\ncontemporaneidade, como também perceber as contribuições destas instituições para construção de\numa velhice digna.\nIntrodução\nEssa pesquisa nos foi proposta pela disciplina de Estágio Básico em Prática Integrativa IV, do\ncurso de Psicologia da Universidade de Fortaleza – UNIFOR. Com as orientações do professor Magno\nCézar, fomos incentivados a partir dos estudos referentes às disciplinas de psicologia, instituições e\norganizações sociais, psicologia social II, psicologia da família, psicologia da adolescência, vida adulta e\nvelhice e psicologia e cultura, a realizar visitas a uma organização ou instituição que despertasse\ncuriosidade nos membros da equipe, utilizando como base metodológica a observação participante que\nfaz parte do método etnográfico.\nTivemos como principal objetivo compreender como se estrutura e quais as formas de\nfuncionamento do asilo escolhido, além de identificar quais as principais demandas do asilo, analisar\ncomo se estabelecem as relações sociais dentro da organização e apontar como o método de pesquisa\netnográfica nos auxilia na descrição e o observação da organização.\nDevido à nossa proximidade com a psicologia do desenvolvimento e nosso interesse na temática\nda velhice, o local que optamos foi um asilo fundado por uma congregação que faz parte de uma\ninstituição religiosa. Salientamos que por questões éticas, o nome do local e dos sujeitos observados e\nentrevistados não serão divulgados no artigo e este será exposto apenas no contexto acadêmico.\nMetodologia\n1\n1\n§O método etnográfico de pesquisa compõe um conjunto de procedimentos utilizados pela\nantropologia, no qual o investigador busca compreender cientificamente a realidade social com suas\npráticas culturais, relacionando-as com fenômenos específicos. (VICTORIA, KNAUTH, HASSEN, 2000).\nPara Malinowski (1984), o pesquisador deve estar atento à constituição social de um grupo com\nsuas leis, aos fenômenos espontâneos, como comportamentos e atividades rotineiras, e tudo que é\nverbalizado, como os valores, opiniões e ideias expressas nos discursos dos indivíduos. Essas três\náreas exigem uma coleta de dados que deve ser observada, escrita e discutida.\nEsse método propõe uma divisão em: técnicas de coleta de dados, técnicas de registro de dados\ne técnicas de análise/interpretação de dados. As técnicas de coleta de dados oferecidas por essa\nferramenta de pesquisa são diversas, entre elas estão a observação participante, entrevista, grupo focal,\nhistória de vida, entre outras. Utilizamos a entrevista qualitativa semiaberta e a observação participante.\nDuarte e Barros (2005) colocam que a entrevista qualitativa semi-aberta é composta por um roteiro com\nquestões guia para direcionar os assuntos com maior naturalidade. A observação participante segundo\nKnauth, Hassen e Victoria (2000), é uma técnica de pesquisa qualitativa que requer que o pesquisador\nesteja distante e próximo ao mesmo tempo do objeto de observação, a fim de estabelecer um contato\ncom ele para que os fenômenos fluam da forma mais natural possível, porém não saindo da sua postura\nde investigador, não sendo influenciado e não influenciando o grupo com seus conceitos pré-formados e\nindividuais. É importante exercitar o firmamento dessa distinção para que os comportamentos dos\nindivíduos sejam menos alterados possível, tendo em vista que a subjetividade do investigador sempre\nentrará em contato com o grupo de alguma forma, mesmo que minuciosamente.\nNossas técnicas de registro de dados foram compostas pelo diário de campo que consiste em\nanotações sobre os sentimentos e impressões pertinentes aos pesquisadores. Posteriormente foi\nrealizado a síntese de dados, a qual corresponde ao momento de sistematização que norteou os\ncaminhos a seguir e definiu os temas de destaque, onde neles foram mantidos o foco de discussões\nteóricas, que permitiu as possíveis considerações finais sobre os eventos observados, baseadas em\nreferências teóricas. A pesquisa foi desenvolvida ao longo de seis visitas que tiveram em média duas\nhoras de duração. Durante as visitas realizadas, entrevistamos informalmente senhoras, cuidadoras e\nfuncionários, como também, entrevistas semi-estruturadas com a coordenadora de atividades e a\nassistente social.\nResultados e Discussão\nA expectativa de vida aumentou consideravelmente nas últimas décadas, o que levou a um\ncrescimento significativo da população idosa, crescimento este que, de acordo com Aguiar e Silva\n(2008), se deve a diversos fatores, como controle de doenças, descoberta de antibióticos, políticas de\nvacinação, diminuição das taxas de fecundidade, queda das taxas de mortalidade infantil, entre outros.\nEm consequência desse aumento da expectativa de vida, relatam os autores Freitas e Scheicher (2010),\nque há uma maior procura por instituições que acolham esses idosos frente às dificuldades dos\nfamiliares de assistirem seus anciãos.\n2\n1\n§O local que realizamos nossa pesquisa pode ser classificado, segundo Goffman (1961), como\n“instituição total”. Esta é caracterizada pelo autor como um local onde todos os aspectos da vida são\nrealizados e sob uma única autoridade. Todas as atividades são realizadas em grupo, rigorosamente\nestabelecidas em horários e as pessoas são tratadas igualmente. Nessas instituições, existe uma divisão\nentre um grupo controlado, que é o grupo dos internos e uma equipe de supervisão, chamada equipe\ndirigente. O asilo pesquisado é reconhecido como uma \"instituição de acolhimento”. Este é inserido na\nprimeira classificação de instituição total, que corresponde àquela que é criada para abrigar pessoas\ninocentes e/ou incapazes, como idosos. Percebemos que o local é uma instituição total por meio de\ndiversas impressões obtidas nas visitas iniciais, como o controle estrutural, administrativo, financeiro e de\nlazer que são regulados por toda a equipe supervisora; a padronização da estrutura física, como as\ncores das paredes, janelas e portas dos compartimentos, além da separação dos quartos em duas alas,\nonde cada um é identificado por uma numeração. Assim, foi possível relacionar esses dados com o\nconceito de “mortificação do eu” trazido por Goffman (1961), que corresponde à perda parcial ou total da\nsubjetividade devido às grandes renúncias de práticas, atitudes e costumes. Ficou claro que elas\nprecisaram abandonar certas características de sua subjetividade, mas é importante destacar que ainda\nhá uma forte presença da individualidade em mínimos aspectos, como na liberdade de participar ou não\ndas atividades, na opção de sair do local e manter contato com o meio social e a família, mesmo que\nprecise do consentimento da equipe dirigente.\nNa instituição total, também é característico o afastamento da família, porém, no caso da\ninstituição analisada, a equipe dirigente se mostra flexível com a tentativa de manter o vinculo com a\nfamília das moradoras. De acordo com Osório e Valle (2009), a família é responsável pela proteção\nsocial de seus membros, principalmente as crianças e os idosos. A maioria das senhoras que residem na\ninstituição não possuem família, tendo aquelas que nunca se casaram e não tiveram filhos, ou que já\nficaram viúvas. São poucas as que costumam receber visitas dos familiares. Tal realidade é motivo de\nqueixa para muitas delas, que alegam: “Aqui a gente está abandonada pela família”, relata a assistente\nsocial no decorrer da entrevista. Esta afirma também que por mais atividades que a instituição promova\ne por maiores que sejam os esforços para preencherem esse espaço, permanece uma lacuna que só\npoderia ser preenchida pela própria família.\nA instituição é autônoma no estabelecimento de regras desde que não viole o Estatuto do Idoso\n(2003), o qual, de acordo com a lei nº 10.741, de 1º de outubro de 2003, busca assegurar ao idoso, com\nabsoluta prioridade, a efetivação do direito à vida, à saúde, à alimentação, à educação, à cultura, ao\nesporte, ao lazer, ao trabalho, à cidadania, à liberdade, à dignidade, ao respeito e à convivência familiar\ne comunitária. No local existem três formas de admissão: a) as idosas procuram o acolhimento, a qual é\na forma mais atípica; b) a família leva a idosa para ser acolhida, sendo esta a forma mais comum; c) por\nordem judicial, quando ocorre denúncia. Para que as idosas possam residir lá, elas têm que se encaixar\nem um determinado perfil e contemplar critérios, dentre eles o primeiro é ter vaga, o segundo é ser\nmulher e o terceiro é a idade, a qual não é um critério de exclusão, mas que serve de margem. A idade\n3\n1\n§mínima é de 60 anos, apesar de ser uma idade em que as senhoras são consideradas jovens, elas são\nacolhidas, com o intuito de serem acompanhadas em seu processo de envelhecimento. A idade máxima\né de 80 anos, podendo haver exceções no caso de idosas que ultrapassem esse limite, mas que sejam\nsaudáveis e ativas. O quarto e principal critério é a idosa ser autônoma, independente, ou ter no máximo\ngrau de dependência 1, grau este em que a idosa precisa apenas de uma supervisão para prevenir\nqualquer eventualidade, mas que não necessite de cuidado direto, podendo, desta forma, tomar banho e\nrealizar todas as atividades da vida diária sozinha, inclusive o uso da medicação, quando é o caso.\nA instituição não recebe idosas com dependências por conta da necessidade de suprir as\ndemandas daquelas que já estão acolhidas e pela carência no quadro de funcionários, não podendo,\nassim, disponibilizar uma cuidadora para cada senhora. De acordo com a Organização Mundial da\nSaúde (OMS), por volta dos 65 anos de idade os idosos tendem a necessitar de um maior\nacompanhamento devido ao aumento de problemas específicos do envelhecimento, como a diminuição\nda visão e audição, incidência de quedas, demências, e outras demandas (FREITAS, SCHEICHER,\n2010). Segundo estes mesmos autores, a procura por abrigos para idosos cresceu consideravelmente,\ninclusive no Brasil, porém, as instituições, em maioria, não estão preparadas estruturalmente para\natender tamanha solicitação. Dado este que pôde ser comprovado no decorrer da entrevista com a\nassistente social, a qual relatou que todos os dias uma idosa bate à porta em busca de acolhimento.\nAtualmente residem 29 senhoras, as quais pertencem a diferentes classes sociais, algumas com\nmelhores condições financeiras, que possuem maior grau de escolaridade. Porém, de maneira geral, são\nidosas carentes, que recebem de um a dois salários mínimos. Tais condições não interferem para que\ntenham algum tipo de acesso interno diferenciado, assim, todas são submetidas às mesmas atividades e\nalimentações, como, também contribuem com 70% do seu salário de benefício, para manutenção da\ninstituição, o que é assegurado pelo Estatuto do Idoso (2003). As principais dificuldades da instituição\nestão relacionadas aos limitados recursos financeiros. Por ser uma instituição do 3° setor, além de contar\ncom parte da aposentadoria das internas, também recebe doações de alimentos, roupas, materiais de\nhigiene e móveis.\nA instituição oferta algumas atividades que têm a finalidade de assegurar as habilidades físicas,\ncognitivas e sensoriais, como: dança sênior, terapia ocupacional, artes manuais, a qual no momento está\nsuspensa, mas irá retornar e atividades com os estudantes de diversas áreas. Todas as atividades são\nabertas aos membros da comunidade. Apesar da disponibilidade e dos convites, a população possui\nresistência por se tratar de uma instituição de longa permanência, por conta disto, as idosas se\nrelacionam mais com a sociedade através das atividades religiosas que ocorrem em uma organização.\nEssa resistência ocorre por conta das representações sociais que a população, de maneira geral, possui\nacerca das idosas e das instituições que as acolhem. Com base na definição descrita por Guareschi\n(2000), as representações sociais são saberes práticos e devem ser buscados nas ações do cotidiano\ndos diversos grupos sociais. Corroborando com Guareschi, os autores Oliveira, Pasian e Jacquemin\n(2001), colocam que o processo de envelhecimento é historicamente considerado através de duas\n4\n1\n§vertentes: uma que o reconhece como sendo a etapa final da vida, a fase que culmina com a morte; e a\noutra que o entende como a fase da sabedoria, da maturidade e serenidade. No caso das idosas que\nestão institucionalizadas no local observado, percebemos que parte delas estão vivenciando somente a\nprimeira etapa do processo de envelhecimento. A espera pela morte de modo passivo apresentado no\ncomportamento de algumas idosas observadas, leva-nos a compreender que a terceira idade, conforme\naponta os autores Santos e Vaz (1997), é uma fase da vida atravessada por vários estereótipos, tais\ncomo passividade, a improdutividade, a assexualidade, a degeneração orgânica e psíquica, além da\ndesvinculação com o futuro, o que leva à alienação.\nA respeito dos relacionamentos na instituição foi percebido proximidade e vínculos entre as\nidosas, os funcionários e as freiras, que por diversas vezes trocavam brincadeiras e demonstrações de\nafeto. As relações entre as internas demonstram ser demarcadas pelo respeito, em que algumas são\nmais próximas e outras não, o que pode ser percebido através de algumas falas, como: “Me dou bem\ncom algumas, outras são orgulhosas, antipáticas, tem inveja da amizade da gente”.\nÉ importante abordarmos agora a problemática do envelhecimento na sociedade\ncontemporânea. Vivemos em uma sociedade onde a valorização do corpo é exacerbada, como forma de\nconsumo, onde o idoso se depara como uma desvalorização de si mesmo observando as limitações\nfísicas causadas pelo tempo de vida, como rugas, flacidez, alteração na vista e na coordenação motora,\nentre outras. Nesse contexto, os valores simbólicos são empobrecidos, onde a sabedoria e experiência\nde vida de pessoas idosas valorizadas em décadas anteriores, são negligenciadas. O idoso passa então\na enfrentar uma dicotomia entre corpo e mente e as vezes a buscar uma juventude muitas vezes\nexagerada. (MESSINA, 2003) Porém, como Daólio (2001) coloca, o corpo humano não deve ser\npensado somente sob a ótica biológica, mas também sob a perspectiva de toda a cultura que circunda,\npois há construções corporais diferentes entre as sociedades. Santos e Damico (2009) trazem que o\ncorpo corresponde ao resultado de um processo em que possuem fatores sociais, como a origem, a\ntrajetória de classe, educação recebida, os trabalhos realizados, qualidade de vida e saúde, entre outros.\nPudemos perceber as diferentes perspectivas que as idosas tinham acerca da saúde e expectativa de\nvida. Enquanto algumas apresentavam visões negativas, outras mostravam-se satisfeitas com seu corpo\ne sua idade. Essas visões refletem diretamente na saúde física e emocional.\nConsiderações Finais\nBaseados no método etnográfico, pudemos vivenciar parte da realidade das idosas na instituição\ne perceber que, ao contrário do estigma de abandono e mau trato, as instituições de acolhimento ao\nidoso vem sendo reformuladas e humanizadas.\nDiante dos aspectos biopsicossociais observados na velhice, percebemos a relevância de\ninstituições que abarquem a demanda da população idosa brasileira, visto que esta cresce\nconsideravelmente ao decorrer dos anos. Estas instituições, além de abrigar o sujeito idoso, devem\ngarantir a qualidade de vida, como também os seus direitos, promovendo assim, uma velhice digna.\n5\n1\n§Como psicólogos em formação, essa pesquisa foi de grande importância para possíveis\nreformulações em nossas representações sociais acerca do idoso e das instituições de acolhimento do\nmesmo, além de tomarmos conhecimento acerca da relevância do cuidado na profissão do psicólogo\ncom esse sujeito.\nReferências\nAGUIAR, P.M; SILVA, D.T. Avaliação da Farmacoterapia de Idosos Residentes em Instituições\nAsilares no Nordeste do Brasil. São Paulo: Latin American Journal of Pharmancy, 2008.\nDAÓLIO, Jocimar. A Antropologia Social e a Educação Física: Possibilidades de Encontro. São\nPaulo: Hucitec, 2001.\nDUARTE, Jorge; BARROS, Antonio. Métodos e Técnicas de Pesquisa em Comunicação. São Paulo:\nAtlas, 2005.\nEstatuto do Idoso, Lei nº 10.741, de 1º de outubro de 2003.\nFREITAS, M.A.V; SCHEICHER, M.E. Qualidade de Vida de Idosos Institucionalizados. Rio De\nJaneiro: Revista Brasileira Geriatria Gerontologia, 2010.\nGUARESCHI, P. A. Representações Sociais: Avanços Teóricos e Epistemológicos. Ribeirão Preto:\nTemas em Psicologia da SBP, 2000. n.3.\nGOFFMAN, Ervin. Manicômios, Prisões e Conventos. Tradução de Dante Moreira Leite. 7ª ed. São\nPaulo: Perspectiva, 2001.\nMALINOWSKI, Bronislaw; DURHAM, Eunice R. (org.) e FERNANDES, Forestan (coord.). Coleção\nGrandes Cientistas Sociais. São Paulo: Ática, 1986. n.55.\nMESSINA, Mônica. Dimensões do Envelhecer na Contemporaneidade. Rio de Janeiro: Estados\nGerais de Psicanálise- Segundo Encontro Mundial, 2003.\nOLIVEIRA, E. A.; PASIAN, S. R.; JACQUEMIN, A. A Vivência Afetiva em Idosos. Brasília: Psicologia\nCiência e Profissão, 2001.\nOSORIO, L.C; VALLE, E.P. Manual de Terapia Familiar. Porto Alegre: Artmed, 2009.\nSANTOS, Flávia; DAMICO, José. O Mal- Estar na Velhice Como Construção Social. Pensar a Prática,\n2009. v. 12, n.1.\nSANTOS, G.; VAZ, C. Grupo da Terceira Idade, Interação e Participação Social. In: ZANELLA, A. et\nal. Psicologia e Práticas Sociais. Porto Alegre: ABRAPSOSUL, 1997.\nVICTORIA, C.G; KNAUTH, Daniela; HASSEN, M.N. Método Etnográfico de Pesquisa. In: Pesquisa\nQualitativa em Saúde: Uma Introdução ao Tema. Porto Alegre: Tomo Editorial, 2000.\nAgradecimentos\nNossos agradecimentos à instituição de acolhimento por nos receber para a realização desta observação\ne ao professor Magno Cézar por nos orientar durante todo o desenvolvimento da pesquisa.\n6\n1\n§"
}