{
  "id": "27274",
  "trabalho": "ACEITABILIDADE E PREFERÊNCIAS SENSORIAIS DE MOLHO DE FRUTAS VERMELHAS (TOMATE E ACEROLA) DESENVOLVIDO COM USO DE ÓLEOS E AZEITES.",
  "area": "CIÊNCIAS DA VIDA",
  "ano": "2016",
  "evento": "XXII - ENCONTRO DE INICIAÇÃO À PESQUISA ",
  "link": "http://uol.unifor.br/oul/conteudosite/?uuid=EAEAA5A961AD153DC6FC9A608D348817EBABD194",
  "conteudo": "XXII Encontro de Iniciação à Pesquisa\nUniversidade de Fortaleza\n17 à 21 de Outubro de 2016\nAceitabilidade e preferências sensoriais de molho de frutas vermelhas\n(tomate e acerola) desenvolvido com uso de óleos e azeites.\nNaira Figueiredo\nAguiar1 (IC), Natalice Rodrigues Valentim1* (IC), Nayra Cardoso1 (IC), Renata Jataí Silva1 (IC), Stefany\nBarros de Oliveira1 (IC), Antônio de Paula Valença da Silva1 (PQ).\n1. Universidade Estadual do Ceará – Curso Nutrição.\nnatalice_rodrigues@hotmail.com nayra.c_@hotmail.com\nPalavras-chave: Tomate. Molhos. Azeite.\nResumo\nObjetivo: Analisar o grau de aceitabilidade e de preferência de cada molho de tomate em relação ao tipo de\nóleo usado na preparação. Métodos: A pesquisa foi do tipo quantitativa e analisou três molhos de tomate\nadicionados de polpa de acerola e variando o tipo de óleo utilizado na preparação, podendo ser azeite de\noliva, azeite de dendê ou óleo de canola. A análise sensorial se baseou nos métodos discriminativo de\nordenação e afetivo de aceitação, utilizando a técnica da escala hedônica. Seu universo foi composto por 42\nalunos da Universidade Estadual do Ceará que foram os avaliadores do produto em uma sala da própria\nuniversidade. Os avaliadores responderam a um questionário contendo 3 questões fechadas sobre o\nproduto. Resultados: De acordo com a aceitação geral, o molho A ficou em primeiro lugar, com média de\n7,46, seguido do molho C (7,35) e do molho B (7,23). De acordo com a intenção de compra avaliada por\ntodos participantes, a amostra que se mostrou preferida para consumo foi a amostra A, seguida da C e da\nB. Conclusão: Dos três tipos de molho de tomate apresentados neste trabalho, pode-se perceber que o\nmolho de tomate com o azeite de oliva em sua preparação obteve maior nota de aceitação geral,\njustificando o fato de que a maioria dos provadores certamente compraria o produto final.\nIntrodução\nJá é sabido que o organismo humano não é capaz de sintetizar carotenoides, dessa forma eles são\nobtidos exclusivamente por meio da dieta alimentar. Dentre tais carotenoides, encontra-se o licopeno que é\nconsiderado um potente antioxidante, encontrado em um número limitado de alimentos, sendo o tomate e\nseus derivados as melhores contribuições dietéticas. Sua biodisponibilidade é influenciada por alguns\nfatores, dentre eles a quantidade de gordura de uma refeição, e sua absorção parece aumentar em\nprodutos que utilizam tomates cozidos (MORITZ; TRAMONTE, 2006). Mas, para evitar riscos à saúde, é\nimportante que pratos do tipo não contenham gorduras saturadas, favorecendo o uso de azeites.\nO azeite é um produto extraído de olivas, a partir da azeitona, que contém dentre seus\ncomponentes o ácido oleico, um ácido graxo monoinsaturado portador de propriedades benéficas na\nredução da oxidação do LDL, na inibição de radicais livres e da agregação plaquetária (ANGELIS, 2001), o\nque destaca este produto como um alimento funcional. O azeite de dendê, também conhecido como óleo de\npalma bruto (BRASIL, 2005), é um produto nacional fonte de vitamina A e que pode ser utilizado no\nalimento de diversas maneiras, sem causar alterações significativas no sabor. É o óleo vegetal que possui\numa maior concentração de carotenoides com atividade de vitamina A (RODRIGUES et al., 2011).\nJá o óleo de canola proporciona efeitos benéficos na composição lipídica do sangue, com aumento\nsignificativo de ácido a-linolênico e EPA no plasma, assim como aumento nos teores de EPA e DHA nas\nISSN 18088449 1plaquetas; eles são potentes agentes anti-inflamatórios, podendo ser empregados com sucesso no\ntratamento de doenças inflamatórias autoimunes (PITA et al., 2006). Segundo Águila, Apfel e Mandarim-de-\nLacerda (1997), óleo de canola possui aproximadamente 58% de ácido oleico, 22% de ácido linoleico e 10%\nde ácido linolênico.\nA acerola é uma excelente fonte de vitamina C e carotenoides precursores da vitamina A, além de\nconter quantidades significativas de tiamina, riboflavina, niacina, ácido pantotênico, cálcio, ferro e magnésio.\nUma porção de 100 gramas da fruta in natura fornece 27,96% da IDR (Ingestão Diária Recomendada) de\nvitamina C e 28,76% da IDR de vitamina A necessária para um adulto (FREITAS et. al, 2006). A acerola,\ndevido ao seu alto teor de ácido ascórbico e a presença de antocianinas, é um fruto considerado funcional,\npois esses compostos possuem a capacidade de capturar radicais livres, atuando como antioxidantes\n(MESQUITA; VIGOA, 2000).\nCom base nestas informações, o presente trabalho proporciona um tipo de preparação fonte de\nvitamina A, com propriedades antioxidantes e elaborada com alimentos funcionais, e tem como objetivo\nanalisar o grau de aceitabilidade e de preferência de cada molho de tomate em relação ao tipo de óleo\nusado na preparação, azeite de oliva extra virgem, óleo de canola e azeite de dendê.\nMetodologia\nA pesquisa é do tipo quantitativa e analisou o processamento de três tipos de molho de tomate\nadicionado de frutas vermelhas, no caso, foram utilizadas acerolas, com a variável sendo o tipo de óleo\nutilizado na sua composição, sendo escolhidos neste estudo o azeite de oliva, o azeite de dendê e o óleo de\ncanola. O trabalho ocorreu na Universidade Estadual do Ceará, entre o período do mês de Novembro de\n2015 e Fevereiro de 2016. A elaboração do produto foi realizada no Laboratório de Processamento de\nAlimentos (LABPAL), e consistiu em etapas que foram desde a obtenção da matéria prima até a análise\nsensorial do produto.\nPara a composição do molho, a receita foi baseada em Melo et. al (2012). Foram usados nos três\nprocessamentos do molho de tomate ingredientes como tomate totalmente maduro, cebola, alho, sal,\naçúcar, especiarias (orégano e manjericão), acerola e os óleos escolhidos, um para cada processamento.\nAs quantidades usadas de cada ingrediente estão representadas na Tabela 1.\nTabela 1. Ingredientes e suas respectivas quantidades usadas\nIngrediente Quantidade\nPolpa de Tomate 3458 g (1152,3g para cada molho)\nCebola 65,1 g (21,7g para cada molho)\nAlho 13,5 g (4,5g para cada molho)\nPolpa de Acerola 1152,3 g (115,23g para cada molho)\nAçúcar 25 g\nSal 8 g\nÓleo de Canola 15 g\nAzeite de Oliva 15 g\nAzeite de Dendê 15 g\nA metodologia seguiu um fluxograma demonstrado na Figura 1. Primeiramente, a higienização dos\ntomates, especiarias e das frutas foi realizada através de lavagem e sanitização em solução contendo 42\nmL de hipoclorito em 7 litros de água por 5 minutos; após isso, os tomates passaram pelo branqueamento.\nDe acordo com Vasconcelos e Filho (2010), a temperatura usada no branqueamento varia de 70º a 100ºC e\no tempo de exposição dos alimentos a este procedimento varia de 1 a 5 minutos, e, logo adiante, são\nISSN 18088449 2submetidos à refrigeração até atingir a temperatura ambiente. Em seguida, as acerolas e os tomates foram\ncolocados na despolpadeira para extração da polpa da fruta, em proporções de 10% do volume do extrato\nde tomate. Todos os ingredientes foram pesados, misturados e submetidos à fervura para concentração.\nFigura 1. Fluxograma do processamento do molho\nForam utilizados três potes de vidro como embalagem do produto, conforme sugerido por Jaime et\nal. (1998) que destaca o uso da embalagem para uma melhor preservação da cor e do sabor e garantia da\nproteção do molho analisado em seu artigo. Antes de embalar o produto, os frascos foram esterilizados e\nsuas tampas também, em água fervente por 15 minutos e, em seguida, deixou-se secar emborcados num\npano limpo. Após atingir a consistência desejada, o molho foi envasado e levado à pasteurização. Este\nprocesso foi realizado em temperatura de 90ºC por 5 minutos (pasteurização hot pack).\nPara a seleção dos ingredientes e a formulação do molho, foram utilizadas a Resolução RDC n.º\n276, de 22 de setembro de 2005 – Regulamento técnico para especiarias, temperos e molhos (BRASIL,\n2005) –; a Resolução RDC n.º 272, de 22 de setembro de 2005 – Regulamento técnico para produtos de\nvegetais, produtos de frutas e cogumelos comestíveis (BRASIL, 2005) – e a Resolução RDC n.°270, de 22\nde janeiro de 2005 - Regulamento técnico para óleos vegetais, gorduras vegetais e creme vegetal (BRASIL,\n2005).\nRealizaram-se três pré-testes, um de cada composição, para avaliar os melhores valores e\nquantidades a serem utilizados de cada ingrediente e, assim, melhorar o sabor e acidez do produto final,\nalém do que, foi calculado o grau Brix (ºBx) da polpa de tomate, de acerola e do molho.\nA análise sensorial se baseou em dois métodos: o método discriminativo de ordenação, para\nverificar se os avaliadores detectam diferenças entre as amostras, e o método afetivo de aceitação, para\nverificar o grau de aceitabilidade dos avaliadores sobre cada uma das amostras, utilizando a técnica da\nescala hedônica, e, consequentemente, determinar a preferência que cada um dos molhos obteve o que\ndiria se eles teriam sucesso ao serem comercializados. Seu universo foi composto por 42 alunos da\nUniversidade Estadual do Ceará que foram os avaliadores do produto.\nO trabalho ocorreu em uma sala da universidade; cada avaliador recebeu três amostras, sendo\ncada uma referente a um tipo de óleo, que consistiu numa torrada contendo o molho e um copo de plástico\nde 50 ml contendo água, sendo assegurada a qualidade microbiológica das amostras. Os avaliadores\nresponderam a um questionário contendo 3 questões fechadas sobre o produto. Os participantes da análise\nsensorial foram todos voluntários não treinados de ambos os sexos, com disponibilidade e tranquilidade\npara realizá-la. Estiveram inclusos também aqueles que apresentaram bom estado de saúde, ausência de\ngripe e que estiverem na faixa etária entre 17 e 30 anos. Foram excluídos da pesquisa aqueles que\nISSN 18088449 3possuírem alergia ou intolerância a pelo menos um dos componentes do produto, fumantes, gestantes e\nlactentes. A coleta de dados foi feita no mês de janeiro de 2016; através da tabulação dos dados obtidos,\nem uma planilha eletrônica do programa Microsoft Excel for Windows foi gerado um banco de dados, que foi\nutilizado na confecção de gráficos.\nConsiderando que houve a participação de seres humanos na presente pesquisa como um fator\nintrínseco para a aquisição dos resultados, este trabalho foi encaminhado para o Comitê de Ética da\nUniversidade Estadual do Ceará. Um Termo de Consentimento Livre e Esclarecido (TCLE) com todos os\nesclarecimentos referentes à pesquisa foi entregue aos participantes, deixando à mercê do convidado a\nautorização ou não da sua participação voluntária na análise sensorial.\nResultados e Discussão\nDentre os 42 entrevistados, 33,3% eram homens e 66,7% mulheres. Avaliando o método\ndiscriminativo de ordenação, a diferença entre as três amostras foi identificada pela maioria dos\nparticipantes da pesquisa como é mostrado no Gráfico 1, dentre estes, 16 perceberam uma diferença entre\ntodas as amostras, 11 entre as amostras A e B, 9 entre as amostras A e C e 7 entre as amostras B e C.\nGráfico 1. Porcentagem de pessoas que conseguiram identificar diferença entre as amostras\n12%\n88%\nSIM NÃO\nSobre o método afetivo de aceitação, em relação às variáveis sabor, textura, aparência e aceitação\ngeral, utilizou-se a escala hedônica que ia de 1 (desgostei muitíssimo) à 9 (gostei muitíssimo).\nO molho que apresentou a melhor média das notas relacionadas ao sabor foi o preparado com\nazeite de oliva (7,65), seguido do molho feito com óleo de canola (7,52) e, por último, o com azeite de\ndendê (7,02). A nota mais frequente das três amostras foi 8 (gostei muito).\nAvaliando-se a aparência e textura, as maiores médias foram da amostra C (óleo de canola), sendo\n7,27 e 7,45, respectivamente. A amostra que ficou em segundo lugar foi a A (azeite de oliva), com médias\n7,37 para textura e 7,07 para aparência. Em último lugar veio a amostra B (azeite de dendê), que obteve\nmédia 7,20 em relação à textura e 6,82 à aparência.\nDe acordo com a aceitação geral, o molho A ficou em primeiro lugar, com média de 7,46, seguido\ndo molho C (7,35) e do molho B (7,23). Quando foi perguntada qual amostra preferida pelo participante, dos\n40 que responderam corretamente o questionário, 17 optaram pela preparada com azeite de oliva, 16\npreferiram a feita com óleo de canola e 7 a fabricada com azeite de dendê (Gráfico 2).\nISSN 18088449 4Gráfico 2. Porcentagem de preferência dos participantes por cada amostra.\n42,50%\n40%\n17,50%\nA B C\nDe acordo com a intenção de compra avaliada por todos participantes, a amostra que se mostrou\npreferida para consumo foi a amostra A, seguida da C e da B. Observa-se então, que o sabor é a variável\nque mais afeta na intenção, de compra, já que o molho que recebeu a maior média de nota em relação à\nesse fator, foi a mais indicada como a que seria comprada pelos consumidores (Gráfico 3).\nGráfico 3. Relação entre o número de participantes e a intenção de compra de cada molho.\n20\ns\ne 15\nt\nn\na 10\np\nic\nit 5\nr\na p 0\ne d 1 2 3 4 5 6\n°\nN\nNota de intenção de compra\nA B C\nConclusão\nFoi possível desenvolver e processar molhos de tomate com cada tipo de óleo usado, e garantiu-se\nque o produto final fosse de qualidade microbiológica e nutricional. Além disso, tal formulação proporcionou\numa fonte elevada de vitamina A, através da combinação de seus ingredientes. Constatou-se que o tipo de\nóleo usado na formulação consegue influenciar na aparência e sabor dos molhos, pois 88% dos provadores\nnotaram algum tipo de diferença entre as amostras.\nDos três tipos de molho de tomate apresentados neste trabalho, pode-se perceber que o molho de\ntomate com o azeite de oliva em sua preparação obteve maior nota de aceitação geral, justificando o fato de\nque a maioria dos provadores certamente compraria o produto final. Vale ressaltar também que tal\npreferência foi bastante influenciada pelo sabor, o que o torna como fator decisivo na hora da escolha do\nproduto pelo consumidor.\nReferências\nÁGUILA, M. B.; APFEL, M. I. R.; MANDARIM-DE-LACERDA, C. A. Comparação Morfológica e Bioquímica\nentre Ratos Envelhecidos Alimentados com Dieta Hiperlipídica e com Óleo de Canola. Arquivo Brasileiro\nde Cardiologia, Rio de Janeiro, v. 68, n. 3, p. 155-161, 1997.\nANGELIS, R. C. Novos conceitos em nutrição. Reflexões a respeito do ela dieta e saúde. Arquivos de\nGastroenterologia, São Paulo, v. 38, n. 4, out./ dez. 2001.\nISSN 18088449 5BRASIL. Dispõe sobre o Regulamento Técnico Para Especiarias, Temperos e Molhos. Resolução RDC N°\n276, de 22 de Setembro de 2015. Diário Oficial da União, 23 de set. 2005. Disponível em:\n<http://portal.anvisa.gov.br/wps/wcm/connect/c8b2040047457a8c873cd73fbc4c6735/RDC_276_2005.pdf?M\nOD=AJPERES> Acesso em: 11. Nov. 2015.\nBRASIL. Dispõe sobre o Regulamento Técnico Para Óleos Vegetais, Gorduras Vegetais e Creme Vegetal.\nResolução RDC Nº 270, de 22 de Setembro de 2005. Diário Oficial da União, 23 set. 2005.Disponível em:\n<http://portal.anvisa.gov.br/wps/wcm/connect/82d8d2804a9b68849647d64600696f00/RDC_n_270.pdf?MOD\n=AJPERES> Acesso em: 11. Nov. 2015.\nBRASIL. Dispõe sobre o Regulamento Técnico Para Produtos de Vegetais, Produtos de Frutas e\nCogumelos Comestíveis. Resolução RDC N° 272, de 22 de Setembro de 2005. Diário Oficial da União, 23\nde set. 2005. Disponível em:\n<http://portal.anvisa.gov.br/wps/wcm/connect/ac09380047457ea18a84de3fbc4c6735/RDC_272_2005.pdf?M\nOD=AJPERES> Acesso em: 11. Nov. 2015.\nCONSERVAÇÃO DE ALIMENTOS. Recife: Codai, 2010. Disponível em: <http://docplayer.com.br/2269074-\nTecnico-em-alimentos-ufrpe-conservacao-de-alimentos-margarida-angelica-da-silva-vasconcelos-artur-\nbibiano-de-melo-filho.html>. Acesso em: 16 ago. 2016.\nFREITAS, C. A. S.; MAIA, G. A.; COSTA, J. M. C.; FIGUEIREDO, R. W.; SOUSA, P. H. M. Acerola:\nprodução, composição, aspectos nutricionais e produtos. Revista Brasileira de Agrociência, Pelotas, v.12,\nn.4, p.395-400, out/dez 2006.\nJAIME, S. B. M.; ALVES, R. M. V.; SEGANTINI, E.; ANJOS, V. D. A.; MORI, E. E. E.;Estabilidade do molho\nde tomate emdiferentes embalagens de consumo. Food Science andTechology, v. 18, n. 2, mai./jul. 1998.\nMELO, J. M. M. C.; GUILHOME, P. D.; NASCIMENTO, K. O.; BARBOSA JÚNIOR, J. L.; BARBOSA, M. I. M.\nJ. Aspectos microbiológicos e informação nutricional de molho de tomate orgânico oriundo da agricultura\nfamiliar. Brazilian Journal of Food Technology, São Paulo, v. 15, p. 18-22, mai. 2012.\nMESQUITA, P.C.; VIGOA, Y.G. La acerola. Fruta marginada de Americacon alto contendo de ácido\nascórbico. Alimentaria, Madrid, v.37, n.309, p.113-126, 2000.\nMORITZ, B.; TRAMONTE, V. L. C. Bioavailability of lycopene. Brazilian Journal of Nutrition, São Paulo, v.\n19, n. 2, mar./ abr. 2006.\nPITA, M. C. G.; NETO, E. P.; CARVALHO, P. R.; JUNIOR, C. X. M. Effect of dietary supplementation of\nflaxseed, canola oil and vitamin E up on polyunsaturated fatty acids in chicken eggs. Arquivo Brasileiro de\nMedicina Veterinária e Zootecnia, Minas Gerais, v. 58, n. 5, out. 2006.\nRODRIGUES, Patrícia Helena Cravo et al. O uso de azeite de dendê na fortificação de\nalimentos. Segurança Alimentar e Nutricional, Campinas, v. 18, n. 2, p. 53-59, 2011.\nAgradecimentos\nVoltamos nossos agradecimentos para o professor orientador Antônio de Pádua Valença, para a Márcia,\nfuncionária do Núcleo Experimental em Ciência e Tecnologia de Alimentos Regionais (NECTAR) da UECE,\npara a secretária do mesmo núcleo, Selma, e para a professora Claísa Andrea Freitas.\nISSN 18088449 6"
}