{
  "id": "27275",
  "trabalho": "PROTEÇÃO AO TRABALHO DA MULHER",
  "area": "CIÊNCIAS JURÍDICAS",
  "ano": "2016",
  "evento": "XXII - ENCONTRO DE INICIAÇÃO À PESQUISA ",
  "link": "http://uol.unifor.br/oul/conteudosite/?uuid=6EEB4F26A3D56D6151364742D8E847F3F61D836B",
  "conteudo": "XXII Encontro de Iniciação à Pesquisa\nUniversidade de Fortaleza\n17 à 21 de Outubro de 2016\nProteção ao trabalho da mulher\nIohana Torres Freire¹*(IC), Sandra Mara Freitas Alves² (PQ)\n1. Universidade de Fortaleza – PIBIC/CNPQ\n2. Universidade de Fortaleza – Curso Direito\niohana.trs@hotmail.com\nPalavras-chave: Proteção. Trabalho. Mulher. Legislação. Críticas.\nResumo\nNo presente trabalho, o objeto de estudo principal é discussão que circunda o tema de proteção\nao trabalho da mulher, de maneira a avaliar sua evolução. Além disso, buscou-se apresentar como está\nestruturada a legislação brasileira acerca desse tema, observando se a proteção dada por esta não se\nafasta do principio da igualdade formal e material ou, se de alguma forma, causa discriminação para a\ncategoria feminina de trabalhadores. Por último, houve a apresentação de algumas críticas feitas por\nestudiosos e de entendimentos adotados pelos tribunais, como maneira de melhor abordar o tema.\nIntrodução\nDesde a época da sociedade patriarcal, a mulher é vista como um ser frágil e indefeso,\ndependente do homem para seu sustento, já que era proibida de trabalhar. Em meio a tantas reivindicações\ne a uma extrema necessidade de mão de obra, a mulher passou a ter sua força de trabalho explorada,\ninclusive com condições de trabalho análogas à escravidão.\nCom o passar do tempo e diante de tantas mudanças sociais, as mulheres finalmente tiveram\nseus direitos garantidos por uma legislação. As primeiras leis a tratar sobre o tema deram um caráter tão\nprotecionista a mulher, que chegava a ser discriminado esse tipo de mão de obra pelo empregador, que\npreferia contratar homens às mulheres. Sendo alvo de tantas críticas, o legislador buscou dar um caráter,\nagora, de promoção a mulher, mas ainda garantindo condições peculiares de trabalho, inerente a sua\ncondição feminina.\nNa contemporaneidade, a mulher já conquistou seu espaço no mercado de trabalho, mas não\ndeixou de garantir direitos inerentes a sua condição humana, como a licença maternidade e a força\nmuscular. No entanto, alguns pontos da legislação ainda são alvo de críticas, provocando divergências\ndoutrinárias e jurisprudenciais.\nMetodologia\nO trabalho apresentado é do tipo descritivo, feito por meio de pesquisas bibliográficas com o\nauxílio de artigos online, publicações reconhecidas e recomendadas e livros específicos. Considera-se a\nabordagem qualitativa, pois buscou-se a compreensão das relações humanas e os impactos sociais acerca\ndo tema tratado neste artigo. Em relação aos objetivos traçados, pretende-se esclarecer, explicar e\naprimorar os conhecimentos e questões abordados nesta composição científica.\nISSN 18088449Resultados e Discussão\n1 HISTÓRICO\nÉ de ciência de toda a sociedade mundial que, durante a Revolução Industrial, a mulher teve\nimportante papel no mundo do trabalho, tanto, que todo tipo de legislação que concede benefícios para esse\ngênero sexual teve como base a necessidade de proteção deste, decorrente das condições desfavoráveis,\nno exercício da atividade laboral, ocorridas nesse período histórico. Durante aquela época, esse tipo de mão\nde obra era bastante procurado, tendo em vista a combinação dos elementos: eficiência e preço, afinal, a\nmulher tinha mais habilidades com as mãos, além de ser uma força de trabalho bem mais barata para o\nempregador.\nNo entanto, diante de tantos abusos de direitos por parte dos empregadores, como jornadas de\ntrabalho excessivas, baixos salários, condições de trabalhado que prejudicavam a saúde, ausência de\nqualquer tipo de proteção durante a atividade exercida, dentre outras, houve uma profunda e evidente\nnecessidade de que houvesse uma legislação protecionista para essa classe de trabalhadores. Depois de\nmuitas lutas por seu espaço no mercado de trabalho em condições análogas as do homem, a mulher\nfinalmente conseguiu estabelecer seus direitos.\nOs primeiros tipos de legislações sobre o tema de proteção ao trabalho feminino descreviam\nnormas que davam tantos benefícios para a classe feminina, por ela ser considerada um ser frágil que\nrequer maiores cuidados, que acabavam surtindo efeitos contrários. Muitas vezes, os empregadores, diante\nde tantas prerrogativas, preferiam não contratar mulheres ou só contratá-las sob certas condições diferentes\ndas quais tinham direito, descumprindo a lei. Sendo assim, a tentativa de uma legislação de proteção ao\ntrabalho da mulher, acabou gerando dificuldades de inseri-la no mercado de trabalho.\nDiante desse último fato, optou-se por uma mudança na legislação novamente, que agora seria de\npromoção ao trabalho feminino e não apenas de proteção. O legislador, a fim de conciliar os cuidados que\nrequer a mulher com condições de trabalho que fossem acessíveis para o empregador, reformou algumas\nnormas que possibilitaram igualdade material entre homens e mulheres.\nAs referidas mudanças tiveram como fundamento o aspecto fisiológico e social da mulher. Em\nrelação a características fisiológicas, é claro e bastante debatido entre os médicos especialistas o fato de\nque a mulher é relativamente mais vulnerável que o homem, com uma formação corpórea diferente, o qual\nrealmente é imprescindível certa proteção. Assim como, em relação ao aspecto social, o sexo feminino\ntambém precisa de certa atenção. A figura feminina foi alvo de uma sociedade patriarcal que tinha como\nprincipio que a mulher deveria ser “mãe” e zelar pelos filhos. Até os dias atuais, ainda é enorme o número\nde mulheres que, além de trabalharem, cuidam dos filhos, da casa e inclusive do marido.\nSendo assim, justificou-se a elaboração de uma legislação especifica para a proteção ao trabalho\nfeminino em face de características fisiológicas e sociais presentes na sociedade contemporânea, mas\nlevando em conta todo um contexto histórico como pano de fundo.\n2 LEGISLAÇÃO PROTECIONISTA, IGUALITÁRIA OU DISCRIMINATÓRIA?\nDevido a crescente demanda no mercado de trabalho por mão de obra e levando em conta o\nquadro de condições de trabalho de homens e mulheres, optou-se pela criação de uma legislação que\ncontemplasse esses dois quesitos. O primeiro instituto jurídico que se deve mencionar é o art. 5º da\nConstituição Federal, o qual descreve a igualdade de todos perante a lei, devendo ser analisado\nISSN 18088449conjuntamente com seu inciso I que demonstra ser essa igualdade compatível para homens e mulheres no\nque se refere aos seus direitos e obrigações.\nA CLT, por ser uma legislação bem mais específica, separou uma seção pertinente ao trabalho\nrelacionado à mulher. A CLT foi criada na intenção de conferir maior proteção á essa categoria de mão de\nobra. No entanto, ainda existem muitas críticas e inconsistências a serem debatidas.\nUm forte exemplo de busca pela igualdade de condições de trabalho para pessoas de gêneros\ndiferentes está presente no art. 381, I e II que se relaciona a hora de trabalho noturno. A CLT procurou\ndeixar bem clara a ideia de que devem ser seguidas as mesmas regras, independente do sexo, para\natividades exercidas a noite. O legislador fez questão de repetir à mesma redação, no local reservado a\nproteção ao trabalho da mulher, dado no artigo que trata sobre o trabalho noturno de maneira geral (art. 73,\n§§ 1º e 2º). Dessa maneira, pode-se perceber que houve a real caracterização de uma legislação igualitária\nem relação a contagem de horas e seus respectivos adicionais, pois os mesmos exercem suas atividades\nsob, exatamente, as mesmas condições\nNo entanto, ainda há traços de uma legislação que é tão protecionista, que, muitos consideram\nque ela é discriminatória. Um exemplo bastante marcante disso é o intervalo de 15 minutos que deve ser\nconcedido, obrigatoriamente, a mulher antes de começar a laborar em jornada de hora extraordinária\n(art.384, CLT). É bastante comum que o empregador deixe de contratar mulheres ou que elas deixem de\nfazer horas extras para que não haja a necessidade de concessão desse intervalo, já que o mesmo conta\ncomo hora trabalhada.\nPara finalizar, é importante destacar o caráter igualitário e protecionista dado adequadamente para\na realização do labor feminino em algumas situações. Essas duas características estão presentes na\nproteção dada à gravidez, chamada licença-maternidade. É unânime o entendimento de que nesse período\nde gestação a mulher realmente merece e deve ser tratada de maneira diferente do homem, por um motivo\nobvio: este não possui meios para engravidar. Além disso, a legislação procurou proteger o próprio estado\ngravídico da mulher, a qual fica extremamente sensível, com mudanças hormonais, fisiológicas e\npsicológicas.\nContudo, o legislador procurou conceder, também, proteção ao nascituro. É de conhecimento\npopular que o recém nascido precisa de extremos cuidados nos primeiros dias de vida, pois precisa ser\namamentado, registrado, dentre outros cuidados intrínsecos aos primeiros meses de vida. Assim, o\nlegislador, com a concessão desse período de licença-maternidade, conseguiu englobar diversos benefícios\nnecessários a condição gravídica feminina, se estendendo até sua condição de mãe.\nO instituto jurídico da licença-maternidade consiste em um período de interrupção do contrato de\ntrabalho de 120 dias após o parto em que a mulher não trabalha, mas recebe normalmente seu salário, sem\nqualquer tipo de desconto. Tal instrumento jurídico possui plena fundamentação da condição física da\nmulher que fica debilitada por conta da gestação, o que leva a mesma a não possuir condições suficientes\npara trabalhar após o nascimento de seu filho, demonstrando-se a característica protecionista presente na\nCLT.\nComo uma forma de alcançar a igualdade material, mas assegurando a proteção feminina, o\nlegislador concedeu um período estabilitário, provisório, para a gestante, que vai desde a confirmação da\ngravidez até 5 meses após o parto, conforme o art. 10, II, b, ADCT. No entanto, vários empregadores\ncomeçaram a exigir testes de gravidez no ato da contratação ou até mesmo, durante o contrato de trabalho,\nde forma a evitar a estabilidade de eventuais grávidas.\nISSN 180884493 CRÍTICAS À LEGISLAÇÃO BRASILEIRA\nCom base nas fundamentações acima relatadas pode-se perceber que a legislação brasileira\nconseguiu proteger a figura feminina diante de suas condições fisiológicas e sociais, além de,\nconjuntamente, promover seu acesso ao mercado de trabalho objetivando diminuir o preconceito à esse tipo\nde força de trabalho. No entanto, ainda existem críticas e discussões que circundam tal assunto.\nAnteriormente, discutiu-se acerca do intervalo concedido as mulheres, exclusivamente, antes de\nse iniciar a jornada em hora extra. Entretanto, depois de promulgado o instituto que prevê isso, o intervalo,\ndiversos autores se questionaram qual a sua real fundamentação, qual a razão médica ou histórica para\nhaver essa diferença e o porquê de não poder ser concedido também ao homem, o que acabou ensejando\num incidente de inconstitucionalidade.\nA discussão foi levada ao STF e vários Ministros foram contra e a favor acerca do Recurso\nOrdinário 658312, prevalecendo o entendimento de que o intervalo cabe somente para mulheres. O relator\nno julgamento do RR nº 121100-07.2010.5.13.0026, Ivens Granda Martins Filho, que concorda com o voto\ndo Ministro Dias Toffoli, da Sétima Turma, em 7/3/12, que destacou a necessidade da manutenção da\n“discriminação positiva em benefício da mulher”, declarou:\n“Assim é que a própria Constituição da República, tendo em mira o\nestabelecimento de uma igualdade material , em detrimento de uma igualdade\nmeramente formal, estabeleceu algumas diferenças entre os sexos. Logo,\ncom o objetivo precisamente de concretizar o princípio albergado no inciso I do art.\n5º da CF, devem-se tratar desigualmente homens e mulheres, na medida das suas\ndesigualdades. É justamente dentro desse conceito de igualdade material que se\ninsere a ideia de concessão de vantagens específicasàs trabalhadoras do\nsexo feminino, em função de suas circunstâncias próprias, como é o caso do\nintervalo de 15 minutos antes de iniciar uma jornada extraordinária de que trata o\nart. 384 da CLT.”\nSeguiram o voto do relator os ministros Gilmar Mendes, Celso de Mello, Rosa Weber e Cármen\nLúcia. Já os Ministros Luiz Fux e Marco Aurélio foram contra, ou seja, queriam que tal instituto também\nfosse estendido aos homens. Um notícia do site oficial do STF descreveu a ocasião com detalhes:\n“Para Fux, o dispositivo viola o princípio da igualdade, e, por isso, só poderia ser\nadmitido nas atividades que demandem esforço físico. “Aqui há efetivamente\ndistinção entre homens e mulheres”, afirmou. “Não sendo o caso, é uma proteção\ndeficiente e uma violação da isonomia consagrar uma regra que dá tratamento\ndiferenciado a homens e mulheres, que são iguais perante a lei”. No mesmo\nsentido, o ministro Marco Aurélio afirmou que o artigo 384 “é gerador de algo que a\nCarta afasta, que é a discriminação no mercado de trabalho”. Os dois ministros\nvotaram no sentido de dar provimento ao recurso para reconhecer a\ninconstitucionalidade do artigo 384”\nSendo assim, tanto o STF como o TST (RR 1.540/2005-046-12-00.5) já decidiram que tal instituto\njurídico se aplica apenas as mulheres e que isso é totalmente constitucional levando em conta as\nfundamentações dadas acima pelos ministros. Além disso, é unanime o entendimento entre diversos juízos\nque concordam com os tribunais superiores:\nISSN 18088449RECURSO DE REVISTA DA RECLAMANTE HORAS EXTRAORDINÁRIAS.\nINTERVALO INTRAJORNADA. ARTIGO 384 DA CLT. DIREITO DO TRABALHO\nDA MULHER. PROVIMENTO. Por disciplina judiciária, curvo-me ao entendimento\ndo Tribunal Pleno desta Corte que, reconhecendo a constitucionalidade do artigo\n384 da CLT de que trata do intervalo de 15 minutos garantido às mulheres\ntrabalhadoras antes da prestação de horas extraordinárias, considerou que a\nconcessão de condições especiais à mulher não fere o princípio da igualdade\nentre homens e mulheres contido no artigo 5º, I, da Constituição Federal. Desse\nmodo, não sendo concedido o referido intervalo, são devidas horas extraordinárias\na ele pertinentes. Precedentes desta Corte. Recurso de revista conhecido e\nprovido. A (TST - ARR: 5320920135150120, Relator: Guilherme Augusto Caputo\nBastos, Data de Julgamento: 11/02/2015, 5ª Turma, Data de Publicação: DEJT\n20/02/2015).\nARTIGO 384 DA CLT. INTERVALO DE 15 MINUTOS PARA MULHERES ANTES\nDO LABOR EM SOBREJORNADA NÃO GOZADO. PAGAMENTO COMO HORAS\nEXTRAS. ARTIGO 71, § 4º, DA CLT. Esta Corte possui entendimento pacificado de\nque o artigo 384 da CLT foi recepcionado pela Constituição Federal de 1988,\nconforme sedimentado no julgamento do Processo nº TST-IIN-RR- 1.540/2005-\n046,12-00.5, ocorrido na sessão do Tribunal Pleno em 17/11/2008. Homens e\nmulheres, embora iguais em direitos e obrigações, diferenciam-se em alguns\npontos, a exemplo do aspecto fisiológico, merecendo, assim, a mulher um\ntratamento distinto quando o trabalho lhe exige um desgaste físico maior, como\nnas ocasiões em que presta horas extras, motivo por que são devidas como extras\nas horas decorrentes da não concessão do intervalo previsto no artigo 384 da CLT.\nRecurso de revista conhecido e provido. (TST - RR: 2683320125090010, Data de\nJulgamento: 18/05/2015, Data de Publicação: DEJT 05/06/2015).\nO autor Sérgio Pinto Martins ainda discorda:\n“o preceito em comentário conflita com o inciso I do artigo 5º da Constituição,\nem que homens e mulheres são iguais em direitos e obrigações. Não há tal\ndescanso para o homem. Quanto à mulher, tal preceito mostra-se discriminatório,\npois o empregador pode preferir a contratação de homens, em vez de mulheres,\npara o caso de prorrogação do horário normal, pois não precisará conceder o\nintervalo de 15 minutos para prorrogar a jornada de trabalho da mulher.”\nMais um exemplo de tentativa de igualdade que não se verifica na realidade, mas, atualmente,\nestá em processo de mudança, é a diferença salarial existente entre diferentes sexos. A autora Cristina\nBruschini, da Fundação Carlos Chagas, escreveu um artigo que descreve o mesmo assunto abordado nesta\npesquisa, no qual ela diz ser um dos exemplos de que ainda é intensa tal desigualdade o fato de haverem\npoucas mulheres em cargos de chefia. Ela traz como fundamentação disso a característica da mulher ser\nconhecida como um ser mais dócil, mais frágil, menos reivindicante, fazendo com que seja mais fácil\nmandar em uma trabalhadora feminina do que fazer com que ela seja respeitada por diversos homens.\nA mesma autora conta, ainda, que na década de 80, diante de uma crise econômica, houve uma\nintensa participação das mulheres no mercado de trabalho como forma de ajudar a completar o orçamento\nfamiliar. Com isso, o empregador começou a reconhecer o potencial que o sexo feminino poderia ter,\nocasionando mudanças no âmbito familiar e empregatício.\nSendo assim, aos poucos, a mulher conseguiu abrir portas no mercado de trabalho, de forma a ter\nas mesmas condições de trabalho que os demais trabalhadores, mas nunca deixou de questionar seus\ndireitos e suas condições que a tornam diferente do homem, e foi isso que o legislador tentou alcançar ao\nelaborar regras e condições de trabalho pertinente somente a mulheres. No entanto, ainda há críticas\nconstrutivas a serem analisadas e modificações a serem feitas no texto da lei, conforme discutido\nanteriormente.\nISSN 18088449Conclusão\nPor conseguinte, neste trabalho abordamos o fato de haver uma legislação brasileira ora\nprotecionista ora discriminadora no que diz respeito ao trabalho da mulher. Procurou-se demonstrar por\nmeio deste artigo que houve, ao longo do tempo, uma enorme tentativa de inserir a mulher no mercado de\ntrabalho a fim de que esta competisse igualmente com o homem, mas levando em conta suas fragilidades\ninerentes.\nPor fim, podemos concluir que o objetivo do legislador ao fazer um texto normativo exclusivo para\no sexo feminino, com prerrogativas próprias, teve seu objetivo alcançado em alguns pontos, porém, diversas\nsão as críticas que ainda persistem a respeito desse assunto, conforme bastante discutido no presente\nartigo. Apesar de uma acentuada porcentagem de mulheres conseguir competir com homens e, muitas\nvezes ultrapassá-los, ainda é resistente o preconceito de que “mulher não pode fazer tudo”.\nReferências\nMARTINS, Sérgio Pinto. Comentários à CLT. 5ª ed., São Paulo: Atlas, 2001.\nBRUSCHINI, Cristina. Trabalho da mulher: igualdade ou proteção?, Caderno de Pesquisa. Numero 61.\nFundação Carlos Chagas, 1987.\nCALIL, Léa Elisa. Direito do Trabalho da mulher: ontem e hoje. Disponível em: <http://www.ambito-\njuridico.com.br/site/index.php?n_link=revista_artigos_leitura&artigo_id=1765>. Acesso em: 30 de julho de\n2016.\nBRASIL. Supremo Tribunal Federal. Notícias STF. Disponível em:\n<http://www.stf.jus.br/PORTAL/cms/verNoticiaDetalhe.asp?idConteudo=280715>. Acesso em 02 de agosto\nde 2016.\nEquipe Fenatracoop. Proteção ao trabalho da mulher: horas extraordinárias. Disponível em:\n<http://www.fenatracoop.com.br/site/protecao-ao-trabalho-das-mulheres-horas-extraordinarias/> Acesso em:\n05 de agosto de 2016.\nBRASIL. Supremo Tribunal Federal. Recurso Extraordinário nº 658312/SC – Santa Catarina. Relator: Dias\nToffoli. JusBrasil, Acórdãos, 09 março 2012. Disponível em: <\nhttp://stf.jusbrasil.com.br/jurisprudencia/311630607/recurso-extraordinario-re-658312-santa-catarina/inteiro-\nteor-311630613>. Acesso em: 20 de agosto de 2016.\nAgradecimentos\nAgradecemos, primeiramente, a Deus por ter nos dado força, para alcançar nossos objetivos, e\nnos ter dado sabedoria, para saber lidar com as vitórias e derrotas; a Universidade de Fortaleza por ter nos\ndado a chance de demonstrar nossos conhecimentos, pela receptividade e apoio técnico; a professora\nSANDRA MARA FREITAS ALVES pelo auxílio, por meio de discussões e sugestões durante a elaboração\ndeste trabalho, além do grande incentivo.\nISSN 18088449"
}