{
  "id": "27289",
  "trabalho": "AVALIAÇÃO DAS CARACTERÍSTICAS FÍSICO-QUÍMICAS E FITOQUÍMICAS DA TINTURA DE CARDAMOMO (ELETTARIA CARDAMOMUM).",
  "area": "CIÊNCIAS DA VIDA",
  "ano": "2016",
  "evento": "XXII - ENCONTRO DE INICIAÇÃO À PESQUISA ",
  "link": "http://uol.unifor.br/oul/conteudosite/?uuid=D9946C1BC857E68B913A78CF6C0BE4693B328F0A",
  "conteudo": "XXII Encontro de Iniciação à Pesquisa\nUniversidade de Fortaleza\n17 à 21 de Outubro de 2016\nAvaliação das características físico-químicas e fitoquímicas da tintura de\ncardamomo (Elettaria cardamomum).\nFrancisco Augusto de Mesquita Filho1* (IC), Georg Matheus Rybski1 (IC), Otacílio Benvindo\nDeocleciano Júnior2(PQ) & Regina Claudia de Matos Dourado2(PQ).\n1. Universidade de Fortaleza – alunos do Curso Farmácia.\nMesquita-filho@hotmail.com\n2. Universidade de Fortaleza – Professores do Curso Farmácia.\nPalavras-chave: Elettaria cardamomum, tintura, fitoquímica.\nResumo\nO cardamomo, Elettaria cardamomum (L.) Maton, Zingiberaceae, é uma droga vegetal constituído pelas\nsementes, comercializada ainda dentro dos frutos, as quais devem ser utilizadas imediatamente após a que\nbra dos mesmos. As sementes contêm, no mínimo, 5% de óleo essencial (BRASIL, 2010). Apresenta\npropriedades antioxidante, anti-hipertensivo, antiespasmódica, anti-bacteriana, gastro protetora e\nanticancerígena. Empregado como laxante e para o alivio de cólicas e náuseas, na aromaterapia como um\nóleo de massagem, afrodisíaco, usado contra stress, obesidade, sendo eficaz para remover gordura\nlocalizada (MOHAMMED ALI et al., 2014). Nesse contexto, o presente estudo foi realizado com o\nobjetivo de descrever a produção da tintura de cardamomo e os parâmetros de qualidade desse fitoterápico.\nA avaliação físico-química foi realizada pela determinação do teor de umidade da droga vegetal (5,0 a\n9,0%), características organolépticas, pH (6,2 a 6,4) e densidade (088 a 0,92 g/mL) das tinturas a 20%. A\nanálise fitoquímica foi realizada pela comparação do perfil cromatográfico. O estudo comparativo das\ntinturas das sementes e das cascas dos frutos de cardamomo mostrou semelhança físico-química e\nfitoquímica, indicando que essas apresentam, qualitativamente, a mesma composição química. No entanto,\npodem ser ocorrer diferenças quantitativas nas concentrações dos componentes químicos. O emprego do\ncardamomo na forma de tintura é uma alternativa economicamente viável para o uso racional dessa planta\nmedicinal e condimentar. Esses resultados representam uma importante contribuição para o\nestabelecimento dos parâmetros de qualidade do referido fitoterápico.\nIntrodução\nO cardamomo, Elettaria cardamomum (L.) Maton (Zingiberaceae) tem origem do sul da Índia, a partir de\nonde se espalhou para outros países tropicais. Os frutos são empregados como especiaria em bebidas,\ncomo chá, café, biscoitos, tortas, vinhos e licores (MOHAMMED ALI et al, 2014).. A descrição\nmacroscópica do fruto, conforme a Farmacopeia Brasileira, corresponde a cápsula trilocular deiscente, com\n10,0 mm a 25,0 mm de comprimento e 5,0 mm a 10,0 mm de largura, de coloração amarelo-clara, amarelo-\nesverdeada a amarelo-acinzentada, ovóide ou oblonga em vista lateral, trígona ou arredondada em secção\ntransversal, com porção apical estreitado-tubulosa em cerca de 1 mm a 2 mm, com ou sem cicatriz dos\nISSN 18088449 1órgãos florais visível e com cicatriz ou restos de pedicelo na porção basal. Pericarpo delgado, coriáceo e\ninsípido. Epicarpo, em vista frontal, com numerosas estrias longitudinais salientes. Em secção transversal,\ncápsula trilocular, cada lóculo com duas a sete sementes de placentação axial, aderidas entre si, formando\ntrês fileiras duplas, separadas pelas paredes carpelares delgadas, membranosas e pálidas (BRASIL, 2010).\nA Figura 1 apresenta as características macroscópicas dos frutos e sementes de cardamomo. As sementes\nsão comercializadas dentro do fruto, o qual é coletado imaturo e amadurecido artificialmente, ao sol ou em\nestufas.\nFIGURA 1: Apresentação das características macroscópicas dos frutos e sementes de cardamomo.\nO extrato etanólico das sementes de Cardamomo (Elettaria cardamomum) apresenta efeito antibacteriano\ncontra Staphylococcus aureus e Proteus mirabilis (AKRAYI, 2012). Nesse contexto, o presente estudo foi\nrealizado com o objetivo de descrever a produção da tintura de cardamomo e estabelecer parâmetros para\no controle de qualidade desse fitoterápico, visando contribuir para uso racional dessa planta que apresenta\nemprego condimentar e medicinal.\nMetodologia\nA amostra dos frutos de E. cardamomum foi adquirida de um mercado popular que comercializa ervas e\nprodutos naturais para uso culinário. Após a aquisição dos frutos, os mesmos foram submetidos separação\nmanual das cascas e sementes. A determinação do teor (%) de umidade em uma alíquota das sementes e\ncascas, efetuada em analisador de umidade por infra-vermelho por 15 minutos. As tinturas foram\nproduzidas na concentração de 20% (p/v), 20 g da droga vegetal para 100mL de tintura. Em seguida foram\nobservadas suas características organolépticas, físico-químicas e fitoquímicas. Para a determinação da\ndensidade das tinturas foi empregado um picnômetro de 10 ml devidamente limpo, seco e calibrado. Foram\nrealizadas pesagens do picnômetro vazio, assim como preenchidos com a tintura de E. cardamomum e\ndepois com água destilada, em uma balança de precisão de 0,0001g. Para a determinação de pH da tintura\nfoi empregado pHmetro sendo utilizado aproximadamente 20 ml de tintura em um béquer. A anáilise\nfitoquímica foi realizada por cromotografia em camada delgada.\nResultados e Discussão\nO teor de umidade das sementes e das cascas foi de 5.8% e 9.3%, respectivamente. Esse resultado indica\nque a droga vegetal avaliada apresenta condições adequadas para a conservação de suas propriedades. A\ntintura da casca e do fruto de E. cardamomum apresentou coloração esverdeada, sendo discretamente\nmais escura a tintura obtida das cascas e com um odor característico da planta. A densidade das inturas\nISSN 18088449 2apresentou valores semelhantes, sendo 0,8863 g/mL para tintura das sementes e 0,9248 g/mL para a\ntintura das cascas. O pH das tinturas também apresentou semehança, sendo 6,2 para tintura das sementes\ne 6,4 para tintura das cascas. A semelhança qualitativa da composição fitoquímica foi comprovada pela\ncomparação do perfil cromatográfico.\nConclusão\nCom os resultados obtidos neste estudo, foi possível perceber que não houve adulteração em relação ao\ninsumo vegetal quando comparado à descrição macroscópica da referida droga vegetal e que a mesma\napresenta condições adequadas de conservação considerando o baixo teor (%) de umidade. As tinturas\nobtidas apresentaram semelhança nos aspectos físico-químicos avaliados e no perfil cromotográfico. No\nentanto, podem haver diferenças quantitativas nas concentrações dos componentes químicos presentes\nnas tinturas obtidas. O emprego do cardamomo na forma de tintura é uma alternativa economicamente\nviável para o uso racional dessa planta medicinal e a descrição de suas características físico-químicas é\numa contribuição para o estabelecimento dos parâmetros de qualidade desse produto fitoterápico.\nReferências\nAKRAYI, H. F. S. Efeito antibacteriano dos extratos de sementes de Cardamomo (Elettaria\ncardamomum) contra Staphylococcus aureus e Proteus mirabilis. Tikrit Journal of Science Pure, 17 (2),\n2012.\nBRASIL, FARMACOPÉIA BRASILEIRA, Agência Nacional de Vigilância Sanitária. v. 2. 5. ed. Brasília, 2010.\nFONSECA, P., LIBRANDI, A. P. L. Avaliação das características físico-químicas e fitoquímicas de diferentes\ntinturas de barbatimão (Stryphnodendron barbatiman). Revista Brasileira de Ciências Farmacêuticas, vol.\n44, n. 2, abr./jun., 2008\nMOHAMMED ALI et al. ANALYSIS OF VOLATILE OIL OF THE FRUITS OF ELETTARIA CARDAMOMUM\n(L.) MATON AND ITS ANTIMICROBIAL ACTIVITY. World Journal of Pharmacy and Pharmaceutical\nSciences, v. 3 (2), 1798-1808, 2014.\nAgradecimentos\nA técnica do Laboratório (F-63) do Curso de Farmácia da Unifor.\nISSN 18088449 3"
}