{
  "id": "27283",
  "trabalho": "BULLYING ESCOLAR: ANÁLISE JURÍDICA DO FENÔMENO E AS INICIATIVAS DE COMBATE À VIOLÊNCIA REITERADA NAS ESCOLAS",
  "area": "CIÊNCIAS JURÍDICAS",
  "ano": "2016",
  "evento": "XVI - ENCONTRO DE PÓS-GRADUAÇÃO E PESQUISA",
  "link": "http://uol.unifor.br/oul/conteudosite/?uuid=3E094CF3C137F81A2D2D8D4D15D70522153719BA",
  "conteudo": "XVI ENCONTRO DE PÓS-GRADUAÇÃO E PESQUISA\nUniversidade de Fortaleza\n17 a 20 de outubro de 2016\nBullying Escolar: Análise Jurídica do Fenômeno e as Iniciativas de\nCombate à Violência Reiterada nas Escolas.\nFrancisco Wilson Travassos de Figueiredo Júnior¹* (PG); Fábio Rodrigues Holanda² (PQ)\n1Programa de Pós-Graduação em Direito Penal e Processo Penal, Universidade de Fortaleza, Fortaleza-CE;\n2Mestrado em Direito Constitucional Público e Teoria Política, Universidade de Fortaleza, Fortaleza-CE.\nwilsonjr_junior@hotmail.com / fabio.r.holanda@gmail.com\nPalavras-chave: Bullying Escolar. Estatuto da Criança e do Adolescente. Combate às Práticas Violentas de Bullying\nEscolar.\nResumo\nO presente artigo tem como objetivo explicar as práticas de bullying escolar, verificando suas\nconsequências à luz do Estatuto da Criança e do Adolescente e analisar as iniciativas de prevenção e\ncombate à violência sistemática nas escolas. Para tanto, utilizou-se metodologia de caráter compreensivo,\ndescritivo, mediante abordagem analítica, a partir de pesquisa bibliográfica, documental e empírica. O\ntrabalho foi dividido em 3 tópicos. Inicialmente, abordou-se as noções preliminares do bullying, após\nelencou-se as iniciativas de combate às práticas violentas de bullying escolar e, por último, tratou-se da\npesquisa empírica realizada junto às Secretarias Estadual e Municipal da Educação e Instituições de Ensino\nPrivado.\nIntrodução\nO ambiente escolar é tido por todos como sendo um local de aprendizado no qual também possibilita,\nalém disso, o convívio social e o relacionamento entre pessoas desde a infância até o auge da adolescência,\nlocal de troca de conhecimento entre professor e aluno, capaz de promover a interação, a amizade, respeito\ne paz, fundamentais para a formação do caráter pessoal e humano. Todavia, o mesmo ambiente vêm sendo\nconstantemente impactado por um fenômeno denominado bullying, violência e intimidação sistemática\nevidenciadas tanto em escolas públicas quanto particulares.\nDiante do exposto, buscou-se responder os seguintes questionamentos: Quais as consequências\njurídicas do bullying? Existem ações de combate ao bullying escolar? Quais as iniciativas realizadas pelas\nSecretarias da Educação do Estado e do Município e pelas Instituições de Ensino Privado no combate à\nviolência nas escolas.\nCom o intuito de realizar uma breve análise sobre o assunto, dividiu-se o trabalho em 3 tópicos.\nPrimeiramente, tratando-se das noções preliminares sobre o bullying, após, verificando as iniciativas de\ncombate às práticas violentas de bullying escolar e, em seguida, analisando-se as iniciativas das Secretarias\nda Educação e de Instituições de Ensino Privado no combate à violência nas escolas.\n1Metodologia\nA metodologia utilizada no presente artigo consistiu no estudo compreensivo e descritivo, mediante\nabordagem analítica, realizada através de pesquisa bibliográfica, documental e empírica. A abordagem é\nqualitativa, uma vez que possibilitará melhor compreensão acerca do fenômeno bullying, este que consiste\nem condutas violentas, práticas e ações humanas reiteradas e intencionas, ocorridas no ambiente escolar. O\nobjetivo é descritivo e analítico, na medida em que possibilitará analisar, descrever, classificar e especificar\no bullying, objeto de estudo, explorando e elencando fatos, com o objetivo primordial de levantar a maior\nquantidade de informações necessárias à compreensão do assunto a ser abordado.\nResultados e Discussão\n1 NOÇÕES PRELIMINARES SOBRE O BULLYING\nSegundo Maria Célia Iennaco de Moraes e Rodrigo Iennaco de Moraes (2009), o bullying, tido como\num fenômeno de violência disfarçada, antes tratado de forma velada pelo sistema educacional, passa,\nhodiernamente, a ser tratado sob uma nova ótica no ambiente escolar, como sendo identificador de\nmanifestações de violência e intolerância cada vez mais crescente, assim como a falta de respeito em\nrelação às diferenças. Inúmeros atos que consistem em causar vexame, humilhar, molestar, colocar\napelidos, acompanhados, muitas vezes, de violência física, são identificados como bullying, atos repetitivos\ne intencionais, que deixam a vítima abalada física e emocionalmente, podendo também, interferir\nnegativamente no seu processo de aprendizado.\nO termo bullying é de origem inglesa, sendo utilizado em muitos países no intuito de classificar o\ndesejo reiterado e constante de maltratar outra pessoa, colocando-a em uma situação constrangedora. Tal\natitude justifica o conceito do termo, uma vez que este representa comportamentos de agressividade,\ntornando-se fonte de estudo quanto à problemática da violência nas escolas (FANTE, 2005).\nAramis A. Lopes Neto (2005) entende o bullying como atitudes agressivas, intencionais e repetidas,\nocasionadas sem motivação evidente, adotadas por um ou mais estudantes contra outro(s), causando, por\nsua vez, dor e angústia, ocorridas dentro de uma relação de poder estabelecida de forma desigual entre\nagressor e vítima.\nAs formas de bullying podem ser divididas em: verbal (insultar, ofender, falar mal, apelidar\npejorativamente; física e material (bater, empurrar, beliscar, roubar, furtar, bem como também, destruir\npertences da vítima); psicológica e moral (humilhar, excluir, discriminar, chantagear, intimidar, difamar);\nsexual (abusar, violentar, assediar, insinuar); virtual ou ciberbullying (bullying realizado através de\nferramentas tecnológicas, celulares, filmadoras, internet) (SILVA, 2010).\nPara Rosemeire Barreto dos Santos Carvalho (2010), os alunos que se envolvem de maneiras\ndiversas na prática do bullying, caracterizam-se como alvos, os alunos que só sofrem bullying. Os autores,\nalunos que só praticam bullying. Os alvos/autores, alunos que praticam e sofrem bullying, e as testemunhas,\nque são os alunos que não sofrem nem praticam bullying, mas fazem parte do ambiente onde tais situações\nocorrem, presenciando as práticas violentas. Ressalta-se que, os agressores são frutos de lares\nestruturados ou desestruturados, com ótimas referências familiares ou sem qualquer formação cultural,\nhavendo em ambos os casos uma supervisão carente quanto ao comportamento.\n2Ana Beatriz Barbosa Silva (2010) preceitua que não existe nenhuma legislação específica, no Brasil,\ntratando das consequências jurídicas do bullying. Entretanto, o Estatuto da Criança e do Adolescente (ECA),\nsob a Lei n° 8.069, de 13 de julho de 1990), dispõe de forma evidenciada, de medidas protetivas e\nsocioeducativas a jovens, menores de 18 anos, que comentem atos infracionais.\nPara Lélio Braga Calhau (2011), todo ato de bullying é ato infracional do ECA e estes atos infracionais\nsão atos análogos aos crimes, tais como: lesões corporais, calúnia, racismo ou contravenções penais. Para\nconfiguração do bullying, exige-se que seus atos ocorram de forma repetitiva. No entanto, para o Estatuto da\nCriança e do Adolescente, um ato isolado (ex: briga com socos na porta do colégio), por si só, já configura\nato infracional, podendo o agressor ser submetido a processo junto a vara da infância e da juventude, além\nde poder ser internado, se o ato infracional tiver sido realizado mediante violência ou grave ameaça.\nO art. 105, do ECA, elenca que o ato infracional cometido por criança ficará sujeito a aplicação das\nmedidas dispostas no art. 101, tais como: encaminhamento aos pais ou responsável; orientação, apoio e\nacompanhamento temporários; matrícula e frequência obrigatórias em estabelecimento oficial de ensino\nfundamental; inclusão em programa comunitário ou oficial de auxílio à família, à criança e ao adolescente;\nrequisição de tratamento médico, psicológico ou psiquiátrico; inclusão em programa de acolhimento familiar;\ncolocação em família substituta.\nNesse sentido, ocorrendo a prática de bullying no âmbito escolar, em que seja o agente causador do\ndano adolescente, poderão ser aplicadas, pela autoridade competente, algumas das medidas sócio-\neducativas elencadas no art. 112, do ECA, como: advertência; obrigação de reparar o dano; prestação de\nserviços à comunidade; liberdade assistida; inserção em regime de semi-liberdade; internação em\nestabelecimento educacional.\nEm última circunstância, aplica-se a medida privativa de liberdade (internação), ao adolescente\ninfrator, se os comportamentos agressivos de bullying forem praticados mediante violência ou grave ameaça\nà pessoa, tal como previsto no art. 122, I, do ECA, podendo ser privado de sua liberdade, por até três anos\n(art. 121, § 3°, do ECA).\n2 INICIATIVAS DE COMBATE ÀS PRÁTICAS VIOLENTAS DE BULLYING ESCOLAR\nDe acordo com Cláudia Jordão (2011), estudos científicos e novas experiências bem-sucedidas\nexpõem três vertentes que devem ser trabalhadas com os jovens: a empatia, que é a capacidade de se\nprojetar no lugar do outro; a resiliência, a habilidade de reagir positivamente a uma situação adversa; e a\ncriatividade, uma forma de canalizar o impulso agressivo para algum talento.\nPara Gabriel Chalita (2007), é necessário desenvolver no ambiente escolar, ações solidárias e que\nvisem resgatar valores de cidadania, tolerância, respeito mútuo entre escolares e docentes. É importante\ntambém estimular, bem como valorizar as individualidades do aluno e potencializar possíveis diferenças,\nvoltando-as para aspectos positivos e que resultem na melhoria da autoestima dos alunos.\nCleo Fante (2005) trata de uma forma de combate à conduta: um programa de autoria própria\ndenominado Programa Educar para a Paz, pioneiro no Brasil, provocando significativa redução do número\nde comportamentos reconhecidos como bullying no interior da escola. O programa, implementado em uma\nescola pública, é composto de diversas estratégias socioeducacionais e psicopedagógicas que tem como\nobjetivo primordial a intervenção, assim como a prevenção da violência no âmbito escolar, com foco\n3principalmente na redução das práticas de bullying, tornando o programa um modelo acessível, viável e de\nfácil compreensão pela comunidade escolar, que pode ser adaptado e incorporado no plano pedagógico das\ndemais instituições de ensino em todo o país.\nOutro método recente, que visa combater as práticas de bullying no âmbito escolar consiste na lei de\nâmbito federal, sancionada pela Presidente Dilma Rousseff, sob o n° 13.185/2015 que: “Institui o Programa\nde Combate à Intimidação Sistemática (Bullying)”, advinda do Projeto de Lei n° 6.504/2013, do Deputado\nFederal (PP/MG), Dilmas Fabiano, que tem como intuito, fundamentar ações do Ministério da Educação e\ndas Secretarias Estaduais e Municipais de Educação, juntamente com outros órgãos, visando o combate à\nintimidação sistemática (bullying).\nO Conselho Nacional de Justiça (CNJ) elaborou, em 2010, em parceria e sob autoria de Ana Beatriz\nBarbosa Silva, cartilha – Justiça nas Escolas - de combate ao bullying - Combater o Bullying é uma questão\nde justiça: aprenda a identificar para prevenir e erradicar esse terrível fenômeno social - divulgada e\napresentada nas escolas e para orientação e conscientização de todos os profissionais nela inseridos,\natravés de perguntas e respostas que propõem o conhecimento e esclarecimento da problemática, como\nforma de identificação, prevenção e combate às práticas de violência sistemática no âmbito escolar.\nA mediação escolar, recurso que vêm sendo utilizado nas escolas, consiste em um meio de resolução\nde conflitos baseado no diálogo e na solidariedade, onde os mediadores são os próprios atores escolares\nque tentarão resolver os conflitos nas escolas. A técnica possibilita a educação para a paz, onde as partes\nexpõem o problema e buscam a melhor forma para solucioná-lo, com auxílio de um mediador imparcial\n(SALES, ALENCAR, s.d).\n3 ANÁLISE DAS INICIATIVAS DAS SECRETARIAS DA EDUCAÇÃO E DE INSTITUIÇÕES DE ENSINO\nPRIVADO NO COMBATE À VIOLÊNCIA NAS ESCOLAS\nVisando a promoção da cultura de paz nas escolas, a Secretaria da Educação do Ceará (SEDUC),\njuntamente com a colaboração e parceria da Organização das Nações Unidas para a Educação, a Ciência e\na Cultura (UNESCO) e outras organizações governamentais e não-governamentais criou, em 22 de\ndezembro de 2010, o Programa Geração da Paz, sob a coordenação do professor Flávio Mesquita da Silva,\na ser trabalhado junto às escolas da rede estadual, alunos e suas respectivas comunidades, além de\nfamiliares, professores, gestores e servidores.\nOs objetivos específicos do programa consistem em auxiliar as escolas, com incentivos e\ninvestimentos no seu poder de autogestão e auto-organização, possibilitando uma mudança criativa e\nconstrutiva, a partir do diálogo, da cooperação, assim como de processos participativos de tomada de\ndecisão, criando novas formas de organização social; auxílio às comunidades escolares, promovendo a\nconstrução e consolidação da cultura de paz, mediante treinamento e aperfeiçoamento pessoal e\ninstitucional, através das parcerias, investindo em valores locais; incentivar as escolas na criação de\nespaços alternativos de cultura, lazer e educação para os jovens, familiares e comunidade, objetivando a\ntransformação das relações entre escola e comunidade; integrar e aperfeiçoar sistemas de informação e\ncomunicação, com o intuito de descobrir atores sociais, que venham a participar de ações de promoção e\ndesenvolvimento comunitário e protagonismo juvenil.; desenvolver sistema de monitoramento e de avaliação\ndas ações implementadas pelo Programa, com a participação dos atores sociais.\n4A problemática envolvendo o Programa Geração da Paz, segundo Priscila Mota Lima, uma das\nresponsáveis pela administração do programa, consiste no fato de que este encontra-se, atualmente,\nparado, passando por fase de renovação da coordenação do programa, sem novo(s) coordenador(es),\nnecessitando de reformulação, composição de nova coordenação, para que possa ser readequado,\nreinserido e novamente desenvolvido nas escolas da rede estadual, sem data prevista para nova\nimplementação.\nEm pesquisa empírica realizada junto à Secretaria Municipal da Educação de Fortaleza (SME) em 23\nde maio de 2016, com o professor George Luis Feitosa Marinho, técnico da Célula de Mediação Social da\nSME/Fortaleza, este relatou que, atualmente, a Secretaria Municipal da Educação de Fortaleza atende a\nrede municipal a partir da célula de mediação, capacitando multiplicadores desde 2013, para que possam\natuar na solução pacífica dos conflitos nas 514 (quinhentas e quatorze) escolas municipais.\nAlém disso, o professor afirma que existem ainda 6 (seis) distritos de educação, cada um composto\npor 2 (dois) técnicos em educação, com formação em mediação, atuantes nos conflitos escolares,\nrealizando os primeiros atendimentos, com o auxílio dos 5 (cinco) técnicos da célula de mediação. Ademais,\n60 (sessenta) orientadores pedagógicos foram capacitados e resgataram-se as parcerias da escola com a\nrede pública de proteção à criança e ao adolescente, incluindo Conselhos Tutelares, Ministério Público da\nEducação, ONGS, Polícia Militar do Estado do Ceará, Polícia Civil, com a atuação da Divisão de Proteção ao\nEstudante (DIPRE), Delegacia da Criança e do Adolescente e Delegacia de Combate à Exploração da\nCriança e do Adolescente (DCA/DECECA).\nNas pesquisas realizadas em Instituições de Ensino Privado, verificou-se que, no Colégio Santo\nTomás de Aquino, segundo Beethoven David Tomaz de Macêdo, coordenador pedagógico do ensino médio,\nsão realizadas, durante o ano letivo, ações profiláticas e de conscientização dos alunos, abordando o tema\nbullying na escola, por meio de palestras expositivas, aulas direcionadas na disciplina de filosofia e trabalhos\nem equipes, utilizando as mídias digitais e redes sociais. Já no Colégio Nossa Senhora das Graças, de\nacordo com a psicóloga Francisca Angélica Miranda Camelo, a escola não trabalha com ações específicas\nsobre o bullying, realizando ações de prevenção, atividades de integração entre alunos e eventos culturais,\natuando em casos pontuais e isolados que venham a ocorrer.\nRessalta-se que, as Instituições de Ensino atendem alunos com necessidades especiais, realizando\ntrabalhos de acordo com suas necessidades, por meio de suporte e de profissionais capacitados para\natendê-los, garantindo a inclusão, o convívio com os demais alunos em sala de aula e nos demais\nambientes da escola, enaltecendo o respeito à diversidade e a solidariedade. Além disso, são elaborados\nrelatórios de acompanhamento e desenvolvimento psicopedagógico desses alunos, onde ficam\ndocumentadas, pelos psicólogos e psicopedagogos, sob supervisão da coordenação e com as observações\ndos professores, a evolução dos alunos nas atividades e em sala e suas dificuldades.\nConclusão\nConcluiu-se que, as práticas violentas de bullying escolar constituem-se em um fenômeno social,\nrealidade presente e frequente nas escolas públicas e privadas, caracterizadas por atos violentos reiterados,\nconstantes e intencionais, que tem o único objetivo de atingir drasticamente às vítimas, causando-lhes\nconsequências negativas no ambiente escolar e na vida pessoal, assim como observou-se que, a\n5intolerância, a violência extrema, a falta de empatia e de altruísmo, características presentes nos agressores\npara realizarem os ataques violentos e constantes, de forma direta ou indireta, podem acarretar em\nconsequências jurídicas, com a aplicação de medidas socioeducativas, pela autoridade competente,\nverificando-se a gravidade das práticas de bullying.\nVerificou-se que, inúmeras medidas de combate à violência reiterada nas escolas vêm sendo criadas,\nem virtude dos casos de bullying, a fim de estabelecer e promover a conscientização sobre a problemática e\nsua incidência no ambiente escolar, visando o resgate da cultura de paz nas escolas, a tolerância.\nEntretando, notou-se ainda que, as iniciativas por lei não possuem aplicabilidade efetiva, uma vez que os\nórgãos da Educação Pública não abordam a temática de forma específica, tratando da violência em seus\naspectos gerais. Nas Instituições de Ensino Privado, aborda-se o fenômeno, em uma delas, mediante ações\nespecíficas e anuais, e na outra, prioriza-se a utilização de métodos indiretos e preventivos de integração,\nconvívio social e respeito à diversidade, como forma de combate à violência, sem abordagem enfática e\nespecífica sobre o bullying.\nReferências\nMORAES, Maria Célia lennaco de; MORAES, Rodrigo Iennaco de. Bullying: nova percepção ou nova\nabordagem da violência nas escolas. Revista Jurídica Unijus, Uberaba – MG, v. 12, n. 17, p. 63-72, nov.\n2009.\nBRASIL. Estatuto da Criança e do Adolescente. Lei n° 8.069, de 13 de julho de 1990. Dispõe sobre o\nEstatuto da Criança e do Adolescente e dá outras providências. Disponível em: <\nhttp://www.planalto.gov.br/ccivil_03/leis/l8069.htm>. Acesso em: 20 maio 2016.\n_______. Lei n° 13.185/2015. Institui o Programa de Combate à Intimidação Sistemática (Bullying).\nDisponível em:\n<http://pesquisa.in.gov.br/imprensa/jsp/visualiza/index.jsp?data=09/11/2015&jornal=1&pagina=1&totalArquivo\ns=96>. Acesso em: 20 jun. 2016.\nCALHAU, Lélio Braga. Bullying: o que você precisa saber: identificação, prevenção e repressão. 3 ed.\nNitéroi, RJ : Impetus, 2011.\nCARVALHO, Rosemeire Barreto dos Santos. Bullying: agressividade no ambiente escolar. Construindo\nestratégias de enfrentamento do problema. Revista do Professor, Porto Alegre, v. 26, n. 104, p. 41-43,\nout./dez. 2010.\nCEARÁ. Governo do Estado. Programa Geração da Paz. Disponível em:\n<http://geracaopaz.blogspot.com.br/p/geracao-da-paz.html>. Acesso em: 18 jul 2016.\nCHALITA, Gabriel. Bullying, o crime do desamor. Disponível em:\n<http://www.construirnoticias.com.br/asp/materia.asp?id=1308>. Acesso em: 12 mar. 2016.\nFANTE, Cleo. Fenômeno bullying: como prevenir a violência nas escolas e educar para a paz. 6ed.\nCampinas: Vênus, 2005.\nJORDÃO, Cláudia. Como vencer o Bullying. Um terço dos adolescentes brasileiros diz sofrer agressões e\nintimidações na escola. Conheça alguns projetos pioneiros para combater o problema que estão dando certo\nno Brasil. Isto é, n. 2160, p. 80-84, abr. 2011.\nLOPES NETO, Aramis A. Bullying – comportamento agressivo entre estudantes. Jornal de Pediatria.\nDisponível em: <http://www.scielo.br/pdf/jped/v81n5s0/v81n5Sa06.pdf.> Acesso em: 25 maio 2016.\nSALES, Lilia Maia de Morais; ALENCAR, Emanuela Cardoso Onofre de. Mediação escolar como forma de\npromoção da cultura de paz. Disponível em: <http://gajop.org.br/justicacidada/wp-\ncontent/uploads/MEDIA%C3%87%C3%83O-ESCOLAR-COMO-MEIO-DE-PROMO%C3%87%C3%83O-DA-\nCULTURA-DA-PAZ.pdf>. Acesso em: 13 ago. 2016.\nSILVA, Ana Beatriz Barbosa. Bullying: mentes perigosas nas escolas. Rio de Janeiro: Objetiva, 2010.\n_____. Ana Beatriz Barbosa. Bullying – combater o bullying é uma questão de justiça: aprenda a\nidentificar para prevenir e erradicar esse terrível fenômeno social. Cartilha 2010 – Projeto justiça nas\nescolas. Conselho Nacional de Justiça – CNJ. Brasília/DF, 2010. Disponível em:\n<http://g1.globo.com/jornalhoje/download/0,,5952-1,00.pdf>. Acesso em: 09 jul. 2016.\nAgradecimentos\nAgradecemos a Universidade de Fortaleza – UNIFOR, pelo incentivo a pesquisa no país. Em particular ao\nprofessor Fábio Rodrigues Holanda, por compartilhar o seu vasto e notório conhecimento.\n6"
}