{
  "id": "27293",
  "trabalho": "QUE PELE HABITA UMA MULHER? CONSIDERAÇÕES PSICANALÍTICAS SOBRE A CONSTRUÇÃO DO FEMININO NA OBRA DE ALMODÓVAR",
  "area": "CIÊNCIAS DA VIDA",
  "ano": "2016",
  "evento": "XVI - ENCONTRO DE PÓS-GRADUAÇÃO E PESQUISA",
  "link": "http://uol.unifor.br/oul/conteudosite/?uuid=D0AC9791457FCF0260BE167B5825E534BEC822BE",
  "conteudo": "XVI ENCONTRO DE PÓS-GRADUAÇÃO E PESQUISA\nUniversidade de Fortaleza\n17 a 20 de outubro de 2016\nQue pele habita uma mulher? Considerações psicanalíticas sobre a\nconstrução do feminino na obra de Almodóvar\nDanielle Luz Lima¹* (PG), Osterne Nonato Maia Filho² (PQ)\n1Programa de Pós Graduação em Gestão de Pessoas, Universidade de Fortaleza, Fortaleza-CE;\n2xxxxxxxxxxxxxxxxxxxxxxxxxxxxxxxxxxxxxxxxxxxxxxxx, Universidade de Fortaleza, Fortaleza-CE.\ndanielleluzlima@gmail.com\nPalavras-chave: Psicanálise. Feminino. Sexualidade. Corpo. Almodóvar.\nResumo\nAs formas de apresentação e formação social da identidade de gênero são tão diversas e múltiplas quanto a\ncapacidade humana pode suportar. A psicanálise pôs-se a ouvir e compreender as várias manifestações\ndessas formas de ser o gênero, mesmo reconhecendo ter poucos recursos para tal. As artes como a\nmúsica, o teatro e cinema são ensaios que falam de aspectos da vida como se eles não fossem reais, daí as\napresentações de gênero inaceitáveis socialmente têm sido representadas e apreciadas como espetáculo\nnovelesco. Pedro Almodóvar parece atraído por essas manifestações pouco comuns e muito rejeitadas da\nsociedade sexualmente normativa. Com o aporte psicanalítico, apresentamos uma investigação da\nconstrução do feminino em sua obra, A Pele Que Habito, de 2011. Certos de que esse estudo não se\ncompleta em si, reconhecemos o convite para aprofundamento desse tema, seja para compreensão do\nroteiro recorrente em Almodóvar ou ainda para esclarecimento e atenção necessária à parcela de\nexpurgados que vivem o drama da mudança de sexo e naturalmente, de formação do novo gênero.\nIntrodução\nA noção de feminilidade e masculinidade ultrapassa o sexo biológico do indivíduo. Desta\nmaneira, entende-se a sexualidade do sujeito como decorrente de um processo de desenvolvimento\nordenado a partir de diversos aspectos, desde o biológico, atravessando o aprendizado cultural, até as\nrepresentações mentais que estão perpassadas por conflitos referentes à situação edípica. É nesta área,\ndos conflitos, das representações mentais, das fantasias, que está para além da objetividade e que está\npresente em toda atividade sexual, que a psicanálise tem oferecido sua maior contribuição.\nApesar de Freud admitir que a psicanálise não tem recursos suficientes para falar sobre o valor\nda criação artística, o mesmo se arriscou estudando obras como a Gradiva de Jensen em seu famoso\nestudo “O delírio e os sonhos na Gradiva de W. Jensen” em 1907 e propôs estudar sobre “A lembrança\ninfantil de Leonardo da Vinci” em 1910.\nPedro Almodóvar é um retratista da sociedade. Ele filma um mundo próximo a todos nós, seus\npersonagens são frutos da modernidade com a qual a psicanálise tem afinidade. Almodóvar faz o\ninverossímil tornar-se realidade. Sua obra realiza um exercício constante na reconstrução das sexualidades\ne apresenta um mundo muitas vezes com regras próprias e transgressoras, para além das repressões\nsexuais, o que nos permite aplicar conceitos psicanalíticos de forma mais transparente. Nesse sentido,\nresolvemos investigar a construção do feminino e encontramos na obra A Pele que Habito, de Pedro\nAlmodóvar, um ambiente fértil para as discussões acerca das transformações no corpo, sexualidade e\nfeminilidade.\nMetodologia\n1Este artigo pode ser classificado como documental, pelos procedimentos, ou meios, visto que\nenvolvem investigação com base em documentos e estudos desenvolvidos sobre o assunto. O uso de\ndocumentos em pesquisa permite acrescentar a dimensão do tempo à compreensão do social. A análise\ndocumental favorece a observação do processo de maturação ou de evolução de indivíduos, grupos,\nconceitos, conhecimentos, comportamentos, mentalidades, práticas, entre outros (CELLARD, 2008).\nAprofundando os estudos sobre a criação do feminino e feminilidade, decidimos estudá-los à\nluz da abordagem psicanalítica, o que nos rendeu boas lembranças dos nossos estudos iniciais.\nDesenvolvemos, em seguida, uma discussão sobre o corpo a partir da psicanálise freudiana. Consideramos\num corpo que ultrapassa os sentidos orgânicos e fisiológicos, possuindo uma história de antes e depois do\nevento ilustrado pelo filme: a troca de sexo forçada em Vicente. Com Freud, ampliamos as discussões sobre\ngênero e sexualidade, com os principais textos consultados em “Três ensaios sobre a Sexualidade”, “Mal\nEstar na Civilização”, “Totem e Tabu” e outros trabalhos afim de compreender a construção do feminino\ncomo uma estruturação da subjetividade, ligado à escolha objetal.\nElencamos também, outros autores, pós-freudianos como Maria Rita Kehl, trazendo sua\ncontribuição sobre a posição dos gêneros; Elizabeth Roudinesco também com definições importantes ao\nestudo em questão e Robert Stoller, ilustrando o assunto sobre as modificações no corpo e por fim, Ana\nLucila Rodrigues, que dedicou seus estudos às mulheres de Almodóvar.\nResultados e Discussão\nO anúncio de uma gestação gera desde cedo uma curiosidade acerca do sexo da criança. Logo\nna confirmação desta gestação, uma das primeiras expectativas da família é saber se a criança ‘virá’ como\nhomem ou mulher. A constatação do sexo biológico do bebê torna-se uma ‘declaração profética’: vai ser\nhomem ou mulher na vida. Esse intenso processo se baseia em normas e modelos sociais que modelam e\nrecortam o comportamento desses sujeitos, como que fosse preciso seguir uma cartilha ou manual de\ninstruções sobre o que diz ser homem ou mulher em sociedade. De forma geral, entendemos ‘ser homem’\naqueles que precisam ser fortes, corajosos, provedores, sexualmente ativos, que assumam riscos ou\ncomportamentos que sejam diretamente opostos aqueles que o feminilizam. Ser mulher, por outro lado, é\nser meiga, doce, sexualmente recatada, passiva e dedicada às atividades de casa e à família. Logo que\nnascem, os dois sexos são tratados com adjetivos que promovam o tipo de comportamento descrito acima:\nse homem, será aquele que não chora ao cair, aquele que pode fazer xixi na rua, aquele que tem maior\nliberdade para sair com os amigos ou aquele em que poder estar com várias meninas representa ser o\n‘garanhão’, o ‘garotão’ do papai; se mulher, será tratada como uma ‘pequena princesinha’, amparada sem\neconomias pelo cuidado atento da mãe e zelo de macho do pai, será aquela que não pode ficar só de\ncalcinha quando estiver crescida, aquela que consegue o que quer se ficar manhosa, aquela que não é\nmuito precoce sexualmente, a ‘namoradinha’ do papai. O uso da linguagem transforma desde cedo o que se\nespera de um homem e de uma mulher e cria papéis díspares e opostos: o ‘homem-forte’ e a ‘mulher-frágil’.\nPorém, como lembra Beauvoir (2008), ninguém nasce mulher (ou homem). Ao contrário, trata-\nse de um longo (e sinuoso) percurso de aprendizagem, assimilação, negociação, construção/desconstrução\nque acontece ao longo da trajetória de vida, e que não se restringe à marca do sexo biológico, mas é\natravessado por diferentes marcadores sociais como idade, classe social, raça/etnia, contexto cultural,\norientação sexual entre outros (NASCIMENTO, 2011).\nRoudinesco (1998) diferencia sexo de gênero, definindo-o como o:\n2Termo utilizado pelo senso comum para designar qualquer categoria, classe, grupo\nou família que apresente os mesmos sinais em comum. Empregado como\nconceito pela primeira vez em 1964, por Robert Stoller, serviu inicialmente para\ndistinguir o sexo (no sentido anatômico) da identidade (no sentido social ou\npsíquico). Assim, o gênero designa o sentimento (social ou psíquico) da identidade\nsexual, enquanto o sexo define a organização anatômica entre macho e fêmea.\nEssas diferenças de identidade vão construir o traço que diferencia os sexos e são “uma forma\nprimária de dar significado às relações de poder” (SCOTT, 1990 apud NASCIMENTO, 2011).\nAcredita-se que o processo de transformação do sexo em identidade nem sempre percorre um\ncaminho linear: depara-se com as noções de mutação, transformação e plasticidade que desestabilizam a\nlógica que se descreve acima. Nada parece imutável ou cristalizado que não possa se transformar. Nesse\nsentido, quando surgem os conflitos de identidade e gênero, a medicina pode apresentar novas técnicas\ncirúrgicas e tratamentos hormonais que oferecem um exemplo concreto de adequação à identidade sexual\ndo indivíduo.\nÉ claro que a medicina e a psicologia, através de suas atividades, devem contribuir para a\ndiminuição do sofrimento das pessoas. Uma cirurgia de mudança de sexo é procurada quando o indivíduo\ntem a convicção íntima de pertencer a um determinado sexo e este está em conflito direto com seu corpo\nfísico. Ele não concorda com o sexo que lhe fora imputado no registro de nascimento (VIEIRA, 1996). Além\nda cirurgia de adequação sexual, o profissional médico pode receitar medicamentos estimuladores de\nhormônios que facilitarão a transformação do corpo. A medicina acredita que pode corrigir esse conflito,\ncurvando o corpo-anatômico às necessidades da vida social e cultural do indivíduo.\nPorém, mesmo sendo possível a cirurgia corretiva de sexo, ainda nos deparamos com conflitos\ndentro a própria área médica como nos lembra Zambrano (2003):\nPosicionamentos teóricos e ideológicos ainda não solucionados como, por\nexemplo, se a cirurgia tem o caráter mutilador de um órgão normal em favor de\numa instância psíquica patológica ou reconstrutor, possibilitando a correção de um\nerro morfológico, em favor de uma realidade psicossocial que se impõe.\nA mesma autora cita duas correntes para o entendimento da sexualidade humana: o\nessencialismo e o construtivismo. No essencialismo, a sexualidade humana mantém suas características\nfixas, estáveis e universais, ou seja, é baseada principalmente na biologia como definidora do sexo que o\nindivíduo traz consigo desde o nascimento. Assim, o essencialismo contribuiu:\nPara que a medicina assumisse o controle da sexualidade e seus ‘desvios’ e\nprocurasse corrigi-los e controlá-los com tratamentos muitas vezes torturantes, tais\ncomo: choques elétricos, castração, injeções de hormônios, dentre outros (TERTO\nJR, 1999 apud ZAMBRANO, 2003).\nJá o construtivismo, como o nome antecipa, defende que a sexualidade humana é uma\nconstrução social, que pode questionar a naturalização do sexo, ou seja, esta abordagem abre espaço para\na liquidez dos desejos e destitui o aspecto coeso e calcificado da sexualidade humana como pensavam os\nessencialistas: “O construtivismo social recebe melhor as mudanças, rupturas e descontinuidades da\nsexualidade humana” (ZAMBRANO, 2003).\nPercebemos que Freud, ao discutir o conceito de pulsão, está defendendo o caráter dinâmico e\nenergético presente nas excitações do organismo e que impulsiona a existência humana. A pulsão está\nsituada na fronteira entre o psíquico e o somático, isto é, no próprio corpo, colocando-se não apenas como\nrepresentante psíquico de estímulos que se originam dentro do organismo e alcançam a mente, mas,\ntambém, como uma exigência de ação, ao retornar para o sujeito de origem. A pulsão é, então, uma\n3representação psíquica das excitações que se originam no interior do corpo e voltam a esse mesmo corpo\npara encontrar a sua finalidade que é a satisfação (FREUD, 1915/ 1996).\nO corpo aparece, assim, como início e fim da pulsão, ou seja, investido e unificado pela força\npulsional. Durante todo o processo de construção subjetiva do indivíduo, que ocorre essencialmente na\nprimeira infância, nas primeiras relações com o mundo, o eu se organiza, paulatinamente, por intermédio\ndos destinos dados à pulsão. Dessa forma, depreendemos que a psicanálise freudiana apresenta outra\nvisão sobre o corpo humano, na qual a linguagem é a base de sua constituição, expressando o biológico\nimbricado com o psíquico. Entendemos que o corpo, para a psicanálise é feito na trama entre o psíquico e o\nsomático, sendo tecido por dimensões orgânicas e imaginárias, contornado pela energia libidinal e afetado\npela relação com os outros. Neste sentido, o corpo psicanalítico se define como cheio de significados,\nconstituído pela linguagem e delineado por uma imagem. A psicanálise questionou a dualidade do sujeito,\ndefendendo a noção de que o corpo não funciona apartado da psiquê, mas encontra-se intimamente ligado\na ela. Ao investigar o desenvolvimento psíquico, a perspectiva psicanalítica postula a ideia de um corpo\ndinâmico e fundamental para a constituição subjetiva e social do humano (FREUD, 1905/ 1996). Nesta\nanálise, o corpo adquire um lugar de destaque, funcionando como o primeiro espaço de morada do sujeito, a\npartir do qual ele ganha sentido e estrutura. Desta maneira, o acontecimento freudiano, além de apontar\npara a incerteza da percepção da realidade como garantia da verdade, põe em questão a dualidade mente-\ncorpo, característica da época. O sujeito é corpo e o corpo é sujeito. São realidades que pertencem a uma\nmesma perspectiva, não podendo uma existir sem a outra (ROUDINESCO, 2000). Atualmente o corpo é\nfortemente olhado, cuidado e modificado por ser o representante fiel do sujeito nos tempos atuais. Ele é o\npassaporte que permite o aceite ou não do sujeito na sociedade. De forma, que a cirurgia estética é um dos\nmais procurados instrumentos de modificação corporal para adequar o desejo do sujeito aos padrões\ndesejados por ele. As cirurgias de sexo também utilizam esse percurso como forma de adequação à\nidentificação de gênero, oferecendo uma oportunidade de ser o que se sente por dentro.\nObservaremos, nas descrições de cenas do filme, que a construção desse novo corpo foi\nimposta como castigo e punição. E que, a adequação desse antigo sujeito preso num corpo modificado,\nnovo, não foi desejada e nem aceita no recorte da trama.\nO aporte teórico psicanalítico é ilustrado nesse artigo pelo filme, que apresenta uma mudança\nde sexo, inconsciente por parte do sujeito que passará pela transformação. Transformar Vicente em Vera é\ntambém acentuar a desigualdade entre os gêneros e o rebaixamento do “homem que estuprou a minha\nfilha” à “nova mulher que vai me servir como homem” como mostra Joan Scott, a duas proposições\ninterconectadas: “o gênero é um elemento constitutivo de relações sociais baseadas na diferença percebida\nentre os sexos e é uma forma primária de dar significado às relações de poder” (SCOTT, 1990). É a partir\ndessa distinção que transforma uma diferença (de sexo biológico) em desigualdade de gênero (entre\nhomens e mulheres). A Vicente fora imposto sua escolha objetal, ele não pode opinar sobre seu desejo de\npermanecer homem ou de simplesmente, tornar-se mulher.\nEm A Pele que Habito, Almodóvar oferece à possibilidade de questionar até que ponto essas\nmudanças podem construir psíquica e socialmente o ser mulher, já que a troca de sexo apresentada no\nfilme não foi desejada pelo sujeito-objeto da transformação.\nNo filme, o Dr. Robert Ledgard veste o discurso da ciência médica. Este impõe a Vicente uma\ncirurgia de troca de sexo não desejada, como forma de puni-lo pelo suposto estupro e agressão à sua filha,\nNorma. Assim, usa das possibilidades que a medicina lhe oferece para criar um novo corpo, perfeito. “Este,\ndelirando com o saber científico, tem certeza de conseguir encarnar sua ficção” (FREIRE, 2011).\n4Dr. Robert Ledgard prepara uma vingança contra a masculinidade de Vicente, uma\nmetamorfose preparada com requinte como descreveu Robert Louis Stevenson em O Médico e o Monstro.\nO personagem é assombrado por tragédias passadas com a traição, desgraça e morte da mulher e a\ndoença da filha, que rejeita a todos os homens, inclusive a ele mesmo. Parece que Robert não elaborou\nseus lutos, sua vida se compõe como frases sem ponto final. Será que por se afastar tanto da realidade\nexterna, a trama se revela como uma fantasia bruta que emerge como que diretamente dos desejos mais\nreprimidos e secretos guardados no inconsciente do médico?\nDurante a obra, Dr. Robert Ledgard passa de vítima à algoz, fazendo de Vicente sua marionete,\nobra que anuncia sua maior criação: a mulher-perfeita, feita à imagem de sua esposa já falecida, com uma\npele indestrutível. Porém, todo esse investimento para transformar Vicente em Vera, desde o tratamento\nhormonal e a cirurgia de conversão do sexo não parecem ter sido suficientes para construir a nova-mulher,\nVera. Ainda que fossem estimulados os recursos simbólicos que fazem parte do ambiente feminino como\nmaquiagens, vestidos e até mesmo a relação sexual propriamente dita que Robert oferece a Vera, como\nque pudesse completá-la como uma nova-mulher.\nAs mudanças físicas podem implicar construções psíquicas no universo do ser mulher? O\ncorpo modificado de Vicente, na tentativa de transformá-lo Vera, se apresenta particularmente de forma\nfragmentada, não só por ser um corpo feminino que habita de forma obrigatória o psiquismo masculinizado\nde Vicente, mas também pelo próprio recorte dividido que marca esta pele, preparada para receber retalhos\nfragmentados de uma pele perfeita, indestrutível, mas não desejada. O resultado da transformação do corpo\nde Vicente em Vera nega qualquer possível demanda que seu masculino tenha o direito de exigir, o lugar da\nsua palavra é inválido antes mesmo que esta seja pronunciada. Um possível discurso de Vicente sobre seu\ntrajeto até a criação de Vera se enfraquece diante da sua própria imagem. Dr. Robert Ledgard não só criou\num corpo feminino para Vicente, mas lhe impôs a condição enigmática própria da mulher: ser uma esfinge.\nO médico reifica o corpo que cria, observando-lhe com admiração a beleza dos detalhes, mas\npara Vicente este é apenas um corpo descorporizado, com substância estranha e incompatível. Utilizando-\nse da tensão máxima da pele, criou um corpo feminino que não enruga nem amassa, perfeito plasticamente\nmas imperfeito para os anseios de Vicente.\nEm termos psicanalíticos, Dr. Robert Ledgard empregou em Vicente a ferida narcísica,\nprivando-lhe do poder do falo e conferindo-lhe a não visibilidade de seu novo sexo. Para Aran (2006),\nEnquanto na teoria freudiana o lugar oferecido à mulher é o de um sentimento e de\numa posição de inferioridade, na teoria lacaniana, a mulher aparece como\ninacessível, inexistente, ou não simbolizável. Em ambos, o feminino é um déficit,\numa negatividade.\nConclusão\nProcuramos, nesse artigo, mostrar a centralidade e o alcance do conceito de gênero na\npsicanálise, cuja abrangência comporta desde o campo metapsicológico em sua relação com o conflito\npsíquico, passando pelas vicissitudes das construções identificatórias masculinas e femininas e a\nproposição de novas formas de subjetivação, chegando à capacidade da psicanálise de lidar com as\ndiferentes subjetividades que, nos dias atuais, se apresentam como desafio teórico.\nO gênero, a partir dessa perspectiva, desenhou-se como conceito fundamental da teoria\npsicanalítica. Fundamental para a compreensão do conflito psíquico, para o entendimento das construções\nidentificatórias e das diferentes subjetividades, para a reflexão sobre novas formas de subjetivação.\nSabemos que a psicanálise tem uma leitura sobre corpo humano como sendo fundado pela\nsexualidade (FREUD, 1905/ 1996), porém, a sua percepção sobre a mesma difere totalmente daquela\n5entendida pela medicina. Observamos que, na visão psicanalítica, a sexualidade é polimorfa e por isto não\nestá delimitada a um comportamento ou a uma função, como tenta nos ensinar a ciência. A reprodução não\né o seu único destino e os órgãos sexuais não são as suas únicas fontes de excitação. Desta maneira,\nsustentamos o argumento de que o corpo, estando fundado na sexualidade, ultrapassa e muito o registro\nbiológico da vida, sendo marcado pelas pulsões, ou seja, pela intensidade e pelo afeto. O corpo é, então,\ncaracterizado por uma porosidade, sendo tomado pela descontinuidade. O corpo é denso, plástico e por isto\ninsuficiente em si mesmo, precisando do outro para vivenciar seus desejos. O corpo feminino de Vicente\nparece não ter encoberto, então, o real desejo e libido desse sujeito.\nA Psicanálise convoca o sujeito a falar sobre os desejos, os conflitos, os receios, enfim, sobre\na vida, possibilitando que ele mesmo elabore os próprios discursos e significados. Destacamos que somente\nquando tomamos o corpo no campo da subjetividade é que entendemos que ele está em constante\nelaboração, em busca de novas imagens, vivências e sensações, sabendo que este movimento está\nintimamente conectado com as experiências afetivas de cada sujeito.\nO trabalho pode ser melhor aprofundado se investigarmos, em outro momento, a psicose para\ncompreender a trajetória de desligamento do eu do médico em relação ao mundo externo e a posterior\ncriação de um novo mundo dele mesmo, fantástico e delirante, sendo essa a maneira encontrada para\ncosturar aquilo que foi rasgado na origem. A única castração ocorrida foi a literal, de Vicente, vítima do\nbisturi psicótico de quem não sabe o nome do próprio pai.\nReferências\nARAN, Márcia. O avesso do avesso: feminilidade e novas formas de subjetivação. Rio de Janeiro:\nGaramond, 2006.\nBEAUVOIR, Simone de. O segundo sexo. Lisboa: Bertrand, 2008.\nCELLARD, A. A pesquisa qualitativa: enfoques epistemológicos e metodológicos. Petrópolis: Vozes,\n2008.\nFREIRE, Ana Beatriz. O que faz um corpo? Comentário em torno d’A pele que habito. Latusa Digital,\n2011. Disponível em: http://www.latusa.com.br/pdf_latusa_digital_47_figurinhas.pdf\nFREUD, Sigmund. Três ensaios sobre a sexualidade e outros trabalhos. Obras psicológicas completas\nde Sigmund Freud: edição standard brasileira, vol. 7. Rio de Janeiro: Imago, 1996.\nNASCIMENTO, Marcos. Da “anatomia como destino” ao “cruzamento das fronteiras”: gênero e\nsexualidade no mundo de Almodóvar. Ribeirão Preto, v. 2, n. 2, p. 67, jul./dez. 2011. Disponível em:\nwww.brapci.ufpr.br/download.php?dd0=19981.\nROUDINESCO, Elizabeth. Por que a psicanálise? Rio de Janeiro: Jorge Zahar, 2000.\nSCOTT, Joan. Gênero: uma categoria útil de análise histórica. Revista Educação e Realidade, Porto\nAlegre, v. 16, n. 2, p. 05-22, 1990.\nAgradecimentos\nDedicamos esta investigação aos estudantes e pesquisadores interessados na compreensão e\ndesdobramentos da sexualidade humana como forma de constituir e formar o indivíduo-gênero e aos que\nestão de alguma forma pessoalmente envolvidos nesse processo de formação da identidade de gênero.\nEsperamos ajudar a clarear o caminho que leva a compreensão dessa mudança. Agradecemos aos\nprofessores de psicanálise da Unifor, a própria entidade e em especial, ao professor orientador Osterne\nMaia, que abraçou a pesquisa e nos inquietou a buscar outras formas de compreender essa discussão.\n6"
}