{
  "id": "27303",
  "trabalho": "PROMOÇÃO E PREVENÇÃO DA FLUOROSE DENTÁRIA",
  "area": "CIÊNCIAS DA VIDA",
  "ano": "2016",
  "evento": "XXII - ENCONTRO DE INICIAÇÃO À PESQUISA ",
  "link": "http://uol.unifor.br/oul/conteudosite/?uuid=966D5C48F89048511175DFFA8B2732BB1306F5E8",
  "conteudo": "XXII Encontro de Iniciação à Pesquisa\nUniversidade de Fortaleza\n17 à 21 de Outubro de 2016\nPROMOÇÃO E PREVENÇÃO DA FLUOROSE DENTÁRIA\nLucas Moreira Mendonça¹ (IC), Ícaro Girão Evangelista¹ (IC), Maria Vieira de Lima Saintrain² (P), Sandra\nHelena de Carvalho Alburquerque² (P), Davi Oliveira Bizerril³ (PQ).\n1.Acadêmico da Universidade de Fortaleza – Curso Odontologia.\n2. Docente da Universidade de Fortaleza – Curso Odontologia.\n3.Docente e professor orientador da Universidade de Fortaleza – Curso Odontologia.\ne-mail: lucas-moreira_@hotmail.com\nPalavras-chave: fluorose dentária, saúde bucal, prevenção e promoção.\nResumo\nA fluorose dentária origina-se da exposição do germe dentário, durante o seu processo de formação, a altas\nconcentrações do íon flúor. Como consequência, tem-se defeitos de mineralização do esmalte, com\nseveridade diretamente associada à quantidade ingerida. Tal deformação nos tecidos dentários deve ser\nmonitorada e avaliada por profissionais cirurgiões dentistas e gestores locais e regionais para uma devida\natenção à saúde bucal a população exposta aos fatores condicionantes e determinantes da doença. O\nobjetivo de trabalho é realizar uma revisão de literatura sobre a vigilância em saúde bucal da fluorose\ndentária. Caracteriza-se como revisão de literatura realizada nas bases de dados eletrônicas: Scielo, Bireme\ne Pubmed, nos meses de abril a junho de 2016. Os artigos incluídos estão nos idiomas português e inglês e\napresentam como descritores: fluorose dentária, saúde bucal, vigilância epidemiológica, prevenção e\npromoção. Foi identificado um déficit por parte da vigilância epidemiológica em alguns setores como a de\nfiscalização das formas de distribuição do flúor e que esta possui papel fundamental no controle da fluorose,\no que se percebe em alguns casos de estados brasileiros onde houve diminuição da fluorose. Desta\nmaneira, a vigilância em saúde especificamente a epidemiológica tem papel fundamental no controle da\nfluorose, tendo um trabalho de monitoramento, controle e prevenção dessa doença dentro do processo de\ntrabalho de profissionais da saúde e gestores.\nIntrodução\nA fluorose dentária é o resultado da ingestão crônica de flúor durante o desenvolvimento dental que se\nmanifesta como mudanças visíveis de opacidade do esmalte devido a alterações no processo de\nmineralização (MOSELEY et al., 2003). Como fatores de risco, existe a presença de flúor em teores acima\ndo recomendado nas águas de abastecimento, a fluoretação artificial ou natural. O uso concomitante de\nduas ou mais formas de ingestão de flúor sistêmico é considerado um fator importante para o surgimento da\nfluorose. Além disso, a ingestão de dentifrício fluoretado na fase de formação dentária em locais com água\nfluoretada acentua-se a probabilidade de surgimento da doença (MASCARENHAS, 2000; WHELTON et al.,\n2004).\nISSN 18088449 1O uso abusivo de formas tópicas de aplicação do flúor, ocorrendo ingestão, associado em locais com uso\nsistêmico de flúor favorecem o aparecimento da doença. A ocorrência de fluorose é relatada como sendo\nfortemente associada com a ingestão crônica de fluoretos durante o desenvolvimento dental, mas sua\ngravidade depende principalmente da dose (MASCARENHAS, 2000; WHELTON et al., 2004).\nGeralmente, o aspecto clínico é de manchas opacas no esmalte, em dentes homólogos, até regiões\namareladas ou castanhas em casos de alterações mais graves. As manchas fluoróticas mais leves\napresentam-se na forma de manchas brancas, com estrias horizontais e localizadas em dentes homólogos.\nO aspecto de picos nevados é muito comum nas cúspides de dentes com erupção tardia. Os casos mais\nseveros apresentam áreas hipoplásicas com a coloração podendo variar para tons mais escuros, como\ntambém erosão do esmalte (FEJERSKOV et al., 1994).\nA deficiência de sistema de vigilância dos teores de flúor nas águas de abastecimento e minerais embaladas\ninfluencia diretamente no processo saúde doença bucal da fluorose dentária (BIZERRIL et al., 2015). Tal\ncompetência não é clara o suficiente, para ser executada, monitorada e avaliada com êxito. Uma revisão de\nliteratura poderá esclarecer avanços de desafios da vigilância em saúde bucal da fluorose dentária. Desta\nmaneira, o objetivo de trabalho é realizar uma revisão de literatura sobre a vigilância em saúde bucal da\nfluorose dentária.\nMetodologia\nCaracteriza-se como revisão de literatura, realizada nas bases de dados eletrônicas: Scielo (Scientific\nElectronic Library Online), Bireme (Biblioteca virtual da saúde), LILACS (Literatura Latino-Americana e do\nCaribe em Ciências da Saúde), BBO (Bibliografia Brasileira de Odontologia) e Pubmed (Medline), nos meses\nde abril a junho de 2016. Os artigos incluídos estiveram nos idiomas português e inglês e apresentavam\ncomo descritores: fluorose dentária, saúde bucal, vigilância epidemiológica, prevenção e promoção. O\nmaterial levantado e selecionado para o trabalho foi organizado de modo a permitir identificar categorias de\nvigilância em saúde bucal voltada para fluorose dentária. Todos os autores dos artigos estudados foram\ndevidamente referenciados.\nResultados e Discussão\nA vigilância epidemiológica da fluorose dentária deve ser parte do processo de vigilância à saúde, tendo\ncomo objetivos: monitorar, avaliar a necessidade de controle do consumo do flúor, avaliar os impactos da\nfluorose, entender a epidemiologia da fluorose, trabalhar juntamente a vigilância sanitária para monitorar o\ncontrole da distribuição de flúor, identificar que leva a maior ocorrência da fluorose como: fatores sociais,\nculturais e individuais e elaboração de protocolos com recomendações (BRASIL, 2008).\nSegundo a Pesquisa Nacional de Saúde Bucal, em 2010, o Brasil, 16,7% apresentavam fluorose, sendo que\n15,1% foram representados pelos níveis de severidade muito leve (10,8%) e leve (4,3%). A fluorose\nmoderada foi identificada em 1,5% das crianças. O percentual de examinados com fluorose grave pode ser\nconsiderado nulo. A maior prevalência de crianças com fluorose foi observado na região Sudeste (19,1%) e\no menor valor, na região Norte (10,4%) (BRASIL, 2010). Dentre os principais fatores de risco, pode citar o\nuso de diversas formas sistêmicas de flúor, o acesso precoce a produtos com flúor e outras fontes\nadicionais de flúor como a fluoretação de águas públicas e uma dieta rica em flúor (BRASIL, 2009).\nA Equipe Saúde Bucal, da Estratégia Saúde da Família, deve estar atenta às causas da fluorose dentária em\nsua área de abrangência, planejando ações de prevenção, divulgação de informações sobre a ingestão de\nISSN 18088449 2flúor em cidades abastecidas com água fluoretada bem como de outros procedimentos preventivos\n(BRASIL, 2008).\nEm alguns estudos como o de RIBAS et al. (1999), foi relatado que mesmo crianças de escolas particulares\nque possuíam os níveis de fluoretação controlados, possuíam certos níveis de fluorose. No Brasil, em dois\nlevantamentos epidemiológicos realizados nos anos de 2003 e 2010, foi percebida mudanças nos padrões\nda fluorose, em Boa Vista, por exemplo, foi percebida uma diminuição de 60,60% para 11,10% enquanto\nque em Belém houve um aumento de 3,6% para 26,6% (BARROS e TOMITA, 2010; BRASIL, 2012).\nEstudo de Bizerril e colaboradores (2015), analisou a concentração de flúor na água engarrafada\ncomercializada em Fortaleza, Ceará e tal concentração variou entre 0,07 e 0,63 ppm de flúor por mg/l, com\ndiferenças significantes entre os valores estipulados nos rótulos e os encontrados com a análise, além de\napresentar a concentração foram do padrão preconizado pela vigilância sanitária.\nEntão de acordo com o Ministério da Saúde (2008), a organização das ações de vigilância à saúde com\nênfase para prevenção e detecção da fluorose dentária se dar a partir de: vigiar, controlar e orientar a\npopulação quanto às formas de utilização do flúor como medida necessária para o controle das formas\nagudas e crônicas de intoxicação por flúor, considerando uso sistêmico e tópico do flúor; implantar sistemas\nde vigilância dos teores de flúor nas águas de abastecimento público para a melhoria da qualidade da\nfluoretação das águas, além de oferecer um controle sistemático dos teores aplicados e continuidade do\nprocesso; incorporar, efetivamente, as doenças e agravos em saúde bucal dentro do objetivo de trabalho da\nvigilância epidemiológica na unidade de atenção primária à saúde; incluir a fluorose dentária nos estudos\nepidemiológicos rotineiros com o objetivo de monitorar a prevalência e severidade do agravo a nível\npopulacional; vigiar teores de flúor nos alimentos e bebidas, regulamentado e apresentado em rótulos e\nembalagens e com análise da vigilância sanitária; verificar teor de flúor em dentifrícios fluoretados e insumos\nodontológicos que contem flúor; realizar investigação epidemiológica nos casos diagnosticados com o\npropósito de identificar os fatores sociais, ambientais, culturais e individuais que favoreceram a sua\nocorrência e para propor ações integrais e intersetoriais para sua prevenção. Além disso, elaborar\nprotocolos com recomendações sobre o uso individual e coletivo de substância fluoretadas no âmbito da\nassistência odontológica.\nConclusão\nA vigilância epidemiológica da fluorose dentária deve ser parte do processo de vigilância à saúde, como\natribuição da esfera municipal, tendo como objetivos prevenir e controlar a doença. Ações da vigilância\nepidemiológica como, monitoramento da ocorrência, distribuição e gravidade de casos de fluorose, avaliação\nda necessidade de controle de consumo de produtos com flúor, avaliação do impacto da fluorose sobre a\nqualidade de vida das pessoas atingidas, o acompanhamento das tendências de ocorrência da fluorose ao\nlongo do tempo e a incrementação da vigilância sanitária de produtos com flúor disponíveis para a\npopulação devem ser colocadas em prática pelo poder público.\nAssim como também a avaliação do impacto da fluorose sobre a qualidade de vida das pessoas atingidas, o\nmonitoramento do teor de flúor nos produtos disponíveis e identificação dos fatores determinantes a partir de\num processo de investigação detalhada são necessárias em ação pelos órgãos administrativos e devem ser\nincorporados dentro do processo de trabalho dos cirurgiões dentistas, principalmente, na Estratégia Saúde\nda Família.\nReferências\nISSN 18088449 3BARROS, BAS ; TOMITA, NE. Aspectos epidemiológicos da fluorose dentária no Brasil: pesquisas no\nperíodo 1993-2006. Ciência & Saúde Coletiva, Bauru, v. 1, n. 15, p.289-300, maio 2010.\nBIZERRIL, DO. et al. Análise da concentração de flúor em águas comercializadas. Rev Gaúch Odontol,\nPorto Alegre, v.37, n.4, p. 1-6, out./dez., 2015.\nBRASIL. Ministério da Saúde. Secretaria de Atenção à Saúde. Secretaria de Vigilância em Saúde. SB Brasil\n2010: Pesquisa Nacional de Saúde Bucal: resultados principais. Brasília: Ministério da Saúde, 2012.\nBRASIL. Ministério da Saúde. Secretaria de Atenção à Saúde. Departamento de Atenção Básica. Guia de\nrecomendações para o uso de fluoretos no Brasil. Brasília: Ministério da Saúde, 2009.\nBrasil. Ministério da Saúde. Secretaria de Atenção à Saúde. Departamento de Atenção Básica. Saúde Bucal.\nBrasília: Ministério da Saúde, 2008.\nBURT, B. A.. Introduction to the Symposium. Journal of Public Health Dentistry, n55 p37-38. 1995\nCANGUSSU, MCT. et al. A fluorose dentária no Brasil: uma revisão crítica. Cad. Saúde Pública., Rio de\nJaneiro, v. 1, n. 18, p.7-15, jan. 2002.\nFREITAS, Claudia Helena Soares de Morais et al. Reflexoes metodologicas sobre prevalencia da fluorose\ndentaria nos inqueritos de saude bucal. Rev. Saude Publica, v. 47, p.138-147, dez. 2013\nFEJERSKOV, O. Fluorose dentária: um manual para profissionais de saúde.Santos, 1994.\nMOSELEY, R. et al. The influence of fluoride exposure on dentin mineralization using an in vitro organ culture\nmodel. Calcified Tissue International. v. 73, n. 5, p. 470-475,\n2003.\nMASCARENHAS, A. K. Risk factors for dental fluorosis: a review of the recent literature. Pediatric Dentistry,\n[S.l.], v. 22, n. 4, p. 269-277, 2000.\nRibas, TRC. Et al. Avaliação da fluorose dentária em escolares\ndo Colégio Vicente de Paulo, situado na Zona Lestedo Município de São Paulo – 1999. Rev Odontol\nUniv St Amaro v.4, p.62-65, 1999\nISSN 18088449 4"
}