{
  "id": "27307",
  "trabalho": "ANÁLISE DA EFICIÊNCIA DA MONITORIA DE EXPRESSÃO GRÁFICA NA UNIVERSIDADE DE FORTALEZA (UNIFOR).",
  "area": "CIÊNCIAS EXATAS E TECNOLÓGICAS",
  "ano": "2016",
  "evento": "XVI - ENCONTRO DE INICIAÇÃO À DOCÊNCIA",
  "link": "http://uol.unifor.br/oul/conteudosite/?uuid=340B78EE3A441C692D3944F8167B1CA9104BCF0E",
  "conteudo": "XVI Encontro de Iniciação à Docência\nUniversidade de Fortaleza\n17 a 20 de outubro de 2016\nAnálise da eficiência da monitoria de expressão gráfica na Universidade\nde Fortaleza (UNIFOR). Lígia Uchôa Machado¹* (ID), Francisco Eliezer Mota de Oliveira\nFilho² (ID), Renato Limongi de Castro² (ID), Inácio Quaresma de Sousa Neto² (ID), Ana Lívia\nGonçalves da Cruz² (ID), Laldiane de Souza Pinheiro³ (PO).\n1. Universidade de Fortaleza – PROGRAMA DE MONITORIA INSTITUCIONAL\n2. Universidade de Fortaleza – PROGRAMA DE MONITORIA VOLUNTARIA\n3. Universidade de Fortaleza – Curso de Engenharia Civil\nligiamachado_@hotmail.com\nPalavras-chave: Monitoria. Desenho Técnico. Pesquisa Quantitativa. Expressão Gráfica. Desenho\npara Engenharia.\nResumo\nO presente estudo busca quantificar e qualificar a influência do acompanhamento com os\nmonitores no desempenho dos alunos das disciplinas de “Expressão gráfica” e de “Desenho para\nengenharia”. Para isso, foi criado um banco de dados dos atendimentos feitos pelos referidos\nmonitores em 2016.1 na Universidade de Fortaleza – UNIFOR que nos permitiu fazer uma série\nde análises, entre elas: horários mais procurados pelos alunos, evolução e comparação das notas\ndaqueles que mais procuraram a monitoria e qualificação quanto à eficácia do acompanhamento\ncom o aluno-monitor em geral.\nIntrodução\nA experiência com os outros monitores de Expressão Gráfica da Universidade de\nFortaleza em uma das reuniões iniciais de 2016.1 permitiu a conscientização de que o assunto da\ndisciplina, que faz parte da grade dos cursos de engenharia, era objeto de angustia e até rejeição\npara boa parte dos alunos. Talvez, por não ser abordado na maioria das escolas, o desenho e o\ndomínio da visão espacial cause tamanho estranhamento.\nPor isso, já que a quantidade de alunos com dificuldade era elevada, seria relevante a\nverificação do quanto esses alunos estavam interessados em melhorar esse quadro e o quanto os\nmonitores poderiam contribuir para essa melhoria.\nDas atribuições dadas ao aluno monitor, estão: acompanhar o professor em sala de\naula auxiliando principalmente na resolução dos exercícios passados aos demais alunos, cumprir\num cronograma de atendimento semanal para tirar dúvidas em horário extraclasse, realizar\nISSN 21755396 1“aulões” na véspera das avaliações para revisar o conteúdo dado em sala e dar apoio aos\nprofessores no que estes julgarem necessário.\nNesse estudo, será dado um enfoque maior para a contribuição dos atendimentos na\napreensão do conteúdo da disciplina.\nMetodologia\nFoi elaborada uma frequência, na qual semanalmente os monitores deveriam registrar\nquais alunos foram atendidos. Para tal, foi criado um formulário virtual por meio da ferramenta\n“Google Forms” (Formulário 1) na qual os monitores deveriam preencher: seu nome, o horário de\natendimento, o nome do aluno atendido, dados da sua turma (professor e horário), matrícula se\npossível, qual o assunto da dúvida e o grau de dificuldade apresentado.\nAo final do semestre também foi realizada uma pesquisa por meio de formulários\npreenchidos manualmente (Formulário 2). Nestes, o aluno deveria informar se sua turma havia\nsido acompanhada em sala por um monitor e caso respondesse “Sim”, atribuiria uma nota de 0 a\n10 para o quão importante ele havia considerado esse acompanhamento (0 para “Totalmente\nDispensável” e 10 para “Extremamente Importante”). Em seguida, o aluno deveria informar se\nhavia procurado atendimento dos monitores fora do horário de aula e, mais uma vez, se\nrespondesse que “Sim” deveria atribuir uma nota para o grau de importância desse\nacompanhamento, seguindo a mesma correspondência de valores da pergunta anterior. Por\núltimo, para aqueles que respondessem que não haviam procurado o atendimento da monitoria,\npedimos que respondessem o motivo, já deixando uma série de sugestões, como: “Não senti\ndificuldade na disciplina”, “Prefiro estudar sozinho”, “Não fui aos atendimentos, mas participei de\ngrupo de estudo”, “Os horários não eram compatíveis com a minha disponibilidade”, entre outros,\nmas também deixando um espaço em aberto caso o motivo não estivesse já listado.\nResultados e Discussão\nForam coletadas 424 respostas no Formulário 1. Em 2016.1, havia 227 alunos\nmatriculados em “Desenho para engenharia” e 480 em “Expressão gráfica”, totalizando 707. Por\nmeio dos dados coletados, apreendeu-se que pelo menos 168 alunos diferentes procuraram\natendimento dos monitores, ou seja, 23,76% do total. Ao serem questionados se estavam\nregistrando suas frequências regularmente, os monitores responderam que nem sempre\nconseguiam anotar os nomes dos alunos por motivos de: esquecimento, muitos alunos entrando e\nsaindo da sala (principalmente nas épocas próximas às avaliações), por falta de tempo ou devido\nao fato do seu atendimento ser no mesmo horário de outro monitor, não sendo necessário um\nregistro em duplicidade. Dessa forma, afirma-se que sendo possível o registro de 100% dos\natendimentos, esse número com certeza seria maior. Vale ressaltar que até o final da NP1, 20\nalunos haviam trancado a disciplina.Primeiramente, fez-se necessário saber os horários em que a procura por atendimento\nfoi maior (considerados “horários de pico”), para ser usado como base na escolha dos horários em\n2016.2.\nNa Universidade de Fortaleza, os horários são abreviados da seguinte forma:\nFigura 1 – Horários UNIFOR\nFonte: (FORTALEZA, 2016)\nEntão, por exemplo, ao fazer referência a uma turma da manhã que tem aula dia de\nSegunda de 7:30 às 9:10, chama-se esse horário de 2MAB.\nNo gráfico abaixo, pode-se observar a informação de quantos alunos foram atendidos\npor horário disponibilizado pelos monitores:\nFigura 2 – Gráfico de horários\nFonte: Arquivo pessoal\nFoi possível perceber que a procura maior foi nos horários: 2MEF, 3MEF, 3TCD,\n4TAB, 4TCD e 5TAB; e menor nos horários 2TAB e 5TCD.\nO acompanhamento das notas daqueles alunos que foram mais assíduos nos\natendimentos também foi realizado. Considerou-se assíduos aqueles que compareceram pelomenos 5 vezes aos atendimentos (ou seja, mais de uma vez por mês letivo sem considerar aulões\nde revisão ou grupos de estudo). Foi realizada uma seleção de 15 deles para objeto de estudo.\nFigura 3 – Gráfico assiduidade\nFonte: Arquivo pessoal\nObservou-se que 73,33% desses alunos apresentaram uma melhora na nota da NP2\nem relação à NP1. Deste grupo, a evolução nas notas foi de 4,59% a 93,02% e teve uma média\nde 25,39% de progresso. Enquanto que na NP1 também 73,33% já apresentavam uma nota maior\nque a média da sua turma, na NP2 esse número subiu para 93,33%.\nFazendo uma comparação das notas finais desses alunos com as médias finais de\nsuas respectivas turmas, tem-se:\nFigura 4 – Gráfico de notas finais\nFonte: Arquivo pessoalFoi observado que 66,67% dos alunos que se fizeram mais presentes nos\natendimentos da monitoria passaram por média. Por último, notou-se que os mesmos 93,33% que\nestavam com média na NP2 maior que a da sua turma, se mantiveram com média final superior\naos demais.\nEm relação ao Formulário 2, foram coletados dados de 51 alunos. Destes, 90,20%\nforam acompanhados por aluno monitor em sala de aula durante o semestre de 2016.1. Ao serem\nquestionados sobre que nota atribuiriam para a contribuição do monitor no aprendizado da\ndisciplina, os alunos qualificaram os monitores com média 9,61. Do total, 80,39% procuraram\natendimento dos monitores fora do horário de aula. Ao serem questionados sobre que nota\natribuiriam para a importância dos atendimentos dos monitores no aprendizado da disciplina, os\nalunos qualificaram os monitores com média 9,56. Dos 10 alunos que responderam que não\nprocuraram atendimento durante o semestre, apenas 5 quiseram atribuir um motivo. Destes, 3\njustificaram que os horários não eram compatíveis e 2 não sentiram dificuldade na disciplina.\nConclusão\nO aluno monitor realmente exerce um papel fundamental no desenvolvimento dos\ndemais alunos, tanto no acompanhamento em sala de aula, quanto nos atendimentos extraclasse,\ne que, de fato, é inegável a melhora do desempenho daqueles que procuraram a monitoria de\nmaneira recorrente.\nPor fim, essa análise foi extremamente importante para a experiência de iniciação a\ndocência dos monitores e para que os mesmos possam desempenhar um papel ainda melhor no\nsemestre de 2016.2.\nReferências\nFORTALEZA, Universidade de. HORÁRIOS E DIAS DAS AULAS. Disponível em:\n<http://unifor.br/index.php?option=com_content&view=article&id=73&Itemid=484>. Acesso em: 19\nago. 2016.\nSOUZA, Paulo Rogerio Areias de. A importância da monitoria na formação de futuros\nprofessores universitários. In: Âmbito Jurídico, Rio Grande, XII, n. 61, fev 2009. Disponível em:\n<http://www.ambitojuridico.com.br/site/index.php?n_link=revista_artigos_leitura&artigo_id=5990&r\nevista_caderno=13>. Acesso em ago 2016\nWAPOLE, Ronald E. et al. Probabilidade e estatística para engenharia e ciências. 8. ed. São\nPaulo: Pearson Prentice Hall, 2009. 491 p.\nXV ENCONTRO DE INICIAÇÃO À DOCÊNCIA, 15., 2015, Fortaleza. A influência do monitor no\nprocesso de ensino-aprendizagem junto ao professor, em sala de aula, nas disciplinas de\ndesenho. Fortaleza: Universidade de Fortaleza, 2015. 6 p. Disponível em:\n<http://uol.unifor.br/oul/conteudosite/?cdConteudo=6120656>. Acesso em: 19 ago. 2016.\nAgradecimentos\nAgradecemos aos professores das disciplinas de “Expressão Gráfica” e de “Desenho\npara Engenharia” por todo o seu tempo, paciência e pela oportunidade de compartilharmos dos\nseus conhecimentos, experiências e vivências, em especial à professora Laldiane de SouzaPinheiro, orientadora e coordenadora da disciplina. Agradecemos também aos demais monitores\npor ajudarem na coleta dos dados necessários para a realização deste trabalho e pelo empenho e\namizade desenvolvidos ao longo do semestre. Agradecemos ainda ao Programa de Monitoria da\nFEQ/UNIFOR por possibilitar a realização deste trabalho."
}