{
  "id": "27302",
  "trabalho": "PERFIL DAS UNIDADES PRIMÁRIAS DE SAÚDE DO MUNICÍPIO DE FORTALEZA FRENTE A IMPLANTAÇÃO DOS TESTES RÁPIDO DE SÍFILIS E HIV",
  "area": "CIÊNCIAS DA VIDA",
  "ano": "2016",
  "evento": "XXII - ENCONTRO DE INICIAÇÃO À PESQUISA ",
  "link": "http://uol.unifor.br/oul/conteudosite/?uuid=C507EE0091CF0B153AD1BEC47D6EB7C3182E7FAB",
  "conteudo": "XXII Encontro de Iniciação à Pesquisa\nUniversidade de Fortaleza\n17 à 21 de Outubro de 2016\nPERFIL DAS UNIDADES PRIMÁRIAS DE SAÚDE DO MUNICÍPIO DE\nFORTALEZA FRENTE A IMPLANTAÇÃO DOS TESTES RÁPIDO DE SÍFILIS\nE HIV\nAndréa Lima Gomes dos Santos¹*(IC), Aline Sales Nunes (IC) ², Ana Patrícia Alves da Silva (IC)³, Maria Alix\nLeite Araújo³(PQ), Marilene Alves Oliveira Guanabara4 (PQ)\n1.Universidade de Fortaleza – Curso Enfermagem – PROBIC/FEQ\n2.Universidade de Fortaleza – Curso de Enfermagem – PIBIC/CNPQ\n3.Universidade de Fortaleza – Curso de Enfermagem - FEQ\n4. Universidade de Fortaleza - Docente do Programa de Pós Graduação em Saúde Coletiva\n5.Universidade de Fortaleza – Doutoranda em Saúde Coletiva. Docente do curso de enfermagem\nandreatauagomes@hotmail.com\nPalavras-Chave: Sífilis. HIV. Sífilis Congênita. Transmissão Vertical\nResumo\nMesmo com todos os esforços e estratégias frente à assistência pré-natal para controle da Transmissão\nVertical (TV), a sífilis e o Vírus da Imunodeficiência Humana (HIV) representam nos dias atuais sérios\nagravos e grandes preocupações para os profissionais e gestores da área da saúde (BRASIL, 2015a). Para\ncontrole destes casos, a rede cegonha visou a implantação dos Testes Rápidos (TR) para HIV e sífilis na\natenção primária, proporcionando diagnóstico precoce dos agravos nas gestantes com início rápido das\nações preventivas, favorecendo a redução das taxas de transmissão vertical do HIV e a eliminação da sífilis\ncongênita, assim como evitando a atenuação de óbitos maternos e infantis (BRASIL, 2014). O estudo tem\ncomo objetivo apresentar o perfil das unidades primárias de saúde do município de Fortaleza frente a\nimplantação dos testes rápido de Sífilis e HIV. Trata-se de um estudo descritivo, com abordagem\nquantitativa, realizado em 92 Unidades de Atenção Primária à Saúde (UAPS) do município de Fortaleza,\nCeará. A coleta ocorreu no período de abril a junho de 2016, por meio da aplicação de questionários\nsemiestruturados com os gestores de cada UAPS. Observou-se que a disponibilidade dos kits de TR para\nsífilis e HIV têm sido ofertados a maioria das unidades de atenção primária à saúde do município, havendo\nnecessidade de uma maior busca dos entraves que envolve os altos índices dessas infecções no período\ngestacional e da TV, e realizar atividades de promoção à saúde, que devem ser elaboradas por profissionais\nde saúde juntamente com os coordenadores gestores.\nIntrodução\nA prevalência de doenças sexualmente transmissíveis (DST) continua crescendo em todo o mundo,\ncom estimativa de 448 milhões de novos casos a cada ano e, desses, 10 a 12 milhões somente no Brasil\n(ARAÚJO et. al, 2015). No que diz respeito à transmissão no período gestacional, mesmo com todos os\nesforços e estratégias frente à assistência pré-natal para controle da Transmissão Vertical (TV), a sífilis e o\nVírus da Imunodeficiência Humana (HIV) representam nos dias atuais sérios agravos e grandes\npreocupações para os profissionais e gestores da área da saúde (BRASIL, 2015a).\nNo Brasil observou-se uma taxa de detecção de 7,4 casos de sífilis em gestantes para cada 1.000\nnascidos vivos, cujo índice foi maior nas regiões Sudeste e Centro-Oeste. (BRASIL, 2015b). Enquanto aos\nISSN 18088449 1índices de detecção de gestantes com HIV vêm apresentando tendência de aumento nos últimos dez anos.\nEm 2005, a taxa observada foi de 2,0 casos para cada mil nascidos vivos, a qual passou para 2,6 em 2014,\nindicando um aumento de 30,0% (BRASIL, 2015c).\nA TV da sífilis e do HIV é considerada uma condição evitável quando diagnosticado e tratado\nadequadamente, sem a ocorrência destes fatores, desencadeia-se uma série de complicações ao feto\n(LOPES et. al, 2016). Sabe-se que é possível controlar estes casos de TV, atentando-se para existência de\nteste diagnósticos sensíveis de baixo custo, tratamento eficaz e de baixo custo (ARAÚJO et. al, 2014).\nEm 2011, foi instituída a Rede Cegonha, no campo da assistência pré-natal, é voltada para a\nprevenção e o tratamento das IST, HIV/aids (BRASIL,2015a). Essa estratégia, visa garantir a todas\ngestantes brasileiras uma assistência à saúde adequada, segura e humanizada pelo Sistema Único de\nSaúde, partindo desde o pré-natal, parte e pós-parto, até a atenção infantil, conforme a Portaria nº 1.459, de\n24 de junho de 2011.\nPara controle destes casos, a rede cegonha como uma de suas estratégias visou a implantação dos\nTestes Rápidos (TR) para HIV e sífilis na atenção primária por meio da realização de três testes de\nrastreamento, proporcionando diagnóstico precoce dos agravos nas gestantes com rápido início das ações\npreventivas, favorecendo a redução das taxas de transmissão vertical do HIV e a eliminação da sífilis\ncongênita, assim como evitando a atenuação de óbitos maternos e infantis (BRASIL, 2014).\nOs TR constituem imunoensaios cromatográficos de fácil execução, que podem ser executados em\num período mínimo de 30 minutos, possuindo como vantagem a não necessidade de uma estrutura\nlaboratorial, redução do tempo de espera para o tratamento, e objetivando a diminuição da TV destas\ninfecções e seus agravos. Além disso, os TR permitem a imediata intervenção médica nos casos que\nrequerem tratamento (PINTO et al, 2014).\nO aumento gradual na notificação de casos na rede de atenção pré-natal nos últimos anos deveu-se\nprovavelmente ao fortalecimento dos serviços de pré-natal, por meio da Rede Cegonha, o que propiciou o\naumento na cobertura de testagem das gestantes e acompanhamento dos casos (BRASIL, 2015b).\nEstudos evidenciam que existem dificuldades na realização dos testes rápidos para sífilis e HIV nas\nUAPS e principalmente durante a assistência pré-natal (LOPES et. al, 2016). Diante do exposto o estudo\ntem como objetivo apresentar o perfil das unidades primárias de saúde do município de Fortaleza frente a\nimplantação dos testes rápido de Sífilis e HIV.\nMetodologia\nTrata-se de um estudo descritivo, com abordagem quantitativa, esse modelo adota uma estratégia\nsistemática, objetiva e rigorosa para gerar e refinar o conhecimento. (CRESWELL, 2007).\nO estudo foi realizado em 92 Unidades de Atenção Primária à Saúde (UAPS) do município de\nFortaleza, Ceará, todas atuando como Estratégia de Saúde da Família. O município encontra-se dividido em\nseis secretarias regionais. Esses espaços são regiões administrativas cujo papel é executar as políticas\nsetoriais de forma articulada, definindo prioridades, estabelecendo metas especificas para cada grupo\npopulacional e prestando os serviços articulados em uma rede de proteção social (FORTALEZA, 2009).\nA coleta ocorreu no período de abril a junho de 2016. Foi incluída no estudo a participação de 78\ngestores coordenadores das unidades de atenção primária à saúde. Das 92 unidades que compõe o\nmunicípio, 12 coordenadores não compareceram as reuniões, havendo recusa de dois gestores.\nISSN 18088449 2O método de coleta de dados se deu por meio da aplicação de questionários semiestruturados com\nos gestores de cada unidade de saúde. O mesmo foi realizado na ocasião das reuniões semanais, as quais\nos coordenadores participaram nas secretarias regionais. Foi abordado neste instrumento as seguintes\nquestões acerca da implantação dos TR nas UAPS (Tabela 1): se a unidade recebeu os kits de TR após a\nimplantação dos TR na unidade; se o estoque é suficiente para atender a demanda; se alguma vez faltou kit\napós a implantação; e qual a importância dos TR para eles gestores das unidades de saúde.\nOs dados foram digitados no programa Statistical Package for Social Sciences (SPSS) versão 23.0 e\napresentados em tabelas de frequências simples.\nO projeto recebeu aprovação do Comitê de Ética em Pesquisa da Universidade de Fortaleza\n(UNIFOR) com parecer nº 468.751 da resolução 466/12 do Conselho Nacional de Ética e Pesquisa\n(CONEP) (BRASIL, 2012)\nResultados e Discussão\nNo que diz a respeito sobre o recebimento após a implantação dos kits de TR nas UAPS, conforme\nos gestores coordenadores participaram do estudo informaram, observou-se que das 78 unidades, 38\n(48,7%) receberam os kits, 31 (39,7%) unidades não receberam os kits, e 9 (11,5%) gestores não\ninformaram se as UAPS coordenadas receberam os kits de TR. Vale ressaltar que o processo de solicitação\ndos kits de TR deve ser feito pelos coordenadores das UAPS após a capacitação (LOPES et. al, 2016).\nSobre o estoque ser suficiente para atender a demanda da unidade, 33 (42,3%) dos gestores\ninformaram que suas unidades possuíam estoque suficiente, 10 (12,8%) não possuíam estoque suficiente\npara atender a demanda, e 35 (44,9%) dos gestores não informaram sobre o estoque dos kits de TR da sua\nunidade.\nEm relação a falta de kit após a implantação dos TR, observou-se que 9 (11,5%) gestores\ninformaram já ter havido falta de kit, 23 (29,5%) informaram que não houve falta de TR na unidade após a\nimplantação dos TR, e 46 (59,0%) dos gestores não informaram.\nAo final, foi avaliado de cada gestor a importância dos testes rápido, verificou-se que para 74 (94,9\n%) dos gestores os TR possuem extrema importância, e que para 4 (5,1 %) dos gestores os TR na unidade\nsão importantes.\nTabela 1.\nCARACTERÍTICAS FREQUÊNCIA %\nUnidade recebeu kit\napós capacitação\nSIM 38 48,7\nNÃO 31 39,7\nNão informado 9 11,5\nTotal 78 100\nEstoque é suficiente\npara demanda\nSIM 33 42,3\nNÃO 10 12,8\nNão informado 35 44,9\nISSN 18088449 3Total 78 100\nAlguma vez faltou\nKit na unidade\nSIM 9 11,5\nNÃO 23 29,5\nNão informado 46 59,0\nTotal 78 100\nImportância dos TR\nExtrema importância 74 94,9\nImportante 4 5,1\nTotal 78 100\nÉ relevante que ocorra um maior investimento na implantação dos TR nas Unidades de Atenção\nPrimária à Saúde (UAPS), considerando que se trata de tecnologias simples e que não necessitam de\nespaço laboratorial e de suas outras inúmeras vantagens. Nesse processo, o envolvimento dos\nprofissionais, o treinamento adequado acompanhado de conhecimento teórico suficiente deve ser a garantia\nde uma maior segurança acerca do assunto que é colocado em prática (LOPES et. al, 2016).\nDessa forma, ressalta-se a importância da articulação dos gestores de saúde frente ao controle da\nTV do HIV e sífilis. Inúmeros são os fatores que determinam a ocorrência destas infecções, pois as\nestratégias estão além da governança dos gestores de saúde, entretanto, o desempenho destes deve dispor\nde todas as oportunidades para proporcionar os insumos relevantes ao progresso das ações de controle da\nTV. Sendo assim, os gestores de saúde devem apropriar-se ao contexto político e saber enfrentar os\ndesafios pertinentes ao âmbito das infecções relacionadas ao período gestacional (BRASIL, 2015d).\nEstudos evidenciam que existem dificuldades na realização dos testes rápidos para sífilis e HIV nas\nUAPS e principalmente durante a assistência pré-natal, havendo necessidade de facilitar a realização do\nprocedimento no momento da assistência (LOPES et. al, 2016).\nApesar de boa cobertura, a qualidade do atendimento na maioria das vezes implica a envoltura e\nacompanhamento das gestantes, sendo que é de extrema importância que as modificações frente a\nimplantação dos TR sejam vistas como estratégias que favoreçam o adiantamento de todo esse processo e\ninibir a TV da sífilis e do HIV.\nDessa forma, é possível destacar que sem a efetividade programática através da disciplina e\ncobrança do serviço, torna-se dificultoso erradicar ou diminuir doenças como o HIV e a sífilis, ainda mais\nquando o controle depende, também, de aspectos comportamentais das gestantes.\nConclusão\nDiante o exposto, observou-se que a disponibilidade dos kits de testagem rápida para sífilis e HIV\ntêm sido ofertados a maioria das unidades de atenção primária à saúde do município. Por ser uma\nestratégia considerada para diagnóstico e tratamento precoce dessas infecções, há necessidade de uma\nmaior busca dos entraves que envolve a justificativa dos altos índices dessas infecções no período\ngestacional e da transmissão vertical, assim como, torna-se necessário realizar atividades de promoção à\nsaúde, estas que devem ser elaboradas por profissionais de saúde juntamente com os coordenadores\nISSN 18088449 4gestores, pois existe um processo organizacional e operacional ponderoso que precisa ser trabalhado para\num melhor desfecho.\nReferências\nARAÚJO, M. A. L; ROCHA, A. F. B; CAVALCANTE, E. G. F; MOURA, H. J; GALVÃO, M.T.G; LOPES, A. C.\nM. U. Doenças Sexualmente Transmissíveis atendidas em uma unidade primária de saúde no nordeste do\nBrasil. Cad. Saúde Colet., 2015 Rio de Janeiro, 23(4): 347-353\nARAÚJO, M. A. L; BARROS, V.L; MOURA H. J; ROCHA, A. F. B; GUANABARA, M. A. O. Prevenção da sífilis\ncongênita em Fortaleza, Ceará: uma avaliação de estrutura e processo. Cad. Saúde Colet., 2014, Rio de\nJaneiro, 22 (3): 300-6.\nBRASIL. Ministério da Saúde. Gabinete do Ministro. Portaria Nº 1.459, DE 24 DE JUNHO DE 2011. Institui,\nno âmbito do Sistema Único de Saúde - SUS - a Rede Cegonha. Diário Oficial da União, 2011.\nBRASIL. Ministério da Saúde. Conselho Nacional de Saúde- CNS. Resolução nº 466 de 12 de dezembro de\n2012. Dispõe sobre as diretrizes e normas regulamentadoras de pesquisas envolvendo seres humanos.\nBrasília: Ministério da Saúde; 2012.\nBRASIL. Ministério da Saúde - Secretaria de Atenção à Saúde - Secretaria de Vigilância em Saúde.\nOrientações para a implantação dos testes rápidos de HIV e sífilis na atenção básica. Brasília, 2012.\nBRASIL. Ministério da Saúde. Transmissão Vertical do HIV e Sífilis: Estratégias para redução e\neliminação. Brasília-Distrito Federal, 2014.\nBRASIL. Ministério da Saúde -Secretaria de Vigilância em Saúde Departamento de DST, Aids e Hepatites\nVirais. Protocolo Clínico e Diretrizes Terapêuticas para Prevenção da Transmissão Vertical de HIV,\nSífilis e Hepatites Virais. Brasília, Distrito Federal, 2015a.\nBRASIL. Ministério da Saúde – Secretaria de Vigilância em Saúde – Departamento de DST, Aids e Hepatites\nVirais. Boletim Epidemiológico de Sífilis. Brasília, Distrito Federal 2015b.\nBRASIL. Ministério da Saúde. Boletim Epidemiológico HIV/AIDS. Ano IV - nº 1 - da 27ª à 53ª semana\nepidemiológica - julho a dezembro de 2014 Ano IV - nº 1 - da 01ª à 26ª semana epidemiológica - janeiro a\njunho de 2015. ISSN: 1517-1159. Brasília 2015c.\nBRASIL. Ministério da Saúde. Secretaria de Vigilância em Saúde. Departamento de DST, Aids e Hepatites\nVirais. Protocolo Clínico e Diretrizes Terapêuticas para Atenção Integral às Pessoas com Infecções\nSexualmente Transmissíveis / Ministério da Saúde, Secretaria de Vigilância em Saúde, Departamento de\nDST, Aids e Hepatites Virais. – Brasília: Ministério da Saúde, 2015d. 120p.: il.\nISSN 18088449 5CRESWELL, J. W. Research design: qualitative, quantitative, and mixed methods approaches. 2nd\ned. Thousand Oaks: Sage Publications; 2003.\nFORTALEZA. PREFEITURA MUNICIPAL DE FORTALEZA. SECRETARIA MUNICIPAL DE SAÚDE (SMS).\nUNIDADES BÁSICAS DE SAÚDE. DISPONÍVEL EM: ACESSO EM: 24 DE JUNHO DE 2016.\n[WWW.SMS.CE.GOV.BR].\nLOPES, A.C.M.U; ARAÚJO, M.A.L; VASCONCELOS, L.D.P.G; UCHOA, F.S.V; ROCHA, H.P; SANTOS, J.R.\nImplementation of fast tests for syphilis and HIV in prenatal care in Fortaleza – Ceará. Rev. Bras. Enferm.\n2016;69(1):54-8.\nPINTO, V. M.; TANCREDI, M. V.; ALENCAR, H. D. R.; CAMOLESI, E.; HOLCMAN, M. M.; GRECO, J. P.;\nGRANGEIRO, A.; GRECO, E. T. O. Prevalência de Sífilis e fatores associados a população em situação de\nrua de São Paulo, Brasil, com utilização de Teste Rápido. Rev. Bras. Epidemiol. São Paulo, v. 17, n. 2,\n2014.\nAgradecimentos\nAgradecemos primeiramente a Deus e aos nossos pais, segundamente as nossas professoras orientadoras\ne ao Programa de Bolsas de Iniciação Científica da Fundação Edson Queiroz - PROBIC/FEQ/UNIFOR.\nISSN 18088449 6"
}