{
  "id": "27316",
  "trabalho": "A CRIANÇA POR TRÁS DA QUEIXA INICIAL ANÁLISE DA DIFICULDADE DE APRENDIZAGEM EM UM PROCESSO DE PSICODIAGNÓSTICO",
  "area": "CIÊNCIAS DA VIDA",
  "ano": "2016",
  "evento": "XXII - ENCONTRO DE INICIAÇÃO À PESQUISA ",
  "link": "http://uol.unifor.br/oul/conteudosite/?uuid=59CC0E0DF98C5772132D0CD57EEEC66A0047667E",
  "conteudo": "XXII Encontro de Iniciação à Pesquisa\nUniversidade de Fortaleza\n17 à 21 de Outubro de 2016\nA criança por trás da queixa inicial: Análise da dificuldade de\naprendizagem em um processo de psicodiagnóstico.\nAutores: Maria Tereza Portela Ramos 1* (IC), Creuzimar Cruz 1 (IC)\nProfa. Orientadora: Cristiane Vasconcelos (PQ)\n1. Universidade de Fortaleza – Curso Psicologia.\nmaiteportela9@gmail.com\nPalavras-chave: Psicodiagnóstico. Dificuldade de Aprendizagem. Psicologia Comportamental.\nResumo\nApresenta-se aqui um estudo descritivo-exploratório que se fundamenta em revisão bibliográfica e no\natendimento psicodiagnóstico realizado com uma criança de 8 anos, no serviço SPP, da Universidade de\nFortaleza (UNIFOR). O processo partiu da queixa de dificuldade na alfabetização e foi realizada análise\ndo contexto do paciente, refletindo sobre aspectos comportamentais e sociais que atuam na manutenção\nde suas dificuldades. Os instrumentos utilizados para o levantamento de dados foram: entrevistas,\nobservação clínica, testes psicométricos e testes projetivos. Com o aporte teórico da Terapia Cognitivo\nComportamental, o psicodiagnóstico proporcionou o encaminhamento adequado para o paciente,\nobjetivando a mudança de crenças e comportamentos.\nIntrodução\nO presente artigo apresenta o processo desenvolvido durante a disciplina de Prática Integrativa VI, do\ncurso de Psicologia da Universidade de Fortaleza (UNIFOR), que promove aos estudantes a experiência\ncomo facilitadores de uma prática de psicodiagnóstico. A vivência desta disciplina instrumentaliza os\nfuturos psicólogos a realizar o manejo clínico com objetivo de analisar a realidade psíquica e social de\npacientes, com vistas a produzir relatórios que descrevam os aspectos observados pelo profissional\nsobre o contexto de vida da pessoa atendida e dar encaminhamento baseado no que for diagnosticado.\nPara Cunha (2003) o psicodiagnóstico é uma avaliação clínica que “procura avaliar forças e fraquezas no\nfuncionamento psicológico, com um foco na existência ou não de psicopatologia” (pg. 22). Em geral, as\npessoas procuram a avaliação psicológica para compreender a dinâmica em torno de algum problema e\nreceber orientações quanto ao tratamento adequado. Crianças chegam até o processo de\npsicodiagnóstico geralmente encaminhadas pela escola, por queixas relacionadas à aprendizagem, ou\npela família, partindo de queixas comportamentais.\nPara a obtenção de resultados fiéis no psicodiagnóstico, os testes psicométricos são instrumentos\nimportantes. Através deles, o psicólogo levanta dados acerca de características específicas do paciente,\ncomo seu nível cognitivo ou traços indicadores de transtornos. Entretanto, a avaliação clínica não pode\nse limitar ao uso de testes objetivos, pois “essas descrições tipicamente não estão relacionadas com o\ncontexto total da pessoa e nem se voltam para os problemas singulares que ela possa estarenfrentando.” (GROTH-MARNAT, 1999, apud CUNHA, 2003, pg. 24). Assim, a análise completa se dá a\npartir do conhecimento do contexto em que o paciente vive, dados que são levantados através das\nentrevistas e dos testes projetivos. Os testes projetivos possibilitam que o psicólogo tenha acesso a\naspectos mais subjetivos do paciente, que, relacionados às informações obtidas nas entrevistas e nos\ntestes psicométricos, proporcionam ao psicólogo uma compreensão global.\nMetodologia\nSegundo CUNHA, “psicodiagnóstico é um processo científico, limitado no tempo, que utiliza técnicas e\ntestes psicológicos, em nível individual ou não” (2009, pg. 26) para entender problemas à luz da teoria.\nRelata-se aqui um processo psicodiagnóstico do tipo entendimento dinâmico, que, para esta autora,\nconsiste em “pressupor um nível mais elevado de inferência clínica, havendo uma integração de dados\ncom base teórica. Permite chegar a explicações de aspectos comportamentais nem sempre acessíveis\nna entrevista.” (2009, pg. 27).\nDentre os instrumentos para coleta de dados, foram utilizadas entrevistas, bateria de testes e\nobservações clínicas – realizadas principalmente através de brincadeiras, por se tratar de paciente\ncriança. O psicodiagnóstico envolve levantamento de hipóteses que serão validadas, ou não, durante o\nprocesso. Por isso, diante da queixa inicial foram definidos, junto à professora orientadora da disciplina,\nos testes que pudessem oferecer resultados para averiguação das hipóteses pensadas. Os testes\nescolhidos para levantamento desses dados objetivos foram: R2; Matrizes progressivas coloridas –\nRaven Especial; Escala de Maturidade Mental Colúmbia; Teste da casa, árvore e pessoa (HTP); Escala\nde stress infantil (ESI); Teste Gestáltico Viso Motor de Bender.\nO psicodiagnóstico aqui relatado foi realizado com K., um menino de 8 anos, trazido pela mãe, por\norientação da professora da escola. A queixa inicial é a dificuldade do garoto em se alfabetizar, estando\nna 3ª série do ensino fundamental e não sabendo ler e escrever ainda. A escolha dos testes se deu a\npartir do objetivo de investigar a queixa inicial, quanto ao desenvolvimento cognitivo da criança. Os\ndados, entretanto, não poderiam se limitar apenas à investigação do aspecto cognitivo. Caracterizando-\nse como um psicodiagnóstico de entendimento dinâmico, foi preciso buscar o aprofundamento de\nquestões sociais e comportamentais que podem influenciar o problema do paciente, por isso foi incluída\na escala de stress e os testes projetivos. O teste HTP oferece importantes informações acerca da\nsubjetividade da criança, se configurando em um instrumento muito importante para levantar dados\nsobre a dinâmica subjetiva do paciente. A observação clínica também foi fundamental no processo: o\nmanejo dos encontros com a criança, os diálogos e as brincadeiras, trouxeram importantes dados de\nrealidade.\nO psicodiagnóstico teve duração de 10 sessões semanais, de 50 minutos cada, entre os meses de\nfevereiro e maio de 2016. Houve um encontro de entrevista de anamnese com a mãe da criança e os\ndemais encontros foram de atendimento ao paciente, com aplicação dos testes psicológicos. Todo oprocesso foi orientado pela professora da disciplina de Prática Integrativa VI, que prestou supervisão\nem cada momento.\nPara construção desse artigo, buscou-se a colaboração de autores que discutem a base teórica do\npsicodiagnóstico (CUNHA, 2003; CAMPOS, 1990), assim como autores que contribuem na discussão do\ntema da infância e da dificuldade de aprendizagem segundo a abordagem da Terapia Cognitiva\nComportamental (MEDEIROS et al, 2000). Por se tratar de atendimento a uma criança, buscou-se\ntambém bibliografia específica sobre esse tipo de psicodiagnóstico. AIELLO-TSU (1984) afirma que esse\nprocesso tem um desafio inicial, que é definir “quem devemos considerar como cliente, a criança, em\nrelação à qual é apresentada uma queixa, seus pais, que contratam nossos serviços, ou o médico, por\nexemplo, que solicita um parecer psicológico?” (pg. 36). Neste artigo, considera-se a criança como o\ncentro do processo, tendo o psicodiagnóstico caminhado além da queixa inicial trazida pelos pais e pela\nescola, buscando compreensão do paciente e seu contexto de vida.\nResultados e Discussão\nNa entrevista de anamnese com a mãe, levantou-se que K. nasceu prematuro e teve algumas\ndificuldades em seu desenvolvimento nos primeiros anos de vida, como dificuldade no mamar e atraso\nna motricidade e na fala. O menino fez tratamento com fonoaudióloga e hoje fala normalmente. Ele\ntambém frequenta neuropediatra desde que nasceu, e há dois anos iniciou tratamento com o\nmedicamento risperidona, por, segundo o médico, apresentar comportamento agressivo – relatou que\nK. chorava, gritava e arremessava objetos quando era contrariado, mas não agredia fisicamente outras\npessoas. A mãe também relatou certa inquietude em K., afirmando que quando está em casa ele “vai\nvárias vezes à cozinha e mexe nas coisas”.\nO paciente frequenta a escola no turno da tarde, por orientação da escola, já que a turma nesse período\ntem menos alunos e a professora pode dar mais atenção às dificuldades de K, fazendo a leitura das\natividades para ele. A mãe comentou que a dificuldade de K. em se alfabetizar tem acarretado\ndificuldades de socialização, chegando o garoto a ter expressado o desejo de sair da escola. Pela\nmanhã, ele fica com o pai, que trabalha em casa. A mãe relatou que os pais não têm tempo de\nacompanhar K. nos estudos e, quando acompanham, não têm paciência e costumam dizer ao garoto o\nque ele deve fazer na tarefa. K. dorme no mesmo quarto dos pais, e tem o hábito de assistir televisão\naté bem tarde, muitas vezes dormindo depois do pai e da mãe.\nNas primeiras sessões com K., ele demonstrou um nível de tensão, que foi se dissipando ao longo dos\nencontros. Houve esforço para deixá-lo à vontade, oferecendo aquele espaço como dele, em que\npudesse se expressar livremente. A brincadeira foi um importante meio de aproximação com o garoto\ndurante o processo, K. mostrou-se interessado e criativo enquanto brincava. Conforme nos fala\nAIELLO-TSU (1984) o psicodiagnóstico, assim como a psicoterapia, tem a relação interpessoal como\nfundamento da prática. Assim, através da relação, K. sentiu-se livre para se expressar, brincar, e\ncomunicar-se sobre suas dificuldades.Na avaliação de inteligência, K. teve bons resultados nos testes R2, Raven Especial e Colúmbia. Sua\ncapacidade intelectual está dentro da média e é compatível com sua idade cronológica. O garoto\ndemonstrou uma boa desenvoltura com números: ele reconhece os números, domina operações de\nsoma e subtração e mostrou um bom raciocínio matemático jogando dominó. Entretanto, quando foram\npropostas atividades envolvendo o alfabeto, ele recusou-se, demonstrando sinais de nervosismo.\nPercebeu-se que os estímulos ligados à linguagem escrita são bastante aversivos para o paciente.\nNos testes psicométricos foi possível concluir que K. não apresenta deficiências cognitivas. Já na ESI\n(Escala de Stress Infantil), apareceram traços de stress. Durante um dos encontros, o garoto confirmou\nesse aspecto, ao comentar que fica muito nervoso antes de fazer provas, chegando a chorar e ter\ndificuldades para dormir. Os testes projetivos (HTP e Bender) permitiram concluir que o menino\napresenta alguns traços conflituosos em sua personalidade e contexto de vida, tais como: sentimentos\nde insegurança e inferioridade, ansiedade, isolamento, regressão, vulnerabilidade e necessidade de\ngratificação imediata.\nO HTP é um teste projetivo bastante popular. Para CAMPOS (1990), a popularidade de testes de\ndesenho se justifica “em virtude de sua economia do tempo, fácil administração e férteis resultados\nclínicos” (pg. 14). Os desenhos, nesse teste, podem ressaltar traços da personalidade do paciente. A\nrelação entre o tamanho da folha e do espaço desenhado, por exemplo, “pode estabelecer um paralelo\ncom a relação dinâmica entre o sujeito e o seu ambiente ou entre o sujeito e as figuras parentais”. No\nteste projetivo, verificou-se que K. apresenta sentimentos de retraimento e inadequação social.\nA análise dos resultados obtidos a partir dos testes, sempre relacionados aos dados que surgiram nas\nsessões através da relação que foi estabelecida com o garoto, permite tomar as conclusões quanto ao\nprocesso psicodiagnóstico de K.: transtorno específico de leitura (CID F81.0 e DSM 315.00), com\ndificuldades emocionais relacionadas. Viu-se que os testes psicométricos demonstraram que a\ninteligência de K. está condizente com sua idade, o que indica que sua dificuldade em alfabetizar-se\ndeve ser analisada de forma contextual.\nSegundo MEDEIROS et al (2000), o processo de ensino e aprendizagem é perpassado por variáveis\ninternas, como o sistema de crenças, escolhas e afetos da pessoa, que atuam como mediadores na\nrelação entre estímulo e resposta. Conclui-se que o distanciamento de K. com a linguagem escrita se\nmantém por conta de dificuldades de ordem emocional, principalmente no que se refere às suas\ncrenças relacionadas ao conceito de autoeficácia. As crenças afetam pensamentos, sentimentos e\nações, e a autoeficácia se refere à visão que a pessoa tem da própria capacidade e desempenho.\nAinda conforme os estudos das autoras citadas acima, a autoeficácia influencia quatro processos do\ncomportamento: a cognição, a motivação, o afeto e a seleção de atividades e ambientes. Vê-se isso no\ncaso de K., já que o garoto apresenta dificuldades para processar a leitura, tem respostas emocionais\nnegativas ao se ver diante do estímulo e evita atividades e ambientes relacionadas às suas\ndificuldades. Nas sessões, K. mostrou ser um garoto criativo, interessado nas brincadeiras e inteligente.Entretanto, é também uma criança tímida e preocupada, que desenvolveu sentimentos de inadequação\nsocial após passar por situações em que os colegas riram dele e em que ele se sentiu incapaz de\naprender a ler. Qualquer tentativa de apresentar o estímulo do alfabeto, já gera em K. respostas de\nansiedade e stress.\nConstatou-se que se faz necessário uma dessensibilização desse estímulo, para que o garoto possa\nestabelecer novas relações com a leitura. Faz-se fundamental também reforçá-lo positivamente na\naprendizagem e em suas relações sociais. Nas sessões, foi possível perceber sentimentos de\ninsegurança e necessidade de reforço imediato – logo após terminar alguma atividade, o menino\nperguntava se estava certo e bonito. Um trabalho de reforçamento diferencial se mostrará benéfico para\no paciente, reforçando comportamentos de adequação social e aumentando sua crença na própria\ncapacidade. A modelagem comportamental poderá, inclusive, atuar na extinção do comportamento\nagressivo que K. apresenta quando é frustrado – que atualmente está sendo tratado de forma\nmedicamentosa.\nAvaliando todos os dados colhidos ao longo do psicodiagnóstico, se vê necessário um processo de\npsicoeducação, em que sejam reavaliadas sua rotina familiar, pedagógica e relacional. Os pais devem\nbuscar estabelecer horários mais saudáveis para o filho, com organização da rotina para garantia de\nboas horas de sono e períodos produtivos em casa. K. pode ter grandes benefícios com uma maior\norganização do tempo e utilização de estímulos como jogos educativos e atividades contextualizadas\npara impulsionar sua aprendizagem. É necessário também que os pais se esforcem mais para\nacompanhar as atividades em casa, com paciência e evitando punições ou momentos geradores de\nstress, estimulando o interesse e a autonomia de K. na realização das tarefas.\nOutra ação positiva pode ser a de possibilitar à criança o acesso a outros grupos sociais que possam\nreforçá-lo. Os pais podem, por exemplo, incluir K. em atividades extraescolares do seu gosto. Dessa\nforma, estará se trabalhando a partir dos potenciais cognitivos e sociais do garoto. É importante o\n“aproveitamento das funções total ou parcialmente preservadas por meio do ensino de estratégias\ncompensatórias e aquisição de novas habilidades” (SOARES et al, 2003, pg. 9).\nEm resumo, considerando as contribuições bibliográficas e o que foi relatado sobre o caso de K., o\nencaminhamento dado inclui: ludoterapia, reforço à aprendizagem de habilidades linguísticas a partir da\nvisão cognitiva comportamental, mudanças na rotina familiar, atividades extraescolares para interação\nsocial e reavaliação psicológica após dois anos da presente data.\nConclusão\nA realização do psicodiagnóstico é fundamental para estudantes de psicologia, que passam por um\ntreinamento prático de manejo clínico, vendo-se como profissionais. A disciplina de Prática Integrativa VI\noferece aos estudantes a construção de conhecimentos fundamentais para a prática clínica em\nPsicologia, tais como: manejo de entrevista clínica, aplicação de testes psicométricos e projetivos,análise e interpretação de resultados, integração de todos as informações, compreensão global do\npaciente, organização das informações em documentos psicológicos (como relatório ou laudo) e direção\nda entrevista diagnóstica devolutiva – que informa ao paciente os principais traços percebidos e indica o\nencaminhamento mais adequado para seu caso.\nO encontro com K. foi enriquecedor, pois, além do aprendizado que a relação clínica com ele\nproporcionou, foi possível também oferecer um serviço de qualidade ao garoto, atuando para que sua\nvida siga de forma mais saudável e que ele supere suas dificuldades atuais. Considera-se que o ponto\ncentral do processo foi a análise contextual da queixa trazida. Dessa forma, foi possível analisar diversos\naspectos da vida do paciente e propor mudanças nos diversos contextos. Essas mudanças trarão\nbenefícios para K., não só em relação à queixa inicial trazida pela escola e pela família, mas também\nconsiderando os sofrimentos que o próprio garoto comunicou ao longo dos encontros.\nComo abordado pelos autores pesquisados na revisão bibliográfica, o psicodiagnóstico com crianças\nenvolve necessariamente o contexto familiar e demais aspectos da vida do paciente. Por isso, o\nencaminhamento dado ao caso envolve mudanças de aspectos familiares, pedagógicos e relacionais. É\nimprescindível o compromisso dos pais e da escola na mudança cognitiva e comportamental de K.. Será\nmuito benéfico para a criança que sua rotina seja organizada de forma mais saudável, com\nrelacionamento mais íntimo e paciente entre ele e os pais, além de se inserir em outros grupos sociais\nque possam garantir diversidade de reforçadores para ele.\nEspera-se que o processo realizado favoreça o contexto relacional de K. e que a partir dos\nencaminhamentos ele consiga desenvolver mais instrumentos cognitivos e comportamentais para\nsuperar suas dificuldades de aprendizagem e de relacionamento.\nReferências\nAIELLO-TSU, T. M. J. A relação psicólogo-cliente no psicodiagnóstico infantil. In: W. Trinca (Org.),\nDiagnóstico psicológico: A prática clínica. São Paulo: EPU, 1984. p. 34-50.\nCAMPOS, D. M. de Souza. O teste do desenho como instrumento de diagnóstico da personalidade:\nvalidade, técnica de aplicação e normas de interpretação. Petrópolis: Editora Vozes, 1990.\nCUNHA, Jurema Alcides. Psicodiagnóstico - V. Porto Alegre: Artmed, 2003.\nMEDEIROS, P. C. et al. A Auto-Eficácia e os Aspectos Comportamentais de Crianças com Dificuldade\nde Aprendizagem. Psicologia: Reflexão e Crítica, 2000, 13(3), pp.327-336\nAgradecimentos\nAgradecemos ao Curso de Psicologia da Universidade de Fortaleza, UNIFOR, pela oportunidade\nvivenciada. E também a nossa orientadora, Professora Ms. Cristiane Vasconcelos, que nos acompanhou\ndurante os processos e que muito nos ajudou na elaboração desse artigo."
}