{
  "id": "27337",
  "trabalho": "A VISÃO DO CIRURGIÃO-DENTISTA DO SISTEMA PÚBLICO DE SAÚDE DE FORTALEZA NO DIAGNÓSTICO E TRATAMENTO DE LESÕES NÃO CARIOSAS.",
  "area": "CIÊNCIAS DA VIDA",
  "ano": "2016",
  "evento": "XXII - ENCONTRO DE INICIAÇÃO À PESQUISA ",
  "link": "http://uol.unifor.br/oul/conteudosite/?uuid=4486415F11E12186EF7096165B5E16E03A633F43",
  "conteudo": "XXII Encontro de Iniciação à Pesquisa\nUniversidade de Fortaleza\n17 à 21 de Outubro de 2016\nA visão do cirurgião-dentista do Sistema Público de Saúde de Fortaleza no\ndiagnóstico e tratamento de lesões não cariosas.\nVanessa Savastano de Cerqueira Rêgo Ribeiro Almeida1*(IC). Emanoel Lima de Almeida¹ (IC), Davi\nOliveira Bizerril² (PQ), Vanara Florêncio Passos2 (PQ),\n1. Universidade de Fortaleza\n2. Professor(a) da Universidade de Fortaleza\nvanessasavastano@gmail.com\nPalavras-chave: Abrasão dentária. Erosão dentária. Atrito dentário. Diagnóstico.\nResumo\nIntrodução: As lesões não cariosas apresentam etiologia multifatorial, caracterizadas por desgastes\ndentários irreversíveis sem envolvimento de processos cariosos, sendo diagnosticadas como erosão por\norigem intrínseca ou extrínseca, abfração, atrição ou abrasão. Objetivo: O objetivo deste trabalho\nconsistiu na realização de um levantamento de dados por meio de questionário com cirurgiões-dentistas do\nSistema Único de Saúde, inseridos na Atenção Básica, a fim de verificar o conhecimento destes a respeito\ndessas lesões. Métodos: As variáveis do questionário forma: dados de formação, conhecimento do\ndiagnóstico e tratamento dessas lesões. Os dados quantitativos foram organizados em tabelas e/ou\ngráficos no software estatístico StatisticalPackage for the Social Sciences (SPSS) versão 16.0.\nResultados: Em relação ao porcentual de acerto referente a lesão de abfração, erosão intrínseca, abrasão\nassociada à erosão extrínseca, abrasão, atrição e erosão extrínseca correspondeu respectivamente a\n51,97%, 71,57%, 7,84%, 20,60%, 78,43% e 81,37%. Conclusão: Embora grande parte dos profissionais\nter sido capaz de identificar um plano de tratamento adequado para os casos propostos em questão, o\ndiagnóstico das lesões não cariosas deixaram a desejar, exceto quando se tratou de erosão intrínseca e\nextrínseca, e atrição que obtiveram resultados mais satisfatórios.\nIntrodução\nAs lesões não cariosas são descritas como lesões na estrutura dental, com a perda esmalte e dentina, sem\nque haja a ação de bactérias (HATTAB; YASSIN, 2000).\nEssas lesões foram agrupadas de acordo com a sua forma, características peculiares e sua origem. Elas\nsão denominadas em erosão por origem intrínseca ou extrínseca, abfração, atrição ou abrasão (LIMA;\nHUMEREZ; LOPES, 2005).\nNa erosão, observamos o desgaste da estrutura dental por meio de ácidos sem ser de origem bacteriana.\nIsso se deve ao estilo de vida, mudança de hábitos e na dieta das pessoas (BISHOP; KELLEHER;\nBRIGGS; JOSH, 1997). Na abfração, ocorre uma perda de estrutura dental na região cervical dos dentes\nocasionado pelo excesso de forças sobre o dente (BONACIN; SANTOS, 1998).\nNa atrição, observamos uma perda dental ocasionada pelo contato interdental devido a fatores funcionais\nou parafuncionais. Sendo esses desgastes observados nas faces oclusais e incisais dos dentes (IMFELD,\nISSN 18088449 11996). A perda de estrutura dental ocasionada por ação mecânica excessiva por objetos ou substâncias\nexternas denomina-se abrasão (SHAFER; HINE; LEVY, 1987).\nDevido ao difícil diagnóstico por parte dos profissionais sobre essas lesões, o tratamento também fica\ncomprometido, pois não há possibilidade de tratar essas lesões de forma adequada sem que haja um\nfechamento correto de diagnóstico e sem agir no fator causal. Para isso, deve utilizar meios clínicos e\ndiferenciados de diagnóstico para uma correta conduta terapêutica.\nMetodologia\nFoi realizada uma pesquisa de natureza observacional do tipo transversal com abordagem metodológica\nquantitativa.\nA pesquisa foi realizada com os profissionais de saúde (cirurgiões-dentistas) que trabalham no Programa\nSaúde da Família da cidade de Fortaleza, capital do Estado do Ceará, abrangendo todas as Unidades de\nSaúde das regionais I, II, III, V e VI, no período de junho a agosto de 2015. A população em estudo foi\ncomposta por todos os cirurgiões-dentistas que aceitaram participar do estudo e assinaram o Termo de\nConsentimento Livre e Esclarecido, sendo iniciado após aprovação pelo Comitê de Ética e Pesquisa da\nUniversidade de Fortaleza, com número 1.242.508.\nA coleta de dados foi realizada através de um questionário com presença de figuras relacionadas a casos\nclínicos onde foram pesquisadas as seguintes variáveis: gênero, idade, universidade de formação,\npresença ou não de curso de pós-graduação, ano de formação, setor de trabalho e nível de dificuldade\nrelatada pelo profissional diante ao questionário a respeito das lesões não cariosas.\nApós a coleta, os dados quantitativos foram organizados em tabelas e/ou gráficos no software estatístico\nStatistical Package for the Social Sciences (SPSS) versão 16.0. Os dados foram analisados por meio de\nfrequências absolutas e relativas, além de obedecer a erro amostral de 5% e um intervalo de confiança de\n95%.\nResultados e Discussão\nAs lesões dentárias não cariosas, caracterizadas pela perda irreversível da estrutura dentária sem envolver\nprocesso carioso, podem variar de acordo com sua etiologia, severidade, localização e apresentação\nclinica (HATTAB; YASSIN, 2000). Acredita-se que elas constituem um grupo de lesões de grande\ncomplexidade na prática clínica odontológica, devido principalmente à etiologia e ao tratamento proposto\n(LIMA; HUMEREZ; LOPES, 2005).\nEste presente estudo se deu então por meio de um questionário realizado com 102 profissionais, cirurgiões-\ndentistas da Estratégia Saúde da Família da cidade de Fortaleza, do estado do Ceará. A partir dos dados\nobtidos, a idade média dos participantes foi de 41,27, tendo como idade mínima, 24 anos, e máxima, 67\nanos. Quanto ao ano de formação, variou de 1972 a 2014, tendo maior prevalência a presença de\nprofissionais com 18 anos de formado, pertencente ao sexo feminino (68%), incluindo profissionais\ngraduados na Universidade Federal do Ceará, Universidade de Fortaleza e outros.\nAo levar-se em consideração o gênero comparado ao índice de acertos, de acordo com dados do Teste x2,\npercebe-se que não houve diferença significativa entre ambos os sexos quanto aos índices de erros e\nacertos, percebendo que o diagnóstico e/ou tratamento não esteja atrelado a uma maior afinidade por\ndeterminado sexo do profissional. Quando se considera a faculdade de graduação, percebe-se que mesmo\ntendo a maior quantidade de entrevistados graduados pela Universidade Federal do Ceará,\nISSN 18088449 2correspondendo a 66,66% dos profissionais, e os graduados pela Universidade de Fortaleza corresponder a\n26,47%, observa-se maior índice de acertos do questionário pelos últimos, podendo estar atrelada a um\nmaior cuidado ao ser repassado essas lesões aos graduandos, ou pelo maior enfoque por parte da\nuniversidade ou pela maior afinidade desses profissionais, na época da graduação ou depois da vida\nacadêmica, a cerca desse assunto.\nDentre os entrevistados, apenas sete profissionais não possuem pós-graduação, equivalente a 6,86%,\npossuindo o restante de uma até quatro especializações.\nOs cirurgiões-dentistas que foram submetidos à entrevista atuam 44,1% apenas no serviço público e\n55,90% trabalham tanto no serviço público, como no privado, correspondendo respectivamente a 45 e 57\nprofissionais.\nPor meio de dados descritivo, pode-se verificar no gráfico 1 a quantidade de acertos e erros de todo o\nquestionário feito pelos dentistas na Estratégia de Saúde da Família.\nGráfico 1. Quantidade de erros e acertos visualizados no questionário aplicado aos cirurgiões-\ndentistas.\nPor meio dos resultados obtidos através do questionário aplicado, obteve-se maior índice de acerto de\ndiagnóstico quando se tratou de erosão extrínseca, semelhante ao visto por Santos et al (2007), pelo fato\nde essa lesão ter como fator patognomônico o desgaste na face vestibular principalmente de elementos\ndentais anteriores, associado aos hábitos alimentares inadequados. Desse modo, o caso clínico proposto,\ntinha como enunciado fatores esclarecedores do diagnóstico, usando como exemplo a ingestão em\nexcesso de alimentos e/ou bebidas que possuem pH baixo, causando assim, a presença dessas lesões. A\nsegunda lesão com maior número de assertivas foi à atrição como pode-se observar acima. O elevado\níndice de acerto dessa questão sugeriu que a fotografia foi um meio esclarecedor para o diagnóstico por\nparte do profissional.\nA lesão de abrasão associada à erosão extrínseca obteve menor índice de acertos por parte dos\nprofissionais inseridos na atenção básica. Esse elevado índice de erro em comparação com as outras\nlesões citadas anteriormente pode ter ocorrido devido à associação entre duas lesões. Porém, deve-se\nlevar em conta que esses processos quando associados podem avançar mais rapidamente sobre a\nestrutura dental devendo então realizar mais rapidamente um correto diagnóstico para em seguida realizar\no tratamento devido à agressividade dessas lesões quando associadas (SANTOS-DAROZ; DAROZ;\nBATITUCCI; MIRANDA, 2007).\nEm relação ao nível de dificuldade relatado pelos cirurgiões-dentistas, a maioria relatou ter tido, seja no\ndiagnóstico ou no tratamento das lesões não cariosas. Entre os profissionais entrevistados, o nível de\nISSN 18088449 3dificuldade foi determinado por uma nota de 0 a 10, sendo 0 ausência de dificuldade e 10 dificuldade\nmáxima relata por eles. Foi verificado que a maioria relatou ter tido nível mediano, correspondendo a\n21,6%, seguido de nível 6 de dificuldade, equivalente a 11,80%.\nAlém da análise do diagnóstico de lesões não cariosas, foi realizado um levantamento do conhecimento\ndos cirurgiões-dentistas quanto ao tratamento dessas lesões, como se pode ver na quadro abaixo.\nAbrasão\nAbfração Erosão associada à Abrasão Atrição Erosão\nIntrínseca Erosão Extrínseca\nextrínseca\nTratamen\nto Tratamento Remoção do Remoção do Remoção Confecção Remoção do\nProposto restaurador fator causal. fator causal. do fator e fator causal.\nestético. causal. instalação\npelos\nde placa\nProfissio\nmiorelaxant\nnais\ne.\nAjuste Remoção do Remoção do Remoção Remoção Remoção do\noclusal, fator causal e fator causal do fator do fator fator causal e\nTratamen Remoção do tratamento e Tratamento causal e causal, Procedimento\nfator causal restaurador restaurador Tratamento Procedime restaurador\nto\ne Tratamento estético. estético. restaurador nto estético.\nEstabele\nrestaurador estético. restaurador\ncido\nestético. estético.\nQuadro 01. Tratamento proposto pelos profissionais associado ao tratamento adequado para as\ndeterminadas lesões.\nPara um tratamento mais eficaz desses tipos de lesões não cariosas, faz-se necessário agir no fator causal\npara que o problema seja sanado de forma correta sem que haja um reaparecimento das lesões. Isso\nimplica dizer que conhecer os fatores etiológicos para identificar as lesões e tratá-las é de fundamental\nimportância, fazer restaurações e outros procedimentos sem tratar a real causa se torna ineficaz com o\npassar do tempo (BADER; LEVITH; SHUGARS; HEYMANN; MCCLURE, 2013).\nO cirurgião-dentista precisa saber diagnosticar e tratar esses tipos de lesões porque elas estão cada vez\nmais presentes no consultório odontológicos. Em muitos casos é necessário que haja a interação de outros\nprofissionais, a multidisciplinaridade, para que ocorra um tratamento odontológico adequado.\nApesar das dificuldades da interação interdisciplinar entre os profissionais da área da saúde e que vai em\ndireção contrária às diretrizes da III Conferência Nacional de Saúde Bucal, é de fundamental importância\nessa interação profissional. Devendo ocorrer entre cirurgiões-dentistas, médicos psiquiátricos e\ngastroenterologistas, e psicólogos.\nISSN 18088449 4Conclusão\nEmbora grande parte dos profissionais terem sido capazes de identificar um plano de tratamento adequado\npara os casos propostos em questão, o diagnóstico das lesões não cariosas deixaram a desejar, exceto\nquando se tratou de erosão intrínseca e extrínseca, e atrição que obtiveram resultados mais satisfatórios\napresentando percentual acima de 70% de acerto. Pode-se concluir que a associação de lesões dificulta o\ndiagnóstico por parte do profissional gerando assim falhas na prevenção e tratamento dessas lesões.\nNo geral, observou-se que os profissionais cirurgiões-dentistas da ESF de Fortaleza, apresentaram um\nconhecimento adequado em relação ao tratamento a ser aplicado em lesões de origens não cariosas.\nEntretanto, para se conseguir eliminar adequadamente a causa das diferentes lesões analisadas é\nnecessário um conhecimento adequado do diagnóstico das mesmas, caso contrário, não será obtida uma\nresolução eficaz e estratégias preventivas efetivas. Nesse caso, como visto uma dificuldade bem elevada\npor parte dos profissionais entrevistados, seja por aqueles inseridos apenas no serviço público ou no\npúblico e privado, deve-se estabelecer estratégias para unificar o conhecimento a cerca dessas lesões,\npelo caráter dela, por raramente se apresentarem isoladas estando na maioria das vezes, associadas a\noutras lesões não cariosas, sendo bastante agressivas.\nPor fim, deve-se incentivar estudiosos e profissionais a estudarem mais a respeito de lesões não cariosas,\npor se ter poucos estudos recentes sobre esses tipos de lesões e por ela estar bem associada à odontologia\natual, pelo fato de a terapia visar a prevenção de saúde dos pacientes e termos cada vez mais idosos com\nmaior quantidade de dentes na boca, pelo qual aumenta a susceptibilidade a apresentar essas lesões.\nReferências\nBADER, J. D., LEVITH, L. C., SHUGARS D. A., HEYMANN, H. O., MCCLURE, F. How dentists classified\nand treated non-carious cervical lesions. J Am Dent Assoc., v. 124, n. 5, p. 46-54, 2013.\nBISHOP, K., KELLEHER, M., BRIGGS, P., JOSHI, R. Wear now?An update on the etiology of tooth wear.\nQuintessence Inter., v. 28, n.5, p. 305-313. May 1997.\nBONACIN, H.D., SANTOS, P.G. Restaurações estéticas de lesões cervicais não cariosas – Descrição de\numa técnica modificada. JBC, v. 2, n. 11, p. 29-25. Set/Out 1998..\nHATTAB, F. N.; YASSIN, O.M. Etiology and diagnosis of tooth wear: a literature review and presentation of\nselected cases. Int. J. Prosthod., v. 13, n. 2, p. 101-107, 2000.\nIMFELD, T. Dental erosion. Defininition classification and links. Eur. J. Oral Sci, v. 104, n. 2, p. 151-155,\nApr 1996.\nLIMA, L. M, HUMEREZ, H. L, LOPES, M. G. K. Contribuição ao estudo da prevalência, do diagnóstico\ndiferencial e de fatores etiológicos das lesões cervicais não-cariosas. Rev Sul-Bras Odontol., v.2, n. 2, p.\n17–21, 2005.\nSANTOS-DAROZ, C.B., DAROZ L. G. D., BATITUCCI M, H. G., MIRANDA, M. S. Classificação e\ntratamento de lesões dentárias não cariosas por estudantes de Odontologia. UFES, Rev. Odontol. Vitória, v.\n9, n. 1, p 5-12, 2007 Jan/Abr.\nSHAFER, W. G.; HINE, M. K.; LEVY, M. B. Tratado de patologia bucal. 4. ed. Rio de Janeiro: Guanabara,\n1987. 837 p.\nISSN 18088449 5Agradecimentos\nAgradeço primeiramente a Deus pela oportunidade, aos meus pais, irmãs e esposo por não medirem\nesforços para que eu chegasse até esta etapa de minha vida e a minha orientadora, Vanara Passos por\ntoda paciência e dedicação.\nISSN 18088449 6"
}