{
  "id": "27356",
  "trabalho": "AMBIENTE EM AÇÃO: JOGO ACADÊMICO DE ESTÍMULO MOTIVACIONAL",
  "area": "CIÊNCIAS DA VIDA",
  "ano": "2016",
  "evento": "XVI - ENCONTRO DE INICIAÇÃO À DOCÊNCIA",
  "link": "http://uol.unifor.br/oul/conteudosite/?uuid=F010DCF41FE0E2E78EF8314617E551D1C586700B",
  "conteudo": "XVI Encontro de Iniciação à Docência\nUniversidade de Fortaleza\n17 a 20 de outubro de 2016\nAmbiente em Ação: jogo acadêmico de estímulo motivacional\nStephanie Castro Amorim¹* (ID), Ana Mirian Da Silva Cavalcante² (ID), Edla Helena Salles de\nBrito² (ID), Maria Edlene Félix de Lima³ (PC), Gláucia Maria de Oliveira Barbosa³ (PC), Carla do\nCouto Soares Maciel³ (PO).\n1. Universidade de Fortaleza – Curso de Nutrição.\n2. Universidade de Fortaleza – Curso de Odontologia.\n3. Universidade de Fortaleza – Docentes do Núcleo Comum, Centro de Ciências da Saúde.\nstephaniecastroo@hotmail.com\nPalavras-chave: Aprendizagem. Recursos audiovisuais. Metodologia.\nResumo\nNeste trabalho, objetiva-se avaliar a contribuição da inserção de atividades lúdicas no rendimento\ndos discentes que participaram do jogo “Ambiente em Ação” proposto para o módulo, como\ntambém a percepção dos educandos sobre a relevância da atividade para sua aprendizagem e os\naspectos que favoreceram ou não a sua adesão. Foram elaboradas questões que abordavam os\nconteúdos do módulo de Ambiente e Hereditariedade, com supervisão das professoras\norientadoras, as quais integravam o jogo e auxiliavam os alunos na revisão dos conteúdos e\npossibilitavam a sua auto avaliação sobre a assimilação destes. Ao final das atividades foi\naplicada uma pesquisa de opinião a qual possibilitou a análise da impressão dos alunos acerca da\natividade e identificação das dificuldades em sua realização e adesão dos educandos. Os jogos\nlúdicos e pedagógicos foram considerados como instrumento eficiente de auxílio e\ncomplementação do processo de ensino e aprendizagem, o qual além de potencializar o\naprendizado deixa o processo mais atrativo e dinâmico.\nIntrodução\nNa década de 80, Gardner, em sua teoria das múltiplas inteligências, já discutia a\nquestão de que cada indivíduo não possui o mesmo conjunto de capacidades ou habilidades e,\ndeste modo, nem todos aprendem na mesma maneira. Portanto, é pertinente que tutores e\nmonitores, em parceria, busquem opções que auxiliem o desenvolvimento das diversas\ninteligências dos educandos.\nPara Moratori (2003), jogos educativos devem proporcionar um ambiente crítico em que\nos discentes possam perceber que a construção do seu conhecimento pode ser realizada através\nISSN 21755396 1de atividades prazerosas inseridas no processo de ensino. Reforçando o exposto, Santos (2012)\ndiz que os jogos oferecem aos educandos, condições de vivenciar situações-problemas e\nexperiências que relacionam a lógica e o raciocínio, os quais também concedem atividades\nmentais que favorecem e estimulam as reações cognitivas.\nDesta forma, os jogos lúdicos se fundamentam em bases pedagógicas, pois abrangem os\ncritérios a seguir: a função de literalidade e não-literalidade, a ausência de pressão no ambiente, a\nflexibilidade a partir de novas combinações de ideias e comportamento, como também ajuda na\naprendizagem de noções e habilidades (SANTOS, 2012). O jogo potencializa e possibilita a\nanálise do conhecimento, pois dispõe de motivação interna, característica do lúdico, fazendo uso\nde recursos como estímulos internos e de parceiros, como também a influência destes e a\norganização de conceitos, ao empregar metaforicamente a forma lúdica, para incentivar a busca e\na curiosidade (SOUZA, 2013).\nNeste contexto, este trabalho objetiva avaliar a contribuição da inserção de atividades\nlúdicas, neste caso o jogo “Ambiente em Ação”, no rendimento dos discentes e, associado a isso,\nverificar a percepção dos educandos acerca da importância da atividade para a sua aprendizagem\ne os fatores que contribuíram ou não para a sua adesão.\nMetodologia\nTrata-se de um estudo qualitativo e quantitativo descritivo, conduzido junto a acadêmicos\ndos cursos de: enfermagem, nutrição, fisioterapia, odontologia, farmácia, fonoaudiologia e terapia\nocupacional, matriculados no módulo de Ambiente e Hereditariedade da Universidade de\nFortaleza.\nCriação e Condução do Jogo Ambiente em Ação: As regras do jogo foram elaboradas\nvisando dinamismo, ludicidade, conteúdos atuais e relevantes para os discentes. As atividades\nforam conduzidas por até três monitores que, em horários de Programa de Apoio ao Discente\njunto ao Monitor (PAD-Monitor), dividiam os alunos em grupos de até cinco acadêmicos que iriam\ncompor a mesma equipe e competir pontuando a cada pergunta respondida corretamente. O\nmaterial de apoio para o desenvolvimento da atividade foi uma ampulheta, um dado e um\ntabuleiro desenvolvido contendo as perguntas e respostas, sendo projetado em power point.\nDurante a atividade, os discentes eram estimulados a desenvolver raciocínio lógico interligando\ntemas, recebiam dicas e também breves explicações dos assuntos ao final de cada questão\nesclarecendo dúvidas.\nConteúdos abordados durante as atividades: Foram elaboradas perguntas, de acordo\ncom os objetivos de aprendizagem propostos para o módulo Ambiente e Hereditariedade e\nutilizando como material de apoio, a bibliografia sugerida para o módulo e artigos científicos:\nGincana 1 e 2 => Morfologia do sistema tegumentar (histologia); Cicatrização da Pele\n(Histologia); Morfologia dos órgãos relacionados ao estresse (Histologia) - Glândulas adrenais\n(localização/fisiologia), Hipófise (fisiologia), Necrose; Adaptação celular; Leishmaniose Visceral;Fisiopatologia da Dor. Cicatrização da pele; Dor (tipos de fibras); Diferenças entre os graus de\nqueimaduras; Leishmaniose.\nGincana 3 => Morfologia esôfago-gástrica (anatomia/localização/histologia); Gastrite e\núlcera péptica, Fisiologia do estômago; Gastrite/Helicobacter pylori. Produção e secreção do ácido\nclorídrico; Gastrite; Helicobacter pylori e seus fatores de virulência; Mecanismos de defesa\ngástrica; Fases da secreção gástrica.\nGincana 4 => Conteúdos abordados nas aulas práticas da segunda etapa. (Anatomia e\nHistologia) Morfologia esôfago-gástrica; Gastrite e úlcera péptica; Achados morfológicos das\nneoplasias; Morfologia do fígado e vias biliares; Lesões hepáticas: hepatite, esteatose e cirrose.\nGincana 5 => Conteúdos da avaliação final: Queimaduras; Leishmaniose; Estresse agudo\ne crônico; Fases da secreção gástrica, Secreções e defesas gástricas; Ciclo celular, Reguladores\ndo ciclo; Tipos de hepatites virais; Metabolismo do álcool, Eixo hipotálamo-hipófise-adrenal;\nFisiologia do estômago; Características das neoplasias; Generalidades sobre vírus; Fisiologia do\nfígado; Metabolismo dos fármacos.\nAspectos metacognitivos: Ao final de cada atividade, foram entregues aos discentes uma\npesquisa de opinião onde os mesmos puderam relatar o seu ponto de vista sobre aspectos como\na importância da atividade para sua aprendizagem, o interesse em participar e o\nautoconhecimento sobre o modo como aprendem e estudam melhor.\nApós o período das avaliações finais, o rendimento discente foi considerado, visando\nverificar a influência desta atividade no desempenho discente, sendo este o aspecto quantitativo\ne, os dados das pesquisas de opinião foram tabulados e analisados pelos monitores, sendo estes\nconsiderados os aspectos qualitativos do projeto.\nResultados e Discussão\nAo quantificar as pesquisas e listar os alunos participantes, foi possível observar que\nalguns discentes compareceram a duas ou mais gincanas. Destes alunos, 54% passou por média\nno módulo sem precisar fazer a avaliação final e 46% passaram após a avaliação final e nenhum\ndos alunos que participou de mais de uma gincana reprovou o módulo, aspecto que consideramos\npositivo. A avaliação da aprendizagem e do rendimento é considerada um recurso pedagógico útil\ne necessário para auxiliar educador e educando na busca e construção de si mesmo e da melhor\nmaneira de viver (LUCKESI, 2000).\nDos educandos que participaram uma vez da atividade, 34% não precisou fazer a\navaliação final, passando por média no módulo; 47% passou no módulo fazendo a avaliação final,\npercentual este bem similar ao dos alunos que compareceram em duas ou mais gincanas. No\nentanto, 18% dos discentes que participaram somente uma vez reprovaram o módulo. Deste\nmodo, podemos inferir que a relação entre o número de participações dos alunos interfere\nprincipalmente no índice de reprovação e aprovação por média.6\n5\n4\n3\n2\n1\n0\n0\n0\n0\n0\n0\n0\n%\n%\n%\n%\n%\n%\n%\nP a r t ic ip o\ng\nu\nin\nd\nc a\ne\nn\n2\na\no\ns\nu m a is P a r t ic ip o\ng\nu d\nin c\ne\na\nu\nn\nm\na\na ú n ic a\nA\nAA\nR\np\npv\ne\nr\nra\np\no v\no vlia\nr o\na\naç\nv\nd\ndã\na\no\noo\nd\np\na\nF\no\no\npin\nr m\nó sa\nl\né d ia\nGráfico 1: Relação da participação dos discentes nas gincanas e seu rendimento no módulo.\nBerbel (2011) expõem que a educação superior objetiva estimular, dentre outros fatores,\no desenvolvimento do pensamento científico e reflexivo. Para Neves (2014), o método de ensino\ntradicional, onde ocorre a simples transmissão de informações é percebido pelos alunos como\ndesmotivador e muitas vezes pouco interessante, afetando o aprendizado. O jogo lúdico vem\ncomo uma forte ferramenta de auxílio nesse processo de desenvolvimento, pois faz uso de\nmétodos que reavivam no aluno o prazer de aprender e carrega benefícios como a interação e\ncooperatividade entre os educandos, concentração e envolvimento com a atividade.\nO jogo pedagógico tem a finalidade de promover uma aprendizagem significativa e\nincentivar a construção do conhecimento (SILVA, 2014). Os alunos apresentam entusiasmo e\nansiedade quanto ao fato de conseguirem ou não jogar, já que precisavam ter estudado\npreviamente para saber o conteúdo. Outra vantagem é que cria uma competitividade saudável a\nqual se apresenta como elemento de apoio no processo de ensino e aprendizagem, e em um\nambiente divertido e sem pressão o erro não é sinônimo de fracasso e sim de auto avaliação.\nMoratori (2003) refere que para um jogo ser proveitoso no processo de ensino, este deve\nproporcionar aos educandos situações interessantes e desafiadoras para a resolução de\nproblemas, concedendo a estes a oportunidade de uma auto avaliação quanto ao seu\ndesempenho e também fazendo com que todos os que estejam jogando participem de todo o jogo\nde forma ativa. Com isso, certificarmos que o jogo proposto para o módulo de Ambiente e\nHereditariedade como atividade reforçadora de ensino e de estímulo motivacional está dentro do\ndisposto nas bases pedagógicas, e atinge o objetivo proposto em sua criação.\nInvestigar como os estudantes do ensino superior concebem e experienciam a avaliação\né tão relevante quanto avaliar seus processos cognitivos (MATOS et al., 2013). Ao avaliar as\nrespostas das pesquisas de opinião, verificamos que alguns discentes relataram alguns fatores\nque os impossibilitaram de apresentar uma maior adesão à atividade, dentre eles destacou-se aincompatibilidade de horário; e o principal aspecto considerado como positivo no jogo foi a\nsensação de incentivo para estudar mais.\nOs discentes consideram o jogo uma atividade que contribuiu positivamente para a sua\naprendizagem, possibilitando uma melhor compreensão e assimilação do conteúdo, como\ntambém a sua auto avaliação. Por fim, os acadêmicos destacaram a habilidade e dedicação dos\nmonitores na condução da atividade e do feedback, o que foi diferencial para a consolidação dos\nconhecimentos. Segundo Ribeiro (2003), na metacognição, o conhecimento que o aluno possui\nsobre o que sabe e o que desconhece acerca do seu saber e dos seus processos, é fundamental,\npara o entendimento da utilização de estratégias de estudo, pois presume-se que tal\nconhecimento auxilia o sujeito a decidir quando e que estratégias utilizar para a melhoria do\ndesempenho.\n“Aprender é fazer conexões entre as informações, significando-as a partir da realidade e\nas transformando em conhecimento”, Portilho (2011) afirma isto e ainda complementa que estas\ncompetências complexas dificilmente poderão ser desenvolvidas de forma espontânea, fora do\nambiente acadêmico. A noção de responsabilidade pelo seu desempenho aliada a confiança em\nsuas próprias capacidades, segundo Morais e Valente (1991), são despertadas quando os alunos\npodem controlar e gerir os próprios processos cognitivos, e é por isso que a metacognição exerce\ninfluência direta sobre a motivação.\nConclusão\nFoi possível avaliar a contribuição do jogo acadêmico “Ambiente em Ação” no rendimento\ndos discentes participantes com base na análise e acompanhamento dos mapas de notas, bem\ncomo a percepção dos educandos sobre a relevância da atividade para a sua aprendizagem\natravés das pesquisas de opinião. Os discentes que participaram do jogo obtiveram um bom\nrendimento no módulo, sendo a maioria aprovado por média. Além disso, as gincanas foram\nconsideradas pelos educandos como uma ferramenta dinâmica, reforçadora e facilitadora do\nprocesso de ensino e aprendizagem, mas que as limitações de horários de aplicação das\natividades dificultaram uma maior adesão. Diante do exposto, avaliamos os jogos lúdicos e\npedagógicos, como o proposto para o módulo, como um instrumento eficiente de auxílio e\ncomplementação do processo de ensino e aprendizagem, o qual além de potencializar o\naprendizado deixa o processo mais atrativo e dinâmico.\nReferências\nBERBEL, N. A. N. As metodologias ativas e a promoção da autonomia de\nestudantes. Semina: Ciências Sociais e Humanas, v. 32, n. 1, p. 25-40, 2011. Disponível em: <\nhttp://www.proiac.uff.br/sites/default/files/documentos/berbel_2011.pdf> Acesso em: 15/07/2016.\nGARDNER, H. Estruturas da mente; a teoria das inteligências múltiplas. Porto Alegre: Artes\nMédicas, 1994.LUCKESI, C. Educação, ludicidade e prevenção das neuroses futuras: uma proposta\npedagógica a partir da Biossíntese. In: LUCKESI, Cipriano Carlos (org.). Ludopedagogia –\nensaios 1; educação e ludicidade. Salvador: ed. Gepel, 2000.\nMATOS, D. A. S.; CIRINO, S. D.; BROWN, G. T. L.; LEITE, W. L. Avaliação no ensino superior:\nConcepções múltiplas de estudantes brasileiros. Est. Aval. Educ., São Paulo, v. 24, n. 54, p.\n172-193, jan./abr. 2013. Disponível em:\n<http://www.fcc.org.br/pesquisa/publicacoes/eae/arquivos/1790/1790.pdf> Acesso em:\n10/07/2016.\nMORAIS, M. M.; VALENTE, M. O. Pensar sobre o pensar: Ensino de estratégias\nmetacognitivas para recuperação de alunos com dificuldades na compreensão da leitura na\ndisciplina de língua portuguesa. Revista de Educação, 2(1), 35-56, 1991.\nMORATORI, P. B. Por que utilizar jogos educativos no processo de ensino\naprendizagem. UFRJ. Rio de Janeiro, 2003. Disponível em: <\nhttp://www.nce.ufrj.br/GINAPE/publicacoes/trabalhos/t_2003/t_2003_patrick_barbosa_moratori.pdf\n> Acesso em: 15/07/2016.\nNEVES, M. L. R. C.; SOARES, N. R. O jogo como estratégia pedagógica na construção de\nconceitos em ecologia no ensino médio. Revista da Associação Brasileira de Ensino de\nBiologia, n. 7, 2014. Disponível em: <http://www.sbenbio.org.br/wordpress/wp-\ncontent/uploads/2014/11/R0474-1.pdf> Acesso em: 15/07/2016.\nPORTILHO, E. M. L. Como se aprende. Estratégias, estilos e metacognição. Rio de Janeiro:\nWak, 2011.\nRIBEIRO, E. N.; MENDONÇA, G. A. A.; MENDONÇA, A. F. A importância dos ambientes\nvirtuais de aprendizagem na busca de novos domínios da EAD. Disponível em:\n<http://www.abed.org.br/congresso2007/tc/4162007104526AM.pdf> Acesso em: 18/04/2016.\nSANTOS, E. A. C.; JESUS, B. C. O lúdico no processo ensino-aprendizagem. Disponível em:\n<http://need.unemat.br/4_forum/artigos/elia.pdf> Acesso em: 11/07/2016.\nSILVA, M.; SILVA, M.; SANTOS, J. C. A Importância do Lúdico No processo Ensino\nAprendizagem. Nativa-Revista de Ciências Sociais do Norte de Mato Grosso, v. 1, n. 2, 2014.\nSOUZA, C. S.; COSTA, A. B. A.; SANTOS, G. M. N. C. A Importância do Jogo Enquanto\nRecurso Pedagógico no Processo de Ensino Aprendizagem. UFRPE. Recife, 2013. Disponível\nem: <http://www.eventosufrpe.com.br/2013/cd/resumos/R1700-1.pdf> Acesso em: 14/07/2016.\nAgradecimentos\nAos professores do módulo de Ambiente e Hereditariedade, que apoiaram e estiveram\ndispostos a ajudar durante o período de elaboração e desenvolvimento desse trabalho, como\ntambém durante a elaboração das atividades da monitoria executadas ao longo do semestre.\nAgradecemos também a todos os alunos do módulo que participaram da pesquisa. E ao Programa\nde Monitoria da UNIFOR pela oportunidade e incentivo à pesquisa."
}