{
  "id": "27368",
  "trabalho": "MONITORIZAÇÃO NUTRICIONAL NO PACIENTE COM TROMBOSE VENOSA PROFUNDA: UM ESTUDO DE CASO",
  "area": "CIÊNCIAS DA VIDA",
  "ano": "2016",
  "evento": "XXII - ENCONTRO DE INICIAÇÃO À PESQUISA ",
  "link": "http://uol.unifor.br/oul/conteudosite/?uuid=3B43BA205EAE35E4475AC5578CBC9A452898076E",
  "conteudo": "XXII Encontro de Iniciação à Pesquisa\nUniversidade de Fortaleza\n17 à 21 de Outubro de 2016\nMonitorização nutricional no paciente com Trombose Venosa Profunda: um\nestudo de caso\nAmanda Moreira Barreto* (IC), Luma Cavalcante Sales (IC)², Lorrainy Umbelina Alves de Souza Cortez\n(PQ)².\n1.Aluna. Graduanda do curso de Nutrição da Universidade de Fortaleza – UNIFOR; Email: amanda-mbd@hotmail.com;\n2.Nutricionaista graduada pela Universidade de Fortaleza – UNIFOR; Email: lumacsales@gmail.com;\n3.Nutricionista. Mestre. Docente do curso de Nutrição da Universidade de Fortaleza\n– UNIFOR; Email: lorrainycortez@gmail.com;\nPalavras-chave: avaliação nutricional. trombose venosa. Suplementação\nalimentar.\nResumo\nIntrodução: A trombose venosa profunda (TVP) caracteriza-se pela formação de trombos dentro de veias\nprofundas com obstrução parcial, sendo mais comum em membros inferiores. Apresenta sintomas como dor,\nedema, eritema e sua incidência aumenta proporcionalmente com a idade. Objetivos: Manter o estado\nnutricional e equilibrar a necessidade de macronutrientes do paciente. Métodos: J.R.A, sexo masculino, 84\nanos, hipertenso, aposentado. Internado no Hospital São Raimundo no dia 02/03/2016, apresentando dores\ne inchaço no MID. Recebeu o diagnóstico de TVP e erisipela. Realização de cirurgia vascular no dia\n15/03/2016. Paciente com necessidade energética de com dieta oral, branda e hipossódica sendo necessária\nsuplementação com o módulo de carboidrato NutriDextrin para um aporte glicídio adequado Resultados:\nApós a intervenção nutricional e a realização da suplementação, observou-se no paciente uma notável\nevolução de ganho de peso com aceitação da dieta com suplementação de 100%. Conclusão: Conclui-se\nque é de devida importância a realização do acompanhamento nutricional a um paciente internado, visto que\na intervenção realizada de acordo com suas necessidades contribui com a melhora do quadro. Neste caso a\nsuplementação com o módulo de carboidrato foi eficaz, contribuindo para o ganho de peso e alta do paciente.\nIntrodução\nA trombose venosa profunda (TVP) caracteriza-se pela formação de trombos dentro de veias\nprofundas, com obstrução parcial, sendo mais comum em membros inferiores (NEVES JUNIOR et al., 2010).\nPode ocorrer em 2 a cada 1.000 indivíduos por ano com recorrência de 25% em casos de tratamento com\nanticoagulante descontínuo e aproximadamente 5 a 15 % de indivíduos não tratados podem morrer de\nembolia pulmonar (SBACV, 2015; KONOPKA et al., 2010).\nOs fatores que predispõem à trombose venosa são a estase venosa, a lesão da parede vascular e a\ncoagulação sanguínea alterada (SANTANA; SANTOS, 2011). A incidência aumenta proporcionalmente com\na idade e os principais fatores de risco são idade avançada, câncer, procedimentos cirúrgicos, imobilização,\nuso de estrogênio, gravidez e distúrbios de hipercoagulabilidade hereditários ou adquiridos (SBACV, 2015).\nISSN 18088449 1Para a realização do diagnóstico nenhuma avaliação clínica é utilizada isoladamente, segundo Santana e\nSantos (2011) recomenda-se a anamnese e o exame físico associados com exames laboratoriais e de\nimagem. Ao exame físico, pode-se apresentar dor, edema, eritema, cianose, dilatação do sistema venoso\nsuperficial, aumento da temperatura, empastamento muscular e dor à palpação (SBACV, 2015).\nO tratamento pode ser realizado com a anticoagulação sistêmica dos pacientes acometidos, a qual\npode ser feita tanto com heparina não fracionada por via endovenosa e com heparina de baixo peso molecular\nou subcutânea seguido do uso de medicações anti-vitamina K. O tratamento visa prevenir as complicações\ncomo a temida embolia pulmonar (NEVES JUNIOR et al., 2010).\nPresente também, em exames físicos, a erisipela é uma celulite superficial com significante\ncomprometimento do plexo linfático subjacente e se caracteriza por apresentar placas eritematosas\nacompanhadas de dor e edema. Sua prevalência é maior em pacientes com idade entre 60 e 80 anos na qual\nos locais mais acometidos são os membros inferiores, seguido do rosto e por último membros superiores. A\nsua cura antes da penicilina era uma evolução espontânea entre a primeira e terceira semana, porém existiam\nsequelas e significativa taxa de mortalidade. Com a descoberta da antibioticoterapia, apresentou-se o quase\ndesaparecimento dos casos fatais e controle efetivo dos fatores de risco (SILVA, et al., 2013).\nA avaliação nutricional é o início da assistência nutricional e tem como objetivo obter informações\nadequadas, a fim de identificar problemas ligados à nutrição, sendo constituída de coleta, verificação e\ninterpretação de dados para tomada de decisões referentes à natureza e à causa de problemas relacionados\nà nutrição. Devido à grande influência do estado nutricional sobre a evolução clínica de pacientes\nhospitalizados, especialmente cirúrgicos, deve-se realizar o reconhecimento e identificação precoce dos\npacientes com risco nutricional ou desnutrição (SBNPE, 2011).\nAssim, torna-se imprescindível avaliar as necessidades do paciente, fazer intervenções e monitora-\nlas. Este estudo visou manter o estado nutricional do paciente, promover o equilíbrio de macronutrientes para\nmelhorar os sintomas clínicos e contribuir para a evolução do paciente e prevenir possíveis agravos.\nMetodologia\nJ.R.A, sexo masculino, 84 anos, hipertenso, casado, aposentado, internado no Hospital São\nRaimundo no dia 02/03/2016, apresentando quadro de trombose venosa profunda com dor e inchaço em\nmembro inferior direito e erisipela nas pernas e região dorsal. O paciente apresentou maior disposição\nalimentar pela manhã com alimentação rica em frutas, verduras, leites e derivados, açúcares simples e\ndeficiente em gorduras. Hábito intestinal normalizado e ingesta de 2,5 litros de água por dia. Ao exame físico,\napresentou unhas, olhos e nível de consciência normais, dentição incompleta, inchaço e vermelhidão em\nmembro inferior direito e erisipela nas pernas e região dorsal. Na avaliação dos exames bioquímicos\napresentou hematócrito, hemoglobina e sódio abaixo da referência, mostrando anemia, ureia e proteína C\nreativa acima dos valores normais. Na avaliação antropométrica apresentou peso 84,7 kg, altura 1,75 m, IMC\n27, 65 kg/m2 sobrepeso segundo Lipschitz (1994); CC de 112 cm com risco muito aumentado para morbidades\n(WHO, 1998); CQ 110 cm; RCQ 1,06 com risco aumentado para morbidades (WHO, 1998); CB 32 cm; DCT\n21 mm; CP 38 cm; AJ 54 cm; PCSE 19 mm. O paciente foi diagnosticado com sobrepeso sem depleção de\nmassa magra, segundo IMC e CMB. Paciente com necessidade calórica de 2.199,69 kcal de acordo Harris\nBenedict usando fator de atividade 1,3 (deambulando) e fator injúria 1,1 (infecção) segundo Silberman,\nElisenberg e Guerra (2002). O paciente recebia no momento da avaliação, dieta oral, branda e hipossódica\nISSN 18088449 2de 2.055,36 kcal com 46, 98 % de carboidratos, 27,96 % de proteínas e 25,06 % de lipídios. Segundo SBC\n(2010), é recomendado ingestão de 50 a 60 % de carboidratos, 15 a 20 % de proteínas e 25 a 30 % de lipídios,\nou seja, paciente apresentava ingestão insuficiente de carboidratos e calorias. Foi realizada então a\nsuplementação da dieta branda hipossódica com 6 medidas de NutriDextrin, sendo 3 nos lanches da manhã\ne 3 nos da tarde. A dieta prescrita após intervenção totalizou 2.203,44 kcal e apresentou aceitação de 100%\npelo paciente.\nTratou-se de um estudo de caso, realizado no mês de março de 2016, durante o estágio supervisionado em\nnutrição clínica do Hospital São Raimundo, localizado na cidade de Fortaleza, com um paciente internado na\ncasa verde para tratamento de trombose venosa profunda.\nResultados e Discussão\nO paciente iniciou seu internamento no dia 02/03 com dieta branda hipossódica e, assim, permaneceu\naté o dia 07/03. Após a intervenção realizada no dia 07/03, foi vista a necessidade de se adequar o carboidrato\ne calculada a suplementação com módulo de carboidrato. Iniciando a mudança da dieta no dia 08/03 para\nbranda hipossódica com suplementação de 6 medidas de NutriDextrin nos lanches (3 em cada) e seguiu até\no dia 11/03, porém no dia 10/03 precisou ficar de dieta zero para realização de exames e no 12/03 voltou à\ndieta permanecendo até sua alta no dia 17/03.\nApós a intervenção nutricional e o início da suplementação, observou-se no paciente uma notável\nevolução de ganho de peso e a manutenção de sua massa magra, com apenas uma queda de peso devido\nestar de jejum para exames. O paciente não apresentou perda de apetite durante internamento e teve\naceitação da dieta com suplementação de 100%.\nA evolução de peso encontrada nos 15 dias de internamento (tabela 01) é contrária ao que diz no\nestudo de Aquino e Philippi (2011) que afirma que quanto maior o período de permanência do paciente, maior\no risco de agravar-se a desnutrição, tendo como a primeira quinzena como referência, o que pode ocorrer\npelo motivo de que muitos pacientes hospitalizados não têm as necessidades energéticas atendidas. No caso\nestudado o paciente passou a receber uma dieta com o aporte calórico conforme suas necessidades,\nequilibrada em macronutrientes.\nDiferente também do estudo de BOTTONI (2014), que relata que o internamento tem impacto na\ndepleção da massa muscular e na desnutrição, tendo em vista que o paciente apresentou a manutenção da\nmassa magra.\nRessalta-se a importância da terapia nutricional adequada na evolução clínica de pacientes\nhospitalizados, principalmente naqueles que apresentam risco nutricional aumentado.\nISSN 18088449 3Tabela 01- Monitoramento nutricional de um paciente diagnosticado com trombose venosa profunda em um\nhospital de Fortaleza-Ceará.\n07/03 09/03 11/03 15/03\nPESO ATUAL 84,7 86,1 86,0 87,7\nALT 1,75 1,75 1,75 1,75\nIMC 27,65 28,11 28,08 28,63\nCC 112 111 111,5 113\nCQ 110 110 110 110\nRCQ 1,06 1,0 1,01 1,02\nPCT 21 22 - -\nPCSE 19 21 - -\nCB 32 32,2 32 32\nAJ 54 54 54 54\nCP 38 38 38 38\nConclusão\nTorna-se imprescindível a realização do acompanhamento nutricional de pacientes hospitalizados,\nvisto que a intervenção realizada de acordo com as necessidades específicas e individuais do paciente\ncontribui com a melhora do quadro clínico. Neste caso clínico a suplementação com o módulo de carboidrato\nNutridextrin foi bastante eficaz, contribuindo para o ganho de peso, evolução e alta do paciente.\nReferências\nAQUINO, R.C.; PHILIPPI, S.T. Identificação de fatores de risco de desnutrição em pacientes\ninternados. 2011. 7 f. Tese (Doutorado) - Curso de Saúde Pública, Nutrição, Universidade Federal de São\nPaulo, São Paulo, 2011.\nBOTTONI, A. et al. Porque se preocupar com a desnutrição hospitalar?: revisão de literatura. J Health Sci\nInst.. Mogi das Cruzes, p. 314-317. jan. 2014.\nCUPPARI, I. Nutrição: nutrição clínica do adulto. São Paulo: Manole, 2005.\nKONOPKA, C.L. et al. Relato de caso: Agenesia de veia cava inferior associada à trombose venosa\nprofunda. J Vasc Bras. Santa Maria, p. 196-199. jun. 2010.\nNEVES JUNIOR, M.A. et al. Trombose venosa profunda: perfil dos pacientes tratados em regime hospitalar.\nRevista Paraense de Medicina, Belém, v. 24, n. 2, p.26-31, abr./jun. 2010.\nSANTANA, C.Q.C.; SANTOS, C.L.O. Identificação do diagnóstico e proposta de intervenção de enfermagem\npara paciente com trombose venosa profunda. Revista de Enfermagem: UFPE online, Recife, v. 5, n. 9,\np.2254-2259, nov. 2011.\nSILVA, P.L.N.; ABREU, G.G.D.; FONSECA, J.R.; SOUTO, S.G.T.; GONÇALVES, R.P.F. Diagnóstico e\nintervenções de enfermagem em paciente com erisipela: estudo de caso em um hospital de ensino. Revista\nEletrônica Gestão & Saúde. Vol. 4, n. 4, p. 1512-26, 2013.\nISSN 18088449 4SOCIEDADE BRASILEIRA DE ANGIOLOGIA E DE CIRURGIA VASCULAR (Alagoas). Projeto\ndiretrizes: trombose venosa profunda: diagnóstico e tratamento. Alagoas: Biotrends, 2015. 34 p.\nSOCIEDADE BRASILEIRA DE CARDIOLOGIA. VI Diretrizes Brasileiras de Hipertensão. Arq Bras Cardiol\np.1-51, 2010.\nSOCIEDADE BRASILEIRA DE NUTRIÇÃO PARENTERAL E ENTERAL. Associação Brasileira de\nNutrologia. Projeto diretrizes: Triagem e avaliação do estado nutricional. Brasília: Ambcfm, 2011. 16 p.\nAgradecimentos\nAgradecimentos a Universidade de Fortaleza (UNIFOR), especialmente ao curso de Nutrição e a\nprofessora Lorrainy Cortez, supervisora do estágio de Nutrição Clínica pela vivência prática e por todo\nexperiência compartilhada durante esse estágio.\nISSN 18088449 5"
}