{
  "id": "27384",
  "trabalho": "\"ÉTICA NA ENGENHARIA E SUA DEVIDA RELEVÂNCIA\"",
  "area": "CIÊNCIAS EXATAS E TECNOLÓGICAS",
  "ano": "2016",
  "evento": "XVI - ENCONTRO DE INICIAÇÃO À DOCÊNCIA",
  "link": "http://uol.unifor.br/oul/conteudosite/?uuid=540B734A308FEB989F2563E685A99807E1AF5423",
  "conteudo": "XVI Encontro de Iniciação à Docência\nUniversidade de Fortaleza\n17 a 20 de outubro de 2016\n“ÉTICA NA ENGENHARIA E SUA DEVIDA RELEVÂNCIA”\nJocelani Dorigo de Castilhos1*(ID), Larissa Maciel do Amaral*2(PO)\n1. Universidade de Fortaleza – Programa de Monitoria Voluntária\n2. Universidade de Fortaleza – Docente CCT/CCG/NEaD\njocelanicastilhos@yahoo.com.br\nPalavras-chave: Engenharia. Ética. Monitoria.\nResumo\nEste artigo tem a escopo de mostrar a importância da disciplina de Ética e Legislação\nProfissional no meio acadêmico e a relevância da monitoria. Ética é um assunto que precisa ser\ndebatido, falado, vivenciado. Neste trabalho analisa-se o que é ética, pois, apesar de ser um\nassunto pressuposto no senso-comum, é pouco comentado, exceto quando há casos midiáticos.\nNo ambiente acadêmico, acaba sendo preterido em função das demais disciplinas. A relação dos\nalunos com a disciplina nos cursos de Engenharia foi aferido a partir de questionário, que será\napresentado nos Resultados.\nIntrodução\nO que é ética? O Termo ética vem do grego “ethos” que designa “modo de ser” ou caráter.\nPlatão foi o primeiro grande filósofo grego a escrever sobre ética em suas obras. E desde então a\nética vem sendo estudada. Seu entendimento, critérios para sua aplicação em situações reais,\nsua coerência, razões e argumentos. Ética é uma decisão de fazer e não fazer, de acordo com\nsuas convicções do que lhe é correto. É não prejudicar alguém e se colocar no lugar do outro,\nantes de tomar uma decisão. Seguindo esse raciocínio “... o que não puder contar como fez, não\nse deve fazer. Porque, se há razões para não contar, essas são as mesmas razões para não\nfazer.” (Cortella, 2014, p.14). Ética é comportamento, vivência e ações. Adolfo Sánchez Vásquez\n(1993, p.12) escreveu que a ética: “Estuda uma forma de comportamento humano que os homens\njulgam valioso, e além disso, obrigatório e inescapável.” Já Souza disse: “...ética sustenta e dirigeas ações do homem, norteando a conduta individual e social... e define o que é virtude, o que é\nbom ou mal, certo ou errado, permitido ou proibido, para cada cultura e sociedade.” (1995, p.187).\nUm navegador em seu navio, quando avista um outro navio em rumo de colisão, já tem em\nmente que quem vê outra embarcação por boreste, irá fazer a manobra para evitar a colisão. Isso\nestá no Ripeam1 e porque é regra, educado, ético entre todos os navegantes. Esta regra está “no\nsangue”, assim como a ética deveria estar. Mas a ética é muito ampla, pois envolve cultura,\nlocalidade, religião e crenças. Por isso a importância do seu debate e de entendê-la. Concorda-se\ncom o Cortella quando diz: “E escolher certo ou errado é justamente o campo da ética como\nprincípio. O que nos caracteriza é a possibilidade de escolher a conduta. “ (2014, p. 27). Se existe\na opção da escolha em ser ético, por que não ser? Atualmente, a ética vem sendo muito debatida\nna nossa política, e está cada vez mais difícil acreditar em nossos representantes bem como no\nmeio profissional. Daí a importância de tratar sobre este tema no cotidiano e sobretudo na\nuniversidade.\nMetodologia\nMetodologia: A metodologia empregada configurou-se por uma análise descritiva\nbaseando-se nos resultados de questionário aplicado para alunos que concluíram a disciplina\n“Ética e Legislação profissional” em 2016.1, onde se perguntou, além da identificação do aluno,\naspectos éticos como se aluno se considera uma pessoa ética, se conhece alguém antiético, se já\npresenciou ações antiéticas (ex.: cola em sala de aula), de quem é a obrigação de ensinar ética\n(casa, escola, faculdade), sobre a importância da disciplina para a formação profissional, e sua\nrelevância se comparada com outras disciplinas do currículo. O questionário era composto por 15\nperguntas e 27 alunos responderam.\nUtilizou-se ainda de uma pesquisa bibliográfica, documental e uma busca comparativa\nentre as universidades em Fortaleza que possuem/não possuem a disciplina de ética nos\ncurrículos de engenharia.\nResultados e Discussão\nA resistência ou apatia dos alunos em cursar a disciplina de ética e legislação profissional\nimpulsionou a realização de um questionário iniciado com a pergunta: Você se considera ético?\nEssa mesma pergunta foi feita no questionário e obteve-se 96,3% de “sim” aos que responderam.\nA próxima pergunta feita foi se algum aluno conhecia alguém que não era ético e o resultado foi\n92,6% “sim”. Contraditório esse resultado. Outra pergunta alarmante foi: “Você já viu algum amigo\nde classe colando?” E a obteve-se 100% “sim”. Observa-se que apontar para o outro é mais fácil\nque assumir o próprio erro. “Ética pode ser uma das maiores carências do povo brasileiro”,\nrespondeu um aluno. Ética está relacionado em tudo; ética no trabalho, com o ser humano, no\n1 RIPEAM (Regulamento internacional para evitar abalroamentos no mar) download disponível em\nwww.mar.mil.br Regulamento onde contém todas as regras de navegaçãotrânsito, na faculdade e assim por diante. Falta resgatar a credibilidade novamente. A crença nas\npessoas está em cheque, como aponta Rios:\n...ética hoje, na sociedade brasileira, constitui um desafio, porque, ao mesmo\ntempo que vemos os indivíduos se referirem a ela com frequência, percebemos\numa descrença em relação à possibilidade de sua interferência. Na medida em\nque por todo lado verificamos ações que rompem com a dignidade humana,\nparece não ter sentido reclamar a presença da ética. Na verdade, é por essa\nrazão mesmo que temos necessidade de buscá-la. É ela que, ao ter no horizonte\no bem comum e a dignidade humana, exige que estejam presentes o respeito\nmútuo, a justiça, a solidariedade, o diálogo, bases de construção da cidadania.\n(2002, p. 68).\nOutra questão interessante a debater é sobre a responsabilidade do ensino da ética. Será\nda família, escola ou faculdade? Essa pergunta foi feita no questionário e obteve-se 92,6% de\nresposta que a responsabilidade deve ser da escola/faculdade.\nNa análise da legislação relacionada ao ensino, a Lei de Diretrizes e Bases da Educação\nNacional – Lei 9.394/96: indica que “Art. 2º. A educação, dever da família e do Estado, inspirada\nnos princípios de liberdade e nos ideais de solidariedade humana, tem por finalidade o pleno\ndesenvolvimento do educando, seu preparo para o exercício da cidadania e sua qualificação para\no trabalho.“ Tem-se que o estudo da ética é necessário para o “exercício da cidania”, que a lei\nafirma ser obrigação da família e do estado. Mas se o aluno chegar ao ensino superior sem a\ncorreta noção? Neste âmbito, a Unifor está um passo a frente, pois possui a disciplina de ética na\nmatriz curricular.\nA pesquisa nos sítios eletrônicos das instituições demonstram que apenas quatro das\ninstituições pesquisadas apresentam a disciplina de ética em seus currículos, como percebe-se do\nesquema a seguir:\nCursos de Engenharia em Fortaleza Disciplina de Ética e Legislação\nProfissional na grade curricular\nCentro Universitário Christus Não\nEstácio de Sá Não\nFanor Não\nFaculdade Ari de Sá Não\nFaculdade Ateneu Sim\nFaculdade Farias Brito Não\nFaculdade Maurício de Nassau Sim\nFaculdade 7 de Setembro Sim\nUniversidade de Fortaleza Sim\nUniversidade Federal do Ceará Não\nTabela 1, fonte: autoraSeguindo esse raciocínio, pode-se pontuar que ética é tão importante quanto Cálculo ou\nFísica. Perguntou-se se ética era tão importante quanto outra disciplina cursada no semestre e\nobteve-se 84% de resposta “sim”. “Ética é uma matéria como as outras, mas do que vale um bom\nprofissional se ele não tiver noção de cidadania e o que devemos fazer para melhorá-la?\nDevemos lidar com ética o tempo todo, porque não basta apenas saber química/física, temos que\nlidar com seres humanos”; como respondeu um aluno.\nPara quem opiniou em sentido contrário, teve-se o seguinte relato: “Não. Devido às outras\nserem mais importantes para o curso que faço.”\nNa RESOLUÇÃO CNE/CES2 11, DE 11 DE MARÇO DE 2002²; onde institui diretrizes\ncurriculares nacionais do curso de graduação em engenharia. No artigo 4º, inciso X, indica que:\nA formação do engenheiro tem por objetivo dotar o profissional dos conhecimentos\nrequeridos para o exercício das seguintes competências e habilidades gerais:\n[...]\nX: compreender e aplicar a ética e responsabilidade profissionais.\nNa prática, pode-se presenciar vários casos onde a ética e responsabilidade professional\nnão é seguida. No site do Crea-CE (www.creace.org.br), na parte de censura pública, a esquerda\nda página, sendo o terceiro item na listagem; pode-se encontrar os infratores, que são atualizados\nsempre. Através de um funcionário do Crea-CE, foi possível obter as seguintes informações de\nque no ano de 2014 foram registrados 10814 infratores e no ano de 2015 foram 12042. Se\nexistem o código e a maioria das pessoas se julgam éticas, como explicar um número expressivo\nde infrações?\nPode-se perceber que o preconceito com a disciplina começa no meio acadêmico. Os\npróprios alunos não entendem o porquê da disciplina fazer parte da grade. Um aluno afirmou uma\nvez: “Por que estudar ética?” Se ele não entende, pode-se esperar que outros não entendam\ntambém. Por isso a importância da monitoria. “Ética é o saber.” (Clóvis,2014, p.22). A educação\né o caminho. Nessa lógica, a educação: “é um dos principais meios de realização de mudança\nsocial ou, pelo menos um dos recursos de adaptações das pessoas, em um mundo em mudança”\n(Brandão, 1996, p.23). Um professor afirmou que fazer monitoria nessa disciplina é perda de\ntempo. Incentivar a educação é a chave para a mudança e tranformação. Como diz no trecho de\nFreire:\nO preparo científico do professor ou da professora deve coincidir com sua retidão\nética. É uma lástima qualquer descompasso entre aquela e esta. Formação\ncientífica, correção ética, respeito aos outros, coerência, capacidade de viver e\naprender com o diferente, não permitir que o nosso mal-estar pessoal ou a nossa\nantipatia com relação ao outro nos façam acusá-lo do que não fez, são obrigações\na cujo cumprimento devemos.(1996, p.16)\n2 CNE. Resolução CNE/CES 11/2002. Diário Oficial da União, Brasília, 9 de abril de\n2002. Seção 1, p. 32\n[Digite aqui]De acordo com um documento fornecido aos monitores, os atendimentos no período de fevereiro\na abril de 2016, foram no total de 14. Foram mais atedimentos que várias matérias, como Cálculo\nnumérico e Física I. Esses números mostram que os alunos se preocupam com a Ética ou pelo\nmenos tem buscado auxílio para compreendê-la.\nConclusão\nA ética é tão importante quanto qualquer outra disciplina e sua monitoria traz vários\nbenefícios, não só para os alunos como para a monitora também. Usar um grupo de estudo\natravés do Facebook foi uma ótima ferramenta. O “feedback” com os alunos foi grande e a\nquantidade de dúvidas foram maiores que as expectativas. A aceitação foi um ponto muito\npositivo. Os alunos precisam de atenção e muitas vezes procuram a monitoria por causa disso.\nPercebe-se que os alunos sabem o conteúdo e tem a capacidade de ir além do que está sendo\nproposto, mas falta autoconfiança. Por isso se faz necessário esse apoio. A/o professora(o) é\npeça fundamental no meio acadêmico, ela(e) pode transformar a jornada muito mais interessante\ne aproveitável. “O conteúdo, além de interessante, foi apresentado de maneira dinâmica e\natrativa.” - “A dinâmica em sala e os questionamentos levantados faziam as aulas mais\ninteressantes. ” como respondeu um aluno.\nReferência\nBRASL. Resolução CNE/CES 11/2002. Diário Oficial da União, Brasília, 9 de abril de 2002.\nSeção 1, p. 32\nBrandão, Carlos Rodrigues. O que é educação? 38 ed. São Paulo: Brasiliense, 1996.\nCortella e Clóvis, Mario Sergio e Filho, de Barros; Ética e Vergonha na Cara; edição digital. 2014.\nFREIRE, Paulo. Pedagogia da autonomia: saberes necessários à prática educativa. São Paulo:\nPaz e Terra, 1996.\nRIOS, Terezinha Azeredo. Ética e vida social. Programa de formação de professores em\nexercício. Módulo I, Unidade 6. Identidade, Sociedade e Cultura, 4ª ed. Brasília:\nMEC/FUNDESCOLA, 2002.\nRIPEAM. Regulamento internacional para evitar abalroamentos no mar. download disponível\nem www.mar.mil.br Regulamento onde contém todas as regras de navegação.\n[Digite aqui]SOUZA, Sônia Maria Ribeiro de, Um outro olhar: filosofia. São Paulo: FTD, 1995.\nVázquez, Adolfo Sánchez. Ética. 14 ed. Rio de Janeiro: Civilização Brasileira, 1993.\nAgradecimentos\nAgradeço principalmente a minha orientadora, pelo incentivo e por acreditar em mim. Agradeço ao\nmeu marido, meu maior incentivador e por todos professores que me inspiram e me faz acreditar\nem uma educação melhor."
}