{
  "id": "27399",
  "trabalho": "SOBRE A MORTE E O MORRER: AS CONTRIBUIÇÕES DE ELISABETH KÜBLER-ROSS PARA A TANATOLOGIA",
  "area": "CIÊNCIAS DA VIDA",
  "ano": "2016",
  "evento": "XVI - ENCONTRO DE PÓS-GRADUAÇÃO E PESQUISA",
  "link": "http://uol.unifor.br/oul/conteudosite/?uuid=85EA8541C2BB80F3ECFBB587CFBE85A74B6317B2",
  "conteudo": "XVI ENCONTRO DE PÓS-GRADUAÇÃO E PESQUISA\nUniversidade de Fortaleza\n17 a 20 de outubro de 2016\nSobre a morte e o morrer: as contribuições de Elisabeth Kübler-Ross\npara a Tanatologia\nJosé Airton Nascimento Diógenes Baquit1* (PG), Maria Eniana Araújo Gomes Pacheco2 (PG), Lisa\nNaira Rodrigues de Sousa3 (PG).\n1Mestrando em Psicologia, Universidade de Fortaleza, Fortaleza-CE;\n2Doutoranda em Psicologia, Universidade de Fortaleza, Fortaleza-CE.\n3Mestranda em Psicologia, Universidade de Fortaleza, Fortaleza-CE.\nairtonbaquit@gmail.com\nPalavras-chave: Morte. Kübler-Ross. Tanatologia.\nResumo\nO objetivo deste trabalho é compreender a morte e o morrer na literatura da psiquiatra suíço-americana\nElisabeth Kübler-Ross, bem como a sua contribuição para a Tanatologia. Para o desenvolvimento desta\nreflexão foi utilizada a metodologia de revisão narrativa da literatura, com suportes de livros e artigos que\nretratam o universo da morte, priorizando alguns livros da própria autora, sendo eles: Sobre a morte e o\nmorrer (2008); O túnel e a luz: reflexões essenciais sobre a vida e a morte (2003); A morte: um amanhecer\n(2015) e A roda da vida (1998). Dessa forma, busca-se compreender qual a contribuição da doutora Ross\npara os estudos da morte, pois, no fim do século XX, a autora já estudava a transição de um modelo de\nassistência em saúde estritamente hospitalar e biomédico para o modelo familiar, acolhendo com respeito\nas singularidades de cada sujeito em estágio terminal. O campo teórico de nosso estudo conta com o\nsuporte de alguns autores, como Afonso e Minayo (2013), Elias (2001), Kovács (2012), dentre outros.\nPortanto, entende-se que o estudo da morte através do embasamento de Kübler-Ross torna-se relevante\npara a compreensão da sociedade, do homem e da sua própria finitude, num entrelaçamento que indicia\nmuitos aspectos sociais, políticos e econômicos, que até hoje permeiam nosso cotidiano, seja de forma\nmais explícita ou camuflada, em relação ao nosso estágio final.\nIntrodução\nA morte está mais explícita a cada dia. Em jornais, revistas, blogs e sites. Em qualquer meio de\ncomunicação, uma notícia ganha destaque: o número de homicídios nas grandes cidades. Reportagens\ncom longos depoimentos, fotos e muito sangue. Já virou prática do cotidiano. Mas, ao mesmo tempo,\ntambém podemos pensar que a morte anda disfarçada, escondida, acuada em lugares específicos. São\nhospitais, UTI’s, ambulatórios e profissionais cada vez mais especializados. Algumas questões são postas\ndiante deste cenário. Há espaço para a fala desses sujeitos que estão diante da morte? Qual é o lugar que\na narrativa do sujeito assume nesses tempos de tecnologização da saúde? Foi a partir desses\nquestionamentos que o tema da morte surgiu como possibilidade de pesquisa, gerando uma busca por\nfontes e referências bibliográficas sobre a finitude da vida.\nNessa fase de selecionar bibliografias, me deparo com um título simples, direto e bastante\ninstigante: ‘Sobre a morte e o morrer’, de autoria de Elisabeth Kübler-Ross. Algumas passagens do livro\nficaram em minha memória por longo tempo, como é o caso de uma cantora de ópera que teve de extrair\ntodos os dentes por causa de um processo deformante maligno na mandíbula e no rosto. O impacto foi\n1imediato, e me fez pensar sobre os pacientes terminais que estão ‘presos’ em locais específicos,\ndeterminados, designados para a morte. Outras questões surgiram ao término da leitura. E quem era\nmesmo a doutora Kübler-Ross? E porque seu interesse pela fala dos sujeitos? Qual a sua formação? Sua\nproposta foi ganhando volume em meus arquivos. Sua forma de narrar, de refletir e de enfrentar os\nobstáculos em torno de uma causa incrementaram meu desejo pelo entendimento sobre a morte e o\nmorrer.\nTachada de louca durante suas pesquisas, a doutora Ross, como era conhecida, foi uma médica\nsuíco-americana, que trabalhou na Polônia e na Rússia, ajudando nos primeiros socorros aos necessitados\nda Segunda Guerra. Viu de perto os horrores e crueldades do nazismo, percebendo o potencial de cada\nindivíduo para os aspectos bons e maus. Ficou bastante conhecida em 1969, quando lançou o livro On\ndeath and dyng, narrativa sobre as cinco fases observadas em pacientes terminais: negação, raiva,\nbarganha, depressão e aceitação. Precisou romper com um modelo de atendimento completamente\nestático, rígido e frio, para um projeto que contemplasse o ser humano, incluindo suas fraquezas e\nnecessidades. Em outras palavras, um modelo holístico, que interagia com todas as pessoas envolvidas\ndiante de uma doença fatal, desde os pacientes, os familiares e até mesmo os próprios profissionais.\nMetodologia\nPara a realização da pesquisa, utilizou-se o método de revisão narrativa da literatura. Foram\ntrabalhadas quatro obras da pesquisadora: ‘Sobre a morte e o morrer’, ‘O túnel e a luz: reflexões essenciais\nsobre a vida e a morte’, ‘A morte: um renascimento’ e ‘A roda da vida’, além de artigos pesquisados nas\nbases de dados Scientific Electronic Library Online (SciELO) e Google acadêmico.\nResultados e Discussão\nPara alguns, desespero. Para outros, sofrimento. O certo é que a morte gera inquietações, não\nescolhendo qual vai ser a sua próxima vítima. É inevitável não nos confrontarmos com as intermitências\nsobre a morte e o morrer, tema que acompanhou a psiquiatra suíço-americana Elisabeht Kübler-Ross por\num longo período, deixando seu legado na história. Em 1969, publicou o livro intitulado 'Sobre a morte e o\nmorrer', que até hoje é referência na área de Tanatologia, publicação que trouxe uma nova concepção\nsobre o atendimento a pacientes terminais. No entanto, apesar de ser referência no assunto, Kübler-Ross\nnão ascendeu de forma repentina. Sofreu resistência de seus próprios colegas de profissão, que estavam\nengessados no modelo tradicional de atendimento médico-paciente. Sua proposta gerou conflitos,\ndissidências e muitas apostas, que começaram a ecoar durante sua adolescência, período da Segunda\nGuerra Mundial.\nTinha prometido pra si mesma: estava decidida a ajudar os necessitados da Guerra através dos\nserviços de primeiros socorros. Partiu para a Polônia e para a Rússia, momento em que viu de perto as\nfragilidades e desajustes humanos, ficando impressionada com as cenas que presenciou. Seu interesse\npela morte surge nesse contexto, onde viu os campos de concentração e percebeu o monstro nazista que\ncada de um nós podemos ter. No livro 'A morte: um amanhecer', Elisabeth relata as barbaridades dos\ncampos de concentração, desde trens carregados com sapatos de bebê até cabelos das vítimas que eram\nenviados para a Alemanha, onde seriam utilizados na confecção de travesseiros.\nEssas percepções da Guerra e do ser humano contribuíram para um olhar especializado sobre o\nhomem e a condição humana. Seu trabalho como médica transita por sua própria experiência. Ainda\n2jovem, a psiquiatra teve sensibilidade para compreender os indícios de um mundo em ruínas através dos\ncrematórios, dos cheiros dos campos de concentração e dos objetos despachados nos trens.\nTodo esse percurso de Guerra pode ser simbolizado através de um encontro entre Küble-Ross e\numa menina judia, em Maidanek. A doutora Ross não entendia porque a garota continuou naquele mesmo\nterritório onde havia perdido seus pais, seus avós e todos os seus irmãos. As perguntas inquietavam\nElisabeth. Por que continua neste local tão desumano? O que está fazendo aqui? A garota não hesitou em\nresponder. Era preciso sobreviver para contar ao mundo sobre os horrores dos nazistas, não\nacompanhando o exército da libertação. \"Não. Seu fizer isso, não seria melhor que o próprio Hitler. Porque\no que eu estaria fazendo, senão plantando ainda mais sementes do ódio e da negatividade no mundo?\"\n(KÜBLE-ROSS, 2003, p. 12).\nSomente uma vida plena, segundo Küble-Ross, é capaz de superar determinados desafios de\nnossa existência. Somente uma vida plena é capaz de entender sobre a morte e o morrer. Somente uma\nvida plena é capaz de decifrar um pouco os muitos dos enigmas relativos à nossa finitude. Caso contrário,\nteríamos embarcado no primeiro trem. Não foi o caso da garota judia. Não foi o caso de Elisabeth.\nEssas experiências anteriormente citadas deram repertório para os famosos seminários que\naconteciam sobre os casos de pacientes terminais. Também deram repertório para a escrita, o\nenfretamento e a defesa de um modelo mais humanizado, mais próximo de cada moribundo. Já no final do\nséculo XX, a autora discutia um projeto de transição entre uma saúde estritamente hospitalar e biomédica\npara uma proposta domiciliar ou de 'hospices'. Dizia que este novo modelo priorizava um tratamento\nholístico, onde todos os profissionais estão integrados no alívio das dores físicas e emocionais, num\nesforço de integração entre os setores. A centralidade da discussão desse modelo domiciliar recaia sobre o\npaciente, membro que deve ser escutado por todos, sem julgamentos, numa contínua busca por\ncompreendê-lo diante de sua enfermidade (AFONSO, MINAYO, 2013).\nSeu enfrentamento em torno da causa ganhou repercussão e fissuras na comunidade científica.\nAlguns de seus colegas de hospital estranhavam sua forma de conduzir os seminários, que cresciam\nesporadicamente. Tachada de louca por alguns, a médica não abandonou seu fascínio pelos dados obtidos,\ne continuou sua rotina intensa em torno da questão. Seu ritmo de produtividade acabou agredindo seu\npróprio organismo. Kübler-Ross teve um acidente vascular cerebral, vivenciando grande parte de seus\nescritos, pois o tratamento dispensado pelo hospital era bem pior do que imaginava. Não teve outra saída.\nUtilizou sua prerrogativa de médica e assinou sua própria alta, criando seu próprio programa de\nreabilitação. Apesar do pessimismo dos médicos, voltou a andar e a falar, podendo praticar as coisas que\nmais gostava, como cozinhar e cuidar do jardim (KOVÁCS, 2012).\nEssa indisposição entre colegas de departamento ficou mais acirrada quando os estudos da autora\naumentaram sua crença numa instância superior, descrita por pacientes que estiveram em quadro clínico\ngrave. A comunidade científica reagiu. A doutora Ross foi questionada por todos os lados, e o argumento\nera praticamente o mesmo. A experiência de quase morte, segundo seus críticos, era resultado de falta de\noxigênio no cérebro. Elisabeth não deixou por menos. Rebateu com uma pergunta desafiadora. E o caso de\npessoas cegas que puderam descrever os profissionais que apareceram para elas durante a experiência de\nquase morte? O conflito estava lançado. Ela quase largou a coordenação de seus famosos seminários por\ncausa da pressão da comunidade científica, porém defendeu até o fim o que acreditava (AFONSO,\nMINAYO, 2013).\nKübler-Ross também foi acusada de não agir de forma ética, pois só mencionava os profissionais\npioneiros nesse campo de estudo na parte da bibliografia. O texto da autora, de acordo com os críticos, faz\n3com que os méritos sobre a pesquisa sejam exclusivamente dela, já que os outros pesquisadores são\nesquecidos no corpo da escrita. Outra questão mencionada pelos críticos é a sua inacessibilidade com\noutros profissionais que estão contribuindo para a melhoria do atendimento dos pacientes terminais. Já os\ndefensores da obra kubleriana, argumentam que a centralidade do trabalho da doutora Ross não deve\nperder espaço para debater os detalhes e validades de suas teses e flertes com a espiritualidade. O que\ndeve ser mantido em consideração é a possibilidade que ela permitiu ampliar sobre a questão da morte e\ndo morrer em nossa sociedade (AFONSO, MINAYO, 2013).\nEntre críticas e elogios, um fio condutor permeia toda a questão: a morte. Foi a partir das\nexperiências dos famosos seminários conduzidos pela autora, em 1969, que foi lançado o livro intitulado\nOn death and dying, primeiros escritos de uma série que a projetaria internacionalmente. A obra foi\ntraduzida para mais de trinta línguas, sendo reconhecida pela famosa descrição dos cinco estágios que\npassa uma pessoa em fase terminal (negação, raiva, barganha, depressão e aceitação). A pesquisadora\nespecifica cada uma dessas fases, mostrando suas etapas durante a enfermidade do paciente. Há uma\nproximidade muito grande entre a descrição de cada estágio e a vivência de cada paciente. Kübler-Ross\ndescreve cada etapa através da observação de cada sujeito, de cada fala, de cada gesto singular para a\ncompreensão do fenômeno observado.\nEsse modelo de sequência, no processo de perda significativa de um ente querido, marca a\ncontribuição da obra de Elisabeth Kübler-Ross para pacientes gravemente enfermos. Isso não significa\ndizer que há um modelo igual para todos, pois a ordem dos estágios pode aparecer aleatoriamente. O\nmodelo deve servir como guia para compreender as diferentes etapas até o momento da morte. Apesar do\namplo conhecimento sobre esses processos, torna-se necessário apresentá-los de forma a compreender\nsuas propostas fundamentais. Seguimos um modelo de exemplificação baseado nas considerações da\nprópria autora, que faz uma descrição minuciosa sobre indivíduos que estão diante da morte.\nPosteriormente, recorremos a outros pesquisadores para dialogar sobre as etapas da morte e do morrer.\nEis aqui os relatos selecionados sobre cada momento da fase terminal. Os relatos a seguir foram\nselecionados do livro ‘Sobre a morte e o morrer’ (2008).\n1. Negação e isolamento\nSozinha no quarto, passou a maior parte das últimas semanas de portas fechadas, com poucas\nenfermeiras indo visitá-la, uma vez que não havia muito o que fazer. Justificavam esse afastamento com\nfrases como estas: “Ela está muito confusa para entender” e “Nem sei o que dizer, com as ideias loucas\nque ela tem”. Sentindo aumentar o isolamento e a solidão, muitas vezes tirava o fone do gancho “só para\nouvir uma voz” (p. 49).\n2. Raiva\nDoutora: Que tipo de menina foi a senhora? Quando criança, o que a levou a se tornar freira? Foi\ndecisão da família?\nPaciente: Fui a única a ir para o convento. Éramos dez filhos, cinco homens e cinco mulheres. Não\nme lembro de não ter querido ser freira. Mas, sabe, estudando um pouco mais de psicologia, fico pensando\nse não foi como transportar-me para algum lugar onde pudesse me sobressair. Onde eu fosse diferente de\nminhas irmãs, tão bem aceitas pela família. Minha mãe e elas eram boas donas-de-casa, enquanto eu\ngostava mais de livros e coisas parecidas. Contudo, o passar dos anos me fez ver que isso não era\n4verdade. Às vezes, sinto vontade de não ser mais freira, porque é difícil demais, mas me lembro de que se\nDeus quis posso aceitar como sendo a vontade Dele. (pp. 80/81).\n3. Barganha\n(...) Uma cantora de ópera estava com um processo deformante maligno na mandíbula e no rosto,\ne não podendo mais exibir-se no palco pediu para ‘apresentar-se só mais uma vez’. Quando soube que era\nimpossível, deu o mais tocante show de toda sua vida: pediu para participar do seminário e falar na frente\ndo auditório, mas não por trás da janela de vidro espelhado. Diante da classe, abriu as cortinas da história\nde sua vida, cantando seu sucesso e sua tragédia, até que foi chamada por telefone a voltar para seu\nquarto. O médico e o dentista esperavam-na para extrair seus dentes e continuar o tratamento\nradioterápico. Ela pediu para cantar uma última vez - para nós - antes de esconder seu rosto para sempre.\n(p. 88).\n4. Depressão\nPaciente: Pois é, temos de admitir isto, nunca pensei na morte como uma coisa em si, mas tenho\npensado na inutilidade da vida nestas circunstâncias.\nCapelão: Na inutilidade?\nPaciente: Isto é, se eu morresse amanhã, minha mulher continuaria perfeitamente normal.\nDoutora: Como se nada tivesse acontecido?\nPaciente: É o que acho. Ela não sentiria falta. (p. 105).\n5. Aceitação\nDoutora: Em que ponto da doença você soube realmente o que tinha?\nPaciente: Na realidade, soube que poderia ser um tumor maligno logo que vi as radiografias, pois\num tumor nesta região específica tem noventa por cento de possibilidade de ser maligno. Mas, como eu\ndisse, não julguei que pudesse ser tão grave e eu estava passando bem. O médico não me falou sobre a\ngravidade do meu estado, mas comunicou à família assim que saiu da sala de operação. Pouco tempo\ndepois, fui com meu filho a uma cidade vizinha. Sempre fomos uma família muito unida; começamos a\nconversar sobre o meu estado geral, quando ele me perguntou: \"Mamãe lhe disse alguma vez o que você\nrealmente tem?\" Respondi-lhe que não. Sei que foi uma dor profunda para ele, mas me contou que ao\nfazerem a primeira operação constataram que não só era um tumor maligno como, também, metastático e\ncobria todos os órgãos do corpo. A sorte era que não afetara nem o fígado nem o baço. Aos dez anos de\nidade, meu filho tinha começado a conhecer Deus e desde essa época temos trocado experiências nesse\nsentido. Cresceu e foi para a faculdade, mas foi esta experiência que fez com que amadurecesse muito.\nDoutora: Tudo isso o ajudou, agora que tem de lidar com sua própria morte e sua doença fatal?\nPaciente: Ajudou muito. Como disse, tenho estado em absoluta paz comigo mesmo desde que\nacordei da anestesia depois da operação. Não podia gozar de maior paz.\nDoutora: Não tem medo?\nPaciente: Honestamente, não posso dizer que tenho medo.\nDoutora: Dr. G., você é um homem singular. Raramente encontramos homens que encaram a\nprópria morte sem nenhum medo.\nPaciente: É que espero entrar no reino de Deus quando morrer (pp.126-129).\n5Conclusão\nApesar dos avanços e debates em torno de uma proposta mais humanizada de cuidados paliativos,\nonde os sujeitos têm direito à fala sobre suas próprias experiências de vida, ainda torna-se necessário\naprofundar cada vez mais a discussão sobre a finitude da existência. Numa época de avanço tecnológico,\nde aceleração do viver e liquidez dos afetos, nos resta ultrapassar as fronteiras para o enfrentamento da\nmorte e do morrer, assunto tão misterioso e banido do nosso cotidiano. Portanto, refletir sobre os pacientes\nterminais nas obras de Kübler-Ross torna-se relevante para compreender o paciente terminal através de\nsua própria experiência, pois o homem é constituinte e constituído pelo mundo, e a compreensão de sua\nfala também nos leva à sua experiência enquanto sujeito, portador de uma autoridade que ainda se faz\npresente.\nReferências\nAFONSO, S. B. C., DE SOUZA MINAYO, M. C. Uma releitura da obra de Elisabeth Kubler-Ross. Ciênc.\nsaúde coletiva, 18(9), 2729-2732, 2003.\nALVES, C. B., DULCI, P. L. Quando a morte não tem mais poder: considerações sobre uma obra de\nElisabeth Kübler-Ross. Revista Bioética, 22(2), 262-270, 2014\nAMORIM, C. A. Elisabeth Kübler-Ross: una vida para una buena morte. Psicologia em Estudo, 5(1), 145-\n148, 2000.\nDE LIMA, G. Q., PARANHOS, M. E., WERLANG, B. S. G. Contribuições da Tanatologia no processo de\nmorrer. Revista de Psicologia da IMED, 1(2), 2009.\nELIAS, N. A solidão dos moribundos. (Tradução de P. Dentzien). Rio de Janeiro: Jorge Zahar, 2001.\nKOVÁCS, M. J. Desenvolvimento da tanatologia: estudos sobre a morte e o morrer. Paidéia (Ribeirão\nPreto), 18(41), 457-468., 2008.\nKOVÁCS, M. J. Educação para a morte: temas e reflexões. São Paulo: Casa do Psicólogo, 2012.\nKÜBLER-ROSS, E. A roda da vida: memórias do viver e do morrer. (Tradução de M. L. N. Silveira.). Rio\nde Janeiro: Sextante, 1998.\nKÜBLER-ROSS, E. O túnel e a luz: reflexões essenciais sobre a vida e a morte. (Tradução de M. F.\nLopes.). São Paulo: Verus Editora, 2003.\nKÜBLER-ROSS, E. Sobre a morte e o morrer: o que os doentes terminais têm para ensinar a médicos,\nenfermeiros, religiosos e aos seus próprios parentes. (Tradução de P. Menezes.). São Paulo: Martins\nFontes, 2008.\nKÜBLER-ROSS, E. A morte: um amanhecer. São Paulo: Cultrix, 2015.\nMENEZES, R. A. Tecnologia e \"morte natural\": o morrer na contemporaneidade. Physis, 13(2), 367-385,\n2003.\nSANTANA, M. T. M. D., NASCIMENTO, M. F. C., ALMEIDA, C. F. D. Núcleo de Renascimento Elisabeth\nKübler-Roos-Nurekr: assistência de saúde no modelo. Rev. bras. enferm, 53(2), 291-294, 2000.\nAgradecimentos\nÀ FUNCAP (Fundação Cearense de Apoio ao Desenvolvimento Científico e Tecnológico) pelo apoio ao\ndesenvolvimento desta pesquisa.\n6"
}