{
  "id": "27398",
  "trabalho": "EDUCAÇÃO EM SAÚDE SOBRE DENGUE, CHIKUNGUNYA E ZYKA VÍRUS: UM RELATO DE EXPERIÊNCIA.",
  "area": "CIÊNCIAS DA VIDA",
  "ano": "2016",
  "evento": "XXII - ENCONTRO DE INICIAÇÃO À PESQUISA ",
  "link": "http://uol.unifor.br/oul/conteudosite/?uuid=55186E44A65E39F1EC6625E79E399B1551FA0A78",
  "conteudo": "XXII Encontro de Iniciação à Pesquisa\nUniversidade de Fortaleza\n17 à 21 de Outubro de 2016\nEDUCAÇÃO EM SAÚDE SOBRE DENGUE, CHIKUNGUNYA E ZYKA\nVÍRUS: UM RELATO DE EXPERIÊNCIA.\nMarjorie Rodrigues Paula1* (IC), Cristina Paloma Guerra da Silva2 (IC),\nJeane Ribeiro Martins3 (IC), Anna Paula Sousa da Silva 4 (PQ), Isabella\nLima Barbosa5 (PQ).\n1. Faculdade Nordeste – Curso Enfermagem\n2. Faculdade Nordeste – Curso Enfermagem\n3. Faculdade Nordeste – Curso Enfermagem\n4. Enfermeira, Doutora em Enfermagem, Docente do curso de Enfermagem da Faculdade Nordeste –Fanor, Fortaleza.\nCE, Brasil.\n5. Enfermeira, Doutora em Saúde Coletiva, Docente do curso de Enfermagem da\nFaculdade Nordeste –Fanor, Fortaleza. CE, Brasil.\nmarjorie_0201@hotmail.com\nPalavras-chave: Dengue. Educação em saúde. Enfermagem.\nResumo\nAs atividades em educação em saúde têm se tornado uma porta de entrada muito importante para a busca\nde conhecimento e informação pela população através do Sistema Único de Saúde. Com o crescente\nnúmero de casos de dengue, chikungunya e zika vírus a promoção de saúde em conjunto com boas práticas\nde disseminação das informações a população acabaram por ser mais frequentes como um dos métodos\nprincipais no combate, conhecimento, tratamento e controle da doença. O estudo objetiva relatar a\nexperiência através de uma educação em saúde, a população de uma Unidade de Atenção Primária a\nSaúde acerca das doenças Dengue, Chikungunya e Zika Vírus. Trata se de um estudo na modalidade relato\nde experiência vivenciado por acadêmicas de enfermagem em uma Unidade de Atenção Primária a Saúde\nno período de abril de 2016, em Fortaleza- CE. Sendo realizada por meio de atividade educativa com foco\ninformativo sobre a dengue, chikungunya e zika vírus. A análise de dados se deu a luz de um referencial\nteórico. Os aspectos éticos foram respeitados conforme resolução 466/2016. Observou se que o público\ntinha conhecimento a respeito de como se contraía a doença, características de como reconhecer o\nmosquito transmissor, parcial conhecimento acerca dos sintomas e bom conhecimento sobre formas\nsimples de prevenção contra a dengue. O estudo proporcionou maior conhecimento sobre as doenças\natravés de uma prática como a educação em saúde.\nIntrodução\nA dengue é uma doença febril aguda, de etiologia viral e de evolução benigna na forma clássica, e\ngrave quando se apresenta na forma hemorrágica. A dengue é, hoje, a mais importante arbovirose (doença\ntransmitida por artrópodes) que afeta o homem e constitui-se em sério problema de saúde pública no\nmundo, especialmente nos países tropicais, onde as condições do meio ambiente favorecem o\ndesenvolvimento e a proliferação do Aedes aegypti, principal mosquito vetor (BRASIL, 2002)\nO Aedes aegypti é originário do Egito, a dispersão pelo mundo ocorreu da África: primeiro da costa\nleste do continente para as Américas, depois da costa oeste para a Ásia. Os mosquitos fêmea sugam\n1sangue para produzir ovos. Se o mosquito da dengue estiver infectado, poderá transmitir o vírus da dengue\nneste processo. A fêmea precisa de sangue para a produção de ovos, tanto o macho quanto a fêmea se\nalimentam de substâncias que contêm açúcar (néctar, seiva, entre outros), mas como o macho não produz\novos, não necessita de sangue. Normalmente, três dias após a ingestão de sangue as fêmeas já estão\naptas para a postura, passando então a procurar local para desovar (BRASIL, 2016).\nO Zika vírus (ZIKAV) é um RNA vírus, do gênero Flavivírus, família Flaviviridae. Até o momento, são\nconhecidas e descritas duas linhagens do vírus: uma Africana e outra Asiática. O principal modo de\ntransmissão descrito do vírus é por vetores. No entanto, está descrito na literatura científica, a ocorrência de\ntransmissão ocupacional em laboratório de pesquisa, perinatal e sexual, além da possibilidade de\ntransmissão transfusional. A febre por vírus Zika é descrita como uma doença febril aguda, autolimitada,\ncom duração de 3-7 dias, geralmente sem complicações graves e não há registro de mortes. A taxa de\nhospitalização é potencialmente baixa (BRASIL, 2007).\nSegundo a literatura, mais de 80% das pessoas infectadas não desenvolvem manifestações\nclínicas, porém quando presentes a doença se caracteriza pelo surgimento do exantema maculopapular\npruriginoso, febre intermitente, hiperemia conjuntival não purulenta e sem prurido, artralgia, mialgia e\ncefaleia e menos frequentemente, edema, dor de garganta, tosse, vômitos e haematospermia. No entanto, a\nartralgia pode persistir por aproximadamente um mês.\nRecentemente, foi observada uma possível correlação entre a infecção ZIKAV e a ocorrência de\nsíndrome de Guillain-Barré (SGB) em locais com circulação simultânea do vírus da dengue, porém não\nconfirmada a correlação (BRASIL, 2015). A febre de chikungunya é uma arbovirose causada pelo vírus\nChikungunya (CHIKV), da família Togaviridae e do gênero Alphavirus. A viremia persiste por até dez dias\napós o surgimento das manifestações clínicas. A transmissão ocorre pela picada de fêmeas dos mosquitos\nAe. Aegypti e Ae. Albopictus infectadas pelo CHIKV. Casos de transmissão vertical podem ocorrer quase\nque, exclusivamente, durante o período de intraparto em gestantes virêmicas e, muitas vezes, provoca\ninfecção neonatal grave. Pode ocorrer transmissão por via transfusional, todavia é rara se os protocolos\nforem observados. Os sinais e os sintomas são clinicamente parecidos com os da dengue – febre de início\naguda, dores articulares e musculares, cefaleia, náusea, fadiga e exantema.\nA principal manifestação clínica que as difere são as fortes dores nas articulações. Após a fase\ninicial, a doença pode evoluir em duas etapas subsequentes: fase subaguda e crônica. Embora o\nchikungunya não seja uma doença de alta letalidade, tem caráter epidêmico com elevada taxa de morbidade\nassociada à artralgia persistente, tendo como consequência a redução da produtividade e da qualidade de\nvida (BRASIL, 2015).\nNesse sentido são doenças que necessitam estratégias tais como, a educação em saúde, na qual é\ninerente a todas as práticas desenvolvidas no âmbito do SUS. Como prática transversal proporciona a\narticulação entre todos os níveis de gestão do sistema, representando dispositivo essencial tanto para\nformulação da política de saúde de forma compartilhada, como às ações que acontecem na relação direta\ndos serviços com os usuários (BRASIL, 2007).\nO trabalho tem relevância pois estratégias básicas utilizando tecnologias leves podem diminuir o\nnúmero de casos e evitar complicações da doença pelo adequado conhecimento acerca da patologia na\ncomunidade.\nContudo, o estudo justifica-se pela importância que a educação em saúde tem como um\ninstrumento auxiliar na incorporação de novas práticas por profissionais e serviços de saúde. Sua\nconcepção teórica, valorizando o saber do outro, entendendo que o conhecimento é um processo de\n2construção coletiva, tem sido utilizada pelos serviços, visando a um novo entendimento das ações de saúde\ncomo ações educativas, assim contribuindo na diminuição dos casos de endemias na população.\nO estudo tem como objetivo relatar a experiência através de uma educação em saúde, a população\nde uma Unidade de Atenção Primária a Saúde acerca das doenças Dengue, Chikungunya e Zika Vírus.\nMetodologia\nEsse estudo respalda-se de um relato de experiência vivenciado em uma Unidade de Atenção\nPrimária a Saúde, pertencente a regional II, localizada no município de Fortaleza no período de Março de\n2016. Esta experiência de ensino prático, realizada em campo de estágio do sétimo semestre de\nenfermagem da Faculdades Nordeste- Fanor, incluiu a inserção de ações educativas desenvolvidas no\nposto. Essa educação em saúde fora composta por dois momentos: o primeiro correspondeu a uma peça,\ncriada pelo próprio grupo, onde explica de maneira cognoscível os riscos que acarretavam à falta de\ncooperação nas tentativas de combate aos focos da dengue, onde uma integrante representava uma agente\nde saúde, e as outras duas faziam as cidadãs, que tinham sua casa inspecionada pela a agente. Já, o\nsegundo, correspondia a uma palestra executada pelas outras dirigentes do grupo, onde foi exposta em\nlinguagem clara e acessível aos pacientes do posto, em relação à essas arboviroses. A peça, foi aproveitada\npelos 12 usuários que estavam na espera de suas respectivas consultas, onde os deixou mais sensíveis e\natentos ao que foi exposto, provocando a curiosidade por parte das informações emitidas, os instigando a\nretirar suas dúvidas acerca do assunto explanado. A população do posto, que fora repassada essas\ninformações, não fora selecionada por gênero e faixa etária, tendo como objetivo fazer com que os usuários\ntenham informações claras, atualizadas, pensadas em cima dos erros que a população de maneira geral\nfalhava, com base nas epidemiologias e dúvidas frequentes. Ao final do segundo momento da sala de\nespera, fora entregue panfletos e adesivos para todos que estavam no posto, houve a afixação de cartazes,\ncomo forma de orientar os que não puderam estar presentes no momento da educação. A análise de dados\nfoi realizada a luz de um referencial teórico. Os aspectos éticos foram respeitados conforme resolução\n466/2012.\nResultados e Discussão\nForam realizadas educações em saúde utilizando orientações e encenação sobre a dengue,\nchikungunya e o zika vírus por acadêmicas de enfermagem, como forma de chamar atenção e orientar o\npúblico em uma unidade básica, localizada no bairro do centro, na cidade de Fortaleza; sendo\ndisponibilizados panfletos e cartazes como reforço a disseminação sobre o combate, diagnóstico e outras\norientações a respeito da doença, no qual foram retiradas dúvidas em que o público veio a apresentar, que\nse referiam sobre: como identificar e diferenciar os sintomas entre as doenças, suas complicações, as\nmedicações que poderiam ser realizadas e os melhores métodos e técnicas de prevenção contra o mosquito\ntransmissor.\nFoi observado que o público tinha conhecimento a respeito de como se contraia a doença,\ncaracterísticas de como reconhecer o mosquito transmissor, parcial conhecimento acerca dos sintomas e\nbom conhecimento sobre formas simples de prevenção contra a dengue. Isso mostra que o profissional da\nsaúde por meio de tecnologias simples e didáticas pode fortalecer o conhecimento acerca da dengue para a\npopulação tendo em vista o melhor controle da doença.\nPara tanto, percebe-se que a educação em saúde nos serviços, trata-se de um processo de\npromoção-prevenção-cura-reabilitação e é também um processo pedagógico, no sentido de que tanto o\n3profissional de saúde quanto o cliente-usuário aprendem e ensinam. Esses conceitos podem mudar\nefetivamente a forma e os resultados do trabalho em saúde, transformando pacientes em cidadãos, co-\npartícipes do processo de construção da saúde. Quer seja num aspecto ou noutro, são grandes as\ndificuldades das equipes de saúde para efetivar uma prática cotidiana de promoção, incorporando ações\neducativas no dia a dia dos serviços.\nQuando isso acontece, dá-se, muitas vezes, de acordo com o interesse individual dos profissionais,\nrealizando trabalhos em grupos com gestantes, idosos ou portadores de patologias, como no caso da\ndengue, zika e chikungunya. As atividades de educação em saúde são conduzidas a ações junto à\ncomunidade que trabalhe sua autonomia e conscientização (ALBUQUERQUE, 2004).\nNesse sentido, além de reforçar a participação popular, potencializa uma maior conscientização do\npovo sobre suas condições de vida, reforçando a prevenção, promoção e reabilitação das doenças aqui\ndescritas.\nConclusão\nO estudo proporcionou maior conhecimento não só em relação a doença, mas também a\nimportância da primeira porta de entrada para o atendimento a comunidade que são as unidades de atenção\nprimária a saúde, pois as mesmas são responsáveis por acolher inicialmente os pacientes e encaminha-los\nquando necessário aos outros serviços, assim disponibilizando a todos acesso a saúde. Em relação a\ndengue sabe se que no Brasil inteiro houve um aumento do número de casos, principalmente na região\nnordeste onde os números são alarmantes, tendo foco principal para o vírus da zika, pois este está sendo\nresponsável por um alto índice de casos com má formação neurológica em recém-nascidos, e além de\npossivelmente está associado a surtos em pacientes que já tiveram algumas vezes dengue e, por\nconseguinte tenham contraído o zika vírus ocorrendo a chamada Síndrome de Guillain- Barré.\nTorna se importante salientar junto a sociedade o combate ao mosquito transmissor, pois este pode\ntransmitir até 4 tipos de vírus diferentes da doença. A atuação do profissional de enfermagem através da\neducação em saúde é uma uma ferramenta fundamental na atenção primária, pois é responsável por\norientar e ajudar a conscientizar a população acerca da dengue e das diversas endemias e arboviroses com\naumento da incidência na sociedade.\nReferências\n1.BRASIL. Ministério da Saúde. Caderno de Educação Popular e Saúde. Brasília- DF, 2007.\n2.BRASIL. Ministério da Saúde. Dengue Aspectos Epidemiológicos, Ministério da Saúde Diagnóstico\ne Tratamento. Brasília- DF, 2002.\n3.BRASIL. Ministério da Saúde. Portal da Saúde: Orientação e Prevenção. 2016.\n4.BRASIL. Ministério da Saúde. Boletim Epidemiológico: Febre pelo vírus Zika: uma revisão narrativa\nsobre a doença. Volume 46 N° 26 – 2015.\n5.BRASIL. Ministério da Saúde. Febre de chikungunya: manejo clínico. Brasília- DF, 2015.\nAgradecimentos\nAgradecemos pela contribuição a população local, principalmente os pacientes da unidade básica, os\nprofissionais e as orientadoras que nos estimulam a pesquisa como fonte principal de conhecimento.\n4"
}