{
  "id": "27408",
  "trabalho": "ANÁLISE BIBLIOMÉTRICA DA PRODUÇÃO CIENTÍFICA DOS DOCENTES DA UNIFOR: UTILIZAÇÃO DA BASE DE DADOS SCOPUS",
  "area": "(PRÁTICAS DOCENTES) DESENVOLVIMENTO CURRICULAR: ",
  "ano": "2016",
  "evento": "VIII - ENCONTRO DE PRATICAS DOCENTES",
  "link": "http://uol.unifor.br/oul/conteudosite/?uuid=D7F0FB05474EF4524C52C0722938BBD22DE66B03",
  "conteudo": "ANÁLISE BIBLIOMÉTRICA DA PRODUÇÃO CIENTÍFICA DOS\nDOCENTES DA UNIFOR: UTILIZAÇÃO DA BASE DE DADOS\nSCOPUS\nAfonso Carneiro Lima\nUniversidade de Fortaleza\nafonsolima@unifor.br\nMírian Cristina de Lima\nUniversidade de Fortaleza\nmirian@unifor.br\nRESUMO\nUm dos principais indicadores de qualidade e de desempenho em instituições de\nensino superior, a produção científica tem sido um dos principais pontos de atenção da\ngestão de faculdades e universidades, podendo ser avaliada por meio do uso de\nindicadores bibliométricos. Este artigo teve por objetivo avaliar a produção científica da\nUniversidade de Fortaleza – UNIFOR no período de 2011 a 2015, registrados na base\nde dados Scopus, caracterizando-se como uma pesquisa quantitativa. O presente\nartigo constatou um modesto crescimento durante o recorte temporal definido, estando\no maior número de produções concentrado em duas áreas: medicina e ciência da\ncomputação, totalizando quase 50% dos artigos científicos. Foram identificadas falhas\ncadastrais dos docentes (duplicidade de cadastros), fato que repercute na aferição\nefetiva da produção científica de uma IES. Sugere-se que o estudo bibliométrico da\nprodução científica da UNIFOR seja realizado em outras bases de dados formais,\nhavendo um levantamento altimétrico e que esses resultados sejam incluídos em um\nsistema mais amplo de avaliação de desempenho. Estes dados podem orientar\nestratégias em pesquisas para o desenvolvimento da produção científica da\ninstituição.\nPalavras-chave: Produção Científica. Avaliação de Desempenho Institucional.\nBibliometria. Scopus.\nINTRODUÇÃO\nAs tecnologias da informação e comunicação (TICs) e a Internet\ntrouxeram muitas mudanças à sociedade. Um dos principais pensadores da\nadministração, Drucker (1993) afima quem detém o conhecimento é detém o“poder”, descreve que houve uma mudança de poder a partir da evolução da\neconomia; inicialmente estava associado à agricultura, o poder migrou para a\nindústria, em seguida, para os serviços e, na contemporaneidade para um novo\nbem precioso: a informação. Relata que o recurso econômico básico não é\nmais o capital, a terra, ou a mão de obra, mas, o conhecimento.\nOutros autores denominaram de forma diferente este novo momento da\nsociedade da informação: sociedade em rede (CASTELLS, 2003), sociedade\ndoconhecimento (HARGREAVES, 2003) e sociedade da aprendizagem.\n(POZO, 2004).\nO conhecimento científico é o conhecimento objetivo do universo e de\nseus fenômenos, gerado pelo método científico do questionamento e validado\nde acordo com as observações empíricas. Esse conhecimento é obtido\nmediante a investigação científica, que tem a comunicação como âmago do\nmétodo científico e para ser seguido exige a consulta aos trabalhos anteriores,\nnesse sentido, a bibliometria tem o papel de apresentar os indicadores das\natividades científicas, pode-se destacar algumas atuações como: aspectos da\nlinguagem e frequência de citação, a relação autor-produtividade,\ncaracterísticas das publicações, o crescimento da literatura em uma\ndeterminada base de dados, a análise das citações e das publicações por área,\npor autores, por países etc. (MACIAS- CHAPULA, 1998, p. 135)\nExiste uma divergência com relação ao surgimento da bibliometria, alguns\natribuem a utilização do termo a Alan Pritchard em 1969; outros acreditam que\nPaul Otlet na sua obra Traité de documentatión publicada em 1934 já relatasse\nsobre o tema. (RAVICHANDRA, 1986; VANTI, 2002; MUGNAINI; QUONIAM,\n2002). Esse termo apresentava a ideia de “bibliografia estatística”, já que\nadveio da necessidade das bibliotecas em quantificar suas obras, em 1969\nRanganathan apresentou um trabalho no seminário anual do Documentation\nResearch and Training Centre (DRTC) com exemplos de aplicações da\nestatística na biblioteconomia.Nesse contexto, três outros pesquisadores são\nfrequentemente citados devido a suas contribuições:\no Lotka - criador da Lei que leva do seu nome, também conhecida\ncomo Lei do Quadrado Inverso, relacionada à produtividade dos\nautores, utilizando um modelo de distribuição tamanho-\nfrequência, a evolução desta técnica é a utilização do “índice h”(h-index), a proposta é quantificar a produtividade e o impacto\nde cientistas baseando-se nos seus artigos mais citados. Este\ncálculo pode ser feito utilizando as informações da base Web of\nScience (WoS).\no Zipf - denominada Lei de Zipf ou Lei do Mínimo Esforço, consiste\nem medir a frequência de um ou mais palavras em um grupo de\ndocumentos, com o objetivo de gerar uma lista ordenada de\ntermos de uma determina disciplina ou área do conhecimento.\nAtualmente utiliza-se aplicativos como Taxgeto para contagem e\norganização das palavras, expressões mais recorrentes.\no Bradford - definida como Lei Bradford ou Lei de Dispersão,\npermite a medição da produtividade das revistas, uma das\nferramentas bibliométrica mais utilizadas para realização destas\nanálises é o Journal Citation Reports – JCR, ela avalia e compara\nperiódicos utilizando dados de citações extraídos de 11 mil\nrevistas acadêmicas e técnicas nas áreas de ciências e ciências\nsociais.\nAs Instituições de Ensino Superior – IES, estão inseridas neste contexto,\natuantes na produção de informações, propagação do conhecimento e a\npreservação da memória científica. “A área acadêmica desempenha importante\npapel no processo de produção e disseminação de conhecimento nesta\nconjuntura social que se estabelece.”(MACHADO JUNIOR et al., 2016, p. 112).\nO monitoramento de indicadores da produção técnica e científica de um\nIES é extremamente necessário não apenas para apoiar a tomada de decisões,\nmas também para orientar condução de políticas científicas internas e\nconseguir fomentos. Sejam elas métricas formais como a bibliometria, medição\nda produção e disseminação do conhecimento científico através de publicações\ncientíficas, utilizada há mais de um século passado ou das métricas\nalternativas (altmetrics). Definidas por Nascimento (2016, p.17) como: “O\nestudo e o uso de métricas alternativas de impacto acadêmico baseadas no\nregistro de atividades realizadas em ambientes online – incluindo interações\nem blogs, redes sociais, ferramentas de gerenciamento bibliográfico e de\ncolaboração acadêmica [...]”.\nEste estudo estabeleceu por objetivo avaliar a produção científica daUniversidade de Fortaleza – UNIFOR no período de 2011 a 2015, registrados\nna base de dados Scopus e sugerir que seja criado um sistema mais amplo de\navaliação de desempenho.\nMETODOLOGIA\nEsta pesquisa pode ser categorizada como uma pesquisa bibliométrica;\nsegundo Macias-Chapula (1998, p. 134), “[...] a bibliometria é o estudo dos\naspectos quantitativos da produção, disseminação e uso da informação\nregistrada.”\nO primeiro passo foi a escolha da base, optou-se pela Scopus, base\nreferencial de literatura técnica e científica revisada por pares, criada em 2004\ne que cobre um período desde 1960. Atualmente, ela conta com 50 milhões de\nregistros, 21.000 títulos e 5.000 editores (SCOPUS, 2016). Foi realizada uma\nbusca por afiliação (instituição) na base de dados Scopus da Elsevier por meio\ndo Portal de Periódicos Capes em 12 de julho de 2016. A instituição aparece de\nduas formas: Universidade de Fortaleza e University of Fortaleza, cujo o é ID:\n60015440, no total contabiliza 1.480 documento datando de 1987 a 2016 e 973\nautores.\nOutros critérios de busca foram inseridos para elaboração deste artigo,\nforam selecionados aqueles classificados como “Artigos” (Articles), Artigos de\neventos (Conference Papers) e \"Revisões\" (Reviews). Essa nova seleção\ngerou 700 registros, correspondentes à produção dos últimos cinco anos (2011-\n2015).\nRESULTADOS E DISCUSSÃO\nO principal indicador que retrata o desenvolvimento científico de uma\ninstituição é a qualidade e o total dos trabalhos publicados. A produtividade\ncientífica pode ser calculada sob diferentes características do ponto de vista\nquantitativo, em que prevalece a análise do número de documentos publicados\ne de citações recebidas.\nA história da produção científica da Unifor indexada na base de dados\nreferencial Scopus, pode ser observada na Figura 1. Percebeu-se um modesto\ncrescimento durante o passar dos anos, entre 2011 e 2015 o aumento foi de\n31,4%. Os docentes têm muitas atribuições como: ministrar aulas, orientaçãode alunos, avaliação de monografias, dissertações ou teses em bancas etc.\nEntretanto, a produção de artigos nas primeiras décadas dos anos 2000 tem\nsido uma das principais cobranças dos professores. No caso dos docentes que\norientam monografias na graduação, muitas vezes o único produto final é o\npróprio TCC, com um pouco mais de investimento intelectual e a escolha do\nperiódico certo (avaliação do escopo do periódico) os trabalhos poderiam se\ntransformar em um artigo científico e em publicação em anais de evento.\nFigura 1 - Produção científica da Unifor (2011-2015)\nFonte: Base de dados Scopus\nNos programas Stricto Sensu e nos cursos de pós-graduação Lato Sensu\njá existe uma parceria mais consolidada para que docentes e os discentes\npubliquem juntos. No caso dos programas de pós-graduação Stricto Sensu, a\nprodução é um dos itens avaliados para a definição da nota de qualificação do\nprograma pelo Ministério da Educação e Cultura (MEC) e pela Coordenação de\nAperfeiçoamento de Pessoal do Ensino Superior (CAPES).\nCom base nos dados foram selecionados os 15 autores vinculados à\nUNIFOR com os maiores números de documentos indexados na base Scopus,\nobservado na Tabela 1. Durante o estudo contatou-se uma falha, um dos\nautores foi indexado duas vezes, pois há uma diferença nos nomes: Silva, G.B.\n(ID: 13005185200) e Silva Junior, G.B (ID: 16836936000). Para sanar a\nquestão foi realizada uma busca pelos títulos dos artigos no currículo lattes do\nautor e no link do ORCID (Identificador digital que o diferencia de qualquer\noutro pesquisador). Neste caso o autor deve solicitar base a deduplicação doscadastros (todas as publicações serão concentradas em um único cadastro),\nassim os números passaram a ter mais credibilidade. Sugere-se um\nlevantamento dos cadastros dos docentes vinculados a Unifor nas principais\nbases de dados referenciais para solicitar possíveis correções desta natureza,\ncomo por exemplo a base Web of Science (Thomson Reuters). Este tipo de\nestudo mais aprofundado só é possível devido a evolução tecnológica e o\naumento do número de bases de dados digitais que facilitam a pesquisa e a\nrecuperação de informação. A análise e a avaliação das citações são\nfacilitadas por meio de vários instrumentos disponibilizados por essas bases de\ndados e/ou plataformas científicas.\nTabela 1 – Ranking dos 15 primeiros autores por número de produção\nNOME DO AUTOR Nº DE PRODUÇÃO\nPinheiro, P.R. 32\nDe Albuquerque, V.H.C. 22\nCoelho, A.L.V. 20\nSilva, R.M. da 20\nSilva, G.B. 20\nFurtado, E. 19\nMoreno, F. B. 19\nFurtado, V. 18\nMonteiro-Moreira, A.C.O. 17\nMoreira, V. 16\nAlbuquerque, A.B. 16\nCampos, A.R. 15\nSilva Junior, G.B. 15\nBertolini, L.R. 12\nRodrigues, M.A.F. 12\nFonte: Elaborado pelos autores\nA Figura 3 apresenta os tipos de documentos indexados pela base de\nbase o número de artigos em periódicos científicos é muito expressivo,\nchegando a 79,1%, seguido por artigos de eventos com 17,7% e revisões com\n3,1%. Estes números expressão o peso dos indicadores científicos que\nsedimentam como produto da ciência a publicação de artigos em periódicos,\neste processo está diretamente ligado as diretrizes de entidades como o MEC\ne a CAPES.Figura 3 – Tipos de documentos\nFonte: Base de dados Scopus\nCom relação as áreas em que estas publicações estão inseridas\npercebeu-se que quase 50% são da área médica, em segundo lugar estão os\nartigos categorizados como “outros” com 28,3% e a Ciência da Computação\nem terceiro com 21,3%.\nFigura 4 – Áreas do conhecimento\nFonte: Base de dados Scopus\nA instituição deve investir nas áreas que se destacam, mas também deve\nincentivar as outras a crescer da mesma maneira.CONCLUSÃO\nÉ importante uma avaliação objetiva e imparcial da atividade científica dos\ndocentes, mas também do comportamento científico e pedagógico das\ninstituições de ensino superior.\nComo conclusão do trabalho sugere-se o acompanhamento da produção,\nque o estudo bibliométrico da produção científica da UNIFOR seja realizado em\noutras bases de dados e que esses resultados sejam incluídos dentro de um\nsistema mais amplo de avaliação de desempenho.\nPara que haja uma ampliação da produção algumas ações devem ser\nconsideradas:\n A formação em pesquisa para os docentes nos planos de\ndesenvolvimento, estratégicos e operacionais da instituição;\n O desenvolvimento de um planejamento estratégico como metas e\nobjetivos a curto, médio e longo prazo;\n A conscientização dos docentes sobre os benefícios já existentes como:\nPrograma de Produtividade em Pesquisa, ascensão acadêmica etc.\n A divulgação das ações institucionalmente de maneira constante os\nbenefícios e êxitos das produções/pesquisas;\n Gerar e medir a produção a partir de indicadores tanto quantitativos\nquanto qualitativos, visando avaliar sequencialmente o processo e obter\nbons resultados.\nRessalta-se também a importância dos estudos altimétricos e que esses\nresultados sejam incluídos dentro de um sistema mais amplo de avaliação de\ndesempenho. Estes dados podem orientar os rumos das pesquisas e do\ndesenvolvimento científicos da instituição.\nREFERÊNCIAS\nCASTELLS, M. A galáxia da Internet: reflexões sobre a internet, os negócios e\na sociedade. Rio de Janeiro: Zahar, 2003.\nDRUKER, P. A sociedade pós-capitalista. São Paulo: Pioneira, 1993.\nHARGREAVES, A. O ensino na sociedade do conhecimento: a educação na\nera da insegurança. Porto: Porto Editora, 2003.\nMACIAS- CHAPULA, Cesar Augusto. O papel da informetria e da cienciometria\ne sua perspectiva nacional e internacional. Ciência da Informação, Brasília, v.27, n. 2, p. 134-140, maio/ago. 1998. Disponível em: <\nhttp://www.scielo.br/pdf/ci/v27n2/macias.pdf &gt>. Acesso em: 28 jul. 2016.\nMUGNAINI, R.; QUONIAM, L. Bibliometria em países em desenvolvimento:\nnotas para discussão. In: CONGRESSO BRASILEIRO DE\nBIBLIOTECONOMIA, DOCUMENTAÇÃO E CIÊNCIA DA INFORMAÇÃO, 20.,\n2002, Fortaleza, Anais... Fortaleza: ABCCE, 2002.\nNASCIMENTO, A. G. do. Métricas alternativas para avaliação da produção\ncientífica: um guia básico para o uso de altmetria para bibliotecários. 2016. 110\nf. Dissertação (Mestrado em Biblioteconomia) – Universidade Federal do\nEstado do Rio de Janeiro, Rio de Janeiro, 2016. Disponível em:\n<https://dx.doi.org/10.6084/m9.figshare.3409846.v1>. Acesso em: 15 jul. 2016.\nPOLIZELLI, D. L; OSAKI, A. M. Sociedade da informação: os desafios da era\nda coloração e da gestão do conhecimento. São Paulo: Saraiva, 2008.\nDisponível em:\n<http://integrada.minhabiblioteca.com.br/books/9788502121775>. Acesso em: 7\nago. 2016.\nPOZO, J. I. A sociedade da aprendizagem e o desafio de converter informação\nem conhecimento. Revista Pátio, ano 8, n. 31, ago./out. 2004. Disponível em:\n<http://www.revistapatio.com.br/sumario_conteudo.aspx?id=386>. Acesso em:\n8 abr. 2016.\nRAVICHANDRA RAO, I. K. Métodos quantitativos em biblioteconomia e\nciência da informação. Brasília: ABDF, 1986.\nScopus. Disponível em: < http://www.americalatina.elsevier.com/sul/pt-\nbr/scopus.php>. Acesso em: 12 ago. 2016.\nVANTI, N. A. P. Da bibliometria à webometria: uma exploração conceitual dos\nmecanismos utilizados para medir o registro da informação e a difusão do\nconhecimento. Ciência da Informação, Brasília, v. 31, n. 2, p. 152-162,\nmaio/ago. 2002. Disponível em:\n<http://www.scielo.br/scielo.php?script=sci_arttext&pid=S0100-\n19652002000200016&lng=pt&nrm=iso>. Acesso em: 20 jul. 2016.\nISSN 2179-4332"
}