{
  "id": "27405",
  "trabalho": "APRENDIZADO INDEPENDENTE: O PAPEL DO MONITOR FRENTE A GERAÇÃO NET.",
  "area": "CIÊNCIAS JURÍDICAS",
  "ano": "2016",
  "evento": "XVI - ENCONTRO DE INICIAÇÃO À DOCÊNCIA",
  "link": "http://uol.unifor.br/oul/conteudosite/?uuid=C7BEB56B73D834C956E4A174BAA3D5F6ECE7ED22",
  "conteudo": "XVI Encontro de Iniciação à Docência\nUniversidade de Fortaleza\n17 a 20 de outubro de 2016\nAprendizado independente: O papel do monitor frente a geração net.\nGabriela Pereira Cavalcante1* (ID), Nicole Fernanda Diniz Ferreyra2 (ID), Julianna\nVasconcelos de Alcântara3 (PO).\n1. Universidade de Fortaleza – Programa de Monitoria Institucional\n2. Universidade de Fortaleza – Programa de Monitoria Voluntária\n3. Universidade de Fortaleza – Curso Direito\ngabrielapcavalcante20@gmail.com\nPalavras-chave: Educação. Geração Net. Independência. Interatividade.\nResumo\nO presente artigo busca analisar, de maneira sistemática, a geração de estudantes\nna era das mídias digitais e a transformação no estudo e no ensino a partir de práticas\ninterativas e estudos dinâmicos, para assim discutir a organização de existência dos sujeitos\nperante o mundo por meio de pensamentos hipertextuais e associativos. A partir da\nexposição desta problemática, é de relevante importância analisar pontualmente o papel do\neducador frente as mudanças pelas quais a educação tradicional está passando e buscar a\ninclusão deste a fim de que o ensino seja exímio e o aprendizado facilitado. Assim, este\nartigo procura propor uma mudança nos paradigmas na educação e, por conseguinte, na\ninteração professor-aluno e no método de ensino, buscando-se o mais adequado para\nviabilizar um estudo de qualidade e dinâmico, além de analisar os aspectos positivos de tal\ntransformação no trabalho individual e em grupo.\nIntrodução\nUma nova geração de estudantes, nascidos na década de 80, a época do advento da\nInternet, representam um enorme desafio as instituições de ensino. Isso ocorre pelo fato da\ninternet ter revolucionado o sistema de tecnologia a nível educacional, no qual deu ensejo a\nnovas ferramentas educacionais de interação e integração, “obrigando” as instituições de\nensino se adaptarem a essa nova realidade, diferentemente do ensino tradicional. Essa\ngeração não está disposta em apenas ser o sujeito passivo, que somente ouve e reproduz o\nque aprendeu. Eles querem práticas, soluções, desafios, experimentos e rapidez nos\nISSN 21755396 1estudos que se empenham a aprofundar. Neste artigo, analisar-se-á o papel do monitor\nfrente a esta mudança e sua importância no aprendizado funcional e independente do aluno\natrelado a implantação de novas mídias digitais no ensino.\nAs pessoas que fazem parte da geração net têm a necessidade em se manterem\natualizadas, capacitadas e preparadas já pensando no mercado de trabalho, visto que este\natualmente é bastante concorrido e seletivo, no qual apenas os indivíduos mais qualificados\ngarantem um bom emprego. Diferentemente das antigas gerações, essas pessoas\natualmente necessitam muito mais do ensino à distância do que as de antigamente, pois\nreconhecem que a cada dia são cobradas a se atualizarem dos assuntos de seus\ninteresses, bem como buscam ainda mais certificações na área de estudo e trabalho e,\njustamente pela falta de tempo por conta do trabalho do dia-a-dia, acabam não tendo\ndisponibilidade de horário para assistirem aulas presenciais. Neste artigo, abordar-se-á a\nconectividade, a independência, a interatividade e o dinamismo como consequências do\nensino através de práticas e ferramentas tecnológicas.\nDessa forma, analisadas as necessidades e dificuldades individuais dos alunos, as\nmonitoras elaboraram diversos mecanismos auxiliares e complementares para os mais\nvariados estilos e métodos de fixação de estudo, a fim de amparar e ampliar as mais\nvariadas formas de aprendizado na matéria em estudo.\nMetodologia\nEssa pesquisa tem por finalidade a análise da implantação e do desenvolvimento de\nnovos métodos de estudo durante o Programa de Monitoria Institucional e Voluntária do\nCentro de Ciências Jurídicas da Universidade de Fortaleza, na disciplina de Direito\nAdministrativo II. Seu resultado foi objeto de análise no qual permitiu observar a diferença\ndas notas entre as duas avaliações nas quais os alunos são submetidos ao longo do\nsemestre. É, portanto, uma pesquisa qualitativa, na qual visa o aprofundamento no assunto\nora tratado e exploratória na perspectiva de aprimorar o estudo em foco. O local onde foi\nrealizado a coleta de dados foi na própria sala de aula que as monitoras lecionavam os\nconteúdos.\nResultados e Discussão\n1. Geração net: novos autores da revolução na educação tradicional\nAutores como Tapscott (1999), Rushkoff (1999) e Turkle (1997) defendem que o\nsurgimento de novas mídias digitais tem por consequência a interação e integração, dando\nensejo a uma transformação na maneira de pensar e de como veem o mundo. A geração\nnet é marcada por pessoas que nasceram a partir da década de 1980. Tapscott (1999)traduz o que essa geração mais tem de diferente das demais: como essas pessoas vivem\nno mundo das mídias digitais, elas não querem ser apenas espectadores ou ouvintes, e por\nisso, reagem contra uma educação que ainda é bastante tradicional. Eles querem mais,\nexigem interatividade. Segundo Cristiane Nova e Lynn Alves (2006, p.123):\n“Está na hora de se repensar o próprio conceito de educação, para que os\nespaços formais de produção do saber não percam completamente seu\nlocus na nossa sociedade. E, nesse processo de ressignificação da\neducação, é necessário que os diversos sujeitos do aprender e ensinar se\ndeem conta de que, para além de todas as consequências econômicas,\npolíticas e sociais que essas transformações têm engendrado, algumas das\nrecentes criações da indústria telemática têm radicalizado transformações\nna “natureza” e nas funções do próprio conhecimento.” (Lèvy, Guattari,\nCouchot, Machado).\nDe acordo com Don Tapscott (1999), as pessoas desta geração veem o computador\ncomo uma ferramenta para aprendizado, comunicação e entretenimento. É\nindiscutivelmente a geração da interação e da revolução. Apesar de recentes a inserção\ndessas pessoas no mercado de trabalho, mudanças bastante significativas já podem ser\npercebidas: elas possuem visões diferentes de inovação, de liderança e de conhecimento.\nOs jovens dessa geração defendem arduamente os direitos individuais de privacidade e\ninformação, pois acreditam que as questões sociais envoltas das mídias digitais são\nimportantes para o próprio desenvolvimento da tecnologia e segurança. Todo esse enfoque\naos direitos sociais reflete positivamente também no mercado de trabalho e em especial no\ntrabalho em equipe, pois são altamente independentes. Ora, por repetidas vezes observa-se\nque novas ferramentas contribuem para a interação entre as pessoas. Acredita-se, ainda,\nque em relação a juventude haverá uma mudança emocional e comportamental, no qual o\npessimismo e alienação darão ensejo ao otimismo e compromisso.\nA geração net é de criadores e não apenas de receptores. Através da colaboração,\nacreditam que o compartilhamento do saber e a criação de novas ideias é muito importante\npara a vida social e profissional. Por isso, buscam, na maioria das vezes, empresas que não\ncoloquem barreiras no desenvolvimento de novos métodos de trabalho, bem como exigem\nque seus empregadores lhes forneçam espaços para constante aprendizado e flexibilidade\npara estudos online, a fim de se obter cada vez mais qualificações. Tapscott (1999) acredita\nque além de toda essa mudança no mercado de trabalho, haverá, ao longo dos tempos,\nalteração também na educação, no qual aliará as mídias digitais ao estudo, ocasionando\numa transformação do ensino no que se refere a conteúdo e interação professor-aluno.\n2. Tecnologia e Pedagogia: parceria que dá resultados positivos\nAinda há resistência de professores mais antigos quanto a utilização de novos meios\ninterativos em sala de aula, como a lousa digital. Na própria Universidade de Fortaleza, hánas salas este tipo de ferramenta ao alcance dos professores. Mas o que se pode constatar,\naté o presente momento, é que nós nunca vimos um professor sequer utilizando-a. Será\nfalta de conhecimento ao manipulá-la? Ou será que estes preferem utilizar o famoso método\nlinear de educação, que é escrever no quadro? Bom, não é oportuno adentrar em possíveis\nfalhas da falta de conhecimento no manuseio ou na escolha do método de ensino de cada\nprofessor. O que se busca discutir neste tópico é a necessidade e urgência da mudança de\npensamento e atitude que instituições e educadores devem ter a fim de que espaço de\nensino se adeque cada vez mais a geração net, e todas as suas consequências já tratadas,\ncomo o dinamismo na sala de aula, otimização nos estudos e interação etc.\nPara Prensky (2001, p. 20), o desafio dos professores com as novas tecnologias não\né ser confortável, mas diferente e melhor com a pedagogia: a parceria.\n“Sem a pretensão de resolver os problemas da relação entre a pedagogia e\na tecnologia, mas reconhecendo a singularidade e os limites da natureza\ndessa pergunta com a isenção e o rigor que se faz possível, buscando\nresponder na mesma intensidade, estabelecendo para isso um diálogo entre\npedagogia e tecnologia.” (CATAPAN, 2001).\n3. Experimentos na monitoria e seus resultados\nDurante o exercício da monitoria institucional e voluntária na disciplina de Direito\nAdministrativo II, foram adotados dois métodos diferentes de ensino, a fim de que fosse\nanalisado qual seria o mais proveitoso e o mais eficaz. Primeiramente, o método utilizado\npara a primeira avaliação foi o tradicional, que consiste apenas de reprodução na lousa dos\ntópicos que seriam abordados. Já o segundo método utilizado para analisar os rendimentos\ndos alunos na segunda avaliação foi a utilização da multimídia e o envio dos arquivos\nprojetados por ela ao e-mail de cada aluno. Vale ressaltar que o grupo criado no “WhatsApp”\nfoi uma ferramenta utilizada ao longo das duas avaliações.\nNo primeiro método, ou seja, o tradicional, as monitoras escreviam no quadro os\nprincipais pontos da aula. Quais são as conclusões: as monitoras demoravam\naproximadamente trinta minutos para escrever no quadro. Essa demora não se dava por\nlentidão própria, mas sim porque o conteúdo era muito extenso e complexo, no qual várias\nobservações e dicas precisavam estar presentes. Com isso, um terço da aula já havia sido\ngasto. Aliado a isso, os alunos, atentos a escreverem em seus cadernos o que estava posto\nem lousa, demoravam em torno de quinze minutos para concluírem suas anotações.\nResultado: quarenta e cinco minutos “perdidos”, restando apenas pouco mais de uma hora\npara a explicação do conteúdo, distração ao querer copiar uma coisa importante com\nrapidez e notas relativamente baixas.O segundo método, desenvolvido para análise de resultados referente a segunda\navaliação, foi feito com a utilização de multimídia e a disponibilidade dos “slides” para o e-\nmail de cada aluno. Ao contrário do que se pôde observar no primeiro método, as horas\ndisponíveis para explicação do conteúdo eram completas, uma hora e quarenta minutos.\nAlém de não haver tempo perdido para escrita no quadro, os alunos também não\nprecisavam copiar nada, nem mesmo curiosidade e observações, pois tudo isto estava\ndisponível nos “slides” de maneira didática e explicativa, de tal modo que quem faltasse a\nsala de aula não seria prejudicado, pois poderia fazer a leitura em casa de tudo que foi dito\ne sem maiores problemas para entender o conteúdo. Resultado: uma hora e quarenta\nminutos de aula contínua, maior atenção por parte dos alunos na explicação do conteúdo,\nfacilidade de recuperar aula perdida, matéria explicada e esmiuçada nos slides, maior\nnúmero de alunos em sala de aula e notas excelentes, bem mais altas do que as\nobservadas nas avaliações em que foi aplicada o primeiro método.\nTabela 1 – Comparação das notas da 1ª e da 2ª avaliação\n100\n80\n60\n1ª AVALIAÇÃO\n40 2ª AVALIAÇÃO\n20\n0\nA B C D E F G H I J K L M\nNo gráfico, as letras representam a real quantidade de alunos presentes até o final\ndo exercício da monitoria, tendo seus nomes devidamente preservados. Assim, extrai-se a\ndiscussão que defendemos ao longo do nosso artigo: os dados mostram que o ensino\nintegrado a tecnologia traz resultados bastante positivos, como se pode observar no\naumento das notas a partir da utilização da multimídia e envio ao e-mail de cada aluno dos\nslides tratados em sala. Percebe-se que no método defendido, ou seja, a utilização de\nrecursos tecnológicos aliados ao ensino, a maioria dos alunos (treze) tiveram um maior\naproveitamento nos estudos em face de uma única pessoa que, pelo que parece, se adequa\nmais ao método tradicional de ensino. Não se pretende defender esses métodos pessoais\nde ensino e nem as ferramentas utilizadas para todos os educadores, pois dado a falta de\ntempo deles, isso seria humanamente impossível. Defende-se que existem recursos\ntecnológicos disponíveis no mercado e ao alcance de todos, inclusive das instituições,cabendo a escolha de cada um utilizá-los, mas que certamente facilitariam tanto a vida do\nprofessor, quanto o aprendizado do aluno.\nConclusão\nDiante do exposto, apresentando quem faz parte desta geração net, o que procuram,\nquais são seus objetivos e qual seu papel nas relações pessoais e nas instituições de\nensino, percebe-se que estas pessoas buscam praticidade ao realizarem suas tarefas,\neconomia de tempo e otimização nos estudos. Por consequência, há uma maior interação\nentre as pessoas na troca de conhecimento, porque além de poderem fazer isso\npessoalmente, realizam também debates virtualmente. Atualmente, isto é muito importante\nse levado em consideração a urgência na troca de experiência e conhecimento pela disputa\ndo saber. A internet, bem como os aplicativos desenvolvidos, permitem que as pessoas\ninterajam instantaneamente, e, portanto, são ferramentas importantes e inseparáveis de\npessoas que precisam ter uma rotina mais dinâmica e uma vida profissional atualizada,\nindependente e interativa. De certo, o que este artigo quis debater e enfrentar foi que não é\naceitável que um monitor seja apenas um reprodutor em sala de aula. Para isso, ele deve\nbuscar alternativas de estudo extraclasse, sendo estas apresentadas no presente trabalho,\ncom a finalidade de se alcançar em conjunto com o aluno um excelente rendimento.\nReferências\nALVES, Lynn (org.). Educação a distância: múltiplos olhares. São Paulo, Futura (no prelo).\nCASTANHEIRA, Nelson Pereira. O engenheiro professor e a geração net. 2012.\nDisponível em: <http://www.abenge.org.br/CobengeAnteriores/2012/artigos/102681.pdf>.\nAcesso em: 29 jul. 2016.\nLANDRY, P. O sistema educativo rejeitará a Internet? In: ALAVA, S. (Org). Ciberespaço\ne formações abertas. Porto Alegre: Artmed, 2002.\nMORIN, E. Os sete saberes necessários à educação no futuro. 2. ed. São Paulo: Cortez,\n2011.\n________. NOVA, Cristiane. Tempo, espaço e sujeitos da educação a distância. In:\nJAMBEIRO, O. e RAMOS, Fernando (orgs.). Internet e educação a distância. Salvador.\nEDUFBA, 2002, p. 41-54.\nSANCHO, J. M.; HERNÁNDEZ, Fernando et al. Tecnologias para transformar a\neducação. Porto Alegre: Artmed, 2006.\nSILVA, Marco. Educação online. São Paulo: Loyola, 2003.\nTAPSCOTT, Don. A hora da geração digital. Rio de Janeiro: Agir Negócios, 2010.\nTAPSCOTT, Don. Geração Digital – A crescente e irreversível ascensão da Geração Net.\nSão Paulo, Makron Books do Brasil, 1999.\nAgradecimentos\nÀ UNIFOR, pela oportunidade, apoiando e viabilizando a elaboração de artigos\nrealizados pelos monitores, visando o crescimento pessoal e profissional. À professora\nJulianna Vasconcelos de Alcântara pela orientação deste artigo e por sua total dedicação\npara com seus alunos."
}