{
  "id": "27401",
  "trabalho": "A EXPERIÊNCIA DA MONITORIA PARA PRÁTICA DA DOCÊNCIA.",
  "area": "CIÊNCIAS JURÍDICAS",
  "ano": "2016",
  "evento": "XVI - ENCONTRO DE INICIAÇÃO À DOCÊNCIA",
  "link": "http://uol.unifor.br/oul/conteudosite/?uuid=5F411D919CA65810BD46E029C5719ACDC53136A9",
  "conteudo": "XVI Encontro de Iniciação à Docência\nUniversidade de Fortaleza\n17 a 20 de outubro de 2016\nA EXPERIÊNCIA DA MONITORIA PARA PRÁTICA DA DOCÊNCIA.\nKarina Castro Soares¹* (ID)\nSandra Mara Freitas Alves² (PO)\nkarina1825@gmail.com\n1. Universidade de Fortaleza – Programa de Monitoria Institucional ou Voluntária\n2. Universidade de Fortaleza – Curso Direito\nPalavras-chave: Docência. Ensino. Aprendizagem. Monitoria. Experiência.\nResumo\nO presente estudo visa relatar as experiências vividas através do Programa de Monitoria\nAcadêmica da disciplina de Direito do Trabalho I oferecido pela Universidade de Fortaleza –\nUnifor. Relatou-se o que foi apreendido com a experiência, bem como as atividades realizadas\ncom o professor orientador e com os alunos monitorados. Demonstrou-se como a experiência da\nmonitoria pode influenciar na preparação para a docência, através do conhecimento e\nexperimento das tarefas e atividades desenvolvidas pelo professor e das responsabilidades e\ndesafios por ele enfrentados em sala de aula. Pretende-se demonstrar a positividade desta\nexperiência e o quanto ela ajudou na formação dos alunos monitores, dos alunos monitorados e\naté mesmo dos professores, através da troca de experiências.\nIntrodução\nA monitoria pode ser compreendida, conforme Matoso Apud Farias (2003), como uma\nmodalidade de ensino e aprendizagem com o objetivo de auxiliar e integrar tanto o aluno monitor\nquanto o aluno monitorado nas atividades de pesquisa, ensino e extensão dos cursos de\ngraduação. É um instrumento utilizado para a melhoria do ensino de graduação, onde um aluno\nmonitor estabelece novas praticas e experiências pedagógicas, de forma que os alunos possam\ncompreender melhor o que é visto pelo professor, compilando teoria e pratica.\nA pratica de monitoria no Ensino Superior foi instituída através da Lei 5.540, de 28 de\nnovembro de 1968. Em seu artigo 41, a referida lei afirmava que as universidades deveriam criar\nas funções de monitor para os alunos do curso de graduação, desde que se submetessem a\nprovas específicas do conteúdo da disciplina além de precisarem demonstrar possuir capacidade\nde desempenho em atividades técnico-didáticas daquela disciplina que desejasse ser monitor. O\nparágrafo único do artigo citado acima exigia que as funções de monitoria fossem remuneradas e\nISSN 21755396 1que fossem consideradas título para posterior ingresso em carreira de magistério superior, ou\nseja, professor universitário. Atualmente, o referido dispositivo encontra-se revogado\nexpressamente pela Lei 9.394, de 20 de dezembro de 1996. Hodiernamente, a monitoria é tratada\nno artigo 84 da Lei 9.394/96, não tendo a exigência de remuneração, apenas a comprovação de\nrendimento e plano de estudos a ser desenvolvido com os alunos monitorados.\nArt. 84. Os discentes da educação superior poderão ser aproveitados em tarefas de\nensino e pesquisa pelas respectivas instituições, exercendo funções de monitoria, de\nacordo com seu rendimento e seu plano de estudos.\nMetodologia\nA metodologia utilizada para a realização deste trabalho foi a pesquisa bibliográfica.\nForam utilizados diversos artigos científicos escritos por alunos monitores para compreender\ncomo a pratica de monitoria na graduação influencia na formação de futuros docentes. Também\nforam utilizados livros que tratam sobre a monitoria e as experiências que ela pode trazer, além de\nlivros que ensinam a respeito das metodologias, suas técnicas e seus benefícios.\nO método utilizado para este trabalho foi o método descritivo, onde descreve-se a\nvivencia do semestre de 2016.1 de monitoria da disciplina de Direito de Trabalho I, na\nUniversidade de Fortaleza, disciplina esta que é obrigatória para que o aluno se forme e\nnormalmente cursada por alunos do VI Semestre. Realizada através da orientação da professora\nSandra Mara, que auxiliou e supervisionou todas as atividades realizadas pelas monitoras.\nResultados e Discussão\nA experiência da prática da monitoria no semestre de 2016.1 da Disciplina de Direito\ndo Trabalho I foi interessante e positiva. O primeiro desafio encontrado foi qual atividade realizar\ndurante o Grupo de Estudo Dirigido – GED com os alunos monitorados. Foi definido em acordo\nrealizado entre as monitoras e a professora orientadora que durante os GEDs seriam resolvidas\nquestões objetivas e discursivas afim de aprofundar e praticar o conteúdo dado em sala de aula.\nIniciou-se o primeiro desafio: selecionar as melhores questões referentes ao conteúdo\nministrado em sala de aula. Quais tipos de questões seriam melhores exploradas? Como elaborar\numa questão? Colocar questões de concurso no GED seria uma boa ideia? Quais concursos\ncolocar? E as questões do Exame de Ordem? Este foi também um dos primeiros aprendizados\ncomo monitora. Como elaborar uma questão. Percebeu-se através de pesquisas em questões de\nconcurso e de exame de ordem que as questões envolvendo situações-problemas eram difíceis\nde encontrar sobre determinados assuntos, surgindo a necessidade de elaboração de questões.\nA técnica utilizada para elaboração das questões foi procurar problema cotidiano e\nreal, sobre o tema em estudo e, ou perguntar ao aluno quais soluções jurídicas deveriam ser\ntomadas, ou dar uma solução jurídica e questionar se ela estava correta ou não. Ao longo dos\nGEDs, foi percebido que os alunos monitorados possuíam muita dificuldade de assimilar o\nconteúdo posto em sala de aula com os problemas enfrentados pela população no âmbito do\nDireito do Trabalho, sem conseguir resolver satisfatoriamente uma questão discursiva, escrevendoas respostas através de um pequeno texto. Também foi pesquisado, para a elaboração dos\nmódulos de questões, questões utilizadas em concursos cujo tema fosse o mesmo estudado em\nsala de aula. Selecionamos questões de nível fácil, médio e difícil, aumentando o nível\ngradativamente, de acordo com a evolução dos alunos. Assim, foi necessário a elaboração de tais\nquestões. Severino (2007, p.25) sobre esse aspecto, disciplina que\n(...) o ensino/aprendizagem no curso superior tem seu diferencial na forma de lidar com\no conhecimento. Aqui, o conhecimento deve ser adquirido não mais através de seus\nprodutos, mas de seus processos. O conhecimento deve se dar mediante a construção\ndos objetos a se conhecer e não mais pela representação desses objetos. Ou seja, na\nUniversidade, o conhecimento deve ser construído pela experiência ativa do estudante e\nnão mais se assimilado passivamente, como ocorre o mais das vezes nos ambientes\ndidático-pedagógicos do ensino básico.\nPercebeu-se então como era complicado e gratificante, ao mesmo tempo, preparar\numa aula. A seleção das questões objetivas e subjetivas, a resolução das mesmas como forma de\nestudo, a formatação, mandar o módulo para a professora orientadora verificar, a preocupação\ncom a impressão, o estudo para sanar eventuais dúvidas, o cálculo de quantas questões\npoderiam ser resolvidas sem pressa no tempo previsto de aula. Faz-se necessário a preocupação\ncom todos esses itens para o sucesso da aula, aprendizado este que adquiri através da\nexperiência da monitoria, visualizando na prática como funciona a preparação de aula que um\nprofessor universitário precisa realizar.\nNa última aula antes da NP1, a professora orientadora sugeriu que as monitoras\nrealizassem uma atividade de revisão com a turma, sendo esta supervisionada pela professora.\nForam passados os temas a serem revisados e foi preparada uma nota de aula, pra servir de\norientação de como a revisão deveria transcorrer e para lembrete dos pontos mais importantes.\nA revisão ocorreu de forma tranquila, com algumas intervenções da professora e dos\nalunos. Foi interessante a experiência de realizar uma revisão de conteúdo sem a resolução de\nquestões, com a turma lotada e cheia de dúvidas. Em alguns momentos, era necessário ser\nengraçada, outros mais séria. Percebeu-se como o professor precisa se portar em sala de aula\npara prender a atenção dos alunos, passar o conteúdo de forma que todos compreendam e sem\nser rude.\nOutra experiência com a monitoria foi o aprendizado da técnica de correção das\nprovas. A técnica empregada para a correção das questões subjetivas era: resolvia-se a questão\ndiscursiva conjuntamente com a professora ou esta já levava o gabarito pronto, a depender do\ncaso, após, lia-se todas as questões escritas, pontuando-as de 0 até o máximo que a questão\nvalia. Após, faz-se uma revisão para verificar o nível da turma em cada questão, afim de avaliar\nem quais assuntos a turma possui mais dificuldade para que pudesse ser trabalhado no GED.\nA experiência de monitoria do semestre de 2016.1 foi gratificante e magnífica.\nAprendeu-se como elaborar questões, como corrigir provas, como preparar provas e avaliações,\ncomo preparar revisões... Aprendeu-se também um pouco de como se comportar diante dos\nalunos para que possa prender a atenção dos mesmos, sem ser rude ou entediante.Conclusão\nConclui-se que a prática da monitoria promove a integração curricular dos alunos\nmonitores, tendo por objetivo a cooperação entre discente e aluno monitor, além da vivência com\no professor e suas atividades técnicas e didáticas. O aluno monitor passa a ter uma dupla visão\nsobre o ensino – compreende como funciona o ensino na ótica do professor e na ótica dos alunos,\nvisto que, ao mesmo tempo em que é aluno, com todas as dificuldades de aprendizado, tem a\nresponsabilidade de um professor, ao administrar atividades, preparar aulas, interagir com a\nturma, verificar o melhor modo de prender a atenção dos alunos monitorados.\nA prática da monitoria é importante para o professor orientador, que possuirá um\najudante nas responsabilidades e tarefas, um outro olhar sobre as questões acerca da turma, das\ndúvidas dos alunos, além de poder orientar um provável futuro docente. Para o aluno monitor é\numa oportunidade de começar a se preparar para as responsabilidades de um professor\nuniversitário, verificar se esta é a atividade que quer exercer após formado, e para o aluno\nmonitorado, que possui mais um auxílio para sanar dúvidas, debater, mais uma aula para\naprofundar o conteúdo.\nReferências\nLINS, LEANDRO FRAGOSO. et al. A Importância da Monitoria na Formação Acadêmica do\nMonitor. Jornada de Ensino, Pesquisa e Extenção. Recife. 2009. <\nhttp://www.eventosufrpe.com.br/jepex2009/cd/resumos/R0147-1.pdf>. Data de acesso: 14 de ago.\n2016.\nMATOSO, Leonardo Magela Lopes. A Importância da Monitoria na Formação Acadêmica do\nMonitor: Um Relato de Experiência. Catussaba: Revista Científica da Escola da\nSaúde, Mossoró, v. 3, n. 2, p.77-83, abr. 2014. Semestral. Disponível em:\n<https://repositorio.unp.br/index.php/catussaba/article/view/567/461>. Acesso em: 18 ago. 2016.\nApud FARIA, J. P. A monitoria como prática colaborativa na universidade. 2003. 87.f.Dissertação\n(Mestrado em Lingüística Aplicada e Estudos da Linguagem) – Programa de PósGraduação Em\nLingüística Aplicada e Estudos da Linguagem, Pontifícia Universidade Católica, São Paulo, 2003.\nMATOSO, Leonardo Magela Lopes. A Importância da Monitoria na Formação Acadêmica do\nMonitor: Um Relato de Experiência. Catussaba: Revista Científica da Escola da\nSaúde, Mossoró, v. 3, n. 2, p.77-83, abr. 2014. Semestral. Disponível em:\n<https://repositorio.unp.br/index.php/catussaba/article/view/567/461>. Acesso em: 18 ago. 2016.\nBRASIL. Lei Ordinária nº 9.394, de 20 de dezembro de 1996. Estabelece as diretrizes e bases da\neducação nacional.. Lei Nº 9.394, de 20 de Dezembro de 1996.. Brasília, DF, 20 dez. 1996.\nDisponível em: <http://www.planalto.gov.br/ccivil_03/leis/L9394.htm>. Acesso em: 18 ago. 2016.\nBRASIL. Lei Ordinária nº 5.540, de 28 de novembro de 1968. Fixa normas de organização e\nfuncionamento do ensino superior e sua articulação com a escola média, e dá outras\nprovidências.. Lei Nº 5.540, de 28 de Novembro de 1968.. Brasília, DF, 28 nov. 1968. Disponível\nem: <http://www.planalto.gov.br/ccivil_03/leis/L5540.htm>. Acesso em: 18 ago. 2016.\nSEVERINO, A. J. Metodologia do Trabalho Científico. – 23. ed. rev. e.atualizada – São Paulo:\nCortez, 2007.NASCIMENTO, Cícera Rodrigues do; SILVA, Mirian Lourenço Pereira da; SOUZA, Priscila\nXimenes de. POSSÍVEIS CONTRIBUIÇÕES DAS ATIVIDADES DE MONITORIA NA\nFORMAÇÃO DOS ESTUDANTES-MONITORES DO CURSO DE PEDAGOGIA DA\nUNIVERSIDADE FEDERAL DE PERNAMBUCO - UFPE. 2010. 25 f. Tese (Graduação) - Curso\nde Pedagogia, Universidade Federal de Pernambuco, Recife, 2010. Disponível em: <\nhttps://www.ufpe.br/ce/images/Graduacao_pedagogia/pdf/2010.1/possveis%20contribuies%20das\n%20atividades%20de%20monitoria%20na%20forma.pdf>. Acesso em: 18 ago. 2016.\nAgradecimentos\nAgradeço primeiramente a Deus, por ter me concedido a oportunidade de estudar\nDireito na Universidade de Fortaleza. Em segundo lugar agradeço à Unifor – Universidade de\nFortaleza pela oportunidade de ser monitora da disciplina de Trabalho I e de elaborar este artigo\npra o XVI Encontro de Iniciação à Docência. Meus sinceros agradecimentos também a professora\nZaneir, coordenadora da monitoria, que fez com que a monitoria do CCJ crescesse e tem nos\ndado cada vez mais confiança para realizarmos nossas atividades; e toda a equipe do Programa\nde Tutorial Acadêmico (PTA) – em especial àqueles que salvam os monitores sempre, Jefferson,\nNatasha e Larissa, sempre tão pacientes, dispostos a ajudar, definitivamente sem vocês, nós\nmonitores não conseguiríamos realizar 10% do que nós realizamos. Também gostaria de\nagradecer a professora Sandra Mara de Freitas Alves, por toda a orientação, paciência, ajuda e\nensinamentos passados a mim ao longo desse período de monitoria e principalmente, a\norientação para elaboração do presente artigo. Não posso deixar de agradecer minha colega\nmonitora, Ticianna Pires, por ser a melhor colega de monitoria que eu poderia ter, por ser\nextremamente organizada, competente, amiga, disposta a ajudar, compreensiva; conseguimos\nformar uma ótima dupla de monitoras. A todos os outros monitores, que de alguma forma, me\nauxiliaram na caminhada até aqui.\nTambém ao meu namorado, Victor Lopes, por ter me incentivado a participar da\nseleção para monitoria da disciplina de Trabalho I e pelo auxilio na elaboração deste trabalho,\ntanto moralmente quanto na formatação do mesmo. Obrigada por me auxiliar com as aulas, com o\ntransporte, pela paciência, pelo carinho e pelo amor a mim dedicados. Aos meus pais, Mônica e\nDeoclides, por pagarem a Unifor e me proporcionarem toda a experiência que tive e as que ainda\nterei na minha graduação. Sem eles, definitivamente, eu não conseguiria chegar a lugar algum.\nObrigada pela paciência, pelo amor, pela dedicação, por priorizarem minha graduação e por me\najudarem sempre que solicitado, seja comprando livros, seja facilitando meu transporte, ou até\nmesmo em situações mais complicadas. Também quero agradecer aos alunos da professora\nSandra Mara de Direito do Trabalho I, em especial àqueles que participaram ativamente do Grupo\nde Estudos Dirigido – GED, de alguma forma, todos contribuíram para minha experiência e\naprendizado."
}