{
  "id": "27413",
  "trabalho": "PROMOÇÃO EM SAÚDE PARA MULHERES NA FISIOTERAPIA OBSTETRÍCIA",
  "area": "CIÊNCIAS DA VIDA",
  "ano": "2016",
  "evento": "XXII - ENCONTRO DE INICIAÇÃO À PESQUISA ",
  "link": "http://uol.unifor.br/oul/conteudosite/?uuid=AAAC6AD847BC6D0412B387BEEA6E51F2609EDA99",
  "conteudo": "XXII Encontro de Iniciação à Pesquisa\nUniversidade de Fortaleza\n17 à 21 de Outubro de 2016\nPROMOÇÃO EM SAÚDE PARA MULHERES NA FISIOTERAPIA\nOBSTETRÍCIA\nSamla Isabel Honorato Marques1*(IC), Nayara Lima da Costa1(IC), Ticiana Mesquita de Oliveira 2(PO).\n1.Universidade de Fortaleza – Discente do Curso de Fisioterapia\n2.Universidade de Fortaleza – Docente do Curso de Fisioterapia\nIsabelhonorato89@yahoo.com\nPalavras-chave: Ações educativas. Mulheres. Fisioterapia.\nResumo\nObjetivo: Este estudo teve como objetivo relatar e descrever as ações educativas de promoção e prevenção\nde saúde para mulheres na Fisioterapia Obstetrícia. Metodologia: Este trabalho relatou as experiências das\nações educativas de promoção e prevenção de saúde para mulheres na Fisioterapia Obstetrícia no\nShopping Benfica, Fortaleza-CE, no 16º Espaço Bem Mulher, no dia 1º de março de 2016, no turno da tarde,\ntendo parceria com a Universidade de Fortaleza – UNIFOR, durante a disciplina de Fisioterapia na Saúde\nFuncional da Mulher e do Homem II no semestre 2016.1. Resultados e Discussão: Realizou-se uma ação\neducativa de promoção de saúde em uma das edições do evento Espaço Bem Mulher no Shopping Benfica,\ndurante duas semanas de atividades gratuitas voltadas para o público feminino em homenagem ao Dia da\nMulher, comemorado no dia 08 de março. Dentre as várias atividades que foram realizadas durante o\nevento, os acadêmicos do curso de Fisioterapia 2016.1 da UNIFOR enfatizando a Fisioterapia Obstetrícia\ntendo como objetivo conscientizar a importância dos músculos do assoalho pélvico, a atenção com a postura\ndurante a gestação e os cuidados na amamentação. Conclusão: Podemos concluir que as atividades\neducativas são importantes, pois promovem a educação em saúde e permitem a troca de saberes entre os\npalestrantes e os ouvintes. Também por meio da exposição verbal e da utilização de material de apoio foram\nessenciais para o público entender e retirar suas dúvidas, assim ampliando seus conhecimentos sobre os\nassuntos abordados e acredita-se que a mudança de comportamento seja difícil de ser alcançada com\npouco tempo de atividade, mas as informações discutidas influenciarão nessa mudança.\nIntrodução\nA Política Nacional de Atenção à Saúde da Mulher – Princípios e Diretrizes, foi lançada em 2004, e\nvem incentivando os profissionais da saúde a ampliar suas ações, inclusive as educativas. A educação em\nsaúde é uma prática social estabelecida por um processo contínuo que contribui para a formação e\ndesenvolvimento da consciência crítica das pessoas a respeito de suas necessidades, proporcionando\nestratégias de enfrentamento para as situações de promoção da saúde (DIAZ; HOFFMANN; COSTENARO\net al, 2010). Na saúde da mulher um momento importante a ser abordado é a gestação. Este período\nprovoca mudanças físicas, psicológicas e sociais, estas modificações ocasionam na gestante (FERREIRA;\nSILVA; ZUFFI et al, 2013).\nISSN 18088449 1Para esse momento onde surgem muitas dúvidas, é importante se fazer ações de promoção de\nsaúde. Na perspectiva da promoção da saúde, as práticas educativas assumem um novo caráter, uma vez\nque seu eixo norteador é o fortalecimento da capacidade de escolha dos sujeitos. No entanto, para que isso\nocorra, as informações sobre saúde necessitam ser trabalhadas de forma simples e contextualizada,\ninstrumentalizando as pessoas para fazerem escolhas mais saudáveis de vida (ALVES; AERTS, 2011). As\nestratégias educacionais e comportamentais visam aumentar a consciência sobre os riscos e sobre a\nimportância de comportamentos seguros, além de oferecer incentivos e modelos positivos (COSTA et.al,\n2009).\nA realização de um trabalho educativo possibilita a interação com o outro e permite aprender com ele\nna busca de novos conhecimentos, fazendo com que todos se sintam valorizados para aprender e ensinar.\nO trabalho em grupos educativos propicia uma troca horizontal de experiências e conhecimentos teórico-\npráticos entre os participantes (DIAZ et.al, 2010). As ações tendem a se aproximar da integralidade,\nassumindo como prática cotidiana a junção promoção-prevenção-assistência, o trabalho multiprofissional e\nintersetorial (ALBUQUERQUE; STOTZ, 2004).\nA educação em saúde representa um dos principais elementos para a promoção da saúde e uma\nforma de cuidar que leva ao desenvolvimento de uma consciência crítica e reflexiva e para a emancipação\ndos sujeitos ao possibilitar a produção de um saber que contribui para que as pessoas possam cuidar\nmelhor de si e de seus familiares (SANTOS; PENNA, 2009).\nA educação em saúde como processo político pedagógico requer o desenvolvimento de um pensar\ncrítico e reflexivo, permitindo desvelar a realidade e propor ações transformadoras que levem o indivíduo a\nsua autonomia e emancipação enquanto sujeito histórico e social capaz de propor e opinar nas decisões de\nsaúde para o cuidar de si, de sua família e da coletividade (MACHADO et.al, 2007).\nAs práticas de Educação e Saúde numa proposta de construção compartilhada devem ser orientadas\npela busca da interdisciplinaridade, da autonomia e da cidadania. Ou seja, práticas que privilegiem a\ninteração comunicacional onde sujeitos detentores de saberes diferentes, apropriam-se destes,\ntransformando-se e transformando-os. Parece-nos que o diálogo, o ouvir o outro, partir dos saberes e\npráticas do outro, são elementos fundamentais em qualquer processo educativo e de produção de\nconhecimentos, sendo também, princípios muito próximos a algumas experiências de extensão. Nesse\nsentido, entende-se a experiência de Extensão como espaço privilegiado para: a construção de processos\nde formação que privilegiem as relações entre os sujeitos envolvidos nos processos de ensino-\naprendizagem; a produção de conhecimentos e práticas de cuidado emancipadores; a formulação e o\nengajamento político (ACIOLI, 2008).\nEste estudo teve como objetivo relatar e descrever as experiências das ações educativas de\npromoção e prevenção de saúde para mulheres na Fisioterapia Obstetrícia.\nMetodologia\nEste trabalho relatou e descreveu as experiências das ações educativas de promoção e prevenção\nde saúde para mulheres na Fisioterapia Obstetrícia tendo como objetivo conscientizar a importância dos\nmúsculos do assoalho pélvico, a atenção com a postura durante a gestação e os cuidados na\namamentação. A ação foi realizada no Shopping Benfica, Fortaleza- CE, no 16º Espaço Bem Mulher, no dia\n1º de março de 2016, no turno da tarde (14:00 as 17:00), tendo parceria com a Universidade de Fortaleza –\nUNIFOR, durante a disciplina de Fisioterapia na Saúde Funcional da Mulher e do Homem II no semestre\nISSN 18088449 22016.1. Foi utilizado uma peça anatômica simulando o assoalho pélvico; uma peça confeccionada\nmanualmente de uma prótese mamária; banners.\nResultados e Discussão\nRealizou-se uma ação educativa de promoção de saúde em uma das edições do evento Espaço\nBem Mulher no Shopping Benfica, durante duas semanas de atividades gratuitas voltadas para o público\nfeminino em homenagem ao Dia da Mulher, comemorado no dia 08 de março. Dentre as várias atividades\nque foram realizadas durante o evento, os acadêmicos do curso de Fisioterapia 2016.1 da UNIFOR.\nNo estudo de Diaz et.al, Santa Maria, 2010, teve como objetivo relatar a experiência a partir de uma\nprática em educação e promoção em saúde, realizada em uma unidade gineco-obstetrícia de um hospital do\nRio Grande do Sul. Concluíram que a partir da prática realizada, surgiu uma nova perspectiva de cuidado\ndentro do cotidiano hospitalar, bem como o desenvolvimento de ideias e atitudes da equipe para valorizar o\nsaber de cada pessoa, considerando suas crenças, cultura, valores e contexto de vida, em prol de um\ncuidado genuíno, proporcionado pela equipe interdisciplinar de saúde.\nA conscientização da ação foi realizada através de ações educativas utilizando como meio de\ninstrumentos peças anatômicas do assoalho pélvico enfatizando a importância dos MAPS, banners\nexplicativos sobre as posturas corretas e incorretas durante a gestação e a confecção de uma prótese\nmamária para explanação e demonstração sobre as massagens e cuidados durante a amamentação. Todos\nos temas expostos despertaram curiosidade e interesse entre as gestantes e acompanhantes, além de\noutras pessoas que passaram pelo local.\nJá no estudo de Frota et.al, São Paulo, 2009, realizaram um estudo sobre as práticas culturais sobre\no aleitamento materno. Concluíram que não era suficiente apenas falar sobre a importância da\namamentação durante as atividades de promoção ao aleitamento materno. É preciso avançar e direcionar\nações educativas que incluam a perspectiva da promoção de saúde. Que possibilitem a compreensão das\ncondições de vida, que envolvam suas famílias, que favoreçam a autoconstrução do sujeito e atuem na\nmelhoria da qualidade de vida.\nA ação educativa realizada pela turma da disciplina de Fisioterapia na Saúde Funcional da Mulher e\nHomem II, no dia 8 de março de 2016, das 14 às 17 horas no shopping Benfica, com a realização da 16ª\nedição do evento Espaço Bem Mulher, proporcionou um entendimento melhor de mulheres e interessados\npelo assunto que ali passavam.\nAs ações se deu por demonstrações com as peças, e fazendo questionamentos às pessoas que ali\nestavam, surgindo uma roda de conversa, e tiragem de dúvidas. Houve uma lista onde as pessoas que\npassavam, assinavam. Ao todo foram 53 pessoas que assinaram, sendo a prevalência maior de mulheres.\nDas mulheres que passaram, algumas se mostraram interessadas sobre o assunto, outras continham\ndúvidas e por meio da ação foi esclarecida.\n“Na maternidade foi-me dito que eu tenho que dar um peito para o bebê até secar, e assim estou\nfazendo”. Foi a frase de uma dessas mulheres que ali estavam. Ao ser instruída erroneamente, ela estava\nse prejudicando. Após a ação, foi-se esclarecido como ela deveria dar de mamar corretamente, e sobre\ncuidados de higiene.\nA finalidade da ação foi exatamente essa, transparecer o melhor possível mitos e verdades sobre\nesse momento tão que requer atenção que é a gestação, e após dela também, pois é fundamental que haja\nconversas, ações sobre o assunto.\nISSN 18088449 3Conclusão\nPodemos concluir que as atividades educativas são importantes, pois promovem a educação em\nsaúde e permitem a troca de saberes entre os palestrantes e os ouvintes. Também por meio da exposição\nverbal e da utilização de material de apoio foram essenciais para o público entender e retirar suas dúvidas,\nassim ampliando seus conhecimentos sobre os assuntos abordados e acredita-se que a mudança de\ncomportamento seja difícil de ser alcançada com pouco tempo de atividade, mas as informações discutidas\ninfluenciarão nessa mudança.\nReferências\nACIOLI, S. A prática educativa como expressão do cuidado em Saúde Pública. Rev. bras. enferm.,\nBrasília, v. 61, n. 1, p. 117-121, jan/fev. 2008.\nALBUQUERQUE, P. C.; STOTZ, E. N. A educação popular na atenção básica à saúde no\nmunicípio: em busca da integralidade. Interface - Comunic., Saúde, Educ., Botucatu, v. 8, n. 15,\np. 259-274, mar/ago. 2004.\nALVES, G. G.; AERTS, D. As práticas educativas em saúde e a Estratégia Saúde da Família.\nCiênc. saúde coletiva, Rio de Janeiro, v. 16, n. 1, p. 319-325, jan. 2011.\nCOSTA, G. D.; COTTA, R. M. M.; REIS, J. R.; BATISTA, R. S.; GOMES, A. P.;\nFRANCESCHINI, S. C. C. Avaliação do cuidado à saúde da gestante no contexto do Programa\nSaúde da Família. Ciênc. saúde coletiva, Rio de Janeiro, v. 14, supl. 1, p. 1347-1357, set/out. 2009.\nDIAZ, C. M. G.; HOFFMANN, I. C.; COSTENARO, R. G. S.; SOARES, R. S.; SILVA, B. R.;\nLAVALL, B. C. Vivências educativas da equipe de saúde em unidade gineco-obstétrica. Cogitare\nEnfermagem, Santa Maria, v. 15, n. 2, p. 364-367, abr/jun. 2010.\nFEREIRA, L. A.; SILVA, J. A. J.; ZUFFI, F. B.; MAUZALTO, A. C. M.; LEITE, C. P.; NUNES, J.\nS. Expectativa das gestantes em relação ao parto. Revista de Pesquisa Cuidado é Fundamental\nOnline, Rio de Janeiro, v. 5, n. 2, p. 3692-97, abr./jun. 2013.\nFROTA, M. A.; MAMEDE, A. L. S.; VIEIRA, L. J. E. S.; ALBUQUERQUE, C. M.; MARTINS,\nM. C. Práticas Culturais sobre aleitamento materno entre famílias cadastradas em um Programa de\nSaúde da Família. Rev Esc Enferm USP, São Paulo, v. 43, n. 4, p. 895-901, dez. 2009.\nMACHADO, M. F. A. S.; MONTEIRO, E. M. L. M.; QUEIROZ, D. T.; VIEIRA, N. F. C.;\nBARROSO, M. G. T. Integralidade, formação de saúde, educação em saúde e as propostas do SUS -\numa revisão conceitual. Ciênc. saúde coletiva, Rio de Janeiro, v. 12, n. 2, p. 335-342, mar/abr.\n2007.\nSANTOS, R. V.; PENNA, C. M. M. A educação em saúde como estratégia para o cuidado a\ngestante, puérpera e ao recém-nascido. Artigo online, Florianópolis, vol. 18, n. 4, p. 652-660,\nout/dez. 2009.\nISSN 18088449 4Agradecimentos\nAgradecemos a professora Ticiana Mesquita por nos incentivar, colaborar e compartilhar seus\nconhecimentos, que foi fundamental a nossa formação.\nISSN 18088449 5"
}