{
  "id": "27412",
  "trabalho": "METODOLOGIA BATALHA FISIO NO PROGRAMA DE MONITORIA COMO FACILITADORA DO APRENDIZADO",
  "area": "CIÊNCIAS DA VIDA",
  "ano": "2016",
  "evento": "XVI - ENCONTRO DE INICIAÇÃO À DOCÊNCIA",
  "link": "http://uol.unifor.br/oul/conteudosite/?uuid=B673CC4725EA5B4526DFE7D99D3D74836C3997C0",
  "conteudo": "XVI Encontro de Iniciação à Docência\nUniversidade de Fortaleza\n17 a 20 de outubro de 2016\nMetodologia “Batalha Fisio” no programa de monitoria como facilitadora do\naprendizado. Catherine Landim Peixoto1* (ID), Antonio Michel de Oliveira1 (ID), Willian Gomes\nda Silva2 (ID), Denise Silva de Moura3 (PO), Liane Toscano Martins Pinheiro3 (PO).\n1. Universidade de Fortaleza – PROMOV\n2. Universidade de Fortaleza – PROMON\n3. Universidade de Fortaleza – Professor da Universidade de Fortaleza\ncatherinepeixoto@hotmail.com\nPalavras-chave: . Ensino e aprendizagem. Metodologia ativa. Monitoria.\nResumo\nObjetivo: Avaliar a metodologia Batalha Fisio no programa de monitoria como facilitadora do\naprendizado. Metodologia: O estudo foi realizado com os participantes das monitorias do módulo\nde Análise e Postura do Movimento Humano I da Universidade de Fortaleza (UNIFOR). O tipo de\nestudo foi de natureza experimental. Foi composto por 16 voluntários, sendo quatro homens (25%)\ne 12 mulheres (75%). Foram incluídos os voluntários que participaram do jogo do início ao fim,\naqueles que trancaram o módulo foram excluídos da experiência. Os participantes foram divididos\nem dois grupos homogêneos, cada grupo recebeu um cartão com barcos dispostos\naleatoriamente, com cores distintas. O monitor, mediador do jogo, ficou com as perguntas de\ndiferentes níveis, para serem feitas de acordo com a referência escolhida e a cor do navio. Cada\ncor corresponde ao nível da pergunta, valendo pontuações diferentes. Ganha o grupo que\nresponder corretamente o maior número de questões. Resultados: Foi verificado que 75% dos\nparticipantes avaliaram a metodologia como ótima, 25% como boa e 100% dos voluntários\nafirmaram gostariam que a metodologia ativa Batalha Fisio fosse aplicada nos semestres\nseguintes. Conclusão: Baseado nos resultados obtidos evidenciou-se que os participantes\nobtiveram um melhor desempenho no processo de avaliação do conhecimento. Reforça-se, deste\nmodo, que a metodologia Batalha Fisio se apresentou uma fermenta importante para o ensino e\naprendizagem do conteúdo abordado.\nIntrodução\nA monitoria é um serviço de apoio pedagógico oferecido aos alunos interessados em aprofundar\nconteúdos, bem como solucionar dificuldades em relação à matéria trabalhada em aula. (HAAGI\net. Al., 2008)\nISSN 21755396 1A formação diferenciada é almejada pela comunidade acadêmica. Esperam-se também\nalunos/profissionais com potencial diferenciado que sejam capazes de promover ações e realizar\ninvestigações. Habilidades profissionais envolvem conhecimentos técnicos e capacidade de\ndesenvolver e buscar novos conhecimentos bem como a capacidade de desenvolver atividades\nseja pesquisas ou projetos em grupos. (MOHAN, et. al., 2010)\nO processo pedagógico tem-se centrado, historicamente, na figura do professor: o conhecimento\nreconhecido como válido emana do professor, devendo ser memorizado pelo aluno. A\nconsciência crítica em relação às limitações deste modelo de ensino-aprendizagem remonta ao\nséculo XVIII, com as escolas pedagógicas que, ecoando os ventos transformadores das\nrevoluções liberais europeias e da independência norte-americana, preconizavam o\nreconhecimento do estudante como indivíduo portador de direitos, dentro de um contexto histórico\nde reconhecimento social da criança. (ARIÈS, 2006.)\nA educação superior na área da saúde, ao longo de sua trajetória histórico-pedagógica, vem\npassando por profundas mudanças para acompanhar, em termos de correntes de pensamento, as\nconcepções que norteiam a formação do profissional e do docente. Neste contexto, o modelo de\nensino tradicional vem sendo gradativamente substituído por novas tendências pedagógicas, as\nquais apontam para a necessidade da formação de um profissional crítico-reflexivo, capaz de\ntransformar a realidade social do seu cotidiano, minimizando injustiças e desigualdades. (PRADO,\net. Al., 2012)\nNa pedagogia tradicional, as ações de ensino apresentam-se centradas na transmissão de\nconhecimentos pelo professor ao aluno, sendo o professor, o único responsável pela condução do\nprocesso educativo, uma autoridade máxima no que concerne as estratégias de ensino. Já como\numa nova tendência pedagógica, surge a pedagogia crítica, na qual o professor assume o papel\nde mediador, ao conduzir os alunos à observação da realidade e apreensão do conteúdo que\nextraem dela, um processo educativo que visa a transformação social, econômica e política, além\nda superação das desigualdades sociais. (PEREIRA, 2003)\nApós realizar metodologias ativas no módulo de Analise da postura e do movimento humano I,\nsurgiu o interesse de realizar dinâmicas para que influenciasse o aprendizado e a busca pelo\nconhecimento dos alunos e propiciar um melhor desempenho e segurança do conhecimento de\nforma diferenciada.\nMetodologia\nTrata-se de uma pesquisa de natureza experimental e quantitativa. Do qual a primeira é\nconsiderada o melhor exemplo de pesquisa científica, pois há um alto nível de controle da\nsituação, podem-se isolar todas as estruturas de qualquer interferência do meio exterior, gerando\nmaior confiabilidade em seus resultados (POLIT; BECK; HUNGLER, 2004). Já a segunda é\nespecialmente projetada para gerar medidas precisas e confiáveis que permitam uma análise\nestatística (FANTIN; DE LIMA; 2013).O estudo foi realizado no mês de abril no ano de 2016, realizado na Universidade de Fortaleza,\nlocalizada na Avenida Washington Soares, 1321 – Bairro Edson Queiroz, no laboratório do Bloco\nD, local onde ocorriam as monitorias práticas do módulo de Análise da Postura do Movimento\nHumano I.\nForam selecionados os alunos do 3° semestre do curso de fisioterapia da UNIFOR, no período de\n2016.1, com indivíduos de ambos os gêneros que estudavam no período matutino e vespertino. O\nestudo foi realizado com 16 alunos. Foram incluídos os voluntários que participaram do jogo do\ninicio ao fim, aqueles que trancaram o módulo foram excluídos da experiência.\nPara a coleta de dados, o jogo Batalha Fisio foi realizado com 16 participantes divididos em dois\ngrandes grupos homogêneos com oito pessoas em casa, em que os próprios voluntários\nescolhem os nomes das equipes, cada equipe recebe uma carta similar a uma carta náutica, onde\nhá alguns barcos espalhados aleatoriamente com cores diferentes (verde, amarelo e vermelho).\nCada cor significa o nível de dificuldade da pergunta, sendo verdes as fáceis, amarelo as médias\ne vermelhas as difíceis.\nO conteúdo das perguntas está relacionado com o conteúdo prático e teórico abordado em sala\nde aula pelos professores, dentre eles: artrocinemática, anatomia palpatória, anatomia (ossos,\nmúsculos, ligamentos), biomecânica, teste de força muscular, teste especifico e goniometria,\nreferente as articulações do quadril e do joelho.\nAs perguntas ficam com o monitor, que é o mediador da metodologia. Nas cartas que as equipes\nrecebem, possui várias linhas e colunas para que o grupo possa falar a referência correta e a\noutra equipe verificar se a referência escolhida pela equipe adversária tem barco ou não. Na\nprimeira coluna, estão os números e na parte superior da carta, na primeira linha estão às letras,\ncomo podemos observar na figura abaixo. As referências são dadas de acordo com o seguinte\nexemplo: A-4, B-5, D-1, dentre outros.\nCaso a referência que a equipe escolheu não tenha barco, significa que não haverá perguntas\npara responder, ou seja, não haverá pontuação, o que não há vantagem para o grupo. Apontuação é feita de acordo com o nível de dificuldade da pergunta. Perguntas verdes (fáceis): 1\nponto, amarelas (médias): 2 pontos, vermelhas (difíceis): 3 pontos.\nSe a equipe errar a resposta, qualquer outro aluno pode tentar resolver a questão, mas sem\npontuação, é o momento de tirar dúvidas relacionadas ao assunto abordado na pergunta, dando a\noportunidade de adquirirem um maior conhecimento de forma mais divertida, lúdica e pratica.\nVence a equipe que tiver a maior pontuação, ou seja, responder o maior número de perguntas\ncorretamente. O importante é que o conhecimento seja dissipado de forma igualitária para todos e\nque os alunos se esforcem e participem ativamente para que a dinâmica seja feita corretamente.\nResultados e Discussão\nDos alunos que estudam no turno da manhã e da tarde o módulo de Análise da Postura do\nMovimento Humano I, 16 participaram da metodologia, dentre eles 4 homens (25%) e 14 mulheres\n(75%).\nApós a primeira prova (np1), a metodologia Batalha Fisio foi aplicada para observar o\ndesempenho dos alunos na segunda prova (np2) para compor a média do semestre. Foi realizado\num questionário com os participantes da monitoria e foi verificado que 75% dos alunos avaliaram\na metodologia como ótima, 25% como boa.\nFoi analisado também que 100% dos alunos jugaram a metodologia como fácil de praticar e\ninterativa. 100% dos alunos afirmaram que após a metodologia Batalha Fisio, a aprendizagem do\nconteúdo descrito em sala de aula ficou mais fácil. A Batalha Fisio influenciou no acerto de\nquestões teóricas de 75% dos frequentadores da monitoria e 100% no acerto de questões\npráticas. 93,7% dos alunos afirmam que a dinâmica melhorou o relacionamento com os colegas.\n93,7 afirmaram que o conteúdo envolvido foi aprendido e não decorado. 100% responderam que a\ndinâmica Batalha Fisio poderia ser usada nos semestres seguintes.\nNa avaliação feita, 100% dos participantes afirmaram que a metodologia ativa Batalha Fisio\ninfluenciou na participação em sala de aula, no trabalho em equipe e no aprendizado do conteúdo.\n94,4 dos alunos responderam que a dinâmica influenciou na criatividade, enquanto 88.8% afirma\nque influenciou no raciocínio investigativo. 83,3 dos alunos frequentadores da monitoria afirmaram\nque a Batalha Fisio influenciou nas notas práticas e teóricas da segunda prova (np2).\nDentre os participantes, foi verificado que 75% dos voluntários obtiveram a média de 2º np maior\nque a 1º np, destes 50% tiveram nota acima da média da universidade (8,0), apresentando\nmelhora no rendimento.\nFoi observada uma melhora no desempenho dos alunos durante o semestre devido á frequência\nde cada um nas monitorias do módulo, contribuindo ativamente para a sua aprendizagem e uma\nmelhora qualidade com que o conteúdo foi compreendido pelos participantes para ser usado nos\nsemestres seguintes, de forma não decorativa.\nConcordando com o estudo de DE MELO JUNIOR et. al. (2014), a metodologia ativa, facilitou a\ndiscussão e a aprendizagem da temática. Com isso, percebe-se a necessidade da adoção demetodologias que facilitam as trocas de saberes e que os alunos se tornem atores ativos neste\nprocesso.\nPode-se dizer então, que no decorrer da vida acadêmica, essa estratégia de ensino através da\nprática com monitorias, abre novos conceitos de pesquisa. Aprender a investigar, questionar e\nresolver problemas são habilidades que serão utilizadas em todas as áreas da aprendizagem e\nfuturamente, em situações cotidianas, incorporando conhecimentos pesquisados, com\nexperiências já adquiridas no processo. (CAVALHEIRO, et. al., 2007)\nConclusão\nConclui que, os participantes obtiveram um melhor desempenho no processo de avaliação do\nconhecimento. Reforça-se, deste modo, que a metodologia Batalha Fisio se apresentou uma\nferramenta importante para o ensino e aprendizagem do conteúdo abordado.\nReferências\nAriès P. História social da criança e da família. 2a ed. Rio de Janeiro: LTC; 2006.\nDE MELO JUNIOR, Ivaldo de Menezes et al. Chuva de ideias: Uma metodologia ativa que facilita\na discussão da fisioterapia na atenção básica no estágio supervisionado. Caderno de educação,\nsaúde e fisioterapia, v. 1, n. 1, 2014.\nCAVALHEIRO, Patrícia; DEL PINO, José Claudio. Aprendizagem e cooperação em atividades de\nmonitoria para o ensino de ciências no nível fundamental. Experiências em Ensino de Ciências–\nV2 (3), p. 17-33, 2007.\nFANTIN, Bernadete Rossi Barbosa; DE LIMA, Josiane Roberta. Gestão do negócio direcionada a\natender as necessidades dos clientes portadores de deficiência. Tekhne e Logos, v. 4, n. 3, p. 30-\n42, 2013.\nHAAGI, GSGS et al. Contribuições da monitoria no pr Contribuições da monitoria no processo\nensino-aprendizagem em enfermagem. Revista Brasileira de Enfermagem, v. 61, n. 2, p. 215-\n220, 2008.\nMOHAN, Ashwin et al. Professional skills in the engineering curriculum.IEEE Transactions on\nEducation, v. 53, n. 4, p. 562-571, 2010.\nPEREIRA, Adriana Lenho de Figueiredo. As tendências pedagógicas e a prática educativa nas\nciências da saúde. Cadernos de saúde Pública, v. 19, n. 5, p. 1527-1534, 2003.\nPOLIT; D. F.; BECK, C. T.; HUNGLER; B. P. Fundamentos de pesquisa em enfermagem:\nmétodos, avaliação e utilização. 5. ed. Porto Alegre: Armed, 2004.\nPRADO, Marta Lenise do et al. Arco de Charles Maguerez: refletindo estratégias de metodologia\nativa na formação de profissionais de saúde.Esc. Anna Nery Rev. Enferm, v. 16, n. 1, p. 172-\n177, 2012.\nAgradecimentosA Universidade de Fortaleza (UNIFOR) que propicia oportunidades para os alunos terem a chance\nde participar de projetos preparatórios para a docência. Aos professores do módulo de Análise da\nPostura do Movimento Humano I pela orientação e incentivo para desenvolver este projeto. Aos\noutros monitores que participaram compartilhando conhecimento, oferecendo apoio e atenção e\naos alunos que deram sua participação."
}