{
  "id": "27416",
  "trabalho": "BREVE PERCURSO HISTÓRICO DA ESCOLA E A  CONSTITUIÇÃO DA PSICOLOGIA ESCOLAR NO BRASIL",
  "area": "CIÊNCIAS DA VIDA",
  "ano": "2016",
  "evento": "XVI - ENCONTRO DE PÓS-GRADUAÇÃO E PESQUISA",
  "link": "http://uol.unifor.br/oul/conteudosite/?uuid=4953B68493721B3AE2212B689E49004553037EC1",
  "conteudo": "XVI ENCONTRO DE PÓS-GRADUAÇÃO E PESQUISA\nUniversidade de Fortaleza\n17 a 20 de outubro de 2016\nBREVE PERCURSO HISTÓRICO DA ESCOLA E A CONSTITUIÇÃO DA\nPSICOLOGIA ESCOLAR NO BRASIL\nHélen Rimet Alves de Almeida1* (PG). Ana Priscila Barroso Araújo2 (PG). Selena Mesquita de Oliveira\nTeixeira3 (PG). Luciana Maria Maia Viana4 (PQ).\n1Doutorado em Psicologia, Universidade de Fortaleza, Fortaleza-CE;\n2Mestrado em Psicologia, Universidade de Fortaleza-CE, Fortaleza-CE; FUNCAP\n3Doutorado em Psicologia, Universidade de Fortaleza, Fortaleza-CE; FUNCAP\n4Programa de Pós Graduação em Psicologia, Universidade de Fortaleza, Fortaleza-CE\nhelen.rimet@ig.com.br\nPalavras-chave: História. Escola. Psicologia. Psicologia Escolar.\nResumo\nAs discussões deste artigo têm como objetivo realizar uma revisão de literatura referente a história da\nescola e a constituição da Psicologia Escolar com o intuito de refletir sobre a evolução histórica e a relação\nestabelecida entre a Psicologia e a Educação. Trata-se de uma revisão narrativa da literatura realizada por\nmeio de busca em livros, dissertações de mestrado e artigos científicos publicados entre os anos de 1990 e\n2013 e que apresentassem conteúdos acerca do tema a fim de reunir em um único trabalho informações\ngerais em torno da temática abordada. A literatura aponta que o contexto atual configura como um novo\nmomento da Psicologia Escolar e que o entrelaçamento entre esses dois campos: a psicologia e a\neducação favorece a compreensão das influências sociais, econômicas, culturais e outras no espaço\nescolar e o entendimento acerca das relações interpessoais entre os atores da escola, instigando o\ndesenvolvimento de pesquisas e a construção de intervenções adequadas à necessidade de cada\ninstituição.\nIntrodução\nA educação infantil desde a Antiguidade era fator de preocupação para as civilizações que se\nformavam. Os valores e conhecimentos à época eram transmitidos pelos pais - a educação acontecia no\nambiente de casa. Problemas educativos ocuparam as mentes e constituíram objeto de estudo e meditação\ndos filósofos da Grécia Antiga, por sua influência no âmbito da formação do caráter e da personalidade dos\nindivíduos. Mesmo nesse período já existiam diversos saberes importantes para serem transmitidos às\ncrianças, mas também se evidenciavam divisões entre o que meninos e meninas deveriam e poderiam\naprender em suas vidas (SOUSA, 2012).\nNas sociedades mais desenvolvidas da Antiguidade, já estruturadas com base em instituições\npolíticas e práticas econômicas, a educação familiar torna-se insuficiente para dar conta do que se esperava\ndesses infantes quando atingissem a idade adulta. Surgem na Grécia, por volta dos séculos IV e V a.C., os\nprofissionais especializados para repassar conhecimento. Esses mestres eram contratados por famílias\nricas ou formavam turmas e recebiam uma remuneração por cada aluno. Na ocasião a educação já estava\nestritamente ligada à situação econômica da família: o saber constituía um privilégio restrito a uma parcela\nmínima da população, somente àqueles que não tinham necessidade de trabalhar (SOUSA, 2012).\n1A escola era elitizada, atendia somente crianças e jovens pertencentes a famílias tradicionais da\nnobreza ou de comerciantes enriquecidos. O ensino das letras e dos cálculos matemáticos demorou para se\npropagar, pois a formação esportiva era mais importante que a intelectual. Na Grécia, nesse período, houve\ndois modelos de ensino: a educação espartana e a educação ateniense. Esparta vivia uma fase guerreira e\nautoritária, razão pela qual para eles o intelectual ainda não era primordial. Em Atenas a Educação passou\na assumir um grande papel, tornando-se uma matéria complexa e de fundamental importância na formação\ndos rapazes (ARANHA, 1996).\nA educação em Roma teve caráter prático, familiar e civil, destinada a formar a consciência do\nDireito como fundamento da própria civilidade romana. Os civis romanos eram formados em família, guiados\npelo papel central do pai e da mãe, por sua vez menos submissa em comparação com a figura materna da\nGrécia. A mulher em Roma era valorizada e reconhecida como figura educativa, que controlava a educação\ndos filhos, confiando-os a pedagogos e mestres (ARANHA, 1996).\nOs parâmetros da Educação durante a Idade Média, no período que abrange do século V ao século\nX, se aproximam das teorias religiosas fundamentadas na concepção do homem como criatura divina, de\npassagem pela Terra, e que deve cuidar, primeiramente, da salvação da alma e da vida eterna (SANTOS,\n2013). Durante o período medieval o ensino esteve restrito ao clero – denominação utilizada para designar\nos líderes religiosos pertencentes à Igreja Católica. A ruralização da sociedade europeia nessa época\nprovocou certa estagnação em relação ao processo de educação. As comunidades que formavam os\nfeudos ficaram praticamente sem acesso à instrução (SOUSA, 2012).\nNo século XII surgem as primeiras escolas semelhantes às que existem na atualidade, com\ncrianças sentadas nas carteiras e professores ministrando seus ensinamentos em salas de aula. No\nOcidente a escola aparece muito cedo como meio de orientação das crianças para o exercício de suas\natividades diárias. Acostumadas com essa situação desde cedo elas encaram sua presença na escola de\nforma natural, considerando-a uma rotina que organiza seu tempo, sua vida. No entanto, a escola não deve\nser entendida como espaço natural, visto que seu surgimento resultou de um longo processo de\ntransformações, ideias, escolhas, disciplinas e poder (SOUSA, 2012).\nA escola, como se a conhece na atualidade, é um produto da Idade Média. Sua estrutura contempla\na presença de um professor, que ensina a muitos alunos de diversas procedências, e que deve responder\npela sua atividade à Igreja ou a outro poder. Suas práticas disciplinares, envolvendo prêmios e castigos, e\nas avaliações, originam-se daquela época e da organização dos estudos nas escolas monásticas e nas\ncatedrais, sobretudo nas universidades. Originam-se desse período, também, alguns conteúdos culturais da\nescola moderna e até mesmo da contemporânea: o papel do latim; o ensino gramatical e retórico da língua;\na imagem da filosofia como lógica e metafísica (ARANHA, 1996).\nOs fundamentos históricos, filosóficos e sociológicos que marcaram a educação no Brasil tiveram\norigem com os jesuítas, de importância decisiva no projeto português de expansão mercantil-cristão. Aqueles\nque se dedicavam à Pedagogia ao longo dos séculos XVI e XVII adotaram uma postura inovadora no que se\nrefere à educação: entenderam a importância da utilização do lúdico no processo educativo e não puniam as\ncrianças índias com castigos físicos, e ainda defendiam o direito das mulheres de estudar. Os padres jesuítas\nempreenderam no Brasil uma importante obra missionária e evangelizadora, principalmente fazendo uso de\nmetodologias novas, das quais a educação escolar foi uma das mais poderosas e eficazes (SANGENIS, 2004).\nMassimi (1990) destaca que a Psicologia no Brasil reconheceu esses métodos e atitudes como\ntécnicas eficazes de ensino, identificando na própria vida social dos índios elementos que possibilitam o seu\n2desenvolvimento psíquico saudável e a interação entre vários aspectos sociais, contrariando o\nentendimento da Pedagogia portuguesa dominante na época, segundo o qual a obtenção de bom\ndesempenho, obediência e atenção, tanto na escola como no trabalho, não poderia prescindir da aplicação\nde castigos e punições, como de fato eram frequentemente empregados.\nNa Idade Moderna novas reflexões acerca das instituições de ensino foram levantadas. Discutiram-\nse as formas de organização dos currículos, a divisão do ensino em fases e as matérias a ser estudadas. A\ndiferenciação entre os ensinos masculino e feminino também foi discutida. Importante esclarecer que o\nambiente escolar, nesse período, estava restrito às pessoas de sexo masculino (SOUSA, 2012).\nA partir do advento do Iluminismo, no século XVIII, o discurso dos Iluministas, embasado por ideais\nde liberdade e igualdade e orientado pela razão, ressaltava a importância da instituição escolar.\nPosteriormente a esse pensamento, mais precisamente no século seguinte, evidencia-se uma expansão\ndas instituições escolares na Europa, com o compromisso de oferecer um ensino acessível a todos os\nindivíduos, de qualquer classe social ou econômica (SOUSA, 2012).\nA trajetória da Psicologia Escolar, desde os seus primórdios esteve ligada a própria evolução\nhistórica da escola e principalmente a uma concepção remediativa e classificatória, passando por\nmomentos de crise diante de sua atuação neste ambiente e pela busca de ressignificação da identidade\ndo(a) psicólogo(a) escolar mediante as demandas sociais. Isso expressa a construção de uma trama\nteórico-metodológica marcada por características culturais, econômicas e políticas específicas de cada\népoca. Esse fato demonstra a necessidade de ressignificação histórica e periódica das proposições\ndefendidas e das ações empreendidas pela Psicologia Escolar (BARBOSA & MARINHO-ARAÚJO, 2010).\nAs discussões deste artigo têm como objetivo geral realizar revisão de literatura referente a história\nda escola e a constituição da Psicologia Escolar no Brasil. Pretende-se refletir sobre a evolução histórica\ncom o intuito de compreender a relação estabelecida entre a Psicologia e a Educação.\nMetodologia\nEste estudo trata de uma revisão narrativa da literatura, realizada por meio de busca em livros,\ndissertações de mestrado e artigos científicos por meio dos descritores: história, escola, psicologia,\npsicologia escolar, publicados entre os anos de 1990 e 2013 e que apresentassem conteúdos acerca da\nhistória da escola e a constituição da Psicologia Escolar no Brasil a fim de reunir em um único trabalho\ninformações gerais em torno da temática abordada. Nesse contexto, Rother (2007) destaca que os artigos\nde revisão narrativa são publicações apropriadas para descrever o “estado da arte” de um determinado\nassunto, sob o ponto de vista teórico ou contextual.\nConsiderando as características intrínsecas da revisão narrativa, não se desenvolve o estudo com\nbase em uma questão norteadora específica, mas em um tema amplo. Ademais, a seleção da fonte de\ninformações não se pautou em uma estratégia sistematizada, mas sim em publicações gerais sobre o\nassunto, proporcionando ao leitor revisitar historicamente e atualizar o conhecimento sobre uma temática\nespecífica em um curto espaço de tempo (ROTHER, 2007).\nResultados e Discussão\nDe acordo com os estudos, a literatura aponta que os marcos históricos da Psicologia guardam\nproximidade com a Educação muito tempo antes de ela se distinguir como área científica no cenário\nbrasileiro (MARINHO-ARAÚJO, 2010).\n3Souza e Guedes (2012) explicam que a Psicologia no século XIX, durante o período imperial no\nBrasil, ocupava um espaço próprio, porém não era ainda uma disciplina autônoma, porquanto se encontrava\nfragmentada entre vários saberes, permanecendo subordinada ao Estado. Assim como os outros campos\nde saberes, a Psicologia também se vê invadida por interpretações e transmissões copiadas da Europa e\ndos Estados Unidos, descartando muitas características defendidas pelos indígenas e jesuítas em favor de\numa cultura estrangeira.\nMuitas transformações sucederam-se ao início do século XIX, e com a Independência do Brasil,\ndiversas mudanças sociais, políticas e culturais assolaram o País. Massimi (1990) afirma que nesse período as\ninstituições eclesiásticas perdem a soberania adquirida no período colonial e cedem espaço para as instituições\ndo Estado. A nova sociedade imperial anseia por extinguir a cultura colonial antecedente. Grupos e\ncongregações protestantes norte-americanos fundam colégios de formação secundária em meados do século\nXIX e se destacam pela introdução da Psicologia científica no Brasil (SOUZA & GUEDES, 2012).\nA República, no Brasil, se iniciava imersa no racismo, no moralismo, na xenofobia e no\nantiliberalismo (PATTO, 2004). No que se refere à educação escolar da época, também era alvo de\ncomparação com a ministrada nos países desenvolvidos. Buscava-se, então, adaptar à realidade nacional\nos padrões educacionais adotados nesses países, como forma de se reforçar a ideia de que o Brasil se\nencontrava no mesmo nível educacional.\nComo afirma Nagle (2001), cientifizar a Educação significava sobretudo psicologizá-la, consistindo\nbasicamente em transportar os conhecimentos psicológicos para as regras pedagógicas. A Psicologia era\nformada por testes e aparelhos de mensuração psicofísica, considerados instrumentos seguros de organização\nda escola, de orientação profissional e vocacional, de classificação dos alunos para a obtenção de uma\neducação diversificada, mas que na verdade tinham como objetivo único conferir prestígio aos que os aplicavam.\nA Psicologia Escolar norte-americana e a francesa destacaram-se como fontes de influência pelo\nmundo, inclusive no Brasil. Durante a primeira metade do século XX a principal característica da atuação\nem Psicologia Escolar era o tratamento de problemas ligados ao desenvolvimento e aprendizagem.\nCaracterizando importante influência da medicina e a consolidação de uma atuação clínica no trabalho do/a\npsicólogo/a escolar junto aos contextos educacionais. Privilegiava-se avaliações psicométricas, de\norganização de classes para alunos considerados especiais, de diagnósticos e de encaminhamentos aos\nserviços especializados (CAMPOS & JUCÁ, 2006; GUZZO, 2008).\nNo Brasil, a Psicologia se aproximou primeiro da educação sendo desenvolvida para atender\nproblemas voltados para o contexto educacional, sobretudo, a formação de professores, mas não como área\nespecífica de atuação em Psicologia Escolar (CRUCES, 2006). Dessa forma, foram criados, em vários\nestados brasileiros, laboratórios de Psicologia ligados às escolas normais, onde eram desenvolvidas\npesquisas junto aos alunos com necessidades especiais e dificuldades de aprendizagem (ANTUNES, 1999).\nWechsler (2001) esclarece que o ensino normal foi o primeiro alvo para evidenciar concepções,\npesquisas e aplicações práticas do que hoje se denomina de Psicologia Escolar e/ou Psicologia\nEducacional no Brasil. A fase em que se desenvolvia, denominada de normalista, resultou em grande\nevolução do estudo a partir da padronização, aplicação e aperfeiçoamento dos testes psicológicos\ndestinados aos escolares. A origem da Psicologia Escolar no Brasil se configura com a adoção de\ninstrumentos psicológicos de classificação de alunos refletindo na migração para a escola do modelo clínico\nde atuação e de utilização de instrumentos (CAMPOS & JUCÁ, 2003).\nDe acordo com Portugal e Jacó-Vilela (2012), uma análise histórica desse processo revela a\n4ampliação dos referenciais hegemônicos ocorrida a partir do final dos anos 1969 e início de 1970 e se apoia\nem dois pilares: a retomada de uma perspectiva histórica dos processos psicossociais e o envolvimento\ncom questões sociais importantes. O conjunto das reflexões e intervenções orientadas pelo gênero foi uma\ndas fontes para as novas Psicologias. A relação estabelecida entre psicologia e educação revela-se\nbastante satisfatória para ambas, uma vez que possuem pontos de interesse convergentes, como, por\nexemplo, a relação entre desenvolvimento e aprendizagem (BARBOSA & MARINHO-ARAÚJO, 2010).\nMaroldi (2012) ressalta que a partir da década de 1980 acontece uma ruptura na cumplicidade até\nentão existente entre a Educação e a Psicologia, que se tornam interdependentes, passando a compartilhar\nplanejamentos e reflexões voltadas para o contexto escolar, contemplando a realidade social e cultural dos\natores pertencentes ao processo educacional. Ainda nessa década surgem discussões em torno da tarefa\ndo(a) psicólogo(a), no âmbito das quais se afirma a necessidade de mudança nos referenciais teóricos\nrelativos às questões escolares, visando o desenvolvimento de novas práticas pedagógicas (SOUZA, 2007).\nIniciando a constituição de contornos de identidade própria a Educação e a Psicologia ganham terminologia\ne definições, passando a se denominar Psicologia Escolar (MAROLDI, 2012).\nNo contexto atual, a Psicologia Escolar consiste na área de atuação da Psicologia que envolve o\nexercício profissional do(a) psicólogo(a) que atua no campo educacional em diferentes espaços sociais\n(diretamente na escola; em serviços públicos de educação e saúde; em universidades; clínicas; equipes de\nassessoria ou de pesquisas, etc.), fundamentando-se de forma crítica e consistente em diferentes\nelaborações teóricas (MEIRA & ANTUNES, 2003).\nConclusão\nA compreensão da evolução histórica, a partir da formação das primeiras civilizações e do advento\ndo capitalismo determinando as relações sociais, causando impactos na produção e distribuição de rendas,\nna ocupação do solo e preservação do meio ambiente, na produção da pobreza e desigualdade social,\ninspirando desejos em que vários fatores determinassem dignidade humana e manutenção dos direitos para\na vida em sociedade, passou a integrar questões fundamentais na constituição da escola e no processo\nevolutivo da Psicologia.\nA partir de reflexões empreendidas acerca da relação da psicologia com a educação, verifica-se que\no contexto atual configura como um novo momento da psicologia escolar. Novas opções de atuação\ncomeçam a surgir e o papel do(a) psicólogo(a) escolar é compreendido de forma bastante independente do\npapel do(a) psicólogo(a) clínico(a), ou seja, uma identidade específica começa a ser consolidada. A busca\npela ressignificação das concepções de intervenção e das práticas do(a) psicólogo(a) escolar com vistas à\nrealização de um serviço que procure trabalhar não mais, somente, na remediação das dificuldades de\naprendizagem, mas na reflexão, contribuindo, assim, para a transformação do espaço escolar em local de\nvalorização do ser humano. Entretanto, abre espaço a novos desafios e propõe a continuação da história da\npsicologia escolar (BARBOSA & MARINHO-ARAÚJO, 2010).\nO entrelaçamento entre esses dois campos: a psicologia e a educação favorece a compreensão das\ninfluências sociais, econômicas, culturais e outras no espaço escolar e o entendimento acerca das relações\ninterpessoais entre os atores da escola, instigando o desenvolvimento de pesquisas e a construção de\nintervenções adequadas à necessidade de cada instituição. Assim, as ideias apresentadas neste artigo têm\no intuito de contribuir com as reflexões sobre a evolução da escola e da ciência psicológica nesse contexto\ne no que diz respeito à sua construção – sua história.\n5Referências\nANTUNES, M. A. M. (1999). A Psicologia no Brasil: leitura histórica sobre sua constituição. São Paulo: PUC.\nARANHA, M. L. de A. (1996). História da Educação (2a ed.). São Paulo: Moderna.\nBARBOSA, Rejane Maria; MARINHO-ARAÚJO, Clasy Maria. Psicologia escolar no Brasil:\nconsiderações e reflexões históricas. Estud. psicol.(Campinas), v. 27, n. 3, p. 393-402, 2010.\nCAMBAÚVA, L. G., SILVA, L. C. da, & FERREIRA, W. (1998). Reflexões sobre o estudo da história da\npsicologia. Estudos de Psicologia, Natal, 3(2), 207-227. http://www.scielo.br /scielo.php? Script\n=sci_arttext& pid= s14 13-294x1998000200003&lng=en&tlng=pt.10.1590/s1413-294x1 998000200003\nCAMPOS, H. R., & JUCÁ, M. R. B. L. (2003). O psicólogo na escola: avaliação da formação à luz das\ndemandas do mercado. In S. F. C. de Almeida (Org.), Psicologia Escolar: ética e competência na formação\ne atuação profissional (pp. 37-56). Campinas: Alínea.\nCRUCES, A. V. V. (2006). Psicologia e educação: nossa história e nossa realidade In S. F. C. Almeida (Org.),\nPsicologia escolar: ética e competências na formação e atuação do profissional (pp.17-36). Campinas: Alínea.\nGUZZO, R. (2008). Psicologia em Instituições Escolares e Educacionais. Ano da psicologia na\neducação: textos geradores. Conselho Federal de Psicologia. www.pol.org.br\nMARINHO-ARAÚJO, C. M. (2010, março). Psicologia escolar: pesquisa e intervenção. Em Aberto,\nBrasília, 23(83), 17-35.\nMAROLDI, A. M. (2012). Psicologia escolar: um estudo bibliométrico da literatura nacional (1962-\n2011) (Dissertação de Mestrado, Universidade Federal de Rondônia [UNIR], Rondônia, RO, Brasil).\nMASSIMI, M. (1990). História da psicologia brasileira: da época colonial até 1934. São Paulo: EPU.\nMEIRA, M. E. M., & ANTUNES, M. A. M. (2003). Psicologia Escolar: Práticas Críticas. São Paulo: Casa\ndo Psicólogo.\nNAGLE, Jorge. Educação e Sociedade na Primeira República. 2. ed. Rio de Janeiro: DP&A, 2001.\nPATTO, M. H. S. (2004). Ciência e política na primeira república: origens da psicologia escolar.\nMnemosine, 1(0), 203-225.\nPORTUGAL, F. T., & JACÓ-VILELA, A. M. (2012) (Orgs). Clio-Psyché: Gênero, Psicologia, História. Rio\nde Janeiro: Nau Editora.\nROTHER, E.T. Revisão sistemática x revisão narrativa. Acta Paul Enferm. 2007;20(2)\nSANGENIS, L. F. C. (2004). Franciscanos na Educação Brasileira. In M. Stephanou, & M. H. C. Bastos\n(Orgs.), Histórias e Memórias da Educação no Brasil (V. I, Séculos XVI-XVIII, pp. 93-107). Petrópolis: Vozes.\nSANTOS, M. G. (2013). Introdução, história e evolução da educação (Dissertação de Mestrado,\nUniversidade Europeia no Brasil [Unieubra], Espírito Santo, ES, Brasil).\nSOUSA, R. G. (2012). História da escola. Rev. Escola. http://www.escolakids.com/a-historia-das-escolas.htm\nSOUZA, B. de P. (2007). Orientação à queixa escolar (2a ed.). São Paulo: Casa do Psicólogo.\nSOUZA, E. D.; & GUEDES, T. P. (2012). As dificuldades de atuação do psicólogo escolar no Brasil:\nPossibilidades e desafios a partir de uma visão da teoria da complexidade. (Trabalho de Conclusão de\nCurso de Graduação em Psicologia, Faculdade de Tecnologia e Ciências [FTC], Jequié, Bahia, Brasil).\nWECHSLER, S. M. (2001). Avaliação Psicológica no Brasil: tendências e perspectivas para o novo\nmilênio. In: A diversidade da Avaliação Psicológica: considerações teóricas e práticas (pp. 17-24). João\nPessoa: Ideia.\n6"
}