{
  "id": "27418",
  "trabalho": "ESTUDOS PRELIMINARES DE MODELAGEM MOLECULAR DO FÁRMACO SINTÉTICO MACITENTAN",
  "area": "CIÊNCIAS EXATAS E TECNOLÓGICAS",
  "ano": "2016",
  "evento": "XXII - ENCONTRO DE INICIAÇÃO À PESQUISA ",
  "link": "http://uol.unifor.br/oul/conteudosite/?uuid=D90B9DAB599CA4B11163ED7743EC773755CECC6A",
  "conteudo": "XXII Encontro de Iniciação à Pesquisa\nUniversidade de Fortaleza\n17 à 21 de Outubro de 2016\nEstudos preliminares de modelagem molecular do fármaco sintético\nMacitentan\nLucas Lima Bezerra¹* (IC), Márcia Machado Marinho² (PQ), Emmanuel Silva Marinho³ (PQ).\n1. Universidade Estadual do Ceará - Curso licenciatura em Química\n2. Universidade Federal do Ceará - Doutoranda em Ciências Farmacêuticas.\n3. Universidade Estadual do Ceará- Docente do Curso licenciatura em Química-FAFIDAM/UECE.\n*lucaslb1920@gmail.com\nPalavras-chave: Macitentan. Modelagem Molecular. MEP.HOMO.LUMO\nResumo\nCom o aumento de casos nos hospitais, de pacientes com problemas de hipertensão pulmonar, o Macitentan\né utilizado no tratamento da hipertensão arterial pulmonar, onde esse fármaco foi desenvolvido através do\nbosentan, que antes era utilizado para o mesmo tratamento, entretanto, o macitentan teve sua estrutura\nmodificada para oferecer uma maior segurança e eficácia aos pacientes. Nesse estudo, o objetivo foi analisar\na estrutura molecular do macitentan, através do programa Arguslab, que é um software de acesso gratuito.\nCom a utilização desse programa, foi possível a obtenção do seu mapa de potencial eletrostático (MEP), os\norbitais de fronteira (HOMO-Highest Occupied Molecular Orbital), (LUMO-Lowest Unoccupied Molecular\nOrbital) e a energia de formação do Macitentan de -760.088 kj/mol.\nIntrodução\nA descoberta de antibióticos eficientes no tratamento de infecções bacterianas, proporcionou um grande\navanço na medicina, reduzindo consideravelmente, o número de mortes causadas por doenças infecciosas.\nNo entanto, o uso indiscriminado deste potente recurso farmacológico, vem potencializando a seleção de\nbactérias resistentes a esses medicamentos (SILVEIRA, 2006). O Macitentan é um fármaco utilizado para o\ntratamento da hipertensão arterial pulmonar, onde foi aprovado pelo FDA (Food and Drug Administration) em\n13 de outubro de 2013. Esse fármaco, atua como antagonista em dois tipos de endotelina, de receptores Eta\ne Etb, entretanto, o Macitentan, possui uma seletividade 50 vezes maior pelo receptor Eta que o Etb (HONG,\nCOE e CATANZARO, 2014). Através do Bosentan, que era utilizado também com o Ambrisentan para o\ntratamento de hipertensão arterial pulmonar, foi modificada a sua estrutura com o objetivo de obter uma maior\nsegurança e eficácia, desenvolvendo-se o Macitentan (Figura 1). Esse fármaco é caracterizado por uma\nligação ao receptor sustentada através da penetração do tecido reforçado. Através de vários testes, foi\npossível verificar que ocorre a redução da mortalidade e morbidade entre os pacientes com hipertensão\narterial pulmonar (DING et al., 2015). Comercialmente vendido sob o nome de Opsumit®, o fármaco sintético\nMacitentan é contra indicado para mulheres grávidas (HONG, COE e CATANZARO, 2014).\nO objetivo deste trabalho foi utilizar softwares de simulação computacional, configurados para realizar cálculos\nsemi-empíricos para caracterizar estrutura e eletronicamente, o fármaco sintético Macitentan, obtendo sua\nestrutura termodinâmica mais estável (com menor energia potencial), identificando seus sítios ativos e\ntambém os orbitais de fronteira, com a finalidade de obter dados que possam ser utilizados em estudos futuros\nde acoplamento molecular (Docking).\nISSN 18088449 1Figura 1: Rota sintética de obtenção do Macitentan\nFonte: DING et al, 2015\nMetodologia\nNeste trabalho, foi utilizado um software de acesso gratuito e baseado no sistema operacional do Windows.\nNo primeiro momento, foi obtido a estrutura do Macitentan, a partir do repositório Chemspider\n(http:www.chemspider.com/). No segundo momento, utilizamos cálculos semi-empíricos realizados pelo\nsoftware ArgusLab® (THOMPSON, 2004), tendo como base a metodologia desenvolvida por Dewar e\ncolaboradores (1985), utilizando a determinação de parâmetros Austin Model 1 (QM-AM1), foi realizada a\notimização geométrica da molécula e o cálculo de propriedades moleculares específicas como o potencial\neletrostático, energia mínima potencial da molécula, assim como a renderização 3D da superfície do mapa\nde potencial eletrostático e do mapa de orbitais moleculares de fronteira HOMO (Highest Occupied Molecular\nOrbital) e LUMO (Lowest Unoccupied Molecular Orbital).\nResultados e Discussão\nA química computacional é uma série de técnicas utilizadas na investigação de problemas químicos em um\ncomputador, usando métodos matemáticos para o cálculo de propriedades moleculares e para a simulação\ndo comportamento molecular (LEWARS, 2011). A partir do repositório Chemspider, foi possível a obtenção\nde algumas propriedades sobre o fármaco do Macitentan (ChemSpider ID13134960), onde possui a seguinte\nfórmula molecular (C H Br N O S), sua massa molar (588.277 Da), massa do seu monoisotopo (585.963318\n19 20 2 6 4\nDa), solubilidade (10 mM em DMSO) e o nome oficial segundo as regras da IUPAC (N-[5-(4-Bromophenyl)-6-\n{2-[(5-bromo-2-pyrimidinyl)oxy]ethoxy}-4-pyrimidinyl]-N'-propylsulfuric diamide). Para a otimização desse\nfármaco, foi utilizado um procedimento matemático cujo objetivo é localizar os mínimos de energia, ou seja,\nISSN 18088449 2as conformações mais estáveis da molécula do Macitentan. O software Arguslab® (THOMPSON, 2004), faz\ncálculos de estruturas eletrônicas, baseado na mecânica quântica que representa explicitamente os elétrons\nde um sistema, permitindo investigar as reações químicas nas quais ligações são formadas e quebradas,\nprevendo estruturas moleculares e otimização de geometria (CARVALHO et al., 2003). O software Arguslab,\npermite encontrar a geometria molecular de menor energia, calcular as energias dos orbitais, gerar\nvisualmente superfícies de potencial (FERREIRA, ARROIO e DE BRITO REZENDE, 2011). Nesse estudo,\nfoi utilizado o software Arguslab, com modelo MM e parametrização MM-UFF, obtendo-se a estrutura do\nfármaco com a conformação mais estável (Figura 2), com energia de formação com valor de -760.088 kj mol-\n1.\nFigura 2: Estrutura química do fármaco sintético Macitentan, utilizando o método MM-UFF.\nFonte: Arguslab® (THOMPSON, 2004)\nMapas de potencial eletrostático são utilizados em estudos de relação estrutura e atividade tridimensional\npara interpretações qualitativas de reações eletrofílicas e nucleofílicas, cálculos de cargas atômicas e para\ncomparar ou estimar a semelhança entre um conjunto de moléculas (TASI et al., 1993). Geralmente, o\npotencial eletrostático é representado na forma de uma superfície de potencial eletrostático, onde uma maior\ndensidade eletrônica é representada por cores quentes (vermelho, amarelo...) e uma menor densidade\neletrônica por cores frias (azul, verde...) (ATKINS e PAULA, 2006). Observando o mapa de potencial do\nfármaco Macitentan (Figura 2) podemos identificar as regiões com maior potencial negativo, região formada\npelos átomos de oxigênio, nitrogênio e de enxofre.\nISSN 18088449 3Figura 2: Mapa de potencial eletrostático do fármaco Macitentan\nFonte: Arguslab® (THOMPSON, 2004)\nBaseados na teoria de FMO-Orbitais Moleculares de Fronteira (HOMO-LUMO) (DOMINGO et al., 2003;\nGALEMBECK e CARAMORI, 2003; FLEMING et al, 1976) e, mais recentemente, nas interações\nestereoeletrônicas hiperconjugativas (SCHREINER et al., 2002), cada molécula possui o seu HOMO (Highest\nOccupied Molecular Orbital) e o orbital molecular desocupado de menor energia, LUMO (Lowest Unoccupied\nMolecular Orbital). A figura 3 mostra os orbitais HOMO e LUMO. Os orbitais de fronteira fornecem informações\ncruciais sobre vários assuntos referentes a molécula, um deles, são as reações que o Macitentan pode\nrealizar. Os principais átomos envolvidos foram o de oxigênio e o grupamento fenila.\nFigura 3: Orbitais moleculares de fronteira para o fármaco Macitentan.\nFonte: Arguslab® (THOMPSON, 2004)\nConclusão\nISSN 18088449 4A utilização da química computacional tem sido uma ferramenta bastante importante na descoberta ou\naprimoramento dos fármacos, pois as propriedades das moléculas podem ser obtidas graças a essa\nferramenta. Através da química computacional, foi possível caracterizar a molécula do Macitentan, obtendo\nas regiões com maior potencial negativo (oxigênio, nitrogênio e de enxofre) e identificar os átomos que\ncontribuem para a formação do orbitais de fronteira (de oxigênio e o grupamento fenila), sendo esses dados\nessenciais para futuros estudos de acoplamento molecular (Docking).\nReferências\nATKINS, P.; de PAULA, J. Physical chemistry: Eighth Edition. Oxford University Press: Great Britain, 2006.\nCALVO, L.G.; PUMACHAGUA, R. Evaluacion teórica de nuevos derivados nitratoxicarbono de tetraedrano.\nRev Soc Quím Perú, v. 81(1), 2015.\nCARVALHO, I.; PUPO, M. P.; BORGES, A, D, L.; BERNARDES L, S, C. Introdução a modelagem molecular\nde fármacos no curso experimental de química farmacêutica. Quim. Nova, v. 26, No. 3, p. 428-438, 2003.\nCRISOSTOMO, L.C.S; FILHO, C.L.D.M; MARINHO; M.M; CASTRO,R.R;MARINHO,ES. Estudo in silico da\nmolécula ácido (S)-2-amino-3-(3,4-dihidroxiphenil) propanoico (Levodopa) e seus análogos.\nDEWAR, M.J.S.; ZOEBISCH, E.G.; HEALY, E.F. e STEWART, J.J.P. AM1: A new general-purpose quantum\nmechanical molecular model. Journal of American Chemistry Society, v. 107, p. 3902-3909, 1985.\nDING, H. X.; LEVERETT, C. A.;KYNE, R. E.; LIU, K. K. C.; FINK, S. J.;FLICK, A. C.;O’DONNELL, C. J.\nSynthetic approaches to the 2013 new drugs. Bioorganic & medicinal chemistry, 23(9), 1895-1922, 2015.\nDOMINGO, L. R.; AURELL, M. J.; PÉREZ, P.; CONTRERAS, R.; J. Org. Chem.,v.68, p.3884, 2003.\nFERREIRA, C.; ARROIO, A.; DE BRITO REZENDE, D. Uso de modelagem molecular no estudo dos conceitos\nde nucleofilicidade e basicidade. Quim. Nova, 34(9), 1661-1665,2011.\nFLEMING, I.; Frontier Orbitals and Organic Chemical Reactions, John Wiley and Sons: New York, 1976.\nGALEMBECK, S. E.; CARAMORI, G. F. Which is the reaction site? A computational experiment. Química\nNova, 26(6), 957-959, 2003.\nHONG, I. S.; COE, H. V.; CATANZARO, L. M. Macitentan for the treatment of pulmonary arterial\nhypertension. Annals of Pharmacotherapy, 48(4), 538-547, 2014.\nLEWARS E.G. Computational chemistry: introduction to the theory of molecular and quantum mechanics. 2nd\ned. Springe, 2011.\nSchreiner, P. R. Teaching the right reasons: Lessons from the mistaken origin of the rotational barrier in\nethane. Angewandte Chemie International Edition, 41(19), 3579-3582.2002.\nSILVEIRA, G.P; NOME F., GESSER, J.C.; SÁ; M.M. Estratégias utilizadas no combate à resistência\nbacteriana. Quim. Nova, Vol. 29, No. 4, 844-855, 2006.\nTASI, G.; PALINKÓ, I.; NYERGES, L.; FEJES, P.; HORST, F. Calculation of electrostatic potential maps and\natomic charges for large molecules. Journal of Chemical Information and Computational Science. n. 33, p.\n296-299, 1993.\nTHOMPSON M.A. ArgusLab 4.0. 1 Planaria Software LLC, Seattle, WA (2004).\nAgradecimentos\nA Universidade Estadual do Ceará (UECE), em especial a Pró-Reitoria de Pós-Graduação e Pesquisa\n(Propgpq), que deram total apoio a realização deste trabalho.\nISSN 18088449 5A Coordenação de Aperfeiçoamento de Pessoal de Nível Superior (Capes), fundação do Ministério da\nEducação (MEC), pela concessão de bolsa de estudo como apoio financeiro ao desenvolvimento cientifico.\nA Universidade de Fortaleza por proporcionar este espaço para a democratização do pensamento científico.\nISSN 18088449 6"
}