{
  "id": "27423",
  "trabalho": "PROMOÇÃO DA SAÚDE POR PRÁTICAS DE ALIMENTOS SAUDÁVEIS E HIGIENE NAS ESCOLAS DE ENSINO FUNDAMENTAL E MÉDIO",
  "area": "CIÊNCIAS DA VIDA",
  "ano": "2016",
  "evento": "XVI - ENCONTRO DE PÓS-GRADUAÇÃO E PESQUISA",
  "link": "http://uol.unifor.br/oul/conteudosite/?uuid=F3A4E4C5A1A0315964DFE31EBA8FDAA6D555D68E",
  "conteudo": "XVI ENCONTRO DE PÓS-GRADUAÇÃO E PESQUISA\nUniversidade de Fortaleza\n17 a 20 de outubro de 2016\nPROMOÇÃO DA SAÚDE POR PRÁTICAS DE ALIMENTOS SAUDÁVEIS E\nHIGIENE NAS ESCOLAS DE ENSINO FUNDAMENTAL E MÉDIO\nTeresa V. Catonho Ribeiro1* (PG), Maria Auxiliadora Bezerra Barroso¹(PG), Jarlideire Soares Freitas2(PG),\nRogério Lessa Horta3(PQ), Raimunda Magalhães da Silva1(PQ), Christina César Praça Brasil1(PQ)\n1 Programa de Pós-Graduação em Saúde Coletiva, Universidade de Fortaleza, Fortaleza-CE;\n2 Programa de Pós-Graduação em Saúde Pública, Universidade Federal do Ceará, Fortaleza-CE;.\n3 Programa de Pós Graduação em Saúde Coletiva, Universidade do Vale do Rio dos Sinos, São Lopoldo-\nRS.\ncatonhoteresa@gmail.com\nPalavras-chave: Promoção da saúde, alimentos saudáveis, higiene, escolas.\nResumo\nAs boas condições de alimentação e higiene nas escolas são determinantes para a qualidade do ensino e a\nmelhoria da saúde da comunidade escolar, impactando direta ou indiretamente no desempenho dos alunos.\nO presente estudo objetivou analisar a organização da alimentação escolar e das práticas educativas\nrelacionadas a alimentação saudável e higiene corporal em escolas de ensino fundamental e médio.\nRealizaram-se visitas a 25 escolas municipais e estaduais, situadas em Fortaleza, Ceará, tendo sido\naplicadas entrevistas estruturadas com os respectivos diretores ou coordenadores, as quais foram gravadas\ne transcritas, posteriormente, em sua totalidade. Observou-se a presença e a importância do nutricionista\nnas escolas públicas, orientando o cardápio e incentivando a prática da alimentação saudável e o valor dos\nalimentos para o crescimento e o desenvolvimento das crianças no período escolar. Os entrevistados\nressaltaram que os professores, principalmente os de Educação Física, Ciências, Biologia e Religião,\ndesenvolvem trabalhos individuais importantes com os alunos. A prática da higiene também é incentivada e\ndesenvolvida nas diversas atividades escolares. Essa discussão precisa ser ampliada e fortalecida para que\nessas práticas ultrapassem o ambiente escolar e permeiem a realidade dos alunos.\nIntrodução\nA Organização Mundial da Saúde (OMS) traz os parâmetros Curriculares Nacionais dentro do\ncapítulo relacionado ao tema “saúde”, os quais sugerem que toda escola deve incorporar os princípios de\npromoção da saúde com os objetivos de fomentar a saúde e o aprendizado em todos os momentos; integrar\nprofissionais de saúde, educação, pais, alunos e membros da comunidade para garantir o bem-estar\nindividual e coletivo (ALVES; JAIME, 2014).\nNesse contexto a prática de uma alimentação saudável é fundamental para que a criança e o\nadolescente possam se desenvolver e se tornem adultos saudáveis. Alimentação saudável é aquela\nplanejada com alimentos de todos os grupos, de procedência conhecida, de preferência natural e preparada\nde forma a preservar o valor nutritivo e os aspectos sensoriais dos alimentos. Os alimentos devem ser\nqualitativa e quantitativamente adequados, consumidos em refeições e em ambientes calmos, visando à\nsatisfação das necessidades nutricionais, emocionais, e culturais e sociais do indivíduo ou do grupo familiar,\npara a promoção da saúde e a qualidade de vida saudável. (CAMOZZI et al., 2015)As ações educativas devem ser iniciadas na infância, visando beneficiar a saúde da criança, para\nproporcionar-lhe bons hábitos alimentares. Nesse contexto, é reconhecido que várias influências culturais,\nsociais e psicológicas estão interligadas de modo a desenvolver um indivíduo integral, participante na\nsociedade e sujeito aos efeitos dos processos educativos que permeiam o ambiente. Estes aspectos\ninfluenciam os padrões e os hábitos alimentares, assim como outras formas de comportamento humano.\n(MILANI et al., 2015)\nAo se trabalhar alimentação saudável no ambiente escolar, os hábitos relacionados com a higiene\ndas crianças é outro aspecto importante a ser abordado, já que o indivíduo deve ser visto de forma integral e\ncom uma educação formalizada por meio da família e continuada na escola. Os hábitos de higiene em\ncrianças correspondem a uma constante preocupação, pois favorecem a ocorrência de diversas doenças\ninfecciosas, o que representa um problema mundial para a Saúde Pública. A incidência de infecções\nalimentares e de doenças parasitárias, por exemplo, podem estar relacionadas ao surgimento de\ndeficiências nutricionais, por isso, a avaliação dos hábitos de higiene para crianças e adolescentes nesta\nfase da vida torna-se imprescindível.\nA alimentação saudável é hoje um conteúdo educativo e a incorporação desses hábitos pode dar-se\nna infância e na adolescência. Assim, pais e educadores vêm, ao longo de anos, concordando com a\nnecessidade de a escola assumir um papel de protagonismo nesse trabalho. Além disso, as ações de\npromoção de saúde visam desenvolver conhecimentos, habilidades e o autocuidado da saúde, bem como\nfomentar uma análise sobre os valores, as condutas, condições sociais e os estilos de vida dos próprios\nsujeitos envolvidos (CAMOZZI et al., 2015)\nDiante da realidade vivenciada em escolas públicas, municipais e estaduais, este estudo tem como\nobjetivo analisar a organização da alimentação escolar e as práticas educativas relacionadas à alimentação\nsaudável e à higiene corporal nas escolas municipais e estaduais do município de Fortaleza, Ceará.\nMetodologia\nTrata-se de um estudo qualitativo, a qual constitui um recorte de uma pesquisa multicêntrica\nintitulada “A promoção da saúde na escola e sua relação com o uso de drogas pelos estudantes” que\nocorreu de setembro de 2015 a abril de 2016, no município de Fortaleza, Ceará.\nParticiparam da amostra 25 escolas municipais e estaduais de Ensino Fundamental e Médio.\nRessalta-se que as escolas foram selecionadas de forma aleatória, respeitando a divisão por Distritos de\nEducação da Secretaria Municipal de Educação de Fortaleza, Ceará.\nEm cada uma das escolas foi selecionado um gestor para responder a uma entrevista estruturada\ncomo instrumento de coleta de dados, com perguntas relacionadas à prática da alimentação saudável nas\nescolas e educação em saúde voltada para alimentação saudável e higiene corporal. Para resguardar a\nidentidade dos entrevistados, utilizou-se a letra “E” e os números referentes a cada escola.\nAs entrevistas foram gravadas e, posteriormente, transcritas na íntegra. Para fins de análise, foi\nutilizada a análise de conteúdo Bardin (2011), tendo sido destacadas duas categorias: “alimentação escolar:\nconhecimento e prática” e “higiene corporal e promoção da saúde”. A interpretação dos resultados foi feita à\nluz da literatura pesquisada.\nO projeto foi aprovado pelo Comitê de Ética em Pesquisa da Universidade do Vale do Rio dos Sinos\n(Processo 025/2013), tendo sido seguidos todos os preceitos éticos previstos na Resolução 466/2012, do\nConselho Nacional de Saúde.\nResultados e DiscussãoAlimentação escolar: conhecimento e prática\nA categoria “alimentação escolar: conhecimento e prática” vem associada às seguintes ideias:\nmerenda escolar gratuita; participação do profissional nutricionista nas escolas públicas de Fortaleza;\ndificuldades de se manter uma alimentação balanceada e educação em saúde e alimentação saudável.\nTodos esses apontamentos dos gestores auxiliam a compreensão da forma como a comunidade escolar\nconhece e lida com a questão relacionada à alimentação e suas relações com as condições de saúde.\nEm todas as escolas públicas, foi encontrada merenda escolar gratuita e de responsabilidade da\nprópria escola, como mostram os seguintes relatos: Por se tratar de uma escola pública, a alimentação é\nfornecida pela própria escola”. (E16) e Na verdade, a escola de educação professional, ela fornece\nalimentação durante o dia inteiro, como é uma escola de tempo integral, eles têm lanche de manhã, eles têm\no almoço, e eles tem o lanche da tarde. (E17).\nA alimentação e a nutrição são elementos básicos para a promoção da saúde, constituindo-se uma\ndas estratégias de saúde pública na prevenção de deficiências nutricionais e reforçando a resistência\norgânica para as doenças infecciosas e doenças crônicas não transmissíveis (BRASIL, 2006). É uma das\ndiretrizes da Política Nacional de Alimentação e Nutrição baseada no direito universal à alimentação e\nnutrição adequadas e na garantia da Segurança Alimentar e Nutricional da população (BRASIL, 2005).\nÉ importante ressaltar que algumas escolas relataram que se utilizam dos alimentos que vêm da\nagricultura familiar, que fornece aproximadamente 70% dos alimentos consumidos no país, conforme\norientação do PNAE (BRASIL, 2009). Isso demonstra que algumas escolas buscam estratégias para\nassegurar a alimentação saudável e de qualidade.\nEm todas es escolas, foi encontrado a presença do nutricionista como profissional responsável pelo\ncardápio da merenda escolar e este fica lotado na Secretaria Municipal de Educação ou na Secretaria\nEstadual de Educação. Alguns gestores referiram que a atividade desse profissional é muito importante e\nque o olhar deles é bastante ampliado para as questões nutricionais e de segurança alimentar:\nEles [os nutricionistas] vêm visitar a cantina, observam a vestimenta da\nmanipuladora de alimentos. Tudo eles observam, é o esmalte, é a touca, é o\navental, a higiene da cozinha... têm uma tabela que acompanha a higienização de\ntoda a cozinha, também no depósito da merenda, na validade. (E02)\nA Resolução CFN N.358/2005 dispõe das atribuições do nutricionista no âmbito do Programa de\nAlimentação Escolar (PAE), as quais destacamos as seguintes atividades técnicas deste profissional:\nprogramar, elaborar e avaliar os cardápios observando adequação às faixas etárias e aos perfis\nepidemiológicos das populações atendidas; respeito aos hábitos alimentares de cada localidade e à sua\nvocação agrícola e utilização de produtos da região (CFN N.358/2005).\nFoi percebido também que alimentação saudável foi vinculada apenas a presença de frutas e/ou\nverduras: Os alunos do turno da manhã, quando eles entram na escola, eles comem banana ou mamão, é\noferecido ao aluno, banana ou mamão. Todos os dias, de segunda a sexta-feira. (E02)\nEssa questão merece ser melhor discutida e esclarecida entre os gestores, pois estudos\ndemonstram que uma alimentação inadequada ou insuficiente favorece o aparecimento ou o agravamento\nde doenças como a anemia ferropriva, a hipovitaminose A, a desnutrição, a obesidade, a diabetes, etc\n(FNDE, 2014). Não é somente a inclusão de frutas e verduras na alimentação que solucionará alguns\nproblemas nutricionais identificados nas crianças e adolescentes. O importante é uma alimentação\ncompleta, balanceada, bem preparada e higienizada.\nOutra questão levantada pelos gestores foi a presença da fritura na alimentação dos escolares,\nsendo esta relacionada à alimentação de má qualidade: Nenhuma merenda pode ter frituras, e o cardápio,ele é elaborado por um nutricionista”. (E02); Teve uma época que teve fritura, que era farofa e tinha carne de\nsol, mas ela não tá vindo mais, agora tem um alimento, que eu até falei pro distrito II, que se fosse eu, eu\ntirava ...tirava não, eu mudaria o fornecedor, que é uma bolinha de carne, que você cozinha e você tira o\nóleo puro. (E06).\nEntende-se que a escola surge como um espaço de intervenção cultural na promoção da saúde e\num ambiente favorável para a formação de hábitos de vida saudáveis (WELFORT et al., 2011). Por este\nmotivo, é importante a participação de vários profissionais nas escolas com intuito de melhorar suas\ncondições gerais.\nOs gestores garantiram que a alimentação é balanceada e acompanhada por uma nutricionista,\nentretanto, há limitação de recursos financeiros e nem sempre é possível garantir integralmente o que está\nno cardápio: Nós iniciamos dentro de um cardápio saudável, só que os recursos que são repassados pelo\ngoverno federal, eles deixam muito a desejar. Eles não conseguem fazer com que nós fechemos os 200 dias\nletivos. (E01)\nEntre as dificuldades apresentadas para a execução do Programa Nacional de Alimentação Escolar\n(PNAE) nas escolas os gestores apresentaram a dificuldade de orientar os alunos sobre a importância dessa\ntemática:\nNuma juventude como essa nossa... eles acham que a geração saúde está só na\ncultura do corpo,... mas a alimentação saudável é também muito importante, mas a\ngente está na contramão dessa questão, porque enquanto se tenta conscientizar\nas pessoas da importância dessa alimentação saudável, o que você vê são\npropagandas de guloseimas, de coisas que enchem os olhos de desejo... Os\nalunos reclamam da alimentação: - Ah! A comida tá boa mas não tem sal. Ah! o\nsuco tá bom mas não tem doce - eles estão sempre achando e sentindo falta na\nalimentação de duas coisas: açúcar e sal... adoram frituras.(E14)\nRessalta-se que a ação da mídia na divulgação de produtos comerciais, nem sempre nutritivos,\npode influenciar os hábitos alimentares das crianças e jovens que não possuem o conhecimento e a\nconsciência suficiente para escolher adequadamente os alimentos que irão consumir. (MILANI et al., 2015)\nPor este motivo, é necessário um trabalho de conscientização dos alunos com a participação dos\nprofissionais das escolas, em relação à alimentação saudável, por meio de palestras, oficinas e parcerias\ncom universidades e um corpo docente multidisciplinar.\nNeste trabalho, observou-se que as atividades educativas sobre alimentação saudável são\ndesenvolvidas nas escolas de modo irregular, sem que haja uma programação uniforme, nem definição de\nquem deve promovê-las. Os gestores relataram que, para alguns professores de Educação Física, as aulas\nde orientação alimentar estão no seu plano de aula, outros utilizam as frutas destinadas ao lanche para\noferecer orientações informalmente, assim como os professores de Ciências e Biologia. Outras escolas\nbuscam parcerias: A gente tem o curso de enfermagem que faz essa conscientização. (E14)\nÉ importante criar espaços de troca e construção constante de saberes, linguagens e práticas,\nbuscando o desenvolvimento pessoal e social, habilitando as populações para opções por uma vida mais\nsaudável, significa fazer com que, em cada um dos microssistemas (escola, casa, organizações\ncomunitárias e instituições), sejam organizadas ações de Promoção da Saúde (REIS et al., 2011).\nAlgumas escolas próximas a unidades de saúde, onde estagiam alunos de algumas instituições de\nensino superior da cidade, contam com a presença de professores e estudantes para o desenvolvimento de\nprojetos junto aos alunos, o que é muito valorizado pelos gestores: Então... a gente está dando consciênciapara que serve alimentação escolar, principalmente para os que têm obesidade infantil e também a\nhipertensão, que dá muito cedo em crianças. (E10)\nSegundo, a obesidade infantil é considerada um sério problema de saúde pública que vem\naumentando em todas as camadas sociais da população brasileira. A melhor forma de prevenção de forma\nracional e barata, a incidência de doenças crônico-degenerativas, como o diabetes e as doenças\ncardiovasculares, é a realização deste trabalho nas escolas, que pode possibilitar a educação nutricional,\njuntamente com a família.\nHigiene corporal e promoção da saúde\nNa segunda categoria, foi evidenciado que as atividades educativas relacionadas à higiene corporal\ne à promoção de saúde ocorrem nas escolas pesquisadas de forma diferenciada e com a participação de\ndiversos profissionais de saúde e outras áreas afins, mas sem um projeto padronizado, sendo os\nprofessores de Educação Física e os de Biologia os mais atuantes: Os professores da biologia fazem um\nprojeto..., o professor de educação física faz um projeto, e atende as turmas deles. (E01)\nOs gestores relataram que o Programa de Saúde Escolar (PSE) desenvolve atividades em parceria\nodontólogos, assim como os profissionais da unidade de saúde mais próxima, porém isso acontece de\nforma esporádica: O pessoal da área da saúde também intervém aqui na escola. Já que tem um posto de\nsaúde vizinho... (E08);\n... nós temos um espaço aqui, onde ela [a dentista] trabalha muito a questão do\ncuidado com a boca, com a higiene dos dentes. Tudo isso ela faz. A gente recebe\na visita dela uma vez por semana, então ela dá assistência aos nossos alunos.\n(E10)\nAs disciplinas de Ciências, Biologia e de Religião, além da Educação Física, trabalham o cuidado\ncom o corpo, com a higiene e com a prevenção das doenças, mas tudo dentro da liberdade de cada\nprofessor que tem a autonomia de escolher os temas a serem abordados de acordo com sua realidade. É\nimportante que os jovens já tenham uma formação familiar voltada para a higiene, pois a promoção das\npráticas de higiene e a educação sanitária são fatores importantes para a preservação da qualidade\nalimentar e da saúde, com a contribuição da família desde a mais tenra idade (HANSEN et al., 2006).\nConclusão\nAs escolas públicas, apesar de algumas dificuldades citadas, dispõem de uma alimentação escolar\nsaudável e recebem orientações sobre alimentação saudável e higiene adequada. O quantitativo de\nrecursos destinados à merenda escolar, o espaço físico destinado às atividades e a aceitação da dieta pelos\nadolescentes são fatores negativos, ultrapassados pela boa vontade, criatividade e disposição dos\nprofessores e gestores.\nSão necessários estudos mais aprofundados sobre o assunto pela sua importância para o\ncrescimento e o desenvolvimento das crianças e adolescentes que frequentam essas escolas. Uma luta que\ndeveria ser traçada pelos gestores, coordenadores e professores seria a escola de tempo integral para todos\nos estudantes da escola pública, numa estrutura adequada e suficiente para o desempenho das atividades.\nEsse trabalho deve ser permanente e o aprendizado deve transpor os limites escolares, para que as\npráticas de saúde e higiene sejam levados para sua família e passem a ser realidade no dia-a-dia dos\ndiscentes.\nReferênciaALVES, K.P.S.; JAIME, P.C.. A Política Nacional de alimentação e Nutrição e seu diálogo com a Política\nNacional de Segurança alimentar e Nutricional. Ciênc. saúde coletiva, Rio de Janeiro, v.19, n.11, p. 4331-\n4340, 2014.\nBARBA, P.C.S.D.; MARTINEZ, C.M.S.; CARRASCO, B.G.. Promoção da saúde e educação infantil:\ncaminhos para o desenvolvimento. Paidéia (Ribeirão Preto), Ribeirão Preto , v. 13, n. 26, p. 141-146, 2003.\nBARDIN, L. Análise do conteúdo. Lisboa: Edições 7, 2011.\nBRASIL. Economia e emprego. Agricultura familiar produz 70% dos alimentos consumidos por\nbrasileiro. Publicado em 24/07/2015. Disponível em www.brasil. gov.br. Acesso em agosto de 2016.\n______. Lei de Diretrizes e Bases da Educação Nacional nº 9394. Brasília, 1996b. BRASIL. Ministério da\nSaúde. Secretaria de Políticas de Saúde. Promoção da saúde: 1998. Disponível em: Acesso em: 20 jul.\n2016.\n______. M.S. Secretaria de Políticas de Saúde. Lei de Diretrizes e Bases da Educação Nacional nº 9394.\nPromoção da Saúde. 1998. Disponível em acesso: agosto 2016.\n______. Ministério da Educação e Cultura. Fundo Nacional de Desenvolvimento Escolar (FNDE).2014.\nDisponível e m: < http://www.fnde.gov.br/programas/alimentacao-escolar. Acesso em julho 2016.\nCAMOZZI, A.B.Q. et al. Promoção da Alimentação Saudável na Escola: realidade ou utopia?. Cad. saúde\ncolet., Rio de Janeiro, v.23, n.1, p.32-37, 2015.\nCONSELHO FEDERAL DE NUTRICIONISTAS. Resolução CFN Nº 358/2005 de 18 de maio de 2005.\nDispõe sobre as atribuições do nutricionista no âmbito do Programa de Alimentação Escolar (PAE), e dá\noutras providências. Brasília, DF.\nDUTRA-de-OLIVEIRA, J. E.; MARCHINI, J. S. Ciências nutricionais. São Paulo: Sarvier, 1998.\nGONÇALVES, F.D. et al. Health promotion in primary school. Interface - Comunic., Saúde, Educ., v.12,\nn.24, p.181-92, 2008.\nHANSEN, K.S.; HOFFMANN, M.B; RODRIGUES, T.L.. Hábitos de higiene: é cedo que se começa.\nUniversidade Regional Integrada do Alto Uruguai e das Missões - Campus Santo.\nMILANI, M.O. et al. Influência da mídia nos hábitos alimentares de crianças: uma revisão da\nliteratura. Revista de Epidemiologia e Controle de Infecção, Santa Cruz do Sul, v. 5, n. 3, 2015.\nREIS, C.E.G.; VASCONCELOS, I.A.L.; BARROS, J.F.N. Políticas públicas de nutrição para o controle da\nobesidade infantil. Rev. paul. pediatr. [online], São Paulo, vol.29, n.4, p.625-633, 2011."
}