{
  "id": "27434",
  "trabalho": "DISCRIMINAÇÃO DE GÊNERO NAS RELAÇÕES DE TRABALHO: UMA ANÁLISE DO ARTIGO 384 DA CLT.",
  "area": "CIÊNCIAS JURÍDICAS",
  "ano": "2016",
  "evento": "XXII - ENCONTRO DE INICIAÇÃO À PESQUISA ",
  "link": "http://uol.unifor.br/oul/conteudosite/?uuid=02D98618B78FE2F80DFB6163F51B9A983B6DEF3D",
  "conteudo": "XXII Encontro de Iniciação à Pesquisa\nUniversidade de Fortaleza\n17 à 21 de Outubro de 2016S\nDiscriminação de gênero nas relações de trabalho: uma análise do artigo 384 da CLT. Letícia Rocha\nLima 2* (IC), Mariana Odísio Alencar 2 (IC), Vanessa Batista de Oliveira 2 (PQ)\n1. Universidade de Fortaleza – PIBIC/CNPQ.\n2. Universidade de Fortaleza – Curso Direito.\nrocchaleticia@gmail.com\nPalavras-chave: Discriminação. Gênero. Mulher. Trabalho. Sobrejornada\nResumo\nO presente trabalho aborda o tema da discriminação de gênero, mais especificamente a discriminação nas\nrelações laborais. Tem como análise principal o artigo 384 da CLT, que trata do intervalo de 15 minutos de\ndescanso para as mulheres que laborarão em sobrejornada. O tema é bastante debatido, visto que existe\numa controvérsia se a norma também deve ser aplicada extensivamente aos trabalhadores homens, ou se\nseria uma norma exclusiva de proteção do trabalho da mulher, já que tal dispositivo encontra-se inserido no\ncapítulo da Consolidação das Leis Trabalhistas que trata exclusivamente do trabalho da mulher.\nIntrodução\nHá discriminação nas relações laborais quando se faz uma distinção, exclusão ou preferência\nbaseada em certos argumentos como, por exemplo, a cor, a raça, o sexo, religião, opinião política,\nascendência nacional ou origem social que tenha um efeito negativo em termos de igualdade de\noportunidades ou tratamento dentro do contrato de trabalho.\nCerto é que desde 1948, ano no qual a Carta da ONU declarou a igualdade entre todos, vem se\nbuscando de todos os modos a igualdade entre homens e mulher, das raças, dos estrangeiros, das classes\nsociais.\nJá em 1995 realizou-se na China a Conferencia Mundial de Mulheres, onde mulheres de todos os\nlugares do mundo e de diversas culturas discutiam a violação de seus direitos e desigualdade entre\ngêneros. Deste modo, se chegou à conclusão de que independentemente de classe social as mulheres têm\nmenor número de cargos de direção, tem menor ascensão profissional e se submetem a uma relação de\ndependência econômica maior que os homens.\nNeste passo, o trabalho se justifica pela contemporaneidade do tema, uma vez que a mulher cada\nvez mais almeja sua realização profissional, no entanto, ainda existe uma conservação do tratamento\npreconceituoso e, por vezes, degradante, mesmo diante de tamanha ascensão feminina, o que torna o tema\nrelevante não apenas no âmbito jurídico, mas também nas relações do cotidiano.\nDiante desse cenário a Consolidação das Leis do Trabalho (CLT) prevê um capitulo próprio\ndestinado á proteção do trabalho da mulher, no qual está disposta dentre outras garantias a do art. 384 da\nCLT, segundo o qual: “Em caso de prorrogação do horário normal, será obrigatório um descanso de 15\nminutos no mínimo, antes do período extraordinário de trabalho”.\nISSN 18088449 1Ocorre que a Constituição Federal de 1988, em seu art. 5º, caput e I e art. 7º XXX, fez prevalecer\nque todos somos iguais perante a lei, como também estabeleceu a igualdade entre homens e mulheres,\nproibindo, assim a discriminação de gênero.\nNesse contexto, nasce um grande debate entre doutrinadores e aplicadores do direito sobre a\nconstitucionalidade desse dispositivo, como também sobre a possibilidade de uma interpretação ampliativa\nna qual a norma será extensiva aos homens.\nTantas eram as querelas que o assunto chegou ao Supremo Tribunal Federal que negou provimento\nao Recurso Extraordinário (RE) 658312, com repercussão geral reconhecida, e firmou a tese de que o artigo\n384 da Consolidação das Leis do Trabalho (CLT) foi recepcionado pela Constituição da República de 1988.\nDessa forma, o presente estudo traz uma análise dos argumentos trazidos pelas correntes\ninterpretativas, como também avalia a decisão do STF sobre o tema, buscando a compreensão dos\naspectos que ensejam duvidas em relação a aplicação de tal proteção a mulher.\nMetodologia\nNa realização do presente trabalho, partir-se-á da interpretação do texto constitucional, passando\npela legislação infraconstitucional e, ainda, estudando-se o entendimento doutrinário e jurisprudencial e\nanálise de artigos acerca das questões atinentes à constitucionalidade do art. 394 da CLT, buscando-se\nainda, verificar a aplicação da norma em consonância com o entendimento jurisprudencial dos Tribunais\nSuperiores.\nQuanto à utilização dos resultados a pesquisa será pura, por ter como finalidade precípua a\nampliação dos conhecimentos sobre a temática. No tocante aos fins, a pesquisa classificar-se-á como\nexploratória, pois busca aprimorar idéias, e descritiva porque descreve a analise e entendimento sobre o\ntema.\nQuanto à abordagem a pesquisa é qualitativa, enfatizando a compreensão e a interpretação do\ntema. Frisa-se, ainda, que os argumentos a serem utilizados na presente pesquisa e no desenvolvimento da\nargumentação serão eminentemente jurídicos.\nPor fim, o método eleito será o hipotético-dedutivo, partindo de hipóteses mais gerais, deduzindo\nquais são os corolários dessas hipóteses, partindo do geral para o particular.\nResultados e Discussão\nA discriminação decorre do preconceito, fazendo com que determinados segmentos, grupos ou\natividades sejam excluídos ou estigmatizados. No mundo do direito, a Convenção Internacional sobre a\nEliminação de todas as Formas de Discriminação Racial, de 1966, em seu artigo 1º, conceitua\ndiscriminação como sendo:\nISSN 18088449 2Qualquer distinção, exclusão ou restrição baseada em raça, cor, descendência ou\norigem nacional ou étnica que tenha o propósito ou o efeito de anular ou prejudicar\no reconhecimento, gozo ou exercício em pé de igualdade de direitos humanos e\nliberdades fundamentais nos campos político, económico, social, cultural ou em\nqualquer outro domínio da vida pública.\nA convenção nº 111 da Organização Internacional do Trabalho considera discriminação toda\ndistinção, exclusão ou preferência que tenha por fim alterar a igualdade de oportunidades ou tratamento em\nmatéria de emprego ou profissão, exceto aquelas fundadas nas qualificações exigidas.\nNo Brasil certamente o processo de implementação da igualdade iniciou-se com a Constituição\nFederal de 1988, assim destaca Piovesan (2003, p.195):\nNo caso brasileiro, o processo de especificação do sujeito de direito ocorreu\nfundamentalmente com a Constituição Brasileira de 1988 que, por exemplo, traz\ncapítulos específicos dedicados à criança, ao adolescente, ao idoso, aos índios,\nbem como dispositivos constitucionais específicos voltados às mulheres, à\npopulação negra, às pessoas portadoras de deficiência, etc.\nOu seja, a Constituição Federal iguala homens e mulheres em direitos e deveres, proíbe diferença\npor motivo de sexo, idade, cor ou estado civil.\nNota-se que a Constituição Federal do Brasil (1988) alterou e aprofundou medidas\nantidiscriminatórias contra as mulheres, vejamos o posicionamento de Maurício Godinho Delgado (2011,\np.751):\nDiscriminação contra a mulher - a primeira significativa modificação constitucional\nrefere-se à mulher trabalhadora. Não obstante textos constitucionais anteriores\nvedassem discriminação em função de sexo, o fato é que a cultura jurídica\nprevalecente jamais considerou que semelhante dispositivo tivesse condão de\nsuprimir condutas tutelares discriminatórias contra a mulher quanto ao mercado de\ntrabalho ou no próprio interior da relação de emprego.\nNessa linha está presente, artigo 5º caput e inciso I, “que todos são iguais perante a lei, sem\ndistinção de qualquer natureza e que homens e mulheres são iguais em direitos e obrigações, nos termos\ndesta constituição”, enfatizando a idéia antidiscriminatória no que se refere ao gênero. (BRASIL, 1988).\nA lei 7.855/89 procurou adequar a CLT ao comando antidiscriminatório constitucional, revogando\nalguns preceitos que autorizavam a interferência do marido ou do pai no contrato de trabalho da mulher\nadulta (antigo artigo 446, CLT), revogando ainda boa parte do capítulo celetista que tratava da “proteção ao\ntrabalho da mulher” (como artigos que exigiam atestados médicos especiais da mulher e lhe restringiam a\nprestação de certos tipos de trabalho: antigos artigos 374/375, 378 a 380 e 387 da CLT, por exemplo).\nEsses artigos já estavam revogados, em decorrência da incompatibilidade com a Constituição, isso\ntrouxe uma grande discussão sobre outros artigos discriminatórios ignorados pela lei 7.855/89 que poderiam\ntambém não mais produzem efeitos, por estarem revogados de modo tácito, pelo texto constitucional citado.\nEm relação à pertinência de direitos especiais às mulheres dentro do trabalho, oportuno transcrever\na lição de Lopes (2006, p.9):\nISSN 18088449 3Portanto, os dispositivos legais, prevendo maior proteção à mulher, devem ser\ninterpretados como forma de “compensação” à mulher trabalhadora, uma tentativa\nde promover a igualdade de fato a partir do Direito. Essa é uma interpretação\ncomprometida com a melhora da condição social da mulher, e consciente do árduo\ncaminho percorrido até aqui, e isso a faz mais consistente.\nEm face do direito fundamental descrito no inciso I do artigo 5º da CF/88 (princípio da igualdade),\naté os dias atuais existem controvérsias quanto à constitucionalidade material do artigo 384 da CLT, este\nque concede somente ao gênero feminino o direito ao intervalo de 15 minutos antes do início da jornada\nextraordinária.\nVejamos o que dispões o art. 384 da CLT: “Art. 384 – Em caso de prorrogação do horário normal,\nserá obrigatório um descanso de 15 (quinze) minutos no mínimo, antes do início do período extraordinário\ndo trabalho”. (BRASIL, 2014).\nEm síntese, os Tribunais da Justiça do Trabalho têm sido provocados ao pronunciamento se esta\nnorma celetista foi recepcionada pela nova ordem constitucional, tanto quanto acerca de sua extensão. Três\ncorrentes se formaram, a saber:\n1ª) O artigo nº 384 da CLT, editado antes da Constituição de 1988, por esta não foi recepcionado,\npois estabelece manifesta distinção entre gêneros, pois fere o direito a igualdade.\n2ª) O artigo 384 da CLT foi recepcionado pela atual Constituição, por se tratar de norma de ordem\npública, já que trata, principalmente, da saúde do trabalhador, sendo plenamente possivel sua aplicação aos\ntrabalhadores homens.\n3ª) O artigo 384 foi recepcionado pela Constituição de 1988, mas é aplicável apenas para mulher\nque labora em sobrejornada, visto sua que é notória sua fragilidade física em relação aos homens. Deste\nmodo, a norma prevista no art. 384 da CLT procalama o princípio da igualdade prevista na Constituição\nFederal, o qual prever tratamentdo diferenciados para os desiguais, na medida de suas desigualdades.\nNesse sentido, o STF levou o o tema para o plenário, que após longa discursão decisou pela\nconstitucionalidade do art. 384 da CLT. Vejamos o teor da ementa da decisão do Supremo Tribunal Federal:\nINTERVALO DE 15 MINUTOS PREVISTO NO ART. 384DA CLT. PARA\nMULHERES ANTES DO LABOR EM SOBREJORNADA.\nCONSTITUCIONALIDADE. O debate acerca da constitucionalidade do artigo 384\nda CLT não suscita mais discussão no âmbito desta Corte, que, por intermédio do\njulgamento do TST-IIN-RR-1.540/2005-046-12-00.5, ocorrido na sessão do\nTribunal Pleno no dia 17/11/2008, decidiu que o artigo 384 da CLT foi\nrecepcionado pela Constituição Federal. Recurso de revista não conhecido” (fl.\n213). (STF – Recurso extraordinário nº 658312 / SC, Ministro Relator Dias Toffoli,\ndata de julgamento 10 de fevereiro de 2015.)\nNa decisão, o Ministro Relator Dias Toffoli, considerou como justificativa e fundamento para a\nconcessão do direito insculpido no art. 384 da CLT, questões biológicas, assim como questões sociais, uma\nvez que ainda cabem as mulheres os afazeres domésticos, o que acaba acumulando uma carga horária de\ntrabalho bastante pesada. Vejamos:\nISSN 18088449 4As situações expressas de tratamento desigual, sobre as quais poderia ocorrer\nalguma dúvida, foram dispostas formalmente na própria Constituição, como\npodemos verificar, por exemplo, nos arts. 7º, inciso XX, e 40, § 1º, inciso III, letras\na e b. Pela leitura esses dispositivos podemos concluir que a Constituição Federal\nveio a se utilizar de alguns critérios para esse tratamento diferenciado: i) em\nprimeiro lugar, levou em consideração a histórica exclusão da mulher do mercado\nregular de trabalho e impôs ao Estado a obrigação de implantar políticas públicas,\nadministrativas ou meramente legislativas de natureza protetora no âmbito do\ndireito do trabalho(PITANGUY, Jacqueline & BARSTED, Leila L. (orgs.). O\nProgresso das Mulheres no Brasil. Brasília: UNIFEM, Fundação Ford e CEPIA,\n2006); ii) considerou existir um componente orgânico, biológico, a justificar o\ntratamento diferenciado, inclusive pela menor resistência física da mulher; e iii)\nconsiderou haver, também, um componente social, pelo fato de ser comum o\nacúmulo de atividades pela mulher no lar e no ambiente de trabalho – o que, de\nfato, é uma realidade e, portanto, deve ser levado em consideração na\ninterpretação da norma, como propõe a metódica concretista de Friedrich Müller\n(cf. Métodos de trabalho do DireitoConstitucional. Trad. Peter Naumann: Rio de\nJaneiro, Renovar, 2005 e O novo paradigma do direito: introdução à teoria e à\nmetódica estruturantes do direito. Trad. Dimitri Dimoulis et. al.. São Paulo: Revista\ndos Tribunais, 2008). Não vislumbro ser a espécie um enunciado normativo que\nretrate mecanismo de compensação histórica por discriminações socioculturais\nfundado na doutrina do “impacto desproporcional”, tal qual desenvolvida pelo\nsistema jurídico norte americano. O art. 384 da CLT levou em consideração os\noutros dois critérios acima elencados.\nNo mesmo sentido, se adequado a corrente que amplia o direito previsto no artigo 384 da CLT aos\nhomens, a Ministra Rosa Weber, posiciona-se de maneira ampliativa, e não negativista:\nAssim, caso se quisesse realmente o estabelecimento de igualdade absoluta de\ntratamento, em interpretação conforme, se poderia, isso sim, incluir os homens\ncomo novos destinatários do dispositivo e não reduzir, ainda mais, os direitos\nlaborais conquistados. Acompanhando o Relator, nego provimento ao recurso. É\ncomo voto. (STF – Recurso extraordinário nº 658312 / SC, Ministro Relator Dias\nToffoli, data de julgamento 10 de fevereiro de 2015.)\nJá o Ministro Luiz Fux, acompanhado também do voto do Ministro Marco Aurélio, em sentido\ncontrário a relatoria, votou pelo provimento ao Recurso Extraordinário interposto pela empresa,\nargumentando que o dispositivo 384 da CLT viola o princípio da igualdade previsto na Constituição Federal\nde 1988.\nEntão, eu verifico aqui, na realidade, no meu modo de ver, essa proteção do artigo\n384, com a devida vênia, a um só tempo, ela viola o princípio da igualdade, porque\nela peca por inconstitucionalidade e por omissão, porque deveria se deferir aos\nhomens também, e assim a doutrina trabalhista sugere isso, e não a orientação\njurisprudencial que acabou se firmando na SDI do Tribunal Superior do Trabalho\nde nº 342. Mas a doutrina tem três vetores bem claros: ou bem esse dispositivo\nviola o princípio da isonomia, ou bem, até por força da isonomia, concede-se esse\nperíodo também para os homens, ou, então, aplica-se somente esse dispositivo\nnaquelas atividades que demandam esforço físico, porque aí realmente devem ser\ntratados os homens de forma desigual em relação às mulheres, mas, no mercado\nde trabalho intelectual, absolutamente não faria sentido. Mas a doutrina tem três\nvetores bem claros: ou bem esse dispositivo viola o princípio da isonomia, ou bem,\naté por força da isonomia, concede-se esse período também para os homens, ou,\nentão, aplica-se somente esse dispositivo naquelas atividades que demandam\nesforço físico, porque aí realmente devem ser tratados os homens de forma\ndesigual em relação às mulheres, mas, no mercado de trabalho intelectual,\nabsolutamente não faria sentido. (STF – Recurso extraordinário nº 658312 / SC,\nMinistro Relator Dias Toffoli, data de julgamento 10 de fevereiro de 2015.\nISSN 18088449 5Assim, em novembro do ano de 2014 foi publicada a decisão, tendo como relator do recurso, o\nMinistro Dias Toffoli, onde manteve a decisão já preferida pelo Tribunal Superior do Trabalho, isto é,\nconceder a empregada o direito de receber em forma de indenização o intervalo previsto no art. 384 da CLT,\nargumentando que não se violaria o art. 5, inciso I da Constituição Federal de 1988, que traz a igualdade de\ndireitos e obrigações entre homens e mulheres.\nConclusão\nAssim, conclui-se que o direito previsto no art. 384 da CLT, trata-se sem dúvida de uma\ndiscriminação positiva necessária para alcançar a igualdade de fato entre homens e mulheres. Contudo,\nvejamos que o assunto não está pacificado mesmo depois da decisão do Supremo Tribunal Federal, e que\nainda gera muitas discussões no sentido de sua constitucionalidade, como também de seu alcance.\nPor fim, cabe ressaltar que as divergências sempre serão bem-vindas no mundo jurídico, pois assim\ncontribuem para o desenvolvimento da sociedade e das normas que a regulam.\n.\nReferências\nBRASIL. Consolidação das Leis do Trabalho. Disponível em <http://www.planalto.gov.br/ccivil_03/decreto-\nlei/del5452.htm> . Acesso em: 22 abr. 2016.\nBRASIL. Constituição Federal de 1988. Promulgada em 5 de outubro de 1988. Disponível em\n<http://www.planalto.gov.br/ccivil_03/constituicao/constituicaocompilado.htm> . Acesso em: 23 abr. 2016.\nBRASIL. Supremo Tribunal Federal. Recurso Extraordinário nº 658312 / SC. Relator Dias Toffoli. Data de\njulgamento: 10 de Fevereiro de 2015. Disponível em:\n<http://www.stf.jus.br/portal/jurisprudenciarepercussao/verAndamentoProcesso.asp?incidente=4145394&nu\nmeroProcesso=658312&classeProcesso=RE&numeroTema=528> . Acesso em: 24 abr. 2016.\nDELGADO, Maurício Godinho. Curso de Direito do Trabalho. 10. ed. São Paulo, LTR, 2011.\nLOPES, Cristiane Maria Salgueiro. Direito do trabalho da mulher: da proteção à Promoção. Disponível\nem: <http://www.scielo.br/pdf/cpa/n26/30398.pdf>. Acesso 24 abr. 2016.\nORGANIZAÇÃO DAS NAÇÕES UNIDAS. Convenção Internacional sobre a Eliminação de todas as\nFormas de Discriminação Racial, de 1966. Disponivel em:\n<http://legis.senado.gov.br/legislacao/ListaTextoIntegral.action?id=94836>. Acesso em: 22 abr. 2016\nORGANIZAÇÃO INTERNACIONAL DO TRABALHO. A convenção nº 111 da Organização Internacional\ndo Trabalho. Disponível em: <www.oitbrasil.org.br/node/472> Acesso em: 18 abr. 2016.\nPIOVESAN. Flávia. Temas de Direitos Humanos. São Paulo: Max Limonad, 2003\nAgradecimentos\nAgradeço, primeiramente, a Deus por me proporcionar escrever este artigo. A minha orientadora que\nsempre esteve disposta a me auxiliar. As minhas colegas que me proporcionaram debates proveitosos\nsobre o tema. Por fim, agradeço a todos que, direta ou indiretamente, me ajudaram a elaborar este trabalho.\nISSN 18088449 6"
}