{
  "id": "27438",
  "trabalho": "UTILIZAÇÃO DE FERRAMENTAS VIRTUAIS POR MONITORES DO CURSO DE MEDICINA NA IDENTIFICAÇÃO DE DIFICULDADES PELOS DISCENTES EM PRÁTICAS AMBULATORIAIS.",
  "area": "CIÊNCIAS DA VIDA",
  "ano": "2016",
  "evento": "XVI - ENCONTRO DE INICIAÇÃO À DOCÊNCIA",
  "link": "http://uol.unifor.br/oul/conteudosite/?uuid=B078854430D2A657DE7F01D2B7CCFAAA7615E34B",
  "conteudo": "XVI Encontro de Iniciação à Docência\nUniversidade de Fortaleza\n17 a 20 de outubro de 2016\nUtilização de ferramentas virtuais por monitores do curso de Medicina na\nidentificação de dificuldades pelos discentes em práticas ambulatoriais.\nMariana Aquino Holanda Pinto¹* (ID), Vanessa Guerreiro Soares¹ (ID), Luiz David Salles Brito¹\n(ID), Sônia Maria Holanda Almeida Araújo² (PO), Geraldo Bezerra da Silva Júnior² (PO).\n1. Universidade de Fortaleza – Discente do Curso de Medicina - Programa de Monitoria Voluntária\n2. Universidade de Fortaleza – Docente do Curso de Medicina\nmarianaholandap@gmail.com\nPalavras-chave: Medicina. Docência. Monitoria.\nResumo\nA monitoria é uma estratégia de ensino e de aprendizagem que contribui para a formação\nintegrada do aluno nas atividades de ensino, pesquisa e extensão dos cursos de graduação.\nVerifica-se que as atividades de monitoria dizem respeito a uma ação extraclasse que busca\nresgatar as dificuldades ocorridas em sala de aula e propor medidas capazes de amenizá-las\n(LINS, 2009) e que as limitações em adquirir habilidades pelos discentes podem ser de difícil\npercepção pelos docentes e, portanto, de difícil correção. Neste trabalho buscou-se avaliar o uso\nde ferramentas gratuitas na Web como importantes mediadores educativos na monitoria e como\npossíveis instrumentos avaliativos das deficiências no processo educacional de modo a nortearem\nas mudanças necessárias assim como avaliar o aprimoramento das habilidades dos discentes a\npartir do enfoque em suas dificuldades individuais auto referidas como processo de ensino e de\naprendizagem. Todos os discentes da monitoria do ambulatório de nefrologia reduziram suas\ndificuldades ou ampliaram suas habilidades em todos os momentos do atendimento médico e a\navaliação dessas dificuldades iniciais pela ferramenta do Googleforms permitiu o conhecimento\nprévio desses obstáculos de modo a buscar saná-los de forma pontual e dirigida a cada discente\ndurante as monitorias. Tal ferramenta também concedeu medir o crescimento dos alunos,\nservindo como um feedback importante para os docentes, tendo o Facebook mostrado-se como\num importante Ambiente Virtual de Aprendizagem facilitador para a discussão dos casos e\nresolução das dúvidas de forma rápida, prática e gratuita.\nISSN 21755396 1Introdução\nA monitoria é uma estratégia de ensino e de aprendizagem que contribui para a formação\nintegrada do aluno nas atividades de ensino, pesquisa e extensão dos cursos de graduação. Ela é\ncompreendida como ferramenta para a melhoria do ensino de graduação, através do\nestabelecimento de novas práticas e experiências pedagógicas que visem fortificar a articulação\nentre teoria e prática e a integração curricular em seus diferentes aspectos, tendo a finalidade de\npromover a cooperação mútua entre discente e docente e a vivência com o professor e com as\nsuas atividades técnico-didáticas. Verifica-se que as atividades de monitoria dizem respeito a uma\nação extraclasse que busca resgatar as dificuldades ocorridas em sala de aula e propor medidas\ncapazes de amenizá-las (LINS, 2009), sendo consensual a necessidade de rever e de remodelar\nos conceitos e as práticas avaliativas tradicionais, normativas e padronizadas, em uso nos\nsistemas educacionais, substituindo-as por outras mais direcionadas para a dimensão social\n(HOFFMANN, 2001) e educativa da avaliação. Para tornar-se apto a realizar um atendimento\nambulatorial adequado o estudante de medicina deve não s adquirir um conjunto de\nconhecimentos fundamentais, como também dominar uma diversidade de habilidades de\ncomplexidade variável, como a coleta da anamnese e do exame físico, a elaboração de hipóteses\ndiagnósticas, além de desenvolver uma comunicação efetiva com o paciente, mas percebe-se que\nas limitações em adquirir essas habilidades podem ser de difícil percepção pelos docentes e,\nportanto, de difícil correção. A avaliação dos discentes devem estar a serviço da implementação\ndos apoios necessários ao progresso e ao sucesso de todos os alunos, bem como para a\nmelhoria das respostas educativas oferecidas no contexto educacional, sendo necessário\nressignificar os procedimentos e instrumentos de avaliação da aprendizagem em geral e os fins a\nque se destinam, destacando-se, ainda, a importância de contextualizar os procedimentos\navaliativos incluindo-se outras variáveis de análise (MEC, 2006). A utilização massiva das\nTecnologias da Informação e Comunicação (TICs) provocaram profundas modificações na\nsociedade e culminaram refletindo na educação como importantes ferramentas gratuitas\ndisponibilizadas na Web, que permitem a elaboração de ambientes virtuais promovedores da\nmelhoria da qualidade dos processos de ensino e de aprendizagem (COSTA, 2014). Os\nAmbientes Virtuais de Aprendizagem (AVA) estão relacionados ao desenvolvimento de estratégias\ne intervenções de aprendizagem em um espaço virtual na Web, organizado de forma que propicie\na construção de conceitos, por meio da interação entre alunos, professores e objeto de\nconhecimento (VALENTINI & SOARES, 2010). Neste trabalho buscou-se avaliar o uso de\nferramentas gratuitas na Web como importantes mediadores educativos na monitoria e como\npossíveis instrumentos avaliativos das deficiências no processo educacional de modo a nortearem\nas mudanças necessárias assim como avaliar o aprimoramento das habilidades dos discentes a\npartir do enfoque em suas dificuldades individuais auto referidas como processo de ensino e de\naprendizagem.\nMetodologia\nNo curso de Medicina da Universidade de Fortaleza (Unifor), há, em todos os semestres, o\nmódulo de Laboratório de Habilidades Médicas, no qual os alunos desenvolvem habilidades de\ncoleta de anamnese, de realização e de interpretação de exame físico e da execução deprocedimentos. Tal módulo dispõe de dois tipos de atividades: o momento teórico e prático das\nhabilidades treinadas em sala de aula e o momento da aplicação, nos ambulatórios médicos, da\ncompetência e do conhecimento adquiridos. Cada atividade semanal nos ambulatórios é praticada\npor cinco alunos por turno, que se revezam no atendimento a pacientes com queixas reais em\nespecialidades específicas. O ambulatório de Nefrologia faz parte do módulo de Habilidades\nMédicas VI e ocorre no 6º semestre do curso e, em sua monitoria, buscou-se conhecer as\ndificuldades dos discentes após o 1° atendimento ambulatorial e trabalhá-las de forma individual e\ndirigida no decorrer do rodízio nesse ambulatório. Para tanto, foi elaborado um formulário na\nferramenta gratuita Googleforms do Google, disponibilizado de forma virtual aos discentes, por\nmeio do qual se foi questionada a dificuldade ou a pouca habilidade percebida nos diferentes\nmomentos da consulta em nefrologia divididos nos seguintes blocos de competências: Anamnese,\nExame físico, Exames complementares, Metas terapêuticas e Medidas comportamentais/conduta\nclínica. Cerca de duas a três perguntas foram feitas em cada uma dessas áreas e lhes foi\natribuída uma pontuação de 0 a 4, sendo 0 = nenhuma dificuldade, 1 = pouca dificuldade, 2 =\nmoderada dificuldade, 3 = alta dificuldade e 4 = extrema dificuldade. O total dessa pontuação foi\nclassificado nas seguintes faixas de dificuldade: 0 a 12 pontos = nenhuma à pouca dificuldade; 13\na 24 pontos = pouca à moderada dificuldade; 25 a 36 pontos = moderada à alta dificuldade e 37 a\n48 pontos = alta à extrema dificuldade. Após a aplicação do formulário, as monitorias dividiram-se\nentre aulas teóricas sobre os principais assuntos em nefrologia administradas em dois momentos\npor semana em sala de aula, acompanhamento semanal dos atendimentos em ambulatório,\ndiscussão de casos clínicos e momentos de tira-dúvidas por meio de uma atividade que foi\nintitulada “Perguntaram na monitoria” pelas redes sociais, como o Facebook. Ao final do rodízio, o\nformulário foi a reaplicado, buscando-se, desta vez, comparar os resultados obtidos com os\niniciais como forma de reconhecer o aprimoramento das habilidades ambulatoriais dos discentes.\nOs resultados foram colhidos no Googleforms, tabulados no Excel e analisados no EpiInfo 7.1.\nResultados e Discussão\nA amostra era inicialmente composta por 30 alunos, dos quais três não participaram das\natividades da monitoria e outros quatro responderam o formulário no primeiro momento, mas não\no refizeram ao final do rodízio, sendo os sete alunos excluídos da pesquisa, que totalizou uma\namostra de 23 discentes do 6° semestre do curso de medicina da Unifor. Todos os alunos\nparticiparam de 75 a 100% das atividades propostas pela monitoria. A maioria dos discentes era\ndo sexo feminino (73,91%), tinha entre 18 e 23 anos (60,8%) com o mínimo de 18 até o máximo\nde 33 anos e sentia de pouca à moderada dificuldade (69,6%) em conduzir as consultas no\nambulatório, sendo as maiores dificuldades observadas em 6 momentos como moderadas em\ntranscrever a história da doença atual para o prontuário (47,83%), solicitar (52,17%) e interpretar\n(47,83%) exames complementares (52,17%), estabelecer metas terapêuticas (65,22%), de fazer\ndiagnósticos diferenciais (65,22%) e de estabelecer conduta clínica (47,83%). As maioresfacilidades foram encontradas como nenhuma à pouca dificuldade nas áreas de Anamnese\n(65,22%), Exame físico (47,82%) e nas habilidades comunicativas como explicar a necessidade\nde se atingirem as metas terapêuticas (56,52%) e orientar sobre mudanças do estilo de vida\n(82,61%). Um total de quatro alunos referiu sentir dificuldade extrema: dois em indicar metas\nterapêuticas, um em fazer diagnósticos diferenciais e outro em estabelecer conduta clínica. Ao\nfinal da monitoria e do rodízio no ambulatório a maioria dos alunos continuou com pouca à\nmoderada dificuldade (39,13%) na condução dos atendimentos, sendo, no entanto, encontrada\numa redução significativa de 30,47% na quantidade desses alunos que passaram a sentir\nnenhuma à pouca dificuldade. Houve redução na quantidade de momentos com dificuldades\nmoderadas, sendo encontradas em três momentos apenas como em indicar metas terapêuticas\n(43,48%), fazer diagnósticos diferenciais (47,83%) e estabelecer conduta clínica (39,13%) além da\nredução percentual dos discentes, que passaram a sentir nenhuma ou pouca dificuldade em\nconduzir essas partes do atendimento. Houve redução percentual da dificuldade em todas as\nperguntas referentes ao diferentes momentos do atendimento ambulatorial com também redução\nde quatro para dois alunos que referiram sentir extrema dificuldade: um em estabelecer metas\nterapêuticas e outro em determinar conduta clínica. Percebeu-se que tanto ao início quanto ao\nfinal do rodízio, as dificuldades que permaneceram como moderadas foram referentes à\nexperiência e ao conhecimento médico, que foram sanados, de forma inicial, no decorrer da\nmonitoria, mas que seguirão em aperfeiçoamento no decorrer de toda a graduação médica. As\nhabilidades comunicativas da Anamnese em colher a história e transcrevê-la ao prontuário assim\ncomo as orientações sobre a necessidade de se atingirem as metas terapêuticas e mudar os\nhábitos de vida foram caracterizados como de pouca dificuldade ao início da monitoria, mas foram\nreferidas como mais fáceis e naturais ao final do rodízio, o que pode ser justificado pelo\naprendizado durante as práticas ambulatoriais semanais e pelo laboratório de Anamnese com\nenfoque em termos técnicos e exame físico ministrado em sala de aula.\nTabela 1. Graus de dificuldades referidas pelos discentes nos diferentes momentos do\natendimento médico no 1° e no 2° formulário.\n1° Formulário 2° Formulário\nDificuldade % Dificuldade %\nAnamnese\n1.1 Colher história Pouca 65,22% Pouca 82,61%\n1.2 Transcrever para prontuário Moderada 47,83% Pouca 78,26%\nExame físico\n2.1 Realizar exame físico Pouca 47,82% Pouca 78,26%\n2.2 Interpretar achados do exame Pouca 43,48% Pouca 69,57%\nfísico\nExames complementares3.1 Solicitar exames complementares Moderada 52,17% Pouca 52,17%\n3.2 Interpretar resultados dos exames Moderada 47,83% Pouca 69,57%\ncomplementares\nMetas terapêuticas\n4.1 Estabelecer metas terapêuticas Moderada 65,22% Moderada 43,48%\n4.2 Explicar a necessidade de se Pouca 56,52% Pouca 100%\natingirem às metas terapêuticas\nMedidas comportamentais e\nconduta clínica\n5.1 Orientar mudanças dos hábitos de Pouca 82,61% Pouca 100%\nvida\n5.2 Fazer diagnósticos diferenciais Moderada 65,22% Moderada 47,83%\n5.3 Estabelecer conduta clínica Moderada 47,83% Pouca 39,13%\nModerada 39,13%\nEste estudo reforça ainda o papel do monitor como um importante agente do processo ensino-\naprendizagem, podendo atuar junto ao professor de modo participativo, considerando percepções,\nideias e observações sobre os alunos e sobre a instituição, reali an o en amin amentos\non retos que v o es e a a equa o os o etivos propostos pelo programa e ensino at a\navalia o as on i es e reali a o a programa o monitor po e ain a parti ipar a\nprepara o e aulas a e agem os pro e imentos as estrat gias e as avalia es al m e\ndiscutir e providenciar inovações que favoreçam o ensino e a aprendizagem, como a inserção de\nferramentas virtuais e de outras tecnologias na matéria. esse mo o ompreen e-se que o\nmonitor um estu ante que se isp e a ola orar com a aprendizagem de seus colegas, e que,\nao mesmo tempo em que ensina, aprende (ABREU & MASETTO, 1989; FOGARTY & WANG,\n1982; , 2010).\nConclusão\nConcluiu-se que todos os discentes da monitoria do ambulatório de nefrologia reduziram suas\ndificuldades ou ampliaram suas habilidades em todos os momentos do atendimento médico e que\na avaliação dessas dificuldades iniciais pela ferramenta do Googleforms permitiu o conhecimento\nprévio desses obstáculos de modo a buscar saná-los de forma pontual e dirigida a cada discente\ndurante as monitorias. Tal ferramenta também concedeu medir o crescimento dos alunos,\nservindo como um feedback importante para os monitores e os docentes, tendo o Facebook\nmostrado-se como um importante Ambiente Virtual de Aprendizagem facilitador para a discussão\ndos casos e resolução das dúvidas de forma rápida, prática e gratuita.\nReferências\n1. ABREU, M. C., & MASETTO, M. T pro essor universit rio em sala e aula o Paulo\nAssociados, 1989.2. COSTA, R.D.A. Ambientes virtuais de aprendizagem: explorando ferramentas gratuitas da\nweb. Portal Educação, 2014.\n3. FOGARTY, J. L., & WANG, M. C. An investigation of the cross-age peer tutoring process:\nsome implications for instructional desing and motivation. Elementary School Journal, 82\n(5), 451-469, 1982.\n4. HOFFMANN, Jussara. Avaliar para promover: as setas do caminho. Porto Alegre:\nMediação, 2001.\n5. LINS, L.F. et al. A importância da Monitoria na formação acadêmica do monitor. 2009.\nDisponível em http://www.eventosufrpe.com.br/jepex2009/cd/resumos/R0147-1.pdf.\nAcesso em julho de 2016.\n6. MEC. Saberes e práticas da inclusão : avaliação para identificação das necessidades\neducacionais especiais. [2. ed.] / coordenação geral SEESP/MEC. - Brasília : MEC,\nSecretaria de Educação Especial, 2006. 92 p. (Série : Saberes e práticas da inclusão)\n7. NATÁRIO, E. G., & SANTOS, A. A. A. Monitor Program for University Education. Estudos\nde Psicologia, 27, 355-364, 2010.\n8. UNIDERP. Regulamentação do programa de monitoria de ensino da Universidade para o\nDesenvolvimento do Estado e da Região do Pantanal.\nHomepage:http://www.uniderp.br/ver_pagina.aspx?\n9. VALENTINI, Carla Beatris; SOARES, Eliana Maria do Sacramento. Aprendizagem em\nambientes virtuais: compartilhando idéias e construindo cenários. E-book-Aprendizagem\nem Ambientes Virtuais, 2010.\nAgradecimentos\nAgradecemos aos nossos professores pela orientação nas atividades da monitoria, aos alunos por\nconsentirem em participar da pesquisa, que permitiu à construção deste trabalho e à Universidade\nde Fortaleza pela existência do programa de monitoria voluntária, pela oportunidade de iniciarmos\nà docência e de participar de seu evento científico Mundo Unifor."
}