{
  "id": "27459",
  "trabalho": "EMPODERAMENTO E LIDERANÇA A PARTIR DA GESTÃO DE CONFLITOS: ANÁLISE DO FILME ESCRITORES DA LIBERDADE E DO PROJETO MEDIAÇÃO ESCOLAR",
  "area": "CIÊNCIAS JURÍDICAS",
  "ano": "2016",
  "evento": "IV - ENCONTRO DE INICIAÇÃO CIENTÍFICA JÚNIOR",
  "link": "http://uol.unifor.br/oul/conteudosite/?uuid=E5AE60F94CAE968281F31B9EA188AD0FED7A4213",
  "conteudo": "IV Encontro de Iniciação à Pesquisa Júnior\nUniversidade de Fortaleza\n17 à 21 de Outubro de 2016\nEmpoderamento e liderança a partir da Gestão de Conflitos: Análise do\nfilme Escritores da Liberdade e do Projeto Mediação Escolar\nJuliana Brito Cabral1(IC)*, Stephanie Roberta Teixeira Freire2 (IC), Gabriela Vasconcelos Lima3 (IC), Lilia Maia de\nMorais Sales4 (PQ).\n1. E.E.M Liceu de Messejana.\n2. Universidade de Fortaleza – Curso Direito.\n3. Aluna vinculada ao Programa de Mestrado em Direito Constitucional – Universidade de\nFortaleza\n4. Professora vinculada ao Programa de Pós Graduação stricto sensu da Universidade de\nFortaleza\njulcabral13@gmail.com\nPalavras-chave: Gestão de Conflitos. Liderança. Empoderamento.\nResumo\nO presente artigo possui como objetivo geral analisar como as técnicas em Gestão de Conflitos coincidem\ncom as habilidades de liderança, a partir da análise do filme Escritores da Liberdade. Para tanto, dividiu-se\no artigo em três seções diferentes, nas quais se expôs, inicialmente, um resumo do filme, com os fatos mais\nrelevantes para esta análise; em um segundo momento, as técnicas de gestão de conflitos que se puderam\nobservar a partir da conduta da protagonista; e, por fim, como essas técnicas são trabalhadas no contexto\nlocal, o Projeto Mediação Escolar. Concluiu-se, assim, que as técnicas em gestão de conflitos coincidem\ncom as habilidades de liderança e que são parte fundamental do empoderamento e da construção do\nrelacionamento em líder e liderados.\nIntrodução\nDurante uma aula sobre Mediação de Conflitos e Liderança, a professora exibiu o filme “Escritores da\nLiberdade” (2007) como parte da metodologia adotada para tratar os temas desejados. A história relatada\nno decorrer da película se relacionou de forma intrínseca com a própria história das autores deste artigo,\nalunas do projeto de desenvolvimento humano “Mediação Escolar”. A partir desta vivência, pôde-se\nperceber a forte influência exercida pelas técnicas de negociação e mediação de conflitos no processo de\nempoderamento dos jovens e na construção das habilidades de liderança.\nNeste contexto, decidiu-se analisar como as técnicas de gestão de conflitos auxiliam para a formação\nda liderança, a partir das ações da professora Erin Gruwell, no filme. E após esta análise, decidiu-se\ntranspor o questionamento para o âmbito local, no Projeto Mediação Escolar. Concluiu-se que as técnicas\nem gestão de conflitos coincidem com as habilidades de liderança e que são parte fundamental do\nempoderamento e da construção do relacionamento em líder e liderados.\nMetodologia\nA metodologia adotada para realizar esta pesquisa foi a de revisão bibliográfica, a partir da leitura de livros,\nartigos científicos e notícias divulgadas pela imprensa.\nResultados e Discussão\n1. O filme “Escritores da Liberdade”\nBaseado em uma história real, o filme se passa em Los Angeles (Califórnia, Estados Unidos) e conta\na história da professora de inglês Erin Gruwell, interpretada pela atriz Hillary Swank. A professora busca a\nISSN 18088449 1escola Woodrow Wilson para lecionar, motivada pelo programa de reintegração social de jovens infratores,\nao qual reputa grande importância para a construção e aprimoramento de uma sociedade baseada na\ncultura de paz.\nAo iniciar seu trabalho na escola, a professora se depara com um cenário de forte segregação racial,\nque se organiza naturalmente entre os integrantes de diversas etnias. A turma na qual Erin é lotada agrupa\nos alunos considerados de “baixo rendimento escolar”, índice que coincide com histórico de violência,\nenvolvimento com gangues, contravenções penais e tráfico de drogas. Diversos grupos sociais poderiam\nser identificadas na classe, tais como negros, orientais, árabes, latinos e caucasianos. Além disso, a turma\nsofria preconceito dos demais alunos, docentes e da gestão da escola. Evidenciou-se esta atitude, no\ndecorrer do filme, pelo recorrente conselho que Erin recebeu de não usar joias quando fosse para a escola,\ndevido ao risco de assalto e violência; pelos comentários maldosos e indisposição de lecionar para esta\nturma dos demais membros do corpo docente; pela adoção de livros infantis como livros de leitura\nobrigatória da classe, em decorrência da “capacidade reduzida de leitura” dos alunos; e pela recusa de uma\ndas gestoras da escola em oferecer os livros da instituição para os alunos, por presumir que eles iriam\navariá-los.\nCompondo este cenário, a professora Erin Gruwell sofria desrespeito constante dos alunos, que não\nparticipavam de sua aula e demonstravam crescente desinteresse nas atividades desenvolvidas por ela. A\npartir de um momento de crise, a professora passa a desenvolver ações que gradativamente transformaram\na postura dos alunos para uma postura não só respeitosa, mas sobretudo participativa e proativa.\nNos próximos tópicos, analisar-se-á as ações desenvolvidas pela professora, sua relação com a\ntécnicas de negociação e mediação de conflitos, os resultados alcançados e, por fim, como se pôde\nperceber ações e resultados semelhantes na vida das autoras.\n2. Empoderamento e construção de liderança por meio das habilidades em Negociação e Mediação\nde Conflitos: A experiência dos Escritores da Liberdade\nFisher e Shapiro (2005) entendem que negocia-se todos os dias na sociedade. Da mesma forma,\nFisher e Ury (2014) entende que quando se consegue alcançar um acordo comum, no qual ambas as partes\nencontram uma solução satisfatória para um determinado conflito, por meio do diálogo, realizou-se, aí, uma\nnegociação baseada em interesses. A partir destes conceitos, pôde-se constatar que a professora Gruwell\nnegociou com os alunos aplicando técnicas de negociação e mediação de conflitos de forma empírica.\nPercebe-se que sua primeira ação, enquanto professora, foi separar as pessoas de problemas,\nconforme estabelece Fisher e Ury (2014). Gruwell foi capaz de entender que as pessoas com as quais\nestava negociando – seus alunos – não eram elemento intrínseco ao conflito vivenciado. Suas histórias de\nvida e suas condições étnicas e sociais foram responsáveis pela postura de cada um. Assim, ao\ncompreender que seu conflito não era vinculado a alunos específicos, ela passou a os apreciar (FISHER;\nSHAPIRO, 2005).\nPara exercer sua apreciação, a professora os ouviu e procurou compreender o ponto de vista dos\nalunos; ela encontrou mérito em seus sentimentos, opiniões e ações; e ela comunicou sua apreciação por\nmeio de palavras e ações. Ao entender a posição de seus alunos e as rivalidades existentes entre eles,\ndevido às suas diversas origens e eventuais afiliações a gangues, Gruwell realizou o segundo passo\nelencado por Fisher e Shapiro (2005).\nA professora construiu afiliação (FISHER; SHAPIRO, 2005) a partir do que chamou de “Jogo da\nlinha”, no qual os alunos deveriam se aproximar de uma linha traçada no chão para responder\nISSN 18088449 2positivamente às perguntas elaboradas pela professora. Ao perceberem que vários colegas já haviam\npassado por situações de perda e dificuldade semelhantes, os alunos conseguiram perceber que eles\npossuíam traços convergentes em suas histórias e a partir daí construíram um relacionamento diferente\nentre si.\nA partir do relacionamento renovado que se iniciou após o jogo da linha, tanto professora quanto\nalunos passam a respeitar de forma a autonomia para tomar decisões uns dos outros. Percebe-se este fato\nde maneira marcante pelo respeito da professora à decisão dos alunos de autorizar ou não a leitura de seus\ndiários. Do mesmo jeito, os alunos respeitam as decisões de livros e ações propostos pela professora\n(FISHER; SHAPIRO, 2005).\nPercebe-se o respeito recíproco pelo status por ambas as partes, na medida em que a professora\nentende o papel e a importância dos alunos no relacionamento que se estabelece, da mesma forma em que\nos alunos também reconhecem a importância do papel da professora. Este fato gera à valorização da\nfunção das partes por elas próprias (FISHER; SHAPIRO, 2005).\nAlém destas, percebe-se que ao longo de toda a história, a professora escuta ativamente aos alunos,\nrefletindo sobre o que foi expressado e aliando a expressão verbal à não verbal. Pode-se notar, também,\nclaramente a reformulação de toda a situação, a partir do momento em que ela considera o programa de\nressocialização de jovens infratores, apresentado à ela como o motivo da decadência na qualidade do\nensino da escola, como uma grande oportunidade não só de aprendizado próprio, como também para os\njovens que eram atendidos (SALES, 2015).\nNeste contexto, a partir da aplicação empírica de habilidades estudadas como necessárias às\nnegociações e mediações de sucesso, o relacionamento entre a professora Gruwell e seus alunos se\nestabeleceu de forma bem-sucedida, gerando o engajamento dos alunos nas atividades propostas e\ntransformando suas perspectivas de futuro. Pode-se afirmar, ainda, que a transformação, a partir do\ndesenvolvimento destas habilidades e do fortalecimento do relacionamento escolar, foi tão profunda que\nmodificou os relacionamentos interpessoais da própria professora.\nCasos como este podem ser percebidos em histórias reais, retratadas em livros e filmes, como foi o\ncaso dos “Escritores da Liberdade”, mas existem também ações locais que trabalham na mesma\nperspectiva. O caso do Projeto Mediação Escolar será apresentado no próximo tópico deste trabalho.\n3. Empoderamento e construção de liderança por meio das técnicas de Mediação de Conflitos: Uma\nexperiência local\nO Projeto Mediação Escolar, fundado em 2010 pela Professora Doutora Lilia Sales, tem como base a\ncapacitação de alunos da rede estadual de ensino, nas habilidades de negociação e mediação de conflitos,\ncomo forma de desenvolver a liderança nestes alunos, para que eles venham a ser vetor de transformação\nsocial.\nA partir das habilidades descritas no tópico anterior, percebe-se de forma empírica a evolução\nindividual dos participantes do projeto. Estes alunos vivem, em sua maioria, em situação de vulnerabilidade\nsocial e, por meio das atividades realizadas pelo Projeto, passam a desenvolver habilidades que os auxiliam\na promover mudanças em seus relacionamentos pessoais, com familiares, amigos e professores/diretores\nde escola. Além disso, essas atividades possibilitam que os alunos envolvidos desenvolvam habilidades de\nliderança para que venham a realizar mudanças sociais de impacto, assim como os alunos da professora\nErin Gruwell.\nISSN 18088449 3Conclusão\nA partir das observações empíricas e da pesquisa bibliográfica realizada, percebeu-se que as habilidades\ndesenvolvidas para negociação e mediação de conflitos coincidem com habilidades de liderança. Sendo\nassim, a professora Erin Gruwell, no filme “Escritores da Liberdade” demonstra evolução no seu papel\ndesde que passa a experimentar, de forma empírica, técnicas de negociação e gestão de conflitos,\nculminando no seu reconhecimento como líder pela turma para a qual ensinava.\nO mesmo pôde ser observado pelos alunos do Projeto Mediação Escolar que, diferente da professora\nGruwell, são capacitados de forma explícita nas técnicas de negociação e encontram resultado similar. Os\nrelacionamentos interpessoais nos quais esses alunos se envolvem, seja com familiares, seja com amigos\nou com professores, são transformados a partir da adoção destas técnicas no cotidiano. Mais\nprofundamente, esses alunos alcançam reconhecimento como líderes nas comunidades em que se\ninserem, especialmente a escolar.\nReferências\nFISHER, Roger; SHAPIRO, Daniel. Além da razão: a força da emoção na solução de conflitos. Rio de\nJaneiro: Imago, 2005. 240 p.\nFISHER, Roger; URY, William. Como chegar ao sim: Como negociar acordos sem fazer concessões.\n3. ed. Rio de Janeiro: Solomon, 2014. 194 p\nSALES, Lilia Maia de Morais. Sistema de Justiça, Mediação de Conflitos e o Aprimoramento de seus\nTécnicas. Prima Facie: International Journal, João Pessoa, v. 8, n. 27, p.2-21, dez. 2015. Disponível em:\n<http://periodicos.ufpb.br/ojs/index.php/primafacie/article/view/27629/15875>. Acesso em: 10 jul. 2016.\nESCRITORES da Liberdade (Freedom Writers). Direção de Richard Lagravanese. Produção de Danny\nDevito, Michael Shamberg e Stacey Sher. [s.i.]: Paramount Pictures, 2007.\nAgradecimentos\nAo Projeto Mediação Escolar, pelos ensinamentos e ao CNPq, pelo financiamento.\nISSN 18088449 4"
}