{
  "id": "27456",
  "trabalho": "INFLUÊNCIA RELIGIOSA NA DECISÃO DE DOAR UM RIM EM VIDA",
  "area": "CIÊNCIAS DA VIDA",
  "ano": "2016",
  "evento": "XVI - ENCONTRO DE PÓS-GRADUAÇÃO E PESQUISA",
  "link": "http://uol.unifor.br/oul/conteudosite/?uuid=E0B9A710F3FD882DB7AE8F25788FA6749A25FAAF",
  "conteudo": "XVI ENCONTRO DE PÓS-GRADUAÇÃO E PESQUISA\nUniversidade de Fortaleza\n17 a 20 de outubro de 2016\nInfluência religiosa na decisão de doar um rim em vida\nJuliana Gomes Ramalho de Oliveira1* (PG), Christina Brasil César Praça1 (PQ), Geraldo\nBezerra da Silva Júnior1 (PQ)\n1 Programa de Pós-Graduação em Saúde Coletiva, Universidade de Fortaleza, Fortaleza-CE.\njulianagrdo@gmail.com\nPalavras-chave: Transplante de Rim. Doadores Vivos. Religião\nResumo\nO objetivo desse estudo foi investigar a influência religiosa na decisão de doar um rim em vida. Foi realizado\nestudo com abordagem qualitativa em um hospital terciário de Fortaleza - Ceará, com 29 doadores vivos de\nrim, no período de outubro a dezembro de 2015. A coleta de dados foi realizada por meio de entrevistas\nsemiestruturadas aplicadas individualmente, sendo transcritas e organizadas de acordo com a análise de\nconteúdo na modalidade temática e, em seguida, analisadas à luz do interacionismo simbólico. Na análise\ndas falas dos doadores, dentro da temática “motivações para a doação”, emergiu o núcleo de sentido (NS)\n\"influência religiosa\" com as seguintes ideias associadas: \"Deus como inspirador” e “Deus como mediador e\nrecompensador” da doação. De acordo com a análise das falas, conclui-se que os doadores vivos atribuem\nà figura divina diversos papéis no contexto do transplante, caracterizados nesse estudo como inspiradora,\nmediadora e recompensadora da doação renal. Os aspectos religiosos representam importante influência\nna motivação da decisão de doar um rim em vida, por estarem intimamente relacionados a princípios\npautados no altruísmo e na compaixão.\nIntrodução\nEntende-se por religião um conjunto de crenças que envolvem as relações entre grupos sociais com\num ser divino (RIBEIRO; MINAYO, 2014). Na cultura brasileira, a religião é um aspecto marcante e permeia\nconstantemente as questões relacionadas à vida e à morte, à saúde e à doença (SEPARAVICH;\nCANESQUI, 2016; BORGES; SANTOS; PINHEIRO, 2015; MELLO; OLIVEIRA, 2013). Alguns estudos\ndestacam a religiosidade como determinante para os seres humanos e, geralmente, apresenta associação\npositiva com a saúde mental e a qualidade de vida (MURAKAMI; CAMPOS, 2012).\nQuando se analisa a doação de um rim em vida, muitos são os fatores que influenciam esta decisão\ne, nesse contexto, destaca-se a influência religiosa. Os estudos nessa temática ainda são escassos, mas a\nmaioria das religiões considera que a doação é uma atitude pessoal e é vista como positiva por beneficiar o\npróximo (ISMAIL et al 2012). Trata-se de uma disposição extremamente individual com motivações\nsubjetivas, as quais podem ser ou não benéficas no processo do transplante. Essa subjetividade poderá,\ninclusive, gerar repercussões no seguimento a longo prazo dos doadores. Acredita-se que a compreensão\ndas características da influência religiosa poderá auxiliar os profissionais de saúde na condução terapêutica,\ntanto dos doadores como dos transplantados renais, e ser um agente facilitador na relação profissional-\npaciente.\nApontar o conhecimento científico como sendo o único modelo de todo o conhecimento é um dos\ngrandes mitos modernos (ZILLES, 2005). Na atual tendência de assistência à saúde não há espaço para o\ntotalitarismo de uma prática. Entende-se que precisam ser consideradas e utilizadas todas as dimensõesque envolvem os indivíduos, física, espiritual e social, como ponte para o êxito, almejado em todas essas\nesferas. Estudos revelam o reconhecimento de que os aspectos religiosos influenciam no cuidado\nrelacionado à saúde, entretanto estes nem sempre são considerados pelos profissionais (PORTO; REIS,\n2013).\nO objetivo desse estudo foi investigar a influência religiosa na decisão de doar um rim em vida.\nMetodologia\nFoi realizado estudo com abordagem qualitativa, parte integrante do projeto “Qualidade de vida do\ndoador vivo de transplante renal após a doação\", desenvolvido em um hospital terciário na cidade de\nFortaleza - Ceará, com 29 doadores vivos de rim, no período de outubro a dezembro de 2015.\nA coleta de dados foi realizada por meio de entrevistas semiestruturadas aplicadas individualmente,\ncom duração média de 35 minutos, as quais foram escritas e gravadas. O roteiro de entrevistas continha\nquestões relacionadas a aspectos relacionados a caracterização socioeconômica, condições de saúde,\nhistórico da doença, motivações para a doação do rim, entre outros aspectos.\nApós coleta de dados, as mesmas foram transcritas, organizadas e analisadas com base na\nanálise de conteúdo na modalidade temática, sistematizada por Bardin (2011), tendo sido selecionada a\nseguinte categoria “motivações para a doação” para discussão neste estudo, a qual alberga o núcleo de\nsentido que remete a “influência religiosa para a doação do rim”. Em seguida, os resultados foram\ninterpretadas à luz do interacionismo simbólico de Blumer (1969) e da literatura que respalda o objeto deste\nestudo.\nPara preservar a identidade dos doadores, os mesmos foram identificados com a letra D e\nnumerados de 1 a 29.\nTodos os preceitos éticos previstos da Resolução 466/2012, do Conselho Nacional de Saúde foram\ncriteriosamente seguidos, tendo os participantes sido orientados sobre a pesquisa, feito a leitura e assinado\no Termo de Consentimento Livre e Esclarecido (TCLE). Ressalta-se que o estudo foi aprovado pelo Comitê\nde Ética em Pesquisas em Seres Humanos da Universidade de Fortaleza sob o parecer nº 1.215.156.\nResultados e Discussão\nForam entrevistados 29 doadores de rim, dos quais 22 (75,8%) eram do sexo feminino e 7 (24,2%)\ndo sexo masculino, com idades entre 30 e 65 anos, predominando o ensino fundamental incompleto\n(44,8%). As doações haviam sido realizadas entre os anos de 1993 a 2013, e os parentescos com os\nreceptores foram, predominantemente, 7 mães (24,2%), 7 irmãs (24,2%), 5 irmãos (17,2%) e 4 esposas\n(13,7%). Quanto a religião, 20 (69,1%) consideram-se católicos; 4 (13,7%) evangélicos, 2 (6,8%) espíritas, 1\n(3,5%) mórmon e 2 (6,9%) não responderam.\nNa análise das falas dos doadores, dentro da temática “motivações para a doação”, emergiu o\nnúcleo de sentido (NS) \"influência religiosa\" com as seguintes ideias associadas: \"Deus como inspirador”,\n“Deus como mediador” e “Deus como recompensador” da doação.\nDeus como inspirador\nA figura divina é citada como a principal influência para a doação, como evidenciam os seguintes\nrelatos: “(…) Eu disse: Tia se ele quiser eu doo para ele, foi isso. Veio aqui do coração, foi coisa mandada\nde Deus mesmo (…)”. (D15)\"eu acho que algo me tocou para eu poder ajudá-lo e “algo\" que eu falo eu creio\nem Deus, e eu acho que Deus me tocou para poder ajudá-lo e pude ter essa\nexperiência que foi uma experiência muito boa. Agradeço muito por ter tido essa\noportunidade de poder ajudar.” (D10)\nObserva-se nesses doadores a inspiração divina como algo primordial na motivação para doar um\nrim. A maioria demonstrou, em seus relatos, sentimentos de felicidade e de missão cumprida com a\nrealização dessa atitude. Outros consideram que ter a oportunidade de salvar a vida de alguém é algo muito\nespecial e que remete a bondade.\nCorroborando com os resultados de Irving et al. (2011), percebe-se que, para alguns, a fé religiosa\nincentiva a doação por pautar-se em princípios altruístas. A decisão de doar também foi vista como uma\nmissão definida por Deus, como também constatou Cruz et al. (2015). Para outros doadores, doar um rim\nera considerada a vocação maior das suas vidas e a compatibilidade foi compreendida como uma\n\"confirmação\" divina para a doação (TONG et al, 2012), como nos diz (D14): \"Eu disse ´vou ser a doadora´,\nentão fui me preparando, ele também, e fiz os exames, graças a Deus fui compatível e pronto.”\nParalelamente, é interessante observar que, quando um indivíduo encontra-se em morte cerebral e\na equipe de saúde questiona à família sobre a doação de seus órgãos, as crenças religiosas são uma das\nprincipais razões de recusa. O coração ainda pulsar significa, para essas pessoas, que um milagre ainda\npode acontecer e trazer seu ente querido de volta à vida (MORAES; MASSAROLLO, 2009).\nAs comparar as situações supra citadas, comprova-se a magnitude da influência religiosa em todo\ncontexto de vida e morte que, a depender do momento, faz com que o julgamento e o posicionamento das\npessoas seja distinto. A fé se revela como uma força que guia os indivíduos pautada em sentimentos como\namor, esperança e submissão à vontade de um ser superior.\nDeus como mediador e como recompensador\nEm diversos relatos, observou-se que os doadores atribuem a Deus o papel de mediar e facilitar o\nprocesso da doação, conforme pode-se perceber nas falas abaixo:\n\"Deus me mostrou as pessoas certas para eu perguntar e eu tomei a decisão\nporque eu queria tirá-la daquele sofrimento de qualquer forma (…) Mas eu, graças\na Deus, coloquei nas mãos de Deus, deu tudo certo e me sinto feliz por ter feito\nisso, eu não pensaria outra vez, se fosse pra fazer de novo eu faria de novo.” (D9)\n“Ela estava na fila de espera e não aparecia um rim pra ela, aí eu resolvi doar. Eu\ntenho um filho que nessa época bebia muito, mas Deus é tão bom que, quando eu\nresolvi doar o rim pra ela, Deus ajudou que o menino já parou de beber. Foi uma\népoca em que deu tudo certo. Graças a Deus.” (D17)\n\"Eu disse ´eu vou doar meu rim pra ele´, mas meu marido foi contra. Aí Deus foi\ntão bom que foi dando tempo ao tempo e, quando chegou o momento de doar, ele\njá estava acostumado com a ideia. As coisas de Deus são assim, as coisas de\nDeus elas acontecem quando você menos espera, mas Deus planeja tudo do jeito\nque tem que ser. Quando você espera pela vontade Dele tudo é\nmaravilhoso.” (D22)Os participantes deste estudo, apontam que Deus agiu para que as doações de rim para seus\nfamiliares se efetivasse. Eles atribuem a Ele a função de mediador, criando condições e gerando\nrecompensas para o sucesso do impulso de ajudar o outro a se recuperar.\nNesse sentido, a fé conduz as pessoas a acreditarem numa ação sobrenatural a seu favor, capaz\nde agir em situações reais de suas vidas (MURAKAMI; CAMPOS, 2012). O estudo conduzido por Cruz et al.\n(2015) apontou que muitos doadores depositam a expectativa de êxito do transplante na fé. Uma questão\nque merece ser destacada é que, ao responsabilizar a Deus pela sequência, positiva ou não, de\nacontecimentos, o doador liberta o receptor do rim desse fardo que lhe é imputado, mesmo que\nindiretamente, tornando a relação doador-receptor mais saudável.\nEstudiosos constataram que, a partir da prática da oração no contexto religioso, os sujeitos\nrelataram redução da ansiedade, melhor gerenciamento das situações de estresse e de sofrimento, ímpeto\npara a cooperação na relação com o próximo e maior direcionamento e propósito na vida (ESPERANDIO;\nLADD, 2013).\nO Interacionismo Simbólico (1969) preconiza que as interações sociais e interpessoais são\ndeterminantes para a definição dos sentidos das coisas em relação às quais a pessoa age. Assim, aqueles\nque praticam uma religião e frequentam ambientes religiosos são mais predispostos a agir proativamente a\nfavor do bem do próximo, especialmente quando se deparam com situações vistas como graves e que\nenvolvem a sobrevivência, como é o caso da doação de rim.\nAinda na perspectiva interacionista, os indivíduos fazem suas interpretações baseadas nos\nsignificados estabelecidos por meio da sua interação com seus semelhantes, como nos círculos religiosos.\nEmbora a associação entre as questões religiosas e a melhora da qualidade de vida, não sejam facilmente\ncomprovados se os indivíduos apresentam ganhos nas suas condições de saúde a partir das suas crenças,\nestas devem ser respeitadas e motivadas (MURAKAMI; CAMPOS, 2012).\nEsse mesmo olhar, sob a perspectiva do Interacionismo Simbólico (1969), faz com que o doador\nexperimente sensações de bem estar e de recompensados por Deus, o que remete à interpretação desse\nfenômeno. A crença de que Deus os recompensará pela doação, também é considerada um fator de\nmotivação para concretizá-la.\n\"Quando eu doei muitos amigos falaram que \"ah você vai ganhar alguma coisa do\nseu irmão, sei lá alguma coisa” e eu disse que não ia ganhar nada não, a única\ncoisa que poderia ganhar, o crédito que eu poderia ganhar era o crédito com\nDeus, e eu acho que esse crédito eu ganhei com ele, é só isso mesmo.\" (D10)\nEm um levantamento realizado por Melo et al (2015), constatou-se que, em alguns estudos\nanalisados, o comportamento religioso estava atrelado à busca de melhorias pessoais, porém, à medida\nque estas não aconteciam originavam sentimentos negativos, como a frustração, e menores índices de\nqualidade de vida. Constata-se, portanto, a diversidade de implicações que a religiosidade pode ter nos\nfenômenos relacionados à saúde e ao adoecer (FARIA; SEIDL, 2005).\nConclusãoOs doadores vivos de rim atribuem à figura divina diversos papéis no contexto do transplante,\ncaracterizados nesse estudo como inspiradora, mediadora e recompensadora da doação renal. Os aspectos\nreligiosos representam importante influência na motivação da decisão de doar um rim em vida, por estarem\nintimamente relacionados a princípios pautados no altruísmo e compaixão. A equipe de saúde, que prepara\nesse doador para o transplante, precisa conhecer o contexto da sua tomada de decisão, esclarecer\npossíveis distorções de finalidade e agregar, sempre que possível, os aspectos positivos da religião nas\ncondutas terapêuticas. Os profissionais precisam estar sensíveis a essas demandas subjetivas e, muitas\nvezes, contorná-las respeitosamente. Em alguns casos, a parceria com os líderes religiosos é bem-vinda\npois poderá aumentar, consideravelmente, as chances de êxito terapêutico. Torna-se cada vez mais\nimportante a equipe de saúde compreender os aspectos culturais de seus pacientes, possibilitando uma\nmaior humanização da assistência prestada.\nReferências\nBARDIN L. Análise de conteúdo. Lisboa: Edições 70, 1979.\nBLUMER H. Symbolic interacionism: perspective and method. Los Angeles: University of California Press,\n1969.\nBORGES, M. S.; SANTOS, M. B. C.; PINHEIRO, T. G. Representações sociais sobre religião e\nespiritualidade. Revista Brasileira de Enfermagem, Brasília, v. 68, n. 4, p. 609-16, 2015.\nCRUZ, M. G. S. et al. Family experience in the kidney transplant process from a living donor. Acta Paulista\nde Enfermagem, São Paulo, v. 28, n. 3, p. 275-80, 2015.\nESPERANDIO, M. R. G.; LADD, K. L. Oração e Saúde: questões para a Teologia e para a Psicologia da\nReligião. Horizonte, Belo Horizonte, v. 11, n. 30, p. 627-656, 2013.\nFARIA, J. B.; SEIDL, E. M. F. Religiosidade e Enfrentamento em Contextos de Saúde e Doença: Revisão da\nLiteratura. Psicologia: Reflexão e Crítica, Porto Alegre, v. 18, n. 3, p.381-389, 2005.\nIRVING, M. J. et al. Factors that influence the decision to be an organ donor: a systematic review of the\nqualitative literature. Nephrology Dialysis Transplantation, v. 27, p. 2526-2533, 2012.\nISMAIL, S. Y. et al. Religious attitudes towards living kidney donation among Dutch renal patients. Medicine\nHealth Care and Philosophy, v. 15, p. 221–227, 2012.\nMELLO, M. L.; OLIVEIRA,S. S. Saúde, religião e cultura: um diálogo a partir das práticas afro-brasileiras.\nSaúde Sociedade, São Paulo, v. 22, n. 4, p.1024-1035, 2013.\nMELO, C. F. et al. Correlação entre religiosidade, espiritualidade e qualidade de vida: uma revisão de\nliteratura. Estudos e Pesquisas em Psicologia, Rio de Janeiro, v. 15, n. 2, p. 447-464, 2015.\nMORAES, E. L.; MASSAROLLO, M. C. K. B. Recusa de doação de órgãos e tecidos para transplante\nrelatados por familiares de potenciais doadores. Acta Paulista de Enfermagem, São Paulo, v. 22, n. 2, p.\n131-5, 2009.\nMURAKAMI, R.; CAMPOS, C. J. G. Religião e saúde mental: desafio de integrar a religiosidade ao cuidado\ncom o paciente. Revista Brasileira de Enfermagem, Brasília, v. 65, n. 2, p. 361-7, 2012.\nPORTO, P. N.; REIS, H. F. T. Religiosidade e saúde mental: um estudo de revisão integrativa. Revista\nBaiana de Saúde Pública, Bahia, v.37, n.2, p.375-393, 2013.\nRIBEIRO, F. M. L.; MINAYO, M. C. S. O papel da religião na promoção da saúde, na prevenção da violência\ne na reabilitação de pessoas envolvidas com a criminalidade: revisão de literatura. Ciência & Saúde\nColetiva, Rio de Janeiro, v. 19, n. 6, p.1773-1789, 2014.SEPARAVICH, M. A. A.; CANESQUI, A. M. Representações religiosas na experiência com a enfermidade:\num estudo de caso. Cadernos de Saúde Pública, Rio de Janeiro, v. 32, n. 3, 2016.\nTONG, A.; CHAPMAN, J. R.; WONG, G. et al. The motivations and experiences of living kidney donors: a\nthematic synthesis. American Journal of Kidney Diseases, v. 60, p. 15-26, 2012.\nZILLES, U. Fé e razão na filosofia e na ciência. Teoc, Porto Alegre, v. 35, n. 149, p. 457-479, 2005.\nAgradecimentos\nAgradecemos à Fundação Cearense de Apoio ao Desenvolvimento Científico e Tecnológico -\nFUNCAP pelo incentivo e apoio à pesquisa e à Universidade de Fortaleza pela oportunidade de divulgação\ndos resultados deste estudo por meio deste evento."
}