{
  "id": "27451",
  "trabalho": "SOCIOLOGIA E MEDICINA: UMA ANÁLISE DO HOMEM COMO INDIVIDUO BIOLÓGICO E CULTURAL NA RELAÇÃO SAÚDE \\ DOENÇA",
  "area": "CIÊNCIAS HUMANAS",
  "ano": "2016",
  "evento": "XXII - ENCONTRO DE INICIAÇÃO À PESQUISA ",
  "link": "http://uol.unifor.br/oul/conteudosite/?uuid=7A609BC14B5547BB09C3A2EA2F0E01AB456D0097",
  "conteudo": "XXIIEncontrodeIniciaçãoà Pesquisa\nUniversidadedeFortaleza\n17à 21deOutubrode2016\nSociologia e Medicina: uma análise do homem como individuo biológico\ne cultural na relação saúde\\doença.\nSilvia Fonseca Nunes 1*(IC),Preciliana Barreto de Morais 2(PQ)\n1. Universidade Estadual do Ceará--Curso de Ciências Sociais\n2. Universidade Estadual do Ceará – Pesquisadora/Orientadora.\nsilviafnunes@yahoo.com.br\nPalavras-chave:Sociologia. Medicina. Saúde/Doença. Homem e Cultura.\nResumo\nO presente artigo tem como objetivo apresentar uma reflexão teórica da relação entre dois saberes –\nSociologia e Medicina, buscando compreender os conceitos sobre o homem como ser biológico e cultural,\nna relação do seu corpo com a saúde e a doença. Elegemos os estudos de Gilberto Freyre como principal\nreferência, mas recorremos também a outros estudiosos das ciências sociais em saúde. Como\nprocedimento metodológico, foi realizada uma revisão bibliográfica, do livro “Sociologia da Medicina” de\nGilberto Freyre (2009), artigos e teses relacionados com o tema. A sociologia da medicina visa à análise e\ninterpretação de processos sociais por meio das relações médicos e pacientes e do homem com a doença,\ncom a família e a sociedade. “O sociólogo da medicina, não se ocupa do homem apenas como individuo,\nisto é como unidade biofísica, mas do individuo socializado em pessoa;” (FREYRE, 2009, pag. 63) A\nsociologia da medicina também se ocupa em estudar sobre análise dos antecedentes sociais e da\nformação do médico,considerando a qualidade da formação e o seu desenvolvimento. (FREYRE, 2009)\nDestaco aqui, que a escolha pelo estudo da obra de Gilberto Freyre, deveu-se ao fato desse autor ser uma\ndas referências das ciências sociais brasileiras, considerado um dos mais importantes sociólogos do século\nXX. Dedicar-se a pensar o homem e a doença em suas dimensões biológica e cultural e tomar a medicina e\nos médicos como objeto de análise sociológica, proporcionar uma relação interdisciplinar entre Ciências\nSociais e Medicina, contribuindo consideravelmente com as discussões no campo da saúde.\nIndrodução\nO homem em busca de conhecimento sobre sua natureza, de como ser saudável, qual o ambiente\nmais favorável, sabe que é no corpo que os fenômenos de saúde\\doença se expressam com mais nitidez.\nÉ no corpo que são registradas as marcas das doenças e das tensões cotidianas, refletindo seu modo de\npensar e agir, sua forma de atuar na vida, sua experiência de viver.O presente artigo tem como objetivo\napresentar uma reflexão teórica da relação entre dois saberes – Sociologia e Medicina, buscando\ncompreender os conceitos sobre o homem como ser biológico e cultural, na relação do seu corpo com a\nsaúde e a doença.\nElegemos os estudos de Gilberto Freyre como principal referência, mas recorremos também a\noutros estudiosos das ciências sociais em saúde. No seu livro Sociologia da Medicina (2009),o autor nos\nmostra como é importante o desenvolvimento de uma relação médico\\paciente humanizada para facilitar\nchegar à cura da doença, visando também uma aproximação do médico com o paciente. Também discute\na necessidade da inclusão de áreas como a sociologia e antropologia na formação médica, considerando\nque as doenças não se desenvolvem sem a interferência de fatores sócio-ambientais e culturais. Gilberto\nFreyre faz uma critica a abordagem médico\\paciente, no que concerne ao modelo biomédico, aponta o\nautor para o fato de que uma medicina baseada somente nas causas biológicas das doenças,sem\nconsiderar as dimensões sócio - culturais e muitas vezes psíquicas das mesmas, pode comprometer uma\nevolução mais holística do quadro.Desta forma, corre-se o risco do psiquismo do doente, bem como seu\nsistema de crenças e valores serem descartados da relação médico\\paciente.(Rasia,2009,pag.18)\nEm busca de compreender o pensamento de Gilberto Freyre sobre quais as dimensões do homem,\nda doença e do corpo, Rasia (2009) escreve que:\nISSN18088449 1Podemos responder essa questão à luz da sociologia contemporânea, que\nnos ensina que se existe uma dimensão biológica no corpo e na doença,\nporém não se reduz a isso. Corpo e doença são um conjunto de\nsignificados e sentidos, traduzidos no nível simbólico quer como discurso,\nquer como sintoma, quer como as duas coisas. Vivemos o corpo e\nvivemos a doença. Ou melhor, vivemos a doença no corpo, mas não\nisolada da nossa condição de ser socializado, situado num universo\nsócio-cultural.”( Rasia,2009,pag. 14)\nDe acordo com Gilberto Freyre, a sociologia vem nos últimos quinze anos intensificando os estudos\nrelativos à área da medicina. Tal incursão exige do sociólogo uma pesquisa sobre problemas de\ncomportamento entre doentes em família, relação do doente com o médico, relação dos doentes e da\ndoença na comunidade etc. (FREYRE 2004) Esse empenho vem nos proporcionando conhecer mais sobre\no modelo biopsicossocial, que engloba os fatores sociais e psicológicos, como também os biológico e que\nse caracteriza pela inserção de outros profissionais da saúde, além do médico, na atuação no campo das\ndoenças. Além dos métodos tradicionais da medicina alopática, outros métodos de tratamentos, como a\nmedicina alternativa e principalmente a humanização do atendimento aos pacientes, agora vistos no seu\ncontexto histórico e sociocultural, têm promovido práticas médicas mais inteiradas com outros saberes.\nRessalta DE MARCO que,\nDiante de todo o processo de evolução histórica da medicina e desta\nnova postura da medicina moderna a partir do século XX, houve a\nnecessidade de reintegração da dimensão psicossocial às práticas de\nsaúde, visando à construção desse novo modelo em contraposição ao\nmodelo biomédico, com a contribuição de diversas áreas do\nconhecimento (DE MARCO, 2003).\nMetodologia\nComo procedimento metodológico realizamos uma pesquisa bibliográfica sobre a relação do\nhomem com o binômio saúde e doença e sobre a discussão dos saberes médicos e das ciências humanas\nsobre tal relação. Estudamos as categorias de corpo, saúde, cultura, sociologia da medicina, relação\nmédico\\paciente, tendo como base da pesquisa o livro de Gilberto Freyre ”Sociologia da Medicina”.\nTambém foram feitas pesquisas pela internet em artigos relacionados com as Ciências Sociais em\nsaúde,disponíveis na biblioteca eletrônica Scielo e leituras de autores como Michel Focault(1977), Ribeiro\ne Amaral,De Marco( 2003), José Miguel Rasia,(2009) dentre outros.\nResultados e Discussão\nA busca pela saúde é um assunto intensamente discutido, não só nos estudos médicos, mas\ntambém em outras áreas como as ciências sociais, psicologia, filosofia, dentre outras. Segundo Gilberto\nFreyre, as doenças se apresentam no ser humano de acordo como contexto social e suas vicissitudes\n(2009). Quer dizer que, dependendo do meio em que ele vive, da sua cultura, com os hábitos e costumes,\ntudo deve ser analisado e levado em consideração quando o objetivo é a saúde, pois o corpo guarda em si\numa memória da vida. Foucault polemiza tal afirmação, quando considera o corpo na sua anatomia como\nespaço de departamentalização do saber médico.\nPara nossos olhos já gastos, o corpo humano constitui, por direito de\nnatureza, o espaço de origem e repartição da doença: espaço cujas\nlinhas, volumes, superfícies e caminhos são fixados, segundo uma\ngeografia agora familiar, pelo atlas anatômico. Esta ordem do corpo\nsólido e visível é, entretanto, apenas uma das maneiras da medicina\nespecializar a doença. (FOUCAULT, 1977, pag.01)\nISSN18088449 2Vem crescendo com o tempo a nossa percepção de que não somente os médicos e especialistas\nda saúde possuem conhecimento para compreender como se desenvolve a saúde e a doença. Hoje em dia\nhá uma percepção maior dos indivíduos sobre como manter um melhor estado de bem estar por meio do\nconhecimento de como funciona nosso corpo, de como o corpo reagi as escolhas que fazemos no dia a dia,\nnosso estilo de vida, alimentação, exercício físico, uma análise da nossa vida desde criança, o meio em\nque vivemos com seus costumes e hábitos.Essa ampliação da nossa percepção nos proporciona enxergar\ncomo a cultura e as dimensões sociais estão ligadas às questões de saúde e doença, e como as Ciências\nSociais podem contribuir positivamente nesse estudo.Freyre ( 2009) nos fala que o sociólogo está\ninteressado nos estudos específicos da descrição e interpretação de problemas que ocorram dentro dos\ngrupos sociais.\nMedicina e sociologia estão se apercebendo, cada dia mais, de tais\ninterrelações entre individuo biológico, pessoa social, sociedade, cultura,\nque impelem o médico, por mais especificamente médico que ele se\nempenhe em ser, a tomar conhecimento daquelas ciências que estudam o\nhomem em sociedade, o homem culturalmente situado, o homem\nhistórica e ecologicamente condicionado. ”( FREYRE, 2009, pag.123)\nHoje a presença das ciências sociais no campo da saúde se mostra ser essencial, pois torna\npossível uma melhor visão dos hábitos e padrões de comportamento, com relação à saúde e à doença,\npara que seja possível analisar e realizar um trabalho multidisciplinar e intersetorial, promovendo a\nhumanização nas relações de cuidado e trabalho com os pacientes. Freyre ressalta que,\nNum dos mais recentes ensaios sobre o assunto, um médico ilustre, Dr.\nGeorge G. Reader, e sua colaboradora Mary E. W. Gross destacam que\nos modernos sociólogos, em particular, e os cientistas sociais, em geral,\nvêm contribuindo significamente para „a compreensão de numerosos e\nvariados tipos de fenômenos sociais da medicina‟, entre os quais os\npapéis sociais representados por pacientes, de um lado, por médicos e\npor enfermeiros, de outro, em várias fases ou manifestações de interação”\n( Freyre,2004. Pag.77)\nConsidera também que\nNo decorrer do século XIX, médicos ou paramédicos brasileiros, já\nformados ou ainda estudantes, sob o ardor de uma já antiga consciência\nintuitivamente social a fazer, de alguns deles, médicos mais do que\nmédicos, passaram a adotar abordagens quase sociológicas no trato de\nfenômenos sociais causadores de situações patológicas, inclusive no\nsetor de nutrição e alimentação. ”( FREYRE,2009,pag.28)\nA preocupação das Ciências Sociais se dá no sentido de criticar o modelo hegemônico posto pela\nmedicina, o modelo biomédico, que tem sido o modelo predominantemente utilizado desde o século XIX\npor médicos no diagnóstico de doenças.Faz-se necessário refletirmos sobre as concepções que\nfundamentam esse modelo biomédico, que está orientado por uma perspectiva mecanicista, defendendo\nque todos os fenômenos que se manifestam nos seres humanos são mecanicamente determinados.O\nmodelo biomédico é o modelo de atuação em saúde que segue a visão médica tradicional, caracterizado\nISSN18088449 3por considerar apenas os fatores biológicos como causas da doença, sem levar em consideração outros\nfatores culturais, estilo de vida, a própria história de vida de cada um.\nPara o professor Robert W. Merton, autor de excelente ensaio sobre a\nsociologia da educação médica, as transformações sociais que vêm\nocorrendo não só nos Estados Unidos como na Europa exigem da parte\ndos responsáveis pela formação de médicos nesses países, maior\npreocupação com o problema de considerar-se o doente „pessoa\ncompleta‟: a whole person.”( FREYRE,2009,pag.155)\nCom o surgimento do modelo biopsicossocial, que dá importância aos aspectos biológicos da\nsaúde, mas também aos aspectos psicológicos e sociais, proporcionou ao profissional, uma visão total do\nhomem e do doente, que compreende as dimensões física, psicológica e social. Esse modelo somado ao\nmodelo de formação do médico apresenta a necessidade de um aprendizado além do técnico, mais\ntambém de capacidades de se relacionar que permitam um vinculo e uma boa comunicação com o\npaciente, contribuindo com a cura da doença.\nSabemos hoje, em sociologia da medicina, que nos é possível falar com\nrigor sociológico, e sem laivo demagógico, em doenças de ricos e\ndoenças de pobres; e até, com menos rigor, em doenças predominantes\nentre letrados e iletrados e em estados mórbidos predominantes entre\ncatólicos ou entre judeus ou entre protestantes ou maometanos ou\nanimistas. De modo que, no estudo médico-sociológico de doenças, é\nimportante considerar-se a variável “classe” ou variável “educação” ou\nvariável “religião”.”(FREYRE,2009.pag.265)\nA formação do paradigma da medicina no modelo biopsicossocial está voltada para a medicina\ncentrada na pessoa e na comunidade, como proposta para uma transformação do método clínico. Esse\nmodelo está assegurado em dois componentes principais: um que se refere ao cuidado da pessoa, com a\nidentificação de seus ideais e emoções a respeito do adoecer e a resposta a elas; e o outro que se\nrelaciona com a identificação de objetivos comuns entre médicos e pacientes sobre a doença e sua\nabordagem, com o compartilhamento de decisões e responsabilidades (RIBEIRO E AMARAL, 2008)\nE há também uma visão do critério médico cientifico, com relação à socialização da medicina. E\nsob esse critério Freyre (2009) nos diz;\nQue hoje procura-se adaptar-se cada vez mais a formação especifica do\nmédico em faculdades de medicina mais avançadas, em cursos de\nciências médicas mais atualizados, a um saber médico que seja um\ncrescente conhecimento pelo médico não apenas de partes ou frações\nISSN18088449 4físicas e psíquicas o mais possível separado de sua condição de pessoal\nsocial doente, mas desse doente considerado, o mais possível, pelo\nmédico cuja medicina seja assim socializada, na sua totalidade de\npessoa social; de membro,sempre situado, deste ou daquele modo, de\num grupo, de uma comunidade, de um sistema de cultura. (FREYRE,\n2009, PG.247)\nConclusão\nA inferência dessa pesquisa aponta que a medicina vem se beneficiando com a aproximação das\nciências sociais e humanas. Trazendo uma contribuição ao campo da saúde, tanto a medicina como\nsociologia, como cita Freyre, são ciências especializadas que se preocupam em avaliar doenças e doentes\nna relação com um ambiente sociocultural especifico qualificado de acordo com condições particulares de\ntempo e espaço.\nE é sob critério sociológico esclarecido pelo conhecimento de conceitos\nsociológicos- o de pessoa em relação ao individuo biológico, por exemplo,\no de grupo primário em relação ao grupo secundário, o dos vários\nprocessos sociais em que exprime a interação social- que vem sendo\npublicados trabalhos, nos últimos dez ou quinze anos- o período em que\nse vem desenvolvendo sistematicamente a sociologia da medicina.”\n(FREYRE, 2009, pag. 77)\nA sociologia da medicina visa à análise e interpretação de processos sociais, pelas relações\nmédicos e pacientes e do homem com a doença, com a família e a sociedade. “O sociólogo da medicina,\nnão se ocupa do homem apenas como individuo, isto é como unidade biofísica, mas do individuo\nsocializado em pessoa;” (FREYRE, 2009, pag. 63)\nGilberto Freyre se sentiu inspirado pelas obras sociológicas e antropológicas da sociologia médica,\nque surgiram na Inglaterra e nos Estados Unidos, no final do século XX, a realizar discussões sobre a\nmedicina e os médicos, como objeto de análise sociológica. Escrevendo o livro “Sociologia da Medicina”\nque foi publicado pela primeira vez em 1967, pela fundação Calouste Gulbenkian, em Portugal, somente\nem 1983 foi lançada a primeira edição brasileira pela editora Globo, sob o título Médicos, doentes e\ncontextos sociais. Com o mesmo propósito de debater a relação entre as ciências na humanização da\nsaúde, o livro teve a sua segunda edição brasileira lançada em 2004 com o título original de Sociologia da\nMedicina.\nCom esta obra, o autor vem contribuindo com a difusão de uma medicina com a prática mais\nhumanizada. De acordo com Freyre, “o critério do sociólogo da medicina, é que ele compreende não só as\nrelações de um individuo biológico com um meio físico como com o meio cultural, que indo além do social,\ncondicione a sua situação e as suas funções de pessoa humana.” ( FREYRE, 2009,pag.131). Nesse\nsentido, será possível enxergar o doente de forma integral, com uma visão ampliada além da que se\nmostra em um quadro técnico-biológico.Tal conduta, proporciona uma melhor compreensão do médico em\nrelação ao doente, como também um exercício da profissão mais direcionado para um maior conhecimento\ndas condições de vida do paciente.E para a sociologia a possibilidade de um exercício interdisciplinar com\noutro saber, que de uma certa forma, parece distanciado das ciências humanas nos cotidianos acadêmicos\ne das áreas médicas.\nISSN18088449 5Referência\nDE MARCO, M .A. A Face Humana da Medicina: do modelo biomédico ao modelo biopsicossocial,\n(pp. 71-76). São Paulo: Casa do Psicólogo, 2003.\nFOUCAULT, M. O Nascimento da Clínica. Rio de Janeiro: Forense Universitária. 2011.\nFREYRE, G. Sociologia da Medicina. São Paulo, SP, Brasil, Editora; È Realizações Editora, Livraria e\nDistribuidora Ltda. 2009\nRASIA,J,M. “Prefácio à presente edição” in Sociologia da Medicina.FREYRE, G. São Paulo,SP,\nBrasil,Editora ; È Realizações Editora, Livraria e Distribuidora Ltda. 2009\nRIBEIRO, M.M.F.; AMARAL, C.F.S. Medicina centrada no paciente e ensino médico: a importância do\ncuidado com a pessoa e o poder médico. Rev. Bras. Educ. Med., Rio de Janeiro, v. 32, n. 1, mar. 2008.\nAgradecimentos\nAgradecemos ao Laboratório de Ciências Sociais em Saúde (LESSAU), do curso de Ciências Sociais da\nUniversidade Estadual do Ceará – UECE, pela oportunidade de ingressarmos no campo da pesquisa. À\nprofessora\\orientadora e coordenadora do LESSAU, Preciliana Barreto de Morais, por incentivar a nossa\ncuriosidade cientifica na busca de entendermos os fenômenos sociais e com isso ter a possibilidade de\nampliar nossa visão e compreensão da realidade que a vida nos apresenta. À Universidade de Fortaleza-\nUNIFOR, por nos proporcionar a oportunidade de apresentarmos nossas ideias e discussões.\nISSN18088449 6"
}