{
  "id": "27468",
  "trabalho": "CARACTERÍSTICAS COMPORTAMENTAIS EMPREENDEDORAS ENTRE OS ALUNOS DE GRADUAÇÃO EM ADMINISTRAÇÃO E DIREITO",
  "area": "CIÊNCIAS SOCIAIS APLICADAS",
  "ano": "2016",
  "evento": "XVI - ENCONTRO DE PÓS-GRADUAÇÃO E PESQUISA",
  "link": "http://uol.unifor.br/oul/conteudosite/?uuid=E9E01E5DFAEF15E11B72FEF7469DEE289235FCCF",
  "conteudo": "XVI ENCONTRO DE PÓS-GRADUAÇÃO E PESQUISA\nUniversidade de Fortaleza\n17 a 20 de outubro de 2016\nCARACTERÍSTICAS COMPORTAMENTAIS EMPREENDEDORAS ENTRE\nOS ALUNOS DE GRADUAÇÃO EM ADMINISTRAÇÃO E DIREITO\nMariana Fernandes Alves1 (PG), Sandra Maria Rodrigues2 (PG), Francisco Renato Sousa Silva³ (PG),\nMônica Mota Tassigny4 (PQ)\n1 Mestrado em Administração, Universidade de Fortaleza, Fortaleza-CE;\n2 Mestrado em Administração, Universidade de Fortaleza, Fortaleza-CE;\n3 Mestrado em Administração, Universidade de Fortaleza, Fortaleza-CE;\n4 Professora adjunta do Programa de Pós-Graduação em Administração\nda UNIFOR.\nmarifalves@yahoo.com.br\nPalavras-chave: Empreendedorismo. Perfil Empreendedor. Comportamento Empreendedor.\nResumo\nO debate acerca do empreendedorismo tem sido destaque das discussões acerca da inserção e formação\nprofissional. Considerando a relevância do empreendedorismo como gerador de riqueza, a pesquisa tem\ncomo objetivo realizar um estudo comparativo do perfil empreendedor de acordo com a abordagem\ncomportamentalista de David McClelland (1972) entre os estudantes dos cursos de Administração de\nEmpresas e Direito. O estudo exploratório, de caráter quantitativo se utilizou de pesquisa bibliográfica e\nlevantamento dos dados por meio de questionário em amostra de 200 alunos. Os estudos revelaram que\nambos os cursos apresentam características comportamentais empreendedoras, destacando\nestabelecimento de metas e busca de informações para os alunos no curso de Administração e exigência\nde qualidade e estabelecimento de metas para os discentes de Direito.\nIntrodução\nOs anos 80 e 90 trouxeram várias mudanças para a economia mundial, entre elas o crescimento\nacelerado do empreendedorismo. No mundo contemporâneo, o estudo do empreendedorismo adquire\ngrandes destaques, posto que é um fenômeno capaz de provocar profundas transformações sociais,\npolíticas, culturais, econômicas e psicológicas. O papel e a importância do empreendedor são reconhecidos\npelas ciências que lidam com o desenvolvimento humano e social.\nPara melhor entendimento tendo em vista que o termo empreendedorismo não seja algo novo, muitas\npessoas costumam confundir com o termo empreendedor. Gomes (2011) diz que o termo\nempreendedorismo ou empreendedor são substantivos derivados do verbo empreender que se originou na\nforma verbal latina imprehendo ou impraehendo que significa “tentar executar uma tarefa”. Concluindo-se\nque a entrada desse termo no vocabulário português não se deu por meio do francês entrepreneur, mas sim\ndiretamente do latim.\nA fim de desenvolver instrumentos destinados a seleção e capacitação de empreendedores, as\nempresas McBer & Company (empresa de David McClelland, situada em Boston e especializada na análise\n1de competência profissional e estudos de padrões de comportamento) e a Management Systems\nInternational - MSI (empresa de consultoria localizada em Washington), firmaram um contrato com a\nAgência para o Desenvolvimento Internacional dos Estados Unidos – USAID.\nMcClelland (1972), descreve as dez características comportamentais dos empreendedores, listadas\nno quadro abaixo.\nQUADRO 01: As 10 Características Comportamentais dos Empreendedores\nCaracterísticas Comportamentais dos Descrição das características\nEmpreendedores\n1. Busca de oportunidades e iniciativa Aproveita oportunidades fora do comum para\ncomeçar um negócio, realiza atividades antes\ndo solicitado e busca novas áreas de atuação\npara ampliar seu empreendimento;\n2. Persistência Enfrenta desafios, toma para si a\nresponsabilidade pelo cumprimento dos\nobjetivos propostos, analisa resultados e\naprende com seus fracassos;\n3. Correr riscos calculados Analisa e calcula os riscos de maneira\ncuidadosa; coloca-se em situações de desafios\nmoderados e sempre avalia as chances de\nsucesso e de fracasso;\n4. Exigência de qualidade e eficiência Busca exceder os padrões de excelência e tem\nenergia para trabalhar muito;\n5. Comprometimento Empenha-se pessoalmente na conclusão de\numa tarefa e zela pela satisfação dos clientes;\n6. Busca de informações Recorre à ajuda de especialistas para elaborar\nestratégias e busca, pessoalmente,\ninformações sobre clientes, fornecedores e\nconcorrentes;\n7. Estabelecimento de metas Fixa objetivos claros e específicos e está\nsempre orientado para resultados;\n8. Planejamento e monitoramento Planeja o todo, divide-o em partes e\nestabelece prazos para o cumprimento das\ntarefas, além de acompanhá-las de perto e\nbusca feedback constante a respeito de seu\ndesempenho;\n9. Independência e auto confiança Busca autonomia, mostra-se confiante ao\nenfrentar desafios e busca alternativas para\nminimizar ou eliminar situações/problema;\n10. Persuasão e rede de contatos Influencia e persuade pessoas, age de forma a\ndesenvolver e manter relações comerciais,\nnegocia e faz as pessoas acreditarem em\ndeterminada ideia.\nFONTE: Adaptado de McClelland (1972)\nEssa pesquisa desenvolvida por McClelland (1972) resultou em um dos instrumentos que\nmensura as características comportamentais dos empreendedores, sendo utilizado no Brasil.\nMetodologia\nA construção deste artigo foi realizada a partir de um estudo comparativo conduzido junto aos alunos\nde graduação dos Cursos de Administração e Direito na Universidade de Fortaleza, localizada na cidade de\nFortaleza, capitaldo estado do Ceará, Brasil, a fim de identificar as características empreendedoras dos\nalunos, de acordo com a abordagem comportamentalista de David McClelland (1972), e suas possíveis\ncontribuições para o desenvolvimento desses alunos.\n2A pesquisa segue uma abordagem quantitativa. Segundo aos seus objetivos, a pesquisa caracteriza-\nse como um estudo exploratório-descritivo, buscando informações que ampliem a compreensão acerca do\nperfil empreendedor dos alunos.\nTomaram-se como população desta pesquisa os discentes dos cursos de Administração e Direito de\numa Instituição de Ensino Supeior pública em Fortaleza/CE. A pesquisa foi realizada no período de março a\nmaio de 2016, por meio da aplicação de questionário in loco.\nA coleta de dados partiu-se de uma base primária, onde foram aplicados questionários, junto a uma\namostra probabilística estratificada de 200 alunos dos cursos de administração e direito. A primeira parte do\nquestionário compreendeu a busca do perfil sociodemográfico do aluno, onde questões como faixa salarial,\nocupação profissional, dentre outras foram analisadas.\nNa segunda parte, foi aplicado um questionário estrutura e proposto por McClelland (1972), composto\npor 55 (cinquenta e cinco) afirmativas, com o objetivo de identificar características comportamentais\nempreendedoras nos entrevistados. As respostas do questionário baseou-se em uma Escala Social de\nLikert para determinar a concordância ou não das perguntas (MATTAR, 1999), respeitando uma escala de 5\n(cinco) pontos, sendo elas: 1 = nunca; 2 = raramente; 3 = às vezes; 4 = frequentemente; 5 = sempre, que\nverifica as Características Comportamentais Empreendedoras dos alunos pesquisados. McClelland (1972)\nconsidera empreendedor apenas o indivíduo cuja pontuação mínima atinge 15 pontos. Esta pontuação final\ndo teste identifica a intensidade de cada um dos dez comportamentos empreendedores com base em uma\ntabela, compreendendo uma sequência estruturada de somas e subtrações, impedindo um raciocínio\ntendencioso do respondente. O referido autor desenvolveu ainda um fator de correção neste instrumento\npara corrigir eventuais intenções dos entrevistados de supervalorizar seus comportamentos, servindo de\nponto de controle para a pontuação final. A aplicação do questionário faz parte de um método de\ninvestigação orientado para um objetivo definido, a fim de obter do informante, dados relevantes para a\npesquisa (FLICK, 2004).\nFinalizada a coleta de dados, partiu-se para a tabulação e análise dos dados, mapeando os dados\nindividuais de cada aluno. Foram realizadas análises estatísticas descritivas e testes Analysis of Variance\n(ANOVA) e Qui-Quadrado, a fim de indentificar dependência e relação entre as variáveis analisadas.\nAs análises foram feitas com o auxílio do software Excel e Statistical Package for Social Sciences\n(SPSS), de onde foram extraídas tabelas e gráficos para o estudo. Foi desenvolvida uma estrutura de\nreferência, que serviu de guia para nortear a análise e facilitar a compreensão sobre as características\ncomportamentais dos empreendedores.\nResultados e Discussão\nO presente artigo teve o propósito de verificar as características empreendedoras dos estudantes dos\ncursos de Administração e Direito na Universidade de Fortaleza. De acordo com os resultados obtidos foi\nverificado que a amostra foi constituída de forma equilibrada entre homens (52,2%) e mulheres (47,8%). A\nfaixa etária concentrou-se entre 18 e 25 anos (44,6%). Constatou-se que 61,6% dos entrevistados concluiu\no Ensino Médio em escolas particulares. Quanto à faixa de renda verificou-se que 23,2% ganham de 1 a 2\nsalários mínimos. Em relação à ocupação profissional, observa-se que 22,7% trabalham no setor privado.\nAnalisando seu objetivo profissional foi detectado que 31,8% pretendem ingressar no setor público e 23,1%\nalmejam abrir seu próprio negócio (Vide Tabela 1).\nTabela 1 – Perfil dos Alunos\n3Perfil dos Estudantes\nRenda familiar (%)\nAté 1 salário 16.7\nDe 1 a 2 salários 23.2\nDe 3 a 4 salários 14.1\nDe 3 a 5 salários 18.2\nMais de 5 anos 27.8\nTotal 100.0\nEnsino Médio (%)\nEnsino Particular 61.6\nEnsino Público 38.4\nTotal 100.0\nIdade (%)\n18 a 25 anos 44.6\n26 a 30 anos 20.5\n31 a 35 anos 9.2\n36 a 40 anos 11.3\nAcima de 40 anos 8.7\nNão respondeu 5.6\nTotal 100.0\nGênero (%)\nFeminino 47.8\nMasculino 52.2\nTotal 100.0\nOcupação Profissional (%)\nDesempregado 21.1\nEstagiário 17.5\nEmpregado Empresa Privada 22.7\nSetor Público 13.9\nEmpresário 13.9\nAposentados 5.7\nOutros 5.2\nTotal 100.0\nObjetivo profissional (%)\nVida Acadêmica 12.8\nMercado Privado 19.0\nSetor Público 31.8\nPróprio Negócio 23.1\nEmpresário 13.3\nTotal 100.0\nFonte: Elaboração da pesquisa (2016)\nAo analisar os estudantes de acordo com a abordagem comportamentalista de McClelland (1972),\nque diz que é um indivíduo é considerado empreendedor ao atingir, no mínimo 15 pontos, verificou-se que o\nperfil dos entrevistados apresenta um bom nível de desenvolvimento das características comportamentais\nempreendedoras. Os resultados apontam que os dois grupos de alunos possuem todas as características\nempreendedoras.\n4Em relação a um dos focos do estudo em questão, quando comparados os estudantes dos cursos de\nAdministração e Direito, instigantes informações são extraídas dos dados. Foi constato um equilíbrio entre\nas características comportamentais empreendedoras nos dois grupos. O quadro a seguir mostra,\nclaramente, quais características mais marcantes em cada curso.\nTabela 2 – Pontuação de Características Comportamentais Empreendedoras\nCaracterísticas Empreendedoras Direito Administração\nPersistência 16,57 16,88\nComprometimento 17,28 17,47\nExigência de Qualidade 17,87 18,82\nCorrer Riscos Calculados 17,08 16,14\nEstabelecimento de Metas 19,60 18,53\nBusca de Informações 18,36 17,67\nPlanejamento e Monitoramento 17,43 17,78\nPersuasão 16,94 17,63\nIndependência e Autonomia 17,98 17,49\nFonte: Elaboração das Pesquisas (2016)\nAo confrontar os dois grupos, verifica-se que a característica mais preponderante em ambos é\nestabelecimento de metas. Percebe-se assim, que os entrevistados preocupam-se estabelecer claramente\nseus objetivos para uma melhor execução das metas. Esse fator é de extrema importância no\nempreendedorismo. A exigência de qualidade é outra característica marcante nos entrevistados.\nAnalisando os dados da Tabela 2, é fácil perceber que os alunos de Direito apresentam como\ncaracterísticas mais marcantes: Estabelecimento de metas e Exigência de Qualidade. Já os alunos de\nAdministração mostram-se interessados no aspecto busca de informações e estabelecimento de metas. A\nbusca de informações é um fator importante no planejamento, visto que tentam alternativas para resolução\ndos problemas que vão surgindo.\nOs dados sugerem que as médias atribuídas às características comportamentais são diferentes\nquando confrontados os dois grupos. Com o objetivo de verificar se as diferenças de médias são\nestatisticamente significantes, foi conduzido um teste de hipótese para a igualdade de médias dadas às\ncaracterísticas comportamentais por esses dois grupos de alunos, formulando-se a seguinte hipótese:\n H0: as médias atribuídas às características comportamentais empreendedoras dos alunos de\nAdministração são iguais àquelas atribuídas pelos alunos de Direito;\n H1: as médias atribuídas às características comportamentais empreendedoras dos alunos de\nAdministração são diferentes àquelas atribuídas pelos alunos de Direito.\nAplicando o teste ANOVA no qual verifica se existe diferença significativa entre os grupos, verificou-\nse que as médias dos grupos são iguais.\nForam feitos cruzamentos entre todas as variáveis a fim de detectar dependência entre elas\nconstatou-se que não há dependência entre as variáveis. Para isso foi aplicado o teste Qui-Quadrado, onde\né analisado o nível de significância (SIG) e em todos os cruzamentos seus valores foram maiores que 5%,\nconstatando que todos os cruzamentos, apontam para independência entre as variáveis.\nO empreendedorismo tem sido tema de destaque no mundo acadêmico e é visto como fonte de\ngeração de emprego e fomento na sociedade (GONÇALVES, 2012). Das universidades saem profissionais\n5capazes de reposicionar o mercado, tornando-se forte a relação entre a formação de novas empresas e o\nuniverso acadêmico (BATISTA, 2004). O estudo seminal de McClelland (1961), que desenvolveu uma\npesquisa aplicada, na qual identificou uma dezena de características empreendedoras foi foco dessa\npesquisa.\nConclusão\nO presente estudo foi conduzido com o propósito de identificar as características empreendedoras\nsob a ótica do comportamento empreendedor à luz da teoria de McClelland (1972). A pesquisa teve a\nparticipação de 200 alunos de graduação, divididos igualmente entre os cursos de Administração e Direito.\nObservou-se que as características mais destacadas nos alunos são: estabelecimento de metas e\nexigência de qualidade. O empreendedor define exatamente aonde quer chegar, se comprometendo a\nchegar onde quer.\nAo comparar os alunos de Administração e Direito verificou-se que ambos são considerados\nindivíduos empreendedores, de acordo com a abordagem de McClelland (1972). As características mais\ndestacadas nos discentes de Direito são estabelecimentos de metas e exigência de qualidade. Nos alunos\nde Administração, o perfil aponta para indivíduos que buscam mais informações e que estabelecem metas\nem suas ações futuras.\nExistem obstáculos a serem preenchidos no desenvolvimento do perfil empreendedor e a educação é\num meio para que haja esse desenvolvimento, tornando-se relevante a presente pesquisa.\nNesse estudo, espera-se que, ao buscar o conhecimento do perfil de um indivíduo empreendedor,\nbem como identificar pontos de melhorias em suas características comportamentais empreendedoras,\npossa contribuir na melhoria da atividade desses empreendedores.\nSugere-se então, a ampliação da pesquisa, mediante estudos comparativos entre estudantes e\nempresários, a fim de colaborar para reflexões complementares aos estudos sobre empreendedorismo\nrealizados no Brasil, destacando a importância da mensuração do perfil comportamental empreendedor.\nReferência\nBATISTA, Emerson de Oliveira. Sistema de Informação: o uso consciente da tecnologia\npara o gerenciamento. São Paulo: Saraiva, 2004.\nFLICK, U. Uma introdução à pesquisa qualitativa. Porto Alegre: Bookman, 2004.\nGOMES, A. F. O empreendedorismo como uma alavanca para o desenvolvimento local. REA - Revista\nEletrônica de Administração, v. 4, n. 2, p. 1-14, 2011.\nGONÇALVES, Vitor (2012) - Ensinar e aprender em ambientes virtuais tridimensionais. In Moreira, J.\nAntónio, Angélica Monteiro (Orgs.) Ensinar e aprender online com tecnologias digitais: abordagens teóricas\ne metodológicas. Porto: Porto Editora. p. 121-137. ISBN 978-972-0-34964-4\nMATTAR, F. N. Pesquisa de marketing: metodologia, planejamento. 5. ed. São Paulo: Atlas,\n1999. 1 v.\nMCCLELLAND, D. The achieving society. New York: VanNostrand, 1961.\nMcCLELLAND, D. C. A sociedade competitiva: realização e progresso social. Rio de Janeiro: Expressão\ne Cultura, 1972.\nAgradecimentos\nAgradecemos a Universidade de Fortaleza por todo incentivo e dedicação ao ensino, e a professora\norientadora por sua disponibilidade e competência.\n6"
}