{
  "id": "27472",
  "trabalho": "MONITORIA ACADÊMICA NA DISCIPLINA DE ENFERMAGEM EM CUIDADOS CIRÚRGICOS: RELATO DE EXPERIÊNCIA.",
  "area": "CIÊNCIAS DA VIDA",
  "ano": "2016",
  "evento": "XVI - ENCONTRO DE INICIAÇÃO À DOCÊNCIA",
  "link": "http://uol.unifor.br/oul/conteudosite/?uuid=2EAC449FE876FCA99FF3ED03BAC50D742854E560",
  "conteudo": "XVI Encontro de Iniciação à Docência\nUniversidade de Fortaleza\n17 a 20 de outubro de 2016\nMonitoria Acadêmica na disciplina de enfermagem em cuidados cirúrgicos:\nrelato de experiência\nRaffaella Pereira de Souza Costa1* (ID), Aglauvanir Soares Barbosa¹ (ID), Thais Milene Rocha¹\n(ID), Francisca Erilene Maia² (ID), Patrice Vale Falcão Gomes³ (PO).\n1. Universidade de Fortaleza – PROMOV. Curso de Enfermagem. Monitora de Cuidados Cirúrgicos.\n2. Universidade de Fortaleza – Curso de enfermagem.\n3. Universidade de Fortaleza – Docente do Curso de Enfermagem.\nraffaellaps@hotmail.com\nPalavras-chave: Enfermagem, adesão, Ensino, centro cirúrgico .\nResumo\nTrata-se de um relato de experiência sobre a vivência da monitoria, ocorrida no primeiro semestre\nde 2016 para a disciplina de enfermagem em cuidados cirúrgicos do curso de enfermagem da\nuniversidade de Fortaleza. Foi elaborado um relato sobre o desenvolvimento de habilidades\ninerentes à docência, o aprofundamento de conhecimentos na área específica e a contribuição\ncom o processo de ensino-aprendizagem dos alunos monitorados. Conclui-se que a monitoria-\nacadêmica oferece oportunidades para o aproveitamento estudantil no processo de ensino-\naprendizagem de colegas, amplia a inserção do aluno nas questões educacionais da IES e o\ntorna mais crítico quanto à própria formação acadêmico-profissional.\nIntrodução\nA disciplina de enfermagem em cuidados cirúrgicos da universidade de Fortaleza tem como\nproposta a condução do aluno a pensar, agir e intervir como enfermeiro do bloco cirúrgico\nparticipando de todas as etapas do período perioperatório, desde o planejamento e\nimplementação até a avaliação.\nA monitoria tem uma importância fundamental tanto para a o conhecimento do monitor como para\nos alunos monitorados. Nesse processo o aluno monitor inicia o trabalho docente, vivenciando as\nprimeiras experiências nessa área e, juntamente com o professor orientador, contribui para a\nformação integrada do aluno nas atividades de ensino, pesquisa e extensão dos cursos de\ngraduação (LINS, et al, 2009).\nISSN 21755396 1A monitoria é uma modalidade de ensino e aprendizagem que contribui para a formação integrada\ndo aluno nas atividades de ensino, pesquisa e extensão dos cursos de graduação. Ela é\nentendida como instrumento para a melhoria do ensino de graduação, através do estabelecimento\nde novas práticas e experiências pedagógicas que visem fortalecer a articulação entre teoria e\nprática e a integração curricular em seus diferentes aspectos, e tem a finalidade de promover a\ncooperação mútua entre discente e docente e a vivência com o professor e como as suas\natividades técnico-didáticas (LINS, et al, 2009).\nA melhoria do ensino na graduação decorrente da monitoria pode ser proporcionada por meio do\nestabelecimento de novas práticas e experiências pedagógicas que tenham como intuito fortalecer\na articulação entre teoria, prática e integração curricular, a fim de promover uma cooperação\nmútua discente-docente (NASCIMENTO, SILVA e SOUZA, 2010).\nNesse contexto o exercício da monitoria é uma oportunidade para o estudante desenvolver\nhabilidades inerentes à docência, aprofundar conhecimentos na área específica e contribuir com o\nprocesso de ensino-aprendizagem dos alunos monitorados (ASSIS, et al, 2006).\nSegundo Schneider (2006), o trabalho da monitoria pretende contribuir com o desenvolvimento da\ncompetência pedagógica e auxiliar os acadêmicos na apreensão e produção do conhecimento, é\numa atividade formativa de ensino.\nCarvalho e Fabro (2011), explicam, ainda, que a monitoria é uma atividade de apoio discente ao\nprocesso de ensino do professor e de aprendizagem do aluno que apresenta dificuldade em\ndeterminados conteúdos desenvolvidos em sala de aula. Dessa forma, a relação aluno-professor-\nconhecimento é fortemente favorecida pelas atividades de monitoria.\nDiante desse cenário, objetivou-se elaborar um relato de experiência sobre as estratégias de\nensino e aprendizagem, utilizadas na monitoria da disciplina enfermagem no cuidado à saúde da\nmulher para estimular a maior adesão dos alunos à mesma. Tais estratégias visam possibilitar aos\nacadêmicos um convívio rico em troca de experiências, treinamento prático, orientações e\nesclarecimentos que os alunos possam desenvolver as ações propostas pelo módulo, com\nsegurança e habilidades.\nMetodologia\nTrata-se de um estudo descritivo, do tipo relato de experiência, sobre a vivência da monitoria\nacadêmica, durante o primeiro semestre de 2016, para a disciplina de enfermagem em cuidados\ncirúrgicos do curso de enfermagem da Universidade de Fortaleza. Na pesquisa descritiva, realiza-\nse o estudo, a análise, o registro e a interpretação dos fatos do mundo físico sem a interferência\ndo pesquisador (Barros; Lehfeld, 2007).\nAs atividades de monitoria eram realizadas nos dias de quinta-feira nos períodos da manhã e\ntarde no laboratório de enfermagem, onde no primeiro momento ocorre um acompanhamento dos\nmonitores juntamente com os professores nas aulas praticas do modulo, ajudando no\ndesenvolvimento da dinâmica proposta conforme o plano de aula do dia e, em outro momento osmonitores atendem em dias marcados, grupos de alunos para estudo e aperfeiçoamento das\npraticas.\nResultados e Discussão\nA monitoria no cuidado cirúrgico ocorria no laboratório de enfermagem sempre baseada nas\nnecessidades do aluno, voltada para as dúvidas de cada uma delas com o intuito de saná-las para\nque eles se saíssem bem em suas avaliações. Inicialmente fazíamos uma roda de conversa para\nque eles falassem um pouco sobre suas angústias e onde estavam suas dificuldades, em seguida\nnós realizava todos os procedimentos solicitados por eles explicando o passo a passo com\nbastante calma e posteriormente pedia para que eles realizassem a técnica sozinha.\nA monitoria realizada no módulo de Cuidados Cirúrgicos tem como principal objetivo, auxiliar os\nalunos do sétimo semestre de enfermagem da Unifor a terem um maior conhecimento das\ntécnicas dentro do centro cirúrgico, desenvolvida pelo enfermeiro.\nDurante o primeiro semestre a estratégia utilizada foi sempre essa, roda de conversa, realização\ndos procedimentos por mim e em seguida o aluno realizava sozinho a técnica demonstrada, o\nobjetivo da monitoria sempre foi oferecer auxílio aos alunos que estavam à procura de ajuda afim\nesclarecer dúvidas dos conteúdos explicados em sala de aula.\nConclusão\nConcluímos que a monitoria deve ser vista como um espaço em que o acadêmico pode esclarecer\ndúvidas e sanar inseguranças referentes ao conteúdo ministrado em sala de aula. É possível\nobservar que durante as aulas de monitoria, desenvolvem-se diversas habilidades, tanto\nintelectuais quanto sociais, podendo estas dinamizar e contextualizar os conteúdos da disciplina e\nreconstruir com os estudantes conhecimentos acerca dos assuntos abordados, ao mesmo tempo\nem que também adquire experiências positivas que auxiliam a lidar com a expectativa de se tornar\num futuro profissional docente.\nAtravés das experiências vivenciadas no primeiro semestre percebemos a necessidade do\ndesenvolvimento de estratégias que envolvam mais os alunos da disciplina, fornecendo assim\numa maior adesão a essas aulas, que devem ser adotadas no cotidiano acadêmico, a fim de que\nse possa atingir com excelência não apenas para um maior e mais facilitado aprendizado, mas\ntambém que busque auxiliar o monitor a lidar com a expectativa de se tornar um futuro profissional\ndocente.\nReferências\nASSIS, F.D. et al. Programa de monitoria acadêmica: percepções de monitores e orientadores.\nRev. Enferm. Uerj., v.14, p. 391-397, 2006.\nCARVALHO, D. G.; FABRO, P. N. A importância das monitorias para a formação do acadêmico do\ncurso de matemática – licenciatura. In: XIII CIAEM-IACME, Recife, Brasil, 2011. Disponível\nem:<http://www.cimm.ucr.ac.cr/ocs/files/conferences/1/schedConfs/1/papers/1665/supp/1665-\n4291-2-SP.pdf.> Acesso: 02/08/2015BARROS, A. J. P; LEHFELD, N. A. de. Fundamentos de metodologia cientifica. São Paulo:\nPrentice-Hall, 3ª ed. 2007.\nLINS, L.F.; FERREIRA, L.M.C.; FERRAZ, L.V.; CARVALHO, S.S.G. A importância da monitoria na\nformação acadêmica do monitor. In: Jornada de Ensino, Pesquisa e Extensão da Ufrpe, Recife,\nv.4, n. 1, p. 1-2, jun. 2009. Disponível em:\nhttp://www.eventosufrpe.com.br/jepex2009/cd/resumos/R0147-1.pdf> Acesso em 30/07/2015\nSCHNEIDER, M.S.P.S. Monitoria: instrumento para trabalhar com a diversidade de conhecimento\nem sala de aula. Revista Eletrônica Espaço Acadêmico, v. Mensal, p.65, 2006. Disponível em: <\nhttp://www.espacoacademico.com.br/065/65schneider.htm> Acesso: 02/08/2015\nUNIDERP. Regulamentação do programa de monitoria de ensino da Universidade para o\nDesenvolvimento do Estado e da Região do Pantanal.\n<Homepage:http://www.uniderp.br/ver_pagina.aspx?> Acesso em 01/08/2015\nSOUSA, J.T.; SILVA, M.F.P.T.B. Percepção entre Alunos-Participantes e Alunos-Monitores frente\nà Monitoria de Histologia e Embriologia. <http://www.webartigos.com/artigos/percepcao-entre-\nalunos-participantes-e-alunos-monitores-frente-a-monitoria-de-histologia-e-embriologia/114913/>\nAcesso em 01/08/2015.\nNASCIMENTO, C. R.; SILVA, M. L. P; SOUZA, P. X. Possíveis contribuições das atividade de\nmonitoria na formação de estudantes-monitores do curso de pedagogia da Universidade Federal\nde Pernambuco – UFPE. UFPE, Recife, 2010. Disponível em:\n<http://www.ufpe.br/ce/images/Graduacao_pedagogia/pdf/2010.1/possveis%20contribuies%20das\n%20atividades%20de%20monitoria%20na%20forma.pdf>. Acesso em: 02/08/2015\nAgradecimentos\nAgradeço a Universidade de Fortaleza por possibilitar ao aluno de graduação a vivência no\nprograma de monitoria e pelo espaço de discussão proporcionado pelo evento científico. E a\nProfessora Patrice Vale pelos ensinamentos e oportunidades de crescimento profissional na\nvigência da monitoria."
}