{
  "id": "27476",
  "trabalho": "A CONTRIBUIÇÃO DA MONITORIA PARA O EFETIVO ENSINO APRENDIZAGEM NA DISCIPLINA DE DIREITO DO TRABALHO I",
  "area": "CIÊNCIAS JURÍDICAS",
  "ano": "2016",
  "evento": "XVI - ENCONTRO DE INICIAÇÃO À DOCÊNCIA",
  "link": "http://uol.unifor.br/oul/conteudosite/?uuid=3499DF26DE7120FBFFB11D200E7F8F83E07C425B",
  "conteudo": "XVI Encontro de Iniciação à Docência\nUniversidade de Fortaleza\n17 a 20 de outubro de 2016\nA CONTRIBUIÇÃO DA MONITORIA PARA O EFETIVO ENSINO\n.\nAPRENDIZAGEM NA DISCIPLINA DE DIREITO DO TRABALHO I\nTicianna Pires de Souza1* (ID), Sandra Mara Freitas Alves2 (PO).\n1. Universidade de Fortaleza – Programa de Monitoria Voluntária\n2. Universidade de Fortaleza – Curso Direito\nticianna_pires@edu.unifor.br\nPalavras-chave: Monitoria. Grupo de Estudo. Método de Ensino Aprendizagem.\nResumo\nO presente artigo tem como objetivo compartilhar a vivência da monitoria, por meio do Grupo de\nEstudo Dirigido, desenvolvido pelo curso de Direito, da Universidade de Fortaleza, na disciplina de\nTrabalho I, no primeiro semestre de 2016. As atividades desenvolvidas no grupo de estudo, estão\nrelacionadas à prática de resolução de exercícios vinculados à matéria ministrada em sala pela\nprofessora orientadora, bem como análises de jurisprudências e casos concretos. Essa prática\ndespertou nos alunos um interesse maior na disciplina e consequentemente, trouxe um melhor\ndesempenho nas provas. Descreve ainda, que a afetividade e proximidade entre alunos e\nmonitores trazem benefícios para o aprimoramento e efetividade do grupo de estudo dirigido.\nIntrodução\nA disciplina de Direito do Trabalho I, tem um papel fundamental para a iniciação aos\nestudos desse ramo especial do direito. Essa disciplina retrata a realidade das pessoas através\ndas experiências vividas rotineiramente no mundo do trabalho, e expressam de forma concreta a\nimportância dessa área do direito e sua aplicabilidade nas relações jurídicas empregatícias.\nPortanto, o Programa de Monitoria Institucional e Voluntária disponibilizado pela\nUniversidade de Fortaleza, permite a todos os alunos um maior desenvolvimento, por meio de um\nacompanhamento conjunto entre aluno, monitor e professor. E dessa interação, os resultados de\nensino aprendizagem são efetivos, trazendo transformações positivas nas áreas pessoal,\nprofissional e social de cada indivíduo.\nDeste modo, podemos destacar que a monitoria tem um papel fundamental para a prática\npedagógica na iniciação à docência, possibilitando ao aluno monitor um aprofundamento da\nmatéria a qual está vinculado, permitindo um maior desenvolvimento de competência e\nhabilidades.\nISSN 21755396 1Por fim, esse artigo tem como objetivo demonstrar as experiências vividas ao longo do\nprimeiro semestre de 2016, descrever as atividades da monitoria, a relação com os alunos e o\nprofessor orientador, evidenciar a importância desse Programa de Monitoria para o crescimento\nprofissional e acadêmico do aluno monitor, e a contribuição para aprendizagem dos alunos da\ndisciplina de Direito do Trabalho I.\nMetodologia\nA metodologia utilizada para o desenvolvimento do trabalho foi uma pesquisa\nbibliográfica e documental, com o uso de referências teóricas, como livros, artigos científicos e\nrevistas científicas. Quanto à utilização dos resultados, a pesquisa será teórica, por ter como\nfinalidade a ampliação dos conhecimentos sobre a temática, não implicando em ações de\ntransformação.\nResultados e Discussão\nO Programa de Monitoria Institucional e Voluntária, oferecido pela Universidade de\nFortaleza, permite ao aluno que já tenha cursado a disciplina escolhida e por meio de uma\nseleção aplicada por uma prova subjetiva, entrevista e análise curricular, tenha a oportunidade de\ningressar na monitoria e iniciar sua prática docente.\nEsse projeto tem como objetivo a formação integral do aluno monitor, por meio da\niniciação à docência, possibilitando uma vivência mais próxima da realidade do professor. E\ndurante o exercício da monitoria, o aluno amplia e aprofunda seus conhecimentos na disciplina,\npossibilitando uma melhor desenvoltura no processo pedagógico, desenvolvendo habilidades de\noratória, comunicação, dinamismo, criatividade e afetividade.\nO papel do monitor é atuar como colaborador do professor, despertando o interesse, a\ncuriosidade, o empenho, a dedicação dos alunos, auxiliando-os nas suas dificuldades e buscando\nser um facilitador do aprendizado. É muito importante que o professor orientador, o monitor e os\nalunos tenham uma relação estreita e positiva, para que a haja o efetivo ensino aprendizagem\nobjetivado pelo programa da monitoria.\nReforçando esse pensamento, Freire (2013) aborda a importância da horizontalidade da\nrelação entre professor e aluno:\n[...] Neste sentido, ensinar não é transferir conhecimentos, conteúdos, nem formar\né ação pela qual um sujeito criador dá forma, alma a uma corpo indeciso e\nacomodado. Não há docência sem discência, as duas se explicam e seus sujeitos,\napesar das diferenças, não se reduzem à condição de objeto, um do outro. Quem\nensina aprende ao ensinar e quem aprende ensina ao aprender.\nAinda nesse entendimento observa-se que a monitoria permite ao aluno discutir suas\ndúvidas, fazer e refazer exercícios, e assim ter seu desenvolvimento na aprendizagem mediada\npelo monitor, que por sua vez, terá a contribuição do professor orientador, podendo realizar novasdiscussões, alicerçando dessa forma, seu conhecimento na disciplina e construindo uma formação\nacadêmica desempenhada nas novas metodologias (NATARIO; SANTOS, 2010).\nA estrutura curricular da monitoria se concretiza pela formação de um grupo de estudo\ndirigido, destinado aos alunos da disciplina. Esse grupo de estudo visa um acompanhamento\nregular e semanal com os alunos, para esclarecimentos, tira dúvidas, resolução de questões\nrelacionadas à matéria e fixação do conteúdo, sendo uma das vantagens que o Programa de\nMonitoria disponibiliza, e é por meio dele que a relação entre o monitor e os alunos é desenvolvida\nao longo do semestre.\nConforme entendimento de Natário; Santos (2010, p. 356):\nO monitor, vivenciando a situação de aluno nessa mesma disciplina, consegue\ncaptar não só as possíveis dificuldades do conteúdo ou da disciplina como um\ntodo, como também apresenta mais sensibilidade aos problemas e sentimentos\nque o aluno pode enfrentar em situações como vésperas de avaliações, acúmulo\nde leituras e trabalhos, início e término de semestre. Nesses momentos, o monitor\npoderá ajuda-lo com intervenção direta, desde que esteja preparado para isso, e\nconversar com o professor para que juntos possam discutir os problemas.\nA minha experiência na monitoria iniciou-se no primeiro semestre de 2016, e o primeiro\ncontato com essa prática, foi na elaboração do planejamento semestral junto com a professora\norientadora da disciplina de Direito do Trabalho I e a outra monitora da disciplina.\nPara o efetivo exercício da monitoria, optamos por utilizar recursos tecnológicos, criamos\num grupo fechado na rede social facebook, destinado a disponibilizar informações de atualizações\nde leis, entendimentos jurisprudenciais e exercícios voltados para a disciplina.\nO grupo de estudo dirigido criado para a disciplina acontecia semanalmente, e seguia um\nmétodo diferenciado, entregávamos o material com questões e fazíamos a resolução dessas\nquestões pertinentes à matéria dada em sala de aula pela professora orientadora.\nFizemos ao longo do semestre um banco de questões de diversos concursos e da OAB,\ndistribuídas por assunto e de forma clara, visando uma melhor compreensão dos alunos durante o\nprocesso avaliativo da disciplina. As técnicas de avaliação utilizadas pela professora orientadora\nseguiram uma metodologia de aprendizagem e não apenas um instrumento de aferição de nota,\nobjetivando que os alunos se aproximassem da realidade dos operadores do Direito.\nTodos os encontros com os alunos durante o semestre possibilitaram uma relação mais\nestreita e uma afetividade maior entre nós. Sabíamos quais alunos tinham mais dificuldade e os\nque tinham menos. Por isso a importância desse acompanhamento semanal, e quase que diário\npor meio da mídia social. O esforço conjunto entre mim e a outra monitora da disciplina de Direito\ndo Trabalho I, contribuiu de forma positiva e satisfatória nos processos avaliativos, para os alunos\nque frequentavam de forma assídua o grupo de estudo.\nPortanto, fica evidente que a parceria entre o professor orientador, o monitor e o aluno\nsão de extrema importância para que o desenvolvimento do estudo seja eficiente, contribuindo\npara a formação de profissionais capacitados.Por fim, gostaria de ressaltar a oportunidade disponibilizada pela professora orientadora\nda disciplina, que durante o semestre nos permitiu vivenciar de forma concreta a experiência da\ndocência. Ensinou técnicas de correção das provas dos alunos para a formação do processo\navaliativo, aplicou o método de correção das provas em sala de aula junto com os alunos,\ndemonstrando de forma clara, que o objetivo da avaliação da disciplina é a aprendizagem dos\nalunos. Além de toda essa experiência oportunizada, fez um convite desafiador para a prática da\ndocência em sala de aula, por meio de uma explanação do conteúdo da revisão para prova, com\nseu auxílio e contribuição pessoal. Essa chance dedicada a mim como monitora, teve um papel\nrelevante na descoberta da minha aspiração como docente.\nConclusão\nO Programa de Monitoria Institucional e Voluntária, instituído pela Universidade de\nFortaleza, tem contribuído para o desenvolvimento da prática docente, permitindo aos alunos\nmonitores uma experiência única e desafiadora. Essa prática metodológica exercida por meio da\nformação de um Grupo de Estudo Dirigido, direcionado a abordar a matéria ministrada em sala\naula pelo professor orientador, contribui para a construção do ensino aprendizagem dos alunos.\nAnalisando as propostas firmadas entre o professor orientador e o monitor, os resultados\nforam satisfatórios, pois a resolução de questões em conjunto com a explanação teórica, é um\nmeio eficiente para a evolução do conhecimento dos alunos da disciplina. A utilização das mídias\nsociais facilitou esse convívio e permitiu que a análise dos entendimentos jurisprudenciais, leis e\nsúmulas ocorressem de forma atualizada e dinâmica. Sendo assim, percebe-se que essa\ninteração entre monitor e aluno, permite um aprofundamento da matéria.\nReferências\nAQUINO, Tiago Soares de. Ensino jurídico no Brasil: crítica e sugestões. Revista de Direito\nMercantil, Industrial, Econômico e Financeiro - Núm. 155-156, Agosto 2010. Disponível em: <\nhttp://app.vlex.com/#WW/vid/432021630>. Acesso em: 12 ago. 2016.\nFREIRE, Paulo. Pedagogia da autonomia: saberes necessários a prática educativa. 46. ed.\nRio de Janeiro: Paz e Terra, 2013.\nNATÁRIO, Elisete Gomes; SANTOS, Acácia Aparecida Angeli dos. Programa de monitores para\no ensino superior. Fevereiro 2010. Disponível em:\n<http://www.scielo.br/pdf/estpsi/v27n3/07.pdf>. Acesso em: 11 ago. 2016.\nRAMOS, Marise Nogueira. A pedagogia das competências: autonomia ou adaptação?. 2. ed.\nSão Paulo: Cortez, 2002.\nAgradecimentos\nPrimeiramente gostaria de agradecer à Deus, pelo dom da vida. Aos meus pais\nWashington e Angelica que são a razão da minha vida, pois tudo que sou hoje devo à eles. Ao\nmeu esposo Rodrigo por ser minha fortaleza em todos os momentos. A professora e orientadoraSandra Mara Freitas Alves que é um exemplo de compromisso, sempre tão gentil, dedicada e\npresente, que contribuiu para o meu desenvolvimento no exercício da monitoria. A minha parceira\nde monitoria Karina Castro, que cooperou durante todo o semestre para que o nosso grupo de\nestudo dirigido fosse proveitoso. A coordenação do Programa de Monitoria Institucional e\nVoluntária do CCJ, bem como seus colaboradores, que sempre auxiliaram para que o\ndesempenho na monitoria fosse eficiente. E à Universidade de Fortaleza por estimular e\npossibilitar aos alunos a prática docente."
}