{
  "id": "27485",
  "trabalho": "ABORDAGEM DO TEMA ORIENTAÇÃO SEXUAL EM UMA ESCOLA DE ENSINO MÉDIO DE FORTALEZA",
  "area": "CIÊNCIAS DA VIDA",
  "ano": "2016",
  "evento": "XXII - ENCONTRO DE INICIAÇÃO À PESQUISA ",
  "link": "http://uol.unifor.br/oul/conteudosite/?uuid=9D6949F91004588D7C6704F9011F9D681A8D7A1D",
  "conteudo": "XXII Encontro de Iniciação à Pesquisa\nUniversidade de Fortaleza\n17 à 21 de Outubro de 2016\nABORDAGEM DO TEMA “ORIENTAÇÃO SEXUAL” EM UMA ESCOLA DE\nENSINO MÉDIO DE FORTALEZA\n*Vitor Viana da Costa¹ (IC)*, Patrício Autobelly Paulino da Silva¹ (IC), Diogo Queiroz Allen Palacio¹ (IC),\nKássia Cibelle Sena da Silva¹ (IC), Felipe Brasileiro Cavalcante¹ (IC), Heraldo Simões Ferreira¹ (PQ).\n1 – Universidade Estadual do Ceará - Educação Física\nvitorg12ce@hotmail.com\nPalavras-chave: Educação Física escolar; Sexualidade; PCNs.\nResumo\nO conhecimento dos adolescentes sobre métodos contraceptivos e os riscos de relações sexuais\ndesprotegidas deve ser reforçado, incentivando o exercício da sexualidade de forma segura. Os\nParâmetros Curriculares Nacionais, na Educação Física, trazem como tema transversal a ser trabalhado\nnas escolas a \"sexualidade\", garantindo um espaço para o trato com relação às discussões sobre tal\nassunto no âmbito escolar. Assim, o objetivo desta pesquisa foi analisar o conhecimento e a obtenção do\nmesmo, relacionado às DST e ao uso do preservativo masculino em adolescentes de uma escola pública\nde Fortaleza/CE. Utilizou-se um questionário, o qual continha 11 questões, a fim de realizar um\nlevantamento prévio dos conhecimentos dos alunos do Ensino Médio. Os questionários foram respondidos\npor 20 alunos, do sexo masculino, do terceiro ano (Ensino Médio). Para 90% dos entrevistados, o\npreservativo é eficaz na prevenção de doenças e deve ser usado nas várias práticas sexuais; 80% dos\nalunos foram alertados sobre o uso de preservativos na escola, sendo os professores os principais\ninformantes; 65% dos alunos informou ter obtido informações acerca de preservativos e DST pelos pais e\n80% dos entrevistados são incentivados a usar preservativos pelos colegas. Conclui-se que o\nconhecimento dos alunos entrevistados é satisfatório, tendo os alunos mostrado certo domínio sobre o\nmesmo. Notou-se que os alunos adquiriram conhecimento tanto dentro como fora da escola, entretanto, de\nacordo com os resultados aqui vistos, os professores participaram mais nesse processo que os próprios\npais, mostrando a importância de se abordar tal tema em sala de aula.\nIntrodução\nAtualmente, cada vez mais precocemente, os adolescentes estão iniciando suas relações sexuais, ávidos\npor novas experiências e aventuras (OLIVEIRA et. al, 2015). Tal fato torna-se preocupante quando se toma\nconhecimento do não uso de preservativos, a variedade de parceiros e os dados epidemiológicos acerca\ndas doenças sexualmente transmissíveis (DSTs) (BARRETO e SANTOS, 2009). Paiva et al (2008), em sua\npesquisa, menciona o fato de que muitos jovens, no início de suas relações sexuais, não se utilizam de\npreservativos, por diversos fatores como, a possibilidade de acesso, questões de fundo emocional\n(envolvimento com somente um parceiro), até o grau de liberdade e autonomia atingidas nesta faixa etária\n(FREITAS et. al, 2014).\nA adolescência é o período da vida com maior incidência de DSTs (MARTINS et el., 2006) e, de\nacordo com Taquette et al (2004), fatores biológicos, psíquicos e sociais podem aumentar a vulnerabilidade\ndos adolescentes às DST.\nISSN 18088449 1Os adolescentes, em sua maioria, sabem que o preservativo evita doenças e gravidez, mas,\nmesmo assim, muitas vezes, não o usam, por carregarem consigo certas crenças acerca deste. Segundo\nChaves et al (2014), estes adolescentes “carecem de uma educação efetiva e permanente que envolva o\nassunto a fim de adquirir conhecimentos e habilidades, os quais poderão definir mudanças no\ncomportamento sexual (...)”. Por outro lado, Tronco et. al (2012) afirma que em pleno século XXI, ainda\nexiste resistência da sociedade à implementação de projetos e programas voltados para as questões da\nsexualidade e reprodução na adolescência. Cada vez mais, suprir tais adolescentes de conhecimento e\nacima de tudo fazer com que adotem comportamentos seguros em suas relações sexuais, tem se mostrado\num desafio para a educação e a saúde (OLIVEIRA et. al, 2015)\nOs Parâmetros Curriculares Nacionais (PCNs), na Educação Física, trazem como tema transversal\na ser trabalhado nas escolas a \"Orientação Sexual\", garantindo um espaço para o trato com relação às\ndiscussões sobre tal assunto no âmbito escolar (BRASIL, 1998). Os PCNs, ao abordarem o tema, buscam\n“considerar a sexualidade como algo inerente à vida e à saúde, que se expressa no ser humano, do\nnascimento até a morte.” Entretanto, além de mencionar a importância da prevenção das doenças\nsexualmente transmissíveis/AIDS e da gravidez, vale ressaltar, também, que estes se relacionam “com o\ndireito ao prazer e ao exercício da sexualidade com responsabilidade”, que, por muitas vezes, não é\nmencionado, fazendo com que o sexo na adolescência seja visto como vilão. É importante salientar que os\nadolescentes possuem o direito ao acesso a informações e educação em saúde sexual, tendo acesso\ntambém aos meios de que auxiliem a evitar uma gravidez precoce e prevenir-se de DSTs (MAROLA et. al,\n2011).\nA sexualidade na escola é um tema de grande importância, pois a falta de orientação e informação\npor parte dos alunos pode resultar em grande impacto na vida desses, podendo comprometer, assim, seus\nprojetos de vida, afinal, é nessa fase que se encontram os maiores números de casos de DSTs e é nela\nque se deve propiciar a maior quantidade possível de informações a respeito do tema. A influência da\nmídia sobre o assunto, já que frequentemente trata o sexo desprotegido com encantos, diminuindo as\nconsequências que tal ato pode trazer, tornando tudo muito simples e natural, associando isso ao\ndistanciamento da família, assimilação de informações errôneas, pode interferir de maneira negativa no\ndesenvolvimento saudável da sexualidade do indivíduo adolescente (OLIVEIRA et. al, 2015).\nExiste uma enorme lacuna entre o nível de conhecimento e o uso efetivo da camisinha, os quais\nsão, muitas vezes, desconsiderados pelo público aqui mencionado (TAQUETTE et al., 2004). Assim, o\nconhecimento dos adolescentes sobre métodos contraceptivos e os riscos de relações sexuais\ndesprotegidas deve ser reforçado, incentivando o exercício da sexualidade de forma segura. Desta forma,\neste trabalho justifica-se pela necessidade de se obter maiores informações acerca da sexualidade por\nparte dos alunos e suas atitudes frente a este assunto.\nAssim, o objetivo desta pesquisa foi analisar o conhecimento e a obtenção do mesmo, relacionado\nàs DST e ao uso do preservativo masculino em adolescentes de uma escola pública de Ensino Médio da\ncidade de Fortaleza/CE.\nMetodologia\nEsta pesquisa é de natureza básica, ao buscar difundir o conhecimento aqui abordado para a\ncomunidade; com características descritivas, realizando uma investigação direta com os entrevistados, afim de conhecer-lhes algo. Utilizou-se de uma abordagem quantitativa, possibilitando uma análise\nestatística dos dados, expressando-os em números. (LEOPARDI et al., 2001).\nO cenário da pesquisa foi uma escola profissional de Ensino Médio, localizada na cidade de\nFortaleza. A escola pesquisada recebe o Programa Institucional de Bolsas de Iniciação à Docência (PIBID),\nonde o subprojeto de Educação Física da Universidade Estadual do Ceará (UECE) atua, facilitando o\nacesso à pesquisa.\nO conteúdo “Sexualidade” está inserido dentro do plano anual da disciplina de Educação Física da\nescola estudada, assim, utilizou-se um questionário, o qual continha 11 questões objetivas, estruturadas\npróprios autores, a fim de realizar um levantamento prévio dos conhecimentos dos alunos do Ensino Médio\nsobre tal assunto. Os questionários foram respondidos por 20 alunos, do sexo masculino, devidamente\nmatriculados em uma turma do terceiro ano do Ensino Médio.\nOs dados desta pesquisa foram organizados e expressos em tabelas e suas análises todas\nrealizadas através do Excel® 2010 (Microsoft), para Windows por meio da análise descritiva.\nEssa pesquisa foi realizada com base na Resolução 466/12 do Conselho Nacional de Saúde\n(BRASIL, 2012) que estabelece diretrizes para a efetivação de pesquisas com seres humanos. É de\nextrema importância ressaltar que as informações colhidas foram utilizadas exclusivamente para conclusão\ndeste artigo e que os nomes das escolas, bem como os nomes dos respectivos representantes\nentrevistados foram mantidos em sigilo. Além disso, os pais dos alunos entrevistados concordaram em\nassinar o Termo de Consentimento Livre e Esclarecido, e, apenas depois de o assinarem, os alunos foram\nincluídos na pesquisa.\nResultados e Discussão\nNa tabela 1 podem ser vistos os principais resultados desta pesquisa.\nTabela 1 – Conhecimentos acerca de DST e uso de preservativos\nN %\nIdade 16,5 + 0,864\nPreservativo previne contra DSTs\nSim 18 90%\nNão 2 10%\nAs DST são transmitidas através do\nSexo Oral 17 85%\nSexo Vaginal 19 95%\nSexo Anal 19 95%\nDeve-se usar preservativo no\nSexo Oral 11 55%\nSexo Vaginal 19 95%\nSexo Anal 19 95%\nAlertado sobre Preservativos/DST na escola\nSim 16 80%\nNão 4 20%\nQuem alertou na escola?\nProfessores 13 81,25%\nDiretores e Coordenadores 3 18,75%\nOutros Funcionários 0 0Alertado pelos Pais?\nSim 11 55%\nNão 9 45%\nColegas incentivam o uso de\npreservativos?\nSim 14 70%\nNão 6 30%\nOs alunos aqui pesquisados possuíam idade entre 15 e 18 anos de idade, onde a média de idade\nnessa pesquisa foi de 16,5 anos.\nFoi visto que, para 90% dos alunos entrevistados, o preservativo é eficaz na prevenção de doenças\nsexualmente transmissíveis e deve ser usado nas diversas práticas sexuais, (oral, vaginal e anal). Oliveira\net. al (2015) constatou em sua pesquisa que 92,1% dos adolescentes entrevistados afirmou ter\nconhecimento sobre métodos para evitar DSTs na primeira relação sexual.\nTaquette, Vilhena e Paula (2004), os adolescentes em geral sabem que o preservativo evita\ndoenças e gravidez, entretanto, muitos deles, ainda assim, não fazem uso do mesmo. Ainda de acordo com\nos autores citados, há certa “distância” entre reter o conhecimento acerca do preservativo e o seu uso\nefetivo. Além disso, a juventude tem se utilizado de diversos argumentos para não utilizá-lo, dentre estas\nestão o esquecimento e o desprazer sexual.\nNossos resultados mostraram que 80% dos alunos foram alertados sobre o uso de preservativos na\nescola, sendo os professores os principais informantes (81,25%) e, depois, os diretores da escola (18,75%).\nEm nosso país é necessária a discussão sobre aspectos voltados à sexualidade dentro das escolas, a fim\nde envolver a escola e o exterior dela, na tentativa de construir uma certa “realidade”, envolvendo os\naspectos sociais, políticos e ambientais, devendo ser introduzido nas áreas de conhecimentos já existentes\nna escola. (BRASIL, 2000). No país da França, onde a prevalência de AIDS na faixa etária adolescente é\nproporcionalmente três vezes menor do que no Brasil, é obrigatória por lei a realização de atividades de\neducação sexual e a distribuição de preservativos nas escolas (TAQUETTE, 2015)\nPara Moizés e Bueno (2010), a abordagem do tema “sexualidade” pode ser cansativo e custoso,\npor tal assunto carregar tantos “tabus” sobre si, o que torna alguns professores indispostos a abordarem o\nassunto. Porém, vale ressaltar que a escola é um ambiente privilegiado para questionamentos sobre tal\nassunto, pois, muitas vezes, os jovens tem a coragem de fazer certas perguntas que pessoas com outras\nidades não têm.\nNotou-se que 60% dos alunos obtiveram informações acerca de preservativos e DST através de seus pais.\nTal informação mostra que, a maioria dos alunos foram alertados sobre o assunto em casa. Freitas et. al\n(2014) evidenciou em seu estudo uma participação familiar importante na orientação dos adolescentes\nparticipantes de sua pesquisa, onde 80% dos pais dialogam com os filhos sobre os aspectos da\nsexualidade.\nDe acordo com Moizés e Bueno (2010), a falta de uma orientação sexual, principalmente em casa\ne na família impede a obtenção de informações por parte do adolescente e, consequentemente, o mesmo,\npor desconhecimento, fica mais susceptível ao perigo.\nFoi visto que 80% dos entrevistados são incentivados a usar preservativos pelos colegas. Segundo\nSantos e Nogueira (2009), em algumas fases da vida (fases de buscas, enfrentamento, desestruturação,discussão com os pais), os adolescentes procuram por ajuda entre seus amigos e grupos, se identificando\ncom as experiências destes. Neste contexto Mühlbauer e Fujui (2008) enfatizam a necessidade e a\nimportância de uma educação referente a prática sexual no período da adolescência para que estes não\nbusquem informações erradas ou incompletas com amigos ou parceiros que também não detêm\nconhecimento suficiente.\nConclusão\nConclui-se que o conhecimento dos alunos entrevistados é satisfatório, tendo os alunos mostrado\ncerto domínio sobre o mesmo, das formas de contração à prevenção. Notou-se que os alunos adquiriram\nconhecimento tanto dentro como fora da escola, através dos professores, pais e colegas da escola,\nentretanto, de acordo com os resultados aqui vistos, os professores participaram mais nesse processo que\nos próprios pais, mostrando a importância de se abordar tal tema em sala de aula.\nReferência\nBARRETO, A.C.M; SANTOS, R.S. A vulnerabilidade da adolescente às doenças sexualmente\ntransmissíveis: contribuições para a prática da enfermagem. Esc Anna Nery Rev Enferm. 2009;13(4):809-\n16.\nBORGES, A. L. V.; SCHOR, N. Início da vida sexual na adolescência e relações de gênero: um estudo\ntransversal em São Paulo, Brasil. Cad Saúde Pública 2005; 21:499-507.\nBRASIL. Secretaria de Educação Fundamental. Parâmetros Curriculares Nacionais: terceiro e quarto ciclos:\napresentação dos temas transversais. Brasília: MECSEF, 1998.\n________. Secretaria de Educação Fundamental. Parâmetros Curriculares Nacionais: apresentação dos\ntemas transversais: ética. 2. ed. Rio de Janeiro: DP&A, 2000.\nCHAVES, A. C. P; BEZERRA, E. O; PEREIRA, M. L. D; WOLFGANG, W. Conhecimentos e atitudes de\nadolescentes de uma escola pública sobre a transmissão sexual do HIV. Rev. bras. enferm. [online]. 2014,\nvol.67, n.1, pp. 48-53.\nDE OLIVEIRA, L. F. R; DO NASCIMENTO, E. G. C; PESSOA, J. M. Adesão de adolescentes à camisinha\nmasculina. 2015.\nFREITAS, E. P. D; GIAROLA, L. B; PELLOSO, S. M; BERCINI, L. O; HIGARASHI, I. H. Percepção de\nadolescentes sobre a prática sexual na adolescência. 2014.\nMAROLA, C. A. G; SANCHES, C. S. M; CARDOSO, L. M. Formação de conceitos em sexualidade na\nadolescência e suas influências. Psicologia da educação, n. 33, p. 95-118, 2011.\nMOIZES, J. S; BUENO, S. M. V. Compreensão sobre sexualidade e sexo nas escolas segundo professores\ndo ensino fundamental. Rev. esc. enferm. USP [online]. 2010, vol.44, n.1 [cited 2015-08-22], pp. 205-212.\nMÜHLBAUER, J.H; FUKUI, A.M. O profissional de saúde e o planejamento familiar na adolescência.\nUniandrade, 2008.\nPAIVA, Vera et al. Idade e uso de preservativo na iniciação sexual de adolescentes brasileiros. Rev. Saúde\nPública, São Paulo, v. 42, supl. 1, p. 45-53, June 2008.\nSANTOS, C.A.C; NOGUEIRA, K.T. Gravidez na adolescência: falta de informação?. Adolesc Saúde.\n2009;6(1):48-5.\nTAQUETTE, S. R.; VILHENA, M. M.; PAULA, M. C. Doenças sexualmente transmissíveis na adolescência:\nestudo de fatores de risco. Revista da Sociedade Brasileira de Medicina Tropical 37(3):210-214, mai-jun,\n2004.TAQUETTE, S. R; RODRIGUES, A. O; BORTOLOTTI, L. R. Infecção pelo HIV em adolescentes do sexo\nfeminino: um estudo qualitativo. Rev Panam Salud Publica. 2015; 37(4/5): 324–9.\nTRONCO, C. B; DELL'AGLIO, D. D. Caracterização do comportamento sexual de adolescentes: iniciação\nsexual e gênero. Rev Interinst Psicol. 2012.\nMARTINS et al. Fatores associados ao uso de preservativo masculino e ao conhecimento sobre DST/aids\nem adolescentes de escolas públicas e privadas da cidade de SP, Brasil. Caderno de Saúde Pública 2006;\n22 (2): 315-323.\nAgradecimentos\nAgradeço aos companheiros do Grupo de Estudos em Educação Física Escolar (GEEFE) pela\nparceria e pelas experiências."
}