{
  "id": "27484",
  "trabalho": "MONITORIA ACADÊMICA COMO PRÁTICA DOCENTE INICIANTE NA GRADUAÇÃO: UM RELATO DE EXPERIÊNCIA",
  "area": "CIÊNCIAS HUMANAS",
  "ano": "2016",
  "evento": "XVI - ENCONTRO DE INICIAÇÃO À DOCÊNCIA",
  "link": "http://uol.unifor.br/oul/conteudosite/?uuid=EEDFAC8CC9882F001939A22A2D833AC94CB9E463",
  "conteudo": "XVI Encontro de Iniciação à Docência\nUniversidade de Fortaleza\n17 a 20 de outubro de 2016\nMONITORIA ACADÊMICA COMO PRÁTICA DOCENTE INICIANTE NA\nGRADUAÇÃO: UM RELATO DE EXPERIÊNCIA\nCarissa Maria Gomes Veras1(ID)*, Aline Sales Nunes1 (ID), Carlon Washington Pinheiro1(ID), Ledymara\nCunha dos Santos Felix1(ID), Francisca Alice Cunha Rodrigues2 (PO)\n1. Universidade de Fortaleza - Programa de Monitoria Voluntária\n2. Universidade de Fortaleza - Docente do curso de Enfermagem\ncarissaveras@hotmail.com\nPalavras-chave: Monitoria. Docência. Enfermagem.\nResumo\nEntende-se por monitoria uma modalidade de ensino e aprendizagem, que fomenta a formação\nintegrada do aluno nas atividades de ensino, pesquisa e extensão dos cursos de graduação,\nsendo considerada um instrumento que possibilita uma melhoria do ensino e da aprendizagem\ndos alunos (MATOSO, 2014). Trata-se de um estudo descritivo, do tipo relato de experiência,\nrealizado a partir da vivência na monitoria da disciplina de Perinatologia, no curso de graduação\nem Enfermagem da Universidade de Fortaleza (UNIFOR), Fortaleza-CE, no período de Janeiro a\nJulho de 2016. A proposta da monitoria é ser um ambiente de aprendizado para todos os\nenvolvidos; Tem por finalidade aperfeiçoar a formação e melhorar a qualidade do ensino, criando\noportunidades para o desenvolvimento de novas habilidades e o apronfundamento dos\nconhecimentos, sendo estas prática realizadas de diversas formas. Em nossas vivências dentro\ndo programa, os alunos monitores buscaram realizar metodologias ativas, discussões em grupos,\nrevisões teóricas, simulações práticas, leituras, entre outros, a fim de enriquecer e instigar o\nconhecimento dos alunos; Além de dar suporte às aulas práticas e teóricas, auxiliando, quando\nnecessário, na aplicação das provas junto ao professor. Essa prática trás benefícios pessoais,\nacadêmicos e profissionais para o aluno que assume a posição de monitor, para o aluno que\nparticipa da monitoria e para o professor orientador desta prática. Também é uma ótima\noportunidade de vivênciar a docência, com seus pontos positivos e enfrentando as dificuldades.\nNo geral, a monitoria é uma excelente prática de muita relevância para a construção do perfil\nprofissional do aluno.\nISSN 21755396 1Introdução\nDe acordo com Matoso (2014), entende-se por monitoria uma modalidade de ensino e\naprendizagem, que fomenta a formação integrada do aluno nas atividades de ensino, pesquisa e\nextensão dos cursos de graduação (MATOSO, 2014). É considerada um instrumento que\npossibilita uma melhoria do ensino e da aprendizagem dos alunos, pois permite a realização de\ndiferentes metodologias envolvendo prática e teoria integrada à grade curricular de uma\ndeterminada disciplina, respeitando suas peculiaridades, e promovendo uma interação aluno-\nprofessor intensa e de muito aprendizado para ambos (MATOSO, 2014).\nHistoricamente falando, a monitoria não é uma prática nova, esta pode ser vista em\ndiversos formatos e interpretações diferenciadas de ensino durantes o passar dos anos. Ullmann\ne Bohnen (1994) explicam que na Universidade Medieval, quando do desenvolvimento da\nescolástica e de seu método, havia monitores, denominados ‘repetidores’, que reproduziam a\nmatéria desenvolvida por seus mestres (FRISON; MORAES, 2010). Hoje, nas Instituições de\nEnsino Superior (IES), a monitoria tem sido usada frequentemente como uma estratégia de apoio\nao ensino. Pode-se perceber que com a utilização desta modalidade, aqueles alunos que se\nencontram mais familiarizados à um determinado conteúdo podem instruir e orientar seus colegas\nde forma organizada e respaldada por lei, pois a mesma é prevista nos Regimentos das\nInstituições e nos Projetos Pedagógicos Institucionais (FRISON; MORAES, 2010). Com a criação\ndo sistema universitário federal brasileiro, que teve início em 1968, a universidade brasileira\nbuscou um conjunto de normas para regulamentar esse sistema. Foi a lei Federal nº. 5.540, de 28\nde novembro de 1968, que fixou normas de funcionamento do ensino superior e instituiu em seu\nartigo 41 a monitoria acadêmica (BRASIL, 1968).\nO programa de monitoria tem grande importância para todos os envolvidos, principalmente\npara o aluno monitor, que muito além de ganhar um título, ganha no aspecto de sua prórpia\naprendizagem, melhora seu desenvolvimento nas relações intra e interpessoais e vivencia trocas\nde conhecimentos com os professores orientadores. Atuar como monitor permite que o aluno\ninicie o desenvolvimento de suas habilidades na docência, aprofunde seus conhecimentos sobre\naquela determinada temática da disciplina em que se destaca e contribui para a aprendizagem do\naluno usuário do programa. Também, é válido destacar que como monitor, o aluno vivencia alguns\ncontratempos e percalcios da profissão professor, lhe dando assim mais maturidade e\nentendimento. O fato de estar nesta posição ainda como acadêmico, lhe permite ter experiências\ndiferenciadas e únicas, onde o monitor pode se encantar com o fato de conseguir ajudar no\nprocesso de aprendizagem do colega, como também de visualizar que muitas vezes os alunos\napresentam posturas não muito adequadas com os professores (MATOSO, 2014).\nOs alunos que escolhem a monitoria tem o privilégio de ter algumas vivências antecipadas,\nlhe dando assim a oportunidade prévia da descoberta, ou não, da vocação para a docência,\nevitando descontentamentos com as possíveis escolhas futuras em relação a sua carreira. Por\ntodos estes motivos, este estudo tem o objetivo de relatar a experiência de uma monitora dadisciplina de Perinatologia, da graduação em Enfermagem da Universidade de Fortaleza –\nUNIFOR, Fortaleza, Ceará, bem como demonstrar a importância da monitoria, enquanto\ninstrumento de aprendizagem para a formação e desenvolvimento acadêmico do monitor.\nMetodologia\nTrata-se de um estudo descritivo, do tipo relato de experiência, realizado a partir da\nvivência na monitoria da disciplina de Perinatologia, onde, no curso de graduação em\nEnfermagem da Universidade de Fortaleza (UNIFOR), é oferecida aos alunos do quinto semestre.\nTal experiência ocorreu no município de Fortaleza-CE, no período de Janeiro a Julho de 2016,\ncorrespondendo ao semestre 2016.1. O presente trabalho utilizou levantamento bibliográfico.\nForam usados artigos a respeito da monitoria no âmbito acadêmico e sobre a iniciação da\ndocência, bem como artigos disponíveis na base de dados da Biblioteca Virtual em Saúde - BVS e\nScientific Electronic Library Online – SciELO.\nA disciplina de Perinatologia trabalha conhecimentos acerca de políticas públicas,\nprocesso de cuidar em Enfermagem ao parto e puerpério imediato e ao recém-nascido na sala de\nparto, processo de cuidar no alojamento conjunto, intercorrências clínico-obstétricas na gestação,\npuerpério e intercorrências clínicas do recém-nascido. Esta é ministrada por 5 (cinco) docentes,\ncom aulas teóricas e práticas realizadas em laboratório e campo de prática. Esses docentes\nrealizam, também, orientação aos discentes no que dizem respeito às pesquisas bibliográficas,\ntrabalhos científicos, entre outras atividades. Com carga horária equivalente a 15h, créditos 4.4, o\natendimento aos alunos é feito de forma individualizada e coletiva, usando, como ferramenta\nmetodológica, grupos de problematização (GPs), mapas conceituais, leituras, simulados e estudos\nde caso, a fim de enriquecer e instigar o conhecimento dos alunos. Além disso, a monitoria dá\nsuporte às aulas práticas e teóricas, auxiliando, quando necessário, na aplicação das provas junto\nao professor.\nResultados e Discussão\nPara a disciplina de Perinatologia da graduação em Enfermagem da Universidade de\nFortaleza, foram selecionados quatro monitores para o ano letivo de 2016, onde foram aprovados\npor processo seletivo envolvendo prova escrita e entrevista com análise curricular. Das atividades\npropostas para estes monitores, podemos destacar: acompanhar as atividades em sala de aula e\nem laboratório, tirar dúvidas dos alunos em relação aos conteúdos teóricos e práticos, realizar\ndiscussões e reflexões como metodologias ativas para melhorar o aprendizado dos alunos,\nproduzir alguns materias para serem utilizados com os mesmos, orientá-los em relação à\nmateriais de consulta e estudo, e auxiliá-los na correção das atividades propostas, entre outros.\nA proposta da monitoria é ser um ambiente de aprendizado para todos os envolvidos,\nincluindo alunos participantes, alunos monitores e professores orientadores. Tem por finalidade\naperfeiçoar a formação e melhorar a qualidade do ensino, criando oportunidades para o\ndesenvolvimento de novas habilidades e o apronfundamento dos conhecimentos. A monitoriapode ocorrer em diferentes locais, desde salas de aulas à campos práticos, e deve contar com\nplanejamento de atividades, realizadas pelo professor orientador juntamente com os monitores.\nDe acordo com Assis et al. (2006), Faria (2003) e Topping (1996), a monitoria abrange o conteúdo\ncurricular, no qual os conhecimentos ou as habilidades, ou uma combinação de ambos, são\ntrabalhados pelo monitor com um grupo de alunos. Deve haver flexibilidade na condução de\natividades de monitoria entre pares e grupos para que haja troca de experiências e para que o\nesclarecimento de dúvidas ocorra de maneira espontânea, conforme as necessidades dos\nestudantes (MATOSO, 2014).\nEm nossas vivências dentro do programa, os alunos monitores buscaram realizar\ndiscussões com os alunos participantes, trazendo suas considerações, opniões e visões sobre\ndeterminados tópicos para que pudéssemos enriquecer essa troca de conhecimentos. Muitas\nvezes nos encontrávamos em grupos pequenos para que se tivesse um melhor domínio da\nsituação, as vezes em duplas ou trios; em outras vezes tínhamos um grupo maior, onde era\npossível perceber que a dinâmica era mais dificultada, mas ambas surtiam diferentes efeitos\npositivos. Sobre o local, tinhamos a nossa disposição todos os materias necessários em\nlaboratório para realizarmos simulações práticas, facilitando assim a desenvoltura prática dos\nalunos frequentadores da monitoria; outras vezes, utilizávamos sala de aula para revisões de\nconteúdos tóricos. Uma de nossas estratégias era utilizar um vocabulário mais acessível e tentar\nse colocar no lugar do outro, isso facilitava muito nosso acesso aos alunos participantes do\nprograma, fazendo com que antingíssimos nosso principal objetivo que era de ajudá-los na\naprendizagem e fixação de novos conteúdos.\nA principal vantagem de utilizar um aluno como pessoa que auxilia na transmissão do\nconhecimento, como é o caso do aluno monitor, é o fato de que como ele também vivenciou\naqueles ensinamentos e está do mesmo lado que o aluno usuário da monitoria, ele entende as\nreais dificuldades e consegue atingir um vocabulário mais acessível, muitas vezes, fazendo com\nque o entendimento do aluno usuário seja facilitado. O monitor também apresenta uma\nsensibilidade às tenções vividas, como preocupações com provas e inseguranças de agir na\npráica, falta de organização do tempo e acúmulo de atividades, entre outros. Com isso, o monitor\ntem capacidade de ajudar esse aluno com total propriedade, desde que antes seja preparado e\norientado pelo professor orientador. Natário e Santos (2010) afirmam que o monitor é um\nestudante inserido no processo ensino-aprendizagem que se dispõe a colaborar com a\naprendizagem de seus colegas, e que, ao mesmo tempo em que ensina, aprende (NATÁRIO;\nSANTOS, 2010). No entanto, os monitores, em geral, são procurados essencialmente pelos\ncolegas para conferir trabalhos, esclarecer dúvidas e providenciar material para as aulas, segundo\nrelatam Natário e Santos (2010) e as práticas vivenciadas pelas autora e seus colegas monitores.\nPara finalizar, Fortes e Wilges (2015) trazem que a monitoria, em uma visão inovadora,\npode oportunizar uma formação acadêmica contextualizada de acordo com o campo de atuação\ndo aluno-monitor. Esse, por sua vez, dentro do contexto de ensino aprendizagem, auxilia oprofessor orientador nas metodologias que serão aplicadas em sala de aula, conseguindo\nevidente ganho intelectual pessoal, propiciado através das trocas de conhecimentos com o\nprofessor, como também, com os estudantes com quem vai compartilhar as experiências da\nmonitoria e colaborar na aprendizagem (FORTES; WILGES, 2015).\nConclusão\nDe acordo com o exposto acima, podemos observar que o programa de monitoria não é\numa prática recente, que tem sido bem utilizadas pelas Instituições de Ensino Superior, e que é\numa metodologia organizada e respaldada por lei. Nesta metodologia de ensino, um aluno, que\npassa por um processo seletivo e se destacar em uma determinada disciplina, auxilia no\naprendizado de seu colega que ainda irá cursar a mesma. Essa prática trás benefícios pessoais,\nacadêmicos e profissionais para o aluno que assume a posição de monitor, para o aluno que\nparticipará da monitoria e para o professor orientador desta prática. Focando nos benefícios para\no aluno monitor, esta vivência acrescenta muito mais do que uma simples certificação, ela\nfavorece a comunicação, aprofunda os conhecimentos e trás maturidade e profissionalismo para o\nmesmo, além de ser um excelente teste vocacional. Como o próprio professor, o aluno monitor\nenfrenta desafios em suas práticas, mas também descobre estratégias que possam facilitar todo o\nprocesso de aprendizagem. No geral, a monitoria é uma excelente prática de muita relevância\npara a construção do perfil profissional do aluno.\nReferências\nBRASIL. Senado Federal, Lei Federal n.º 5540, de 28 de novembro de 1968.\nFORTES, Carlos Herminio Magalhães; WILGES, Carlos Henrique de Mello. A importância da\nmonitoria no ensino-aprendizagem na disciplina de anatomia animal I. Unicruz, Petópolis, v. 1, n.\n1, p.1-4, jul. 2015.\nFRISON, Lourdes Maria Bragagnolo; MORAES, Márcia Amaral Corrêa de. As práticas de\nmonitoria como possibilitadoras dos processos de autorregulação das aprendizagens discentes.\nPoíesis Pedagógica, São Paulo, v. 8, n. 2, p.144-158, dez. 2010.\nMATOSO, Leonardo Magela Lopes. A importância da monitoria na formação acadêmica do\nmonitor: um relato de experiência. Catussaba: Revista Científica da Escola da Saúde, Mossoró -\nRn, v. 3, n. 2, p.77-83, set. 2014.\nNATÁRIO, Elisete Gomes; SANTOS, Acácia Aparecida Angeli dos. Programa de monitores para o\nensino superior. Estudos de Psicologia, Campinas, v. 3, n. 27, p.355-364, set. 2010.\nAgradecimentos\nNossos agradecimentos à Universidade de Fortaleza pela oportunidade de participar deste evento\ne à orientadora por toda a paciência e dedicação conosco."
}