{
  "id": "27480",
  "trabalho": "TESTE DE TETRAZÓLIO EM SEMENTES DE MILHO COLHIDAS EM DIFERENTES TEORES DE ÁGUA E SUBMETIDAS AO SISTEMA DE TRILHA MANUAL E MECANIZADA",
  "area": "CIÊNCIAS EXATAS E TECNOLÓGICAS",
  "ano": "2016",
  "evento": "XXII - ENCONTRO DE INICIAÇÃO À PESQUISA ",
  "link": "http://uol.unifor.br/oul/conteudosite/?uuid=F1366702F8950C4196C4FC39E7250290DEBF9414",
  "conteudo": "XXII Encontro de Iniciação à Pesquisa\nUniversidade de Fortaleza\n17 à 21 de Outubro de 2016\nTeste de tetrazólio em sementes de milho colhidas em diferentes teores de\nágua e submetidas ao sistema de trilha manual e mecanizada.\nWalisson Marques Silveira¹* (IC), Danilo Roberto Loureiro² (PQ), Carlos Alessandro Chioderoli², Selma\nFreire de Brito³.\n1. Universidade Federal do Ceará – Agronomia.\n2. Universidade Federal do Ceará – Professor do Departamento de Engenharia Agrícola\n3. Universidade Federal do Ceará – Doutorado\nwalisson_silveira@yahoo.com.br\nPalavras-chave: Zea mays. Trilhadora. Umidade de sementes. Danos mecânicos. Teste de tetrazólio\nResumo\nO presente trabalho objetivou-se avaliar características físicas e fisiológicas de sementes de milho colhidas\nem diferentes faixas de umidade e submetidas à debulha manual e mecanizada. O experimento foi\nconduzido na área experimental do Departamento de Engenharia Agrícola da Universidade Federal do\nCeará e no Laboratório de Sementes da UFC. O maquinário utilizado foi uma trilhadora estacionária\nacoplada ao eixo de potência de um trator. Oito espigas eram colhidas aleatoriamente a cada dois dias,\nsendo quatro debulhadas manualmente e as quatro restantes, despalhadas e passadas na trilhadora\nestacionária. As sementes foram divididas em cinco classes, de acordo com a umidade contida nas\nsementes. Foram realizados diversos testes para avaliar a qualidade das sementes, dentre eles, o teste de\ntetrazólio. O delineamento experimental constou de um esquema fatorial 5 x 2 (umidades x trilha), em\nDelineamento Inteiramente Casualizado – DIC. A trilha não foi significativa para o teste de tetrazólio, sendo\nque sementes com umidade de 16,7 a 13,3% obtiveram sementes com o melhor potencial de germinação,\ndiminuindo esse potencial à medida que aumentou-se a umidade de colheita.\nIntrodução\nCom o crescimento da população, as fronteiras agrícolas estão se expandindo a cada momento, fazendo\ncom que se busquem novas tecnologias para possibilitar a otimização no processo produtivo. Para isso, se\nfaz necessário conhecer as características da cultura agrícola que está sendo cultivada, como maquinário\nnecessário, profundidade de semeadura, umidade de colheita, dentre outros. Principalmente no tocante às\ngrandes culturas, em que o uso de maquinário agrícola é fundamental em todas as etapas do cultivo,\nprecisando ter um cuidado melhor, especialmente nas etapas de colheita e beneficiamento. O milho (Zea\nmays L.), é uma das plantas cultivadas de grande importância para o Brasil, sendo cultivado em várias\nregiões do país. A semente é um insumo essencial na agricultura, pois dela provém todo o sucesso\nprodutivo da lavoura e sua qualidade é um dos fatores mais importantes para o sustento de qualquer cultura\nem campo. A umidade de colheita da semente é um fator importante para a qualidade da semente, pois\nquanto mais seco está a semente, menor sua elasticidade, tornando-a vulnerável às injúrias provenientes da\nação dos equipamentos, assim como sementes com maiores teores de água são mais susceptíveis ao\namassamento pelos órgãos ativos de máquinas beneficiadoras (RUFFATO et al., 2001). A debulha do milho\nseja manual ou mecanizada, provoca riscos de danos nas sementes e, por isso, é visto como uma das\ncausas responsáveis pela diminuição da qualidade das mesmas (OLIVEIRA et al. (2005). O teste de\nISSN 18088449 1tetrazólio é bastante utilizado para a determinação da viabilidade das sementes, é utilizado para avaliar o\nvigor, determinar a viabilidade das sementes após tratamentos pré germinativos, danos por insetos e por\numidade, bem como para detectar danos mecânicos de colheita e/ou beneficiamento (BRASIL, 2009). Tem\ncomo princípio colorir os tecidos essenciais para a germinação da semente e aqueles mortos não colorem.\nCom base no exposto, o presente trabalho foi realizado com o objetivo de avaliar a qualidade fisiológica por\nmeio do teste de tetrazólio de sementes de milho colhidas em diferentes teores de água e debulhadas\nmanual e mecanicamente.\nMetodologia\nAs sementes utilizadas no experimento foram produzidas na área experimental do Departamento de\nEngenharia Agrícola do Centro de Ciências Agrárias da Universidade Federal do Ceará, campus do Pici –\nDENA/CCA/UFC, localizado em Fortaleza-Ceará, situado a 27 m de altitude, 3°44'47.16\" latitude Sul e\n38°34'52.20\" longitude Oeste. As análises laboratoriais e de campo das sementes foram realizadas no\nLaboratório de Análise de Sementes - LAS, pertencente ao Departamento de Fitotecnia da UFC. As\nsementes utilizadas na semeadura da área experimental para posterior colheita das espigas foram as da\nvariedade de milho de ciclo super precoce transgênico GNZ 2005 YG, A área semeada foi previamente\nsubmetida a tratos culturais, fitossanitários e adubação. Eram realizadas frequentes irrigações por aspersão\nno local. O maquinário utilizado para a realização do experimento foi uma trilhadora estacionária do modelo\nB 150 P.V Vencedora Maqtron com mecanismo de trilha de barras, acoplada ao eixo de potência de um\ntrator 4x2 do modelo MF 265 da marca Massey Ferguson. Oito espigas eram colhidas periodicamente de\nforma aleatória na área, das quais quatro eram debulhadas manualmente e as restantes, mecanicamente na\ntrilhadora a rotação constante. Logo em seguida, eram medidas as umidades de ambos os métodos de trilha\ne divididas em cinco classes de umidade, de acordo com os teores de água medidos nas sementes sendo\nestes 30,3 a 26,9%; 26,9 a 23,5%; 23,5 a 20,1%; 20,1 a 16,7% e 16,7 a 13,3%. Para a realização do teste de\ntetrazólio, foram avaliadas 2 subamostras com 100 sementes de cada tratamento, onde foram pré\numedecidas por 18 horas com água destilada a uma temperatura constante de 25 ºC e submetidas a um\ncorte longitudinal ao longo do embrião, descartando a outra metade das sementes. Em seguida, as\nsementes foram colocadas recipientes contendo uma solução aquosa de 0,5% de concentração do sal 2, 3,\n5 trifenil cloreto de tetrazólio, deixando as sementes submersas, onde permaneceram, no escuro, por um\nperíodo de duas a seis horas, com temperatura de 30 ºC. O procedimento foi utilizado de acordo com as\nregras para análise de sementes (BRASIL, 2009) e a interpretação dos resultados foi obtida tomando como\nbase os parâmetros utilizados na gravura fornecida por Delouche et al. (1976), onde eram atribuídas notas\nde 1 a 12 de acordo com a germinação, sendo 1 a 6 para as sementes com potencial de germinação e 7 a\n12 para aquelas não germináveis. O delineamento experimental foi o inteiramente Casualizado (DIC), com\ndois fatores (5 teores de água e 2 métodos de trilha).\nResultados e Discussão\nObservou-se que as sementes que foram colhidas com umidades na faixa de 16,7 a 13,3%, obtiveram\nsementes classificadas com o melhor potencial de germinação, decrescendo esse valor à medida que a\numidade de colheita foi maior. Isso pôde ser confirmado quando se observou as notas das sementes que\nsão qualificadas como não germináveis, que tiveram o maior número de sementes com essa classificação\nquando colhidas com a faixa de umidade de 30,3 a 26,9%, diminuindo esse número de sementes não\ngermináveis à medida que foi se reduzindo o teor de água nas sementes, como exposto na tabela 1.\nISSN 18088449 2Confirmando o observado por Araújo (1995), onde verificou-se que a qualidade fisiológica das sementes foi\nmenos prejudicada nas sementes trilhadas com menores graus de umidade.\nTabela 1: Valores obtidos no teste de tetrazólio para as sementes de milho colhidas em diferentes faixas de\numidade: 30,3 a 26,9% (T1); 26,9 a 23,5% (T2); 23,5 a 20,1% (T3); 20,1 a 16,7% (T4) e 16,7 a 13,3% (T5) e\nclassificadas como germináveis (TG) e não germináveis (TNG). Fortaleza-CE, 2015.\nFaixas de Umidade\nVariável DMS1\nT1 T2 T3 T4 T5\nTG 86,50 b 88,75 ab 90,25 ab 93,00 ab 95,50 a 8,78\nTNG 13,50 a 11,25 ab 9,75 ab 7,00 ab 4,50 b 8,78\nMédias seguidas pela mesma letra não diferem estatisticamente entre si pelo teste de Tukey ao nível de 5% de\nprobabilidade.\n1Diferença mínima significativa (DMS) entre as médias de cada faixa de umidade.\nEsses resultados podem ser justificados devido às sementes colhidas com maiores umidades não estarem\nfisiologicamente maduras, fazendo que estruturas essenciais para o desenvolvimento de uma nova planta\nseja afetado, enquanto sementes com menores umidades tiveram suas estruturas reagentes com o sal 2, 3,\n5 trifenil cloreto de tetrazólio coloridas totalmente (FIGURA 1), quando comparadas de acordo com a\nmetodologia utilizada por Delouche et al. (1976). O fator trilha não foi significativo no teste de tetrazólio, mas\npequenos danos nas sementes causados pelo impacto das mesmas na trilhadora podem ter afetado em sua\nqualidade. Isso estaria relacionado ao maior dano mecânico em sementes trilhadas em maiores umidades,\nque também influenciou na germinação.\nFigura 1: Resultados obtidos no teste de tetrazólio: semente com estruturas totalmente coloridas, germinável (a);\nsemente visivelmente danificada, porém colorida e germinável (b); sementes com estruturas essenciais pouco ou\nn ada coloridas, não germináveis (c,d e e).\nFonte: Autor (2015)\nComo observado na imagem acima, sementes aparentemente íntegras fisicamente podem não estar em\ncondições favoráveis de germinação, do mesmo modo, sementes com algum dano visível podem estar com\ncondições fisiológicas de germinação.\nISSN 18088449 3Conclusão\nO tipo de trilha não ocasionou alteração na qualidade fisiológica de germinação da semente, entretanto, o\nsistema de trilha mecanizada mostrou maiores danos nas sementes colhidas com maiores umidades, o que\npode vir a prejudicar sua germinação. O que se confirma no teste de tetrazólio, onde as sementes com\nmenores umidades, principalmente na faixa de 16,7 a 13,3%, se mostraram fisiologicamente em condições\nde germinação.\nReferências\nARAUJO, R.F. Efeito da colheita mecanizada nas perdas quantitativas e qualitativas de sementes de milho\n(Zea mays L.). 103f. Tese (Doutorado) - Universidade Federal de Viçosa, Viçosa. 1995;\nBRASIL, MAPA: MINISTÉRIO DA AGRICULTURA PECUÁRIA E ABASTECIMENTO. Regras para análise\nde sementes. Brasília: DNPV-DISEM. 2009. 399p;\nDELOUCHE, J.C.; STILL, T.W.; RASPET, M.; LIENHARD, M. O teste de tetrazólio para viabilidade da\nsemente. Brasília: AGIPLAN, 1976. 103p;\nOLIVEIRA, M.E.C.; ALMEIDA, F. de A.C; OLIVEIRA, F.M.M.; BARROS NETO, J.J.S.; GOUVEIA, J.P.G. de.\nDanificações em sementes de milho decorrente da debulha e teor de umidade na colheita. Revista de\nBiologia e Ciência da Terra, Paraíba. v.5, n.2, 2005;\nRUFFATO, S.; COUTO, S.M.; QUEIROZ, D.M. Análise de impactos em grãos de milho pelo método de\nelementos finitos. Revista Brasileira de Armazenamento, Viçosa, v.26, n.1, p.21– 27, 2001;\nAgradecimentos\nÀ Universidade Federal do Ceará, ao Departamento de Engenharia Agrícola e ao laboratório de sementes\ndo Departamento de Fitotecnia da UFC.\nISSN 18088449 4"
}