{
  "id": "27492",
  "trabalho": "DA NECESSIDADE DE POSITIVAÇÃO E SISTEMATIZAÇÃO DOS DEVERES FUNDAMENTAIS NA CONSTITUIÇÃO FEDERAL DE 1988",
  "area": "CIÊNCIAS JURÍDICAS",
  "ano": "2016",
  "evento": "XVI - ENCONTRO DE PÓS-GRADUAÇÃO E PESQUISA",
  "link": "http://uol.unifor.br/oul/conteudosite/?uuid=F1206D3BDF9AAE5B411CA8B87CCE9CDF4D5F48A4",
  "conteudo": "XVI ENCONTRO DE PÓS-GRADUAÇÃO E PESQUISA\nUniversidade de Fortaleza\n17 a 20 de outubro de 2016\nDa necessidade de positivação e sistematização dos deveres\nfundamentais na Constituição Federal de 1988.\nJoshua Gomes Lopes1* (PG)\n1Mestrando em Ordem Jurídica Constitucional, Universidade Federal do Ceará (UFC), Fortaleza-CE.\nBacharel em Direito, Universidade Federal do Ceará (UFC). Bolsista CAPES. Orientador: Prof. Dr.\nGlauco Barreira Magalhães Filho\njogomeslopes2@gmail.com\nPalavras-chave: Direito Constitucional. Deveres Fundamentais. Constituição Federal de 1988.\nResumo\nO presente trabalho tem o objetivo de discutir a pouca relevância que os deveres fundamentais\npossuem no âmbito do direito constitucional, especialmente se comparada com a grande ênfase que é dada\nao estudo dos direitos fundamentais. A escassa e assistemática positivação dos deveres fundamentais na\nConstituição Federal de 1988 reflete, além da falta de discussão doutrinária sobre o tema, a gradativa perda\ndos sentidos do dever e da responsabilidade individual do cidadão como promotores do progresso de nossa\nordem jurídica e social. Nesse sentido, visa igualmente resgatar a noção clássica de “cidadania”, que\ncompreendia o indivíduo como um sujeito livre e beneficiário de direitos, mas também detentor de\nresponsabilidade para com a comunidade em que vive e comprometido com os demais indivíduos.\nIntrodução\nDesde a promulgação da Constituição brasileira de 1988, o estudo dos direitos fundamentais\nadquiriu um grau de importância cada vez maior em nossa ordem constitucional objetiva. Com a evolução da\nsociedade e de suas complexas relações, alargaram-se os bens merecedores de tutela e surgiram novas\ndemandas sociais, possibilitando a constante criação de novos direitos.\nNo entanto, o estudo aprofundado dos deveres fundamentais permaneceu, ao longo dos anos,\nignorado pela doutrina constitucional, muito embora seja também elemento indispensável na efetividade dos\ndireitos fundamentais e na formação da verdadeira cidadania. A ausência de discussões contundentes a\nrespeito desse tema e de sua importância dentro de uma ordem jurídica constitucional possibilitou inclusive\numa escassa positivação dos deveres em algumas das mais importantes constituições promulgadas no\nperíodo do Pós-Guerra, como, por exemplo, a Constituição Italiana (1947), a Lei Fundamental da República\nFederal da Alemanha (1949), a Constituição Portuguesa (1976) e a Constituição Espanhola (1978).\nO tema é também muito pouco debatido no direito constitucional brasileiro e a Constituição Federal\nde 1988, apesar de trazer o termo “deveres” em um de seus capítulos, trouxe uma abordagem\nsignificativamente superficial deles, limitando-se a positivar alguns de maneira assistemática. Neste\ncontexto, serão debatidos adiante alguns aspectos jurídicos sobre o assunto.\n1Metodologia\nA metodologia deste trabalho consiste em pesquisa bibliográfica, sendo utilizados livros, artigos de\ndivulgação científica e publicações periódicas cujos temas estejam relacionados à temática dos deveres\nfundamentais, novos direitos e cidadania. Opta-se pela pesquisa qualitativa e exploratória, haja vista ser um\ntema relevante, porém, de escasso material doutrinário e jurisprudencial e de pouca produção científica.\nAcredita-se que o trabalho pode contribuir ao trazer um estudo preliminar sobre os deveres fundamentais.\nResultados e Discussão\nO Direito Constitucional tem, ao longo das últimas décadas, percorrido uma trajetória de intensas\nmudanças, que permitiram elevar a importância do papel da Constituição na ciência jurídica. A\nreconstitucionalização da Europa, após a Segunda Guerra Mundial, produziu um novo modelo de\norganização política, assentada no advento das instituições democráticas.\nDentre essas diversas mudanças, a mais significativa delas é, sem dúvida, o processo gradual de\nreconhecimento e afirmação dos direitos fundamentais, desde o final do século XVIII até os nossos dias.\nSem adentrar na questão de sua fundamentação, parece claro que o crescimento da importância que se dá\naos direitos fundamentais decorre diretamente das inúmeras transformações que teve nossa sociedade nos\núltimos tempos (PÉREZ LUÑO, 1991, p.310).\nA conhecida divisão dos direitos fundamentais em “gerações” mostra justamente a sistematização\nda conquista histórica dos direitos, de acordo com as necessidades específicas que surgiram nas\nrespectivas épocas (BONAVIDES, 2004). Assim se explica a razão da prioridade por liberdade individual na\nEuropa Ocidental do século XVIII, da participação política no século XIX, e por maior igualdade econômica e\nsocial no século XX.\nNo período do Pós-Guerra, a exigência de primazia do valor da dignidade humana na ciência\njurídica, além de representar o declínio do positivismo jurídico, inaugura um novo modelo de constituição,\ndotada de elevada carga axiológica, principiológica, dando ênfase especial à positivação dos direitos mais\nfundamentais do ser humano. Além disso, é fortalecida a dimensão dos direitos humanos no plano\ninternacional com a criação de um sistema próprio de proteção.\nNo Brasil, essa sucessão de transformações instaura-se com o processo de redemocratização e a\npromulgação da Constituição de 1988, marco jurídico e institucionalizador do regime político democrático\npátrio. Com o advento da Carta de 1988, alarga-se o âmbito dos direitos e garantias fundamentais,\nampliando o rol dos direitos civis e políticos e dos direitos sociais e difusos. Ademais, institui o princípio da\naplicabilidade imediata das normas de direitos e garantias fundamentais, reforçando a imperatividade e a\nnormatividade desses preceitos.\nDesde então, o que se vê é o crescimento cada vez mais acentuado de novos direitos, exigências\ncontínuas dos indivíduos e da coletividade, a partir do surgimento de novas demandas e práticas sociais\n(WOLKMER; MORATO LEITE, 2012). O aumento da quantidade de bens considerados merecedores de\ntutela, a titularidade de direitos a sujeitos diversos e a visão do homem como um ser dotado de\nespecificidades - e não um ser genérico e abstrato -, certamente são as maiores razões para esse processo\n(BOBBIO, 2004, p.63).\nA proliferação de novos direitos no contexto do Direito contemporâneo parece ser contínua e\nincontornável. Ainda que haja preocupação constante quanto à concretização dessas novas demandas –\npois “à medida que as pretensões aumentam, a satisfação delas torna-se cada vez mais difícil” (BOBBIO,\n2004, p.60) -, não há como negar que, dado o processo de afirmação histórica anteriormente mencionado,\n2quanto mais a sociedade progride, mais relações e desafios são apresentados ao Direito. Ocorre que, ao\ncontrário do que geralmente se pensa, a proliferação de novos direitos, com a tendência a tornar-se\nexcessiva, revela-se igualmente prejudicial à sociedade e ao indivíduo.\nNa expressão de Hannah Arendt (2012, p.331), a cidadania, após a segunda metade do século XX,\npassa a ser conceituada como o “direito a ter direitos”. Abdica-se, portanto, do conceito clássico de\ncidadania que prescreve direitos, mas também dever e responsabilidade ao cidadão. A ênfase no\nreconhecimento do indivíduo apenas como um sujeito de direitos representa certamente um dos motivos do\ndeclínio moral e cultural de nossa sociedade.\nUma das razões para tal fenômeno está diretamente relacionada ao campo jurídico. A primazia\nquase absoluta da afirmação das posições jurídicas ativas dos particulares ante o Estado resultou numa\nevidente desconsideração dos deveres fundamentais no âmbito do direito constitucional. O escasso\ndesenvolvimento teórico e dogmático dessa espécie normativa é o sinal mais claro dessa rejeição (NABAIS,\n2009, p.15).\nAlém disso, boa parte das atuais constituições da Europa Ocidental foram criadas após a queda de\nregimes totalitários ou autoritários (NABAIS, 2009, p.16). A Constituição Italiana (1947), a Lei Fundamental\nda República Federal da Alemanha (1949), a Constituição Portuguesa (1976) e a Constituição Espanhola\n(1978) são exemplos de textos constitucionais que tratam, de maneira dominante, da dimensão dos direitos\nem detrimento dos deveres.\nNo Brasil, a Constituição Federal de 1988, bastante inspirada nas cartas constitucionais\nanteriormente mencionadas, traz posição semelhante. Ainda que existam menções específicas a deveres do\ncidadão espalhados pelo texto constitucional, como, por exemplo, o dever de proteção ao meio ambiente\n(art. 225) e o dever de assistência, criação e educação dos filhos pelos pais (art. 229), a temática dos\ndeveres parece ter sido totalmente esquecida.\nA situação se agrava ainda mais ao analisar o título do 1º capítulo do Título II da Constituição\nFederal, qual seja “Dos Direitos e Deveres individuais e coletivos”. Não há, em todos os incisos do Art.5º,\nnenhuma menção direta aos deveres fundamentais – exceto aqueles cujo conteúdo está correlacionado a\num determinado direito ou garantia constitucional. Todos os deveres presentes neste artigo surgem em\ndecorrência dos direitos previstos, ou seja, são deveres acessórios a direitos principais.\nHá aqui uma aparente contradição na concepção de cidadão que a Constituição buscou\ndesenvolver. O indivíduo, reconhecido constitucionalmente em suas particularidades, está também\nnecessariamente inserido numa comunidade; possui vínculos sociais que fazem dele um ser livre e ao\nmesmo tempo responsável. Não é possível pensar esse indivíduo a partir de um sistema que confere total\nprimazia – quase exclusividade – a direitos em face de deveres, bem como à liberdade em face da\nresponsabilidade.\nNo século I a.C., Marco Túlio Cícero escreveu uma das mais importantes obras – quiçá a mais\nimportante – sobre os deveres. Escrevendo para seu filho, que estudava à época em Atenas, Cícero (2001,\np.36) relacionava a prática dos deveres pelo cidadão romano a um exercício de virtudes cívicas e morais.\nA natureza humana é composta de uma aptidão inata de conservação, destinada à própria\nsobrevivência do homem e da comunidade (SCRUTON, 2015, p.03). De acordo com Cícero (2001, p.34), o\ncuidado da conservação impõe que o cidadão aja politicamente em defesa dos bens mais imprescindíveis\npara a comunidade, como a preservação da família, a boa-fé nas relações privadas e a justa repartição de\nbens. É dessa atuação que nascem os deveres, que estão diretamente relacionados ao ser político, inserido\nnuma comunidade.\n3Muitos séculos depois, a ação humana enquanto dever parece ter sido dissociada quase\ninteiramente do ser em comunidade. O individualismo e o relativismo invadiram de forma desastrosa a\nconsciência e o agir humano, impedindo que nossa sociedade evolua tanto em sua dimensão individual\nquanto coletiva. De acordo com Bauman, no mundo contemporâneo, as relações humanas estão “sem nós”;\nisso significa que “o único alicerce e a única razão para que a relação continue, como se tem dito, é a\nquantidade de satisfação mútua com ela obtida” (BAUMAN, 2014, p.15 e 16).\nEsse contexto também explica a pouca importância que o estudo dos deveres fundamentais tem\nhoje na ciência jurídica. Relegados a uma visão simplista que os compreende apenas como restrições aos\ndireitos fundamentais, é fato que os deveres carecem de uma previsão mais contundente no regime\nconstitucional. Faz-se adiante uma breve análise conceitual da temática.\nO jurista português Casalta Nabais define os deveres fundamentais como uma categoria jurídico-\nconstitucional “que, como correctivo da liberdade, traduz a mobilização do homem e do cidadão para a\nrealização dos objetivos do bem comum” (NABAIS, 2009, p.64). Entende-se, assim, que a afirmação dos\ndeveres nasce a partir de um contraponto à liberdade do homem, qual seja a responsabilidade. Díaz\nRevorio, em análise à luz da Constituição Espanhola de 1978, afirma que os deveres fundamentais são\n“como todas las conductas o actuaciones que la Constitución impone o dirige formalmente a los individuos o\na los ciudadanos” (DÍAZ REVORIO, 2011, p.279).\nSobre a fundamentação dos deveres, Casalta Nabais (2009, p.56) entende que a força da soberania\nestatal, enquanto estado de direito, tem a prerrogativa de instituir e dar suporte constitucional aos deveres.\nNo entanto, a própria soberania estatal deve limitar-se aos princípios gerais do direito internacional e,\nprincipalmente, pela ideia de dignidade da pessoa humana, fonte ética tanto dos direitos quanto dos deveres\nfundamentais (MAGALHÃES FILHO, 2011, p. 94 e 95).\nA consagração constitucional dos deveres do cidadão – muito embora ainda seja, nas constituições\nda maioria dos países, incipiente – inicia-se com as revoluções liberais no final do século XVIII (NABAIS,\n2009, p.44). Já na Declaração dos Direitos do Homem e do Cidadão de 1789, é possível encontrar algumas\npoucas menções, como, por exemplo, o dever de obediência e o dever de pagar impostos, respectivamente\narts.7º e13º.\nOcorre que a a doutrina liberal do constitucionalismo do fim do século XVIII percebia os deveres em\nestreita associação aos direitos fundamentais. Na verdade, a ideia de dever representaria, sob essa ótica,\numa restrição, ou, como na expressão usada por Vieira de Andrade, um limite imanente ao direito (VIEIRA\nDE ANDRADE, 1983, p.220). Logo, ainda que disseminada a ideia clássica de dever como um aspecto\nconstitutivo (ontológico) do indivíduo, historicamente a consagração dos deveres fundamentais sempre\npermaneceu velada, por se tratarem apenas de elementos normativos correlativos aos direitos.\nConclusão\nDiante do exposto, é possível constatar uma inadequada omissão por parte de nossa Constituição\nFederal e da doutrina constitucional brasileira quanto à temática dos deveres fundamentais e sua\nimportância na fundamentação e no exercício da cidadania.\nO primeiro passo para reparar essa omissão é ampliar a discussão e o estudo sobre os deveres sob\numa perspectiva ética e jurídica. Compreender, inicialmente, que o cidadão é sujeito de direitos, mas\ntambém de deveres.\n4Além disso, a positivação e sistematização dos deveres fundamentais na Constituição Federal se faz\nnecessária, a fim de formar no cidadão a percepção de que sua liberdade é limitada pelo dever e pela\nresponsabilidade que tem para com os demais e para com sua comunidade.\nReferência\nARENDT, Hannah. Origens do Totalitarismo. São Paulo: Companhia de Bolso, 2012.\nBAUMAN, Zygmunt; DONSKIS, Leonidas. Cegueira Moral: a perda da sensibilidade moral na modernidade\nlíquida. Tradução de Carlos Alberto Medeiros.São Paulo: Zahar, 2014.\nBOBBIO, Norberto. A era dos direitos. Tradução de Carlos Nelson Coutinho. Nova Ed. Rio de Janeiro:\nElsevier, 2004.\nBONAVIDES, Paulo. Curso de direito constitucional. 15ª Ed. São Paulo: Malheiros, 2004.\nCÍCERO. Dos Deveres. Tradução de Alex Marins. São Paulo: Editora Martin Claret, 2001.\nCONSTITUIÇÃO DA REPÚBLICA FEDERATIVA DO BRASIL 1988. Disponível em:\nhttp://www.planalto.gov.br/ccivil_03/Constituicao/Constituicao.htm\nDECLARAÇÃO UNIVERSAL DOS DIREITOS DO HOMEM E DO CIDADÃO (1789). Disponível em:\nhttp://www.direitoshumanos.usp.br/index.php/Documentos-anteriores-%C3%A0-cria%C3%A7%C3%A3o-da-\nSociedade-das-Na%C3%A7%C3%B5es-at%C3%A9-1919/declaracao-de-direitos-do-homem-e-do-cidadao-\n1789.html\nDIAZ REVORIO, Francisco Javier. Derechos humanos y deberes fundamentales:Sobre el concepto de\ndeber constitucional y los deberes en la Constitución Española de 1978. Rev. IUS [online]. 2011, vol.5, n.28,\npp.278-310. ISSN 1870-2147. Disponível em:\nhttp://www.scielo.org.mx/scielo.php?script=sci_arttext&pid=S1870-21472011000200013&lng=en&nrm=iso .\nMAGALHÃES FILHO, Glauco Barreira. Hermenêutica e unidade axiológica da Constituição. 4ª Ed. Belo\nHorizonte: Del Rey, 2011.\nNABAIS, José Casalta. O dever fundamental de pagar impostos: contributo para a compreensão\nconstitucional do estado fiscal contemporâneo. Coimbra: Almedina, 2009.\nPÉREZ LUÑO, Antonio Enrique. Derechos humanos, Estado de derecho y Constitución. 4.ed.\nMadrid:Tecnos, 1991.\nSCRUTON, Roger. Como ser um conservador. Tradução de Bruno Garschagen. Rio de Janeiro: Editora\nRecord, 2015.\nVIEIRA DE ANDRADE, J. C. Os Direitos Fundamentais na Constituição Portuguesa de 1976.\nCoimbra:Almedina, 1983.\nWOLKMER, Antônio Carlos; MORATO LEITE, José Rubens. Os “novos” direitos no Brasil: natureza e\nperspectivas: uma visão básica das novas conflituosidades jurídicas. São Paulo: Saraiva, 2012.\nAgradecimentos\nAgradeço o incentivo e apoio da minha Família, do meu orientador, Prof. Glauco Barreira Magalhães Filho,\ndo Programa de Pós-Graduação em Direito da Universidade Federal do Ceará e da CAPES.\n5"
}