{
  "id": "27501",
  "trabalho": "ESTUDO IN SILICO DO ACOPLAMENTO ENTRE O FITOQUÍMICO DICENTRINA E O RECEPTOR AURKA: UM CAMINHO PARA O TRATAMENTO DO HEPATOCARCINOMA",
  "area": "CIÊNCIAS DA VIDA",
  "ano": "2016",
  "evento": "XXII - ENCONTRO DE INICIAÇÃO À PESQUISA ",
  "link": "http://uol.unifor.br/oul/conteudosite/?uuid=CE6C34EDCBAB2EB6661931373B3A338A6066FD38",
  "conteudo": "XXII Encontro de Iniciação à Pesquisa\nUniversidade de Fortaleza\n17 à 21 de Outubro de 2016\nEstudo in silico do acoplamento entre o fitoquímico dicentrina e o\nreceptor AURKA: um caminho para o tratamento do Hepatocarcinoma\nHelyson Lucas Bezerra Braz (IC)¹*, Márcia Machado Marinho (PQ)², Emmanuel Silva Marinho (PQ)³,\n1. Universidade Estadual do Ceará – Curso de licenciatura em química - Bolsista PROMAC/UECE\n2. Universidade Federal do Ceará – Doutoranda em Ciências Farmacêuticas\n3.Universidade Estadual do Ceará – Docente do curso Licenciatura em Química - FAFIDAM-UECE\n*helysonlucasbb@gmail.com.\nPalavras-chave: Bioinformática. Dicentrina. Carcinoma Hepatocelular. AURKA.\nResumo\nCarcinoma Hepatocelular (CHC), tem o menor tempo de sobrevivência de qualquer tipo de câncer e afeta\nmais de 850 mil pessoas em todo o mundo, como a segunda principal causa de mortalidade relacionada\ncom o cancro. O extrato Cissampelos pareira, apresentou a capacidade de provocar a morte de células\ninduzidas ao CHC, assim detectando a dicentrina como princípio ativo desta planta. Porém, ainda é\ndesconhecido o mecanismo de ataque da referida substância. Nesse contexto, o objetivo geral deste\ntrabalho foi buscar e avaliar proteínas e genes que estejam associados ao desenvolvimento do CHC e,\ntestar virtualmente, por método de Docking Molecular com o ligante dicentrina, a fim de verificar um novo\nalvo e ligante para o tratamento desta doença em fase inicial. No desenvolvimento deste trabalho, foi\nconstruída uma rede de interactomas com todos os processos formadores de CHC em fase inicial, após a\npriorização da rede, detectou-se a proteína AURKA como nó principal da rede. Em seguida, analisou-se as\npropriedades físicas e químicas da dicentrina e realizou o atracamento molecular com AURKA no software\nSWIISDOCK. Após gerar 180 atracamentos, selecionou-se apenas o processo 17 por apresentar valor de\naproximação 1,75Å, RMSD - 0,716Å, aptidão plena de -1412.5538kcal/mol e variação de energia livre (ΔG)\nde -6.094kcal/mol, sendo assim, o melhor processo. Pode-se concluir que todos esses procedimentos são\nde grande importância para a busca de novos tratamentos para o CHC, podendo inibir o processo de\ndesenvolvimento do Carcinoma Hepatocelular pela inibição de AURKA e futuramente, facilitar o tratamento\ndesta doença.\nIntrodução\nCarcinoma Hepatocelular\nO carcinoma hepatocelular (CHC) é o câncer primário do fígado, ou seja, o câncer derivado das principais\ncélulas do fígado - os hepatócitos. Como outros cânceres, ele surge quando há mutação nos genes de uma\ncélula que a faz se multiplicar desordenadamente. Essa mutação pode ser causada por agentes externos,\ncomo o vírus da hepatite, ou pelo excesso de multiplicações das células, como a regeneração crônica nas\nhepatites crônicas, o que aumenta o risco de surgimento de erros na duplicação dos genes (GOMES, 2013).\nO CHC tem por característica ser muito agressivo, com altíssimo índice de óbito após o início dos sintomas,\nmais comumente icterícia e/ou ascite. Se for detectado apenas na fase sintomática, o paciente sem\ntratamento tem expectativa de vida média inferior a um mês, sendo que mesmo nessa fase os tratamentos\ndisponíveis são limitados e pouco eficazes (CONTE, 2012).\nAnualmente, o CHC é diagnosticado em mais de meio milhão de pessoas em todo o mundo. Os últimos\ndados estimados revelam 748.300 novos casos de CHC e 695.900 mortes, consequentes a esta doença\nISSN 18088449 1(JAMAN et al., 2015). A principal dificuldade para encontrar tratamentos específicos à doença, é o fato de\nexistir vários processos formadores de CHC, tornando-se complexo a seleção de novos alvos centrais\nresponsáveis por todo seu ciclo de formação no organismo.\nAs plantas são ricas em metabólitos secundários, tais como alcaloides, glicosídeos, taninos, terpenóides e\nflavonoides (SINGH et al., 2013). Cissampelos pareira Linn. (Menispermaceae) é um arbusto trepador que\ncresce em grandes altitudes, localizada na Índia e Brasil. Também chamada de erva parteira por ter sido\nusada no tratamento do sistema reprodutivo feminino, a planta apresenta características adstringente,\nantiespasmódicos, analgésico, antipiréticos e diuréticos. In vitro, o extrato das folhas é responsável por ser\ncardioprotetora, hepatoprotetora, antioxidante e anti-inflamatória (KHARE, 2008). A planta tem essas\ncaracterísticas devido à presença de fitoconstituintes como cissamina, cissamperina, cicloanina e dicentrina\n(SINGH et al., 2013). Em especial, a dicentrina apresenta resultados inibitórios in vitro da multiplicação do\ncarcinoma hepatocelular (SURENDARAN et al., 2011). Porém, não se sabe por onde esse fitoquímico ataca\ne qual é o alvo principal de sua inibição In Vitro.\nO objetivo geral desta pesquisa foi buscar e avaliar proteínas e genes que estejam associados ao\ndesenvolvimento do Carcinoma Hepatocelular e testar virtualmente por método de Docking Molecular com o\nligante dicentrina, a fim de verificar um novo alvo e ligante para o tratamento do CHC em fase inicial.\nMetodologia\nConstrução e identificação de redes de processos biológicos\nPara realização desta análise foi pesquisado todos os genes, proteínas e outros processos biológicos que\nestejam envolvidos no desenvolvimento do CHC, fornecidos pelo NCBI (http://www.ncbi.nlm.nih.gov/) em\nartigos, dissertações e teses totalizando 80 processos encontrados. No portal STRING 10® (http://string-\ndb.org/) foi realizado a construção de um interactoma de todos os processos biológicos encontrados, a partir\nde seus sequenciamentos obtidos pelo Blast (http://blast.ncbi.nlm.nih.gov/blast.cgi), PDB\n(http://www.rcsb.org/pdb/home/home.do) e ZINC (http://zinc.docking.org/), localizando as ligações que\nestejam mais associadas a nós de redes de IPP (interação proteína-proteína) de CHC. Em seguida foi\nselecionado o processo com maior número de ligações, a Aurora A Kinase.\nPreparação do ligante e receptor\nO ligante dicentrina foi obtido pelo PUBCHEM (https://pubchem.ncbi.nlm.nih.gov/) em formato “.mol2”. Com\no Avogadro® foi optimizado sua geometria, e no ACD/ChemSketch® realizou-se análises de propriedades\nmoleculares. Para realização do docking, a molécula foi convertida em “.pdb” no Avogadro®. O receptor\nAurora A Kinase (Código PDB – 4ZS0) foi obtido em formato “.pdb” no Protein Data Bank obtida por difração\nde Raio-X com resolução de 1.70Å. No software Chimera UCSF, foram separados todos os resíduos que\nnão serão utilizados no Docking.\nAtracamento molecular (Docking Molecular)\nApós a preparação do Ligante e receptor convertidos em “.pdb” foi realizado o atracamento no SwiisDock\n(http://www.swissdock.ch/) servidor Web e analisado sua localização por região 3D com valores de X=12,\nY=22 e Z=6 da posição do ligante no receptor, ativando sua função de interação e analisando as posições,\nformas, energia, RMSD e o comprimento de ligação da interação da molécula ao encaixe da proteína.\nISSN 18088449 2Resultados e Discussão\nInteractoma geral\nNeste Interactoma geral (Figura 1), é possível verificar um número bastante elevado de arestas, nós e\nbordas, apresentando uma rede com grau médio de nós estáveis em 30.5, conforme a tabela 1.\nFigura 1: Interactoma geral de todos os processos encontrados para formação de CHC.\nA rede gerada mostrou que as proteínas que estão mais associadas com outros processos são a AURKA\n(78 ligações) e BIRC5 (70 ligações), sendo que AURKA interage com BIRC5 para seu funcionamento,\nmostrando ser a proteína principal da rede gerada. A AURKA é responsável por 85% das ligações de\ndesenvolvimento do CHC (CONTE, 2012). Portanto, foi o processo escolhido para a realização do docking.\nA figura 1, também mostrou o aparecimento de novos processos (nós) e ligações não descritas antes em\nartigos pesquisados a outros tipos de processos desconhecidos, como os nós de ligações PRKCD e\nHJURP, podendo ser outros alvos de estudos para novas pesquisas para tratamento da doença.\nTabela 1: Características da rede geral distribuído pelo software STRING 10.\nPropriedades\nNúmero de nós 91\nNúmero de arestas 1387\nMédio grau de nó 30.5\nCoeficiente de grupo 0.677\nNúmero de arestas esperado 525\nISSN 18088449 3Propriedades Moleculares\nA estrutura optimizada 3D pelo software ArgusLab e propriedades moleculares obtidas por ChemSketch da\ndicentrina é mostrada na figura 2 e tabela 2.\nFigura 2: Estrutura tridimensional da molécula dicentrina.\nAs propriedades moleculares obtidas pelo programa ChemSketch (tabela 2) mostram os dados obtidos\ndesse software que permite construir estruturas moleculares e visualizá-las em 3D, realizar cálculos\ncomplexos, que seria de muita dificuldade com ausências destes e outras características fundamentais para\nanalisar o comportamento da molécula.\nTabela 2: Resultado das propriedades físicas e químicas da molécula dicentrina.\nPropriedades Valores\nFormula molecular C20H21NO4\nMassa molar 33.938.504\nComposição C(70.78%) H(6.24%) N(4.13%) O(18.86%)\nRefração molar 93.61 ± 0.3 cm3\nVolume Molar 267.9 ± 3.0 cm3\nIndice de refração 702.6 ± 6.0 cm3\nTensão superficial 1.615 ± 0.02\nDensidade 47.2 ± 3.0 dyne cm-1\nPolarizabilidade 1.266 ± 0.06 g cm-3\nMassa do monoisótopo 37.11 ± 0.5 10-24 cm3\nMassa nominal 339.147058 Da\nMassa calculada 339 Da\nA modelagem molecular envolve cálculos de parâmetros selecionados para determinar a molécula,\nfornecendo informações sobre suas propriedades, podendo ser divididas em interpolação, extrapolação e\ncálculos computacionais (BRAZ et al., 2015). Portanto, esta molécula apresenta características úteis para\ndocking.\nDocking molecular\nA figura abaixo mostra a estrutura obtida pelo Chimera selecionada a partir de 165 outras\ninterações, essa interação foi selecionada pelo seu valor mínimo de aproximação (1,75Å), RMSD de\n0,716Å, aptidão plena de -1412.5538kcal/mol e variação de energia livre (ΔG) de -6.094kcal/mol, apontando\nISSN 18088449 4regiosseletividade do Carbono (C1) ao resíduo Glicina (GLY 145). Com esse docking bem sucedido, esse\ntrabalho torna-se uma grande contribuição para novos estudos de tratamento desta doença.\nFigura 2: resultado final do encaixe do ligante a proteína.\nConclusão\nA dicentrina, fitoquímico presente na Cissampelos pareira, mostrou-se de fato uma nova promessa de\ntratamento do CHC, agindo pelo o novo alvo de ataque (AURKA) pode agredir toda a rede conectada aos\noutros processos responsáveis pela maioria de conexões de interactomas para a evolução do Carcinoma\nhepatocelular. A nova rede gerada pode contribuir para novas pesquisas, com outros alvos de ataque\nencontrados, podendo aumentar o progresso de tratamento desta doença.\nConcluímos, que os softwares de bioinformática empregados nesta pesquisa, são de grande ajuda para\nprodução de novos fármacos com fins de tratamento de doenças, reduzindo assim os screening iniciais,\npossibilitando uma otimização com relação a tempo e recursos, além de reduzir o uso de animais para\ntestes de reconhecimento de principio ativo.\nReferências\nBRAZ, H. L. B. ; CANDIDO, L. C. S. ; MARINHO, E. S. . Estudo in silico das propriedades de interação entre\nCurcumina e Apolipoproteína E4 (apoE4): O novo alvo de ataque a demência da Alzheimer em condições\niniciais. In: XXI Encontro de Iniciação à Pesquisa, 2015, Fortaleza - CE. Anais XXI Encontro de Iniciação à\nPesquisa. Fortaleza - Ce: UNIFOR, 2015.\nCONTE, Vinício Paride. Carcinoma hepatocelular. Parte 1: considerações gerais e diagnóstico. Arq.\nGastroenterol., São Paulo, v. 37, n. 1, p. 58-67, Jan. 2012 . Disponível em\n<http://www.scielo.br/scielo.php?script=sci_arttext&pid=S0004-28032000000100012&lng=en&nrm=iso>.\nAcesso em 09/08/2016. http://dx.doi.org/10.1590/S0004-28032000000100012.\nGOMES, Marcos António. Carcinoma hepatocelular: epidemiologia, biologia, diagnóstico e terapias. Rev.\nAssoc. Med. Bras., São Paulo, v. 59, n. 5, p. 514-524, 2013. Disponível em\n<http://www.scielo.br/scielo.php?script=sci_arttext&pid=S0104-42302013000500017&lng=en&nrm=iso>.\nAcesso em 09/08/2016. http://dx.doi.org/10.1016/j.ramb.2013.03.005.\nJEMAL A, BRAY F, CENTER MM, FERLAY J, WARD E, FORMAN D. Global cancer statistics. CA Cancer\nJ Clin. Nova York – EUA, 2015.\nISSN 18088449 5KHARE, C. P. Indian Medicinal Plants, Springer Science, Business Media and LLC, New Delhi, Springer\nIndia. 2008.\nSINGH, B. K., PILLAI, K. K., KOHLI, K., HAQUE, S. E. Effect of Cissampelospareira Root Extract on\nIsoproterenol-Induced Cardiac Dysfunction. Journal of Natural Medicine. 2013.\nSURENDARAN, S., ESWARAN, M.B., VIJAYAKUMAR, M., RAO, C.V. In vitro and in vivo Hepatoprotective\nActivity of Cissampelos Pareira Against Carbon-Tetrachloride Induced Hepatic Damage. Indian Journal of\nExperimental Biology. Nova Deli, 2011.\nAgradecimentos\nA Universidade Estadual do Ceará (UECE), em especial Pró-Reitoria de Pós-Graduação e Pesquisa\n(Propgpq), a Pró-Reitoria de Graduação (Prograd) pelo apoio a realização deste trabalho.\nAo Departamento de Medicina da Universidade de São Paulo pela disponibilidade dos Softwares.\nÀ Coordenação de Aperfeiçoamento de Pessoal de Nível Superior (Capes), Fundação do Ministério da\nEducação (MEC), pela concessão de bolsa de estudo como apoio financeiro ao desenvolvimento científico.\nA Universidade de Fortaleza por proporcionar este espaço para a democratização do pensamento cientifico\nISSN 18088449 6"
}