{
  "id": "27517",
  "trabalho": "APLICAÇÃO DA FERRAMENTA 5W2H NO PLANEJAMENTO DE AÇÕES DO ESTÁGIO EXTRA MURAL",
  "area": "(PRÁTICAS DOCENTES) METODOLOGIAS INOVADORAS DE ENSINO/APRENDIZAGEM NO ENSINO SUPERIOR",
  "ano": "2016",
  "evento": "VIII - ENCONTRO DE PRATICAS DOCENTES",
  "link": "http://uol.unifor.br/oul/conteudosite/?uuid=0602EB26E3D4ECCE82712026940482A648F164E4",
  "conteudo": "APLICAÇÃO DA FERRAMENTA 5W2H NO PLANEJAMENTO DE AÇÕES\nDO ESTÁGIO EXTRA MURAL\nPaulo Leonardo Ponte Marques\nLucianna Leite Pequeno\nAntonio Rodrigues Ferreira Junior\nLuiza Jane Eyre de Souza Vieira\nUniversidade de Fortaleza\npaulolpmarques@hotmail.com\nRESUMO\nDesde os tempos mais remotos o planejamento vem orientando a prática de ações voltadas\npara uma efetiva transformação da realidade. O plano de ação é um instrumento que pode\nser orientado com base em ferramentas norteadoras, evitando esquecimentos e a\nimprovisação. Entre estas ferramentas encontra-se o 5W2H, denominado assim por se\nconstituir de perguntas fundamentais para o desenvolvimento de um planejamento (O quê?; Onde?;\nQuando?; Quem?; Por quê?; Como?; Quanto?). Este relato descreve a aplicação desta ferramenta\npor alunos no nono semestre em um campo de estágio do Curso de Odontologia da Unifor. O 5W2H\npossibilitou, com clareza e agilidade, a orientação dos alunos quanto a construção de um\nplano de ação e oportunizou o vislumbre acerca da preparação em uma das áreas de seu\nfuturo trabalho. A organização das ações e as reflexões oriundas desta experiência, pautam\no desenvolvimento da visão de um profissional atento às demandas sociais de sua área de\natuação, bem como denotam a importância da academia como indutora de novas formas\nde pensar as práticas profissionais.\nPalavras-chave: Educação em Odontologia. Saúde Bucal. Técnicas de Planejamento em\nSaúde. Diretrizes para o Planejamento em Saúde.\nINTRODUÇÃO\nO planejamento sempre existiu, desde as mais remotas civilizações. Em meio a\nterras desertas, a transformação de aldeias em cidades se deu a partir do desenvolvimento\niniciado há milhares de anos, tempo em que os colonizadores originais buscavam se\norganizar para desviar a água dos rios a partir de canais e transformar a realidade local\n(MLODINOW, 2015).\nDa idealização de guerras a megaconstruções, esse tipo de ação poderia ser\ndefinido nos dias atuais como uma programação ou projeto, em uma tentativa de evitar aimprovisação e alcançar, a partir de uma série de atividades e requisitos, as metas e\nobjetivos estabelecidos (ROCHA, 2011).\nNa saúde, a área do planejamento engloba desde os processos de formulação de\npolíticas até os modos de organização das práticas (programação) e suas formas de\noperacionalização e avaliação. Enquanto técnica, a programação tem sido relatada como\numa metodologia que visa organizar a oferta de serviços no âmbito local, como em\nunidades de saúde ou instituições, voltado para o enfrentamento de problemas específicos\ne direcionar as ações em grupos populacionais priorizados (TEIXEIRA, 2015).\nConsiderando um contexto cercado por incertezas e a necessidade de mudança\npara transformar e melhorar e as condições que se apresentam, o ato de planejar relaciona-\nse com prever no presente algo que precisa ser executado no futuro. O planejamento é um\ninstrumento utilizado por atores e agentes para intervir na realidade, composta por\nnecessidades sentidas e fatores demográficos, culturais, psicossociais, epidemiológicos.\nNa perspectiva desenvolvimentista e econômica ganhou maior notoriedade frente a\nlimitação dos recursos financeiros disponíveis e o aumento da demanda por diversos tipos\nde serviços públicos (SANTOS NETO et al., 2015).\nNo entanto, as características da organização do trabalho para suprir as\nnecessidades populacionais ainda são marcadas por uma excessiva fragmentação de\ntarefas e continuidade na adoção de atributos administrativos “fayolistas”, os quais orientam\num planejamento centralizado nos níveis superiores de uma organização. Isso gera um\ndistanciamento entre o que se pretende fazer e a execução propriamente dita visto que o\nplanejamento não deve ser tarefa exclusiva de gerentes planejadores e sim compartilhado\npor todos os atores envolvidos (AMARAL; CAMPOS, 2016).\nEntre as ferramentas utilizadas para organizar as ações a serem desenvolvidas no\nâmbito local a construção de um plano de ação mostra-se como um instrumento que pode\nser construído de forma simples, mas não simplória, e ao mesmo tempo inovador. Sem\ndemandar complexos passos metodológicos, esse plano deve considerar os objetivos\npropostos, população a ser beneficiada, a natureza da relação entre os envolvidos e o\ncenário, os procedimentos a serem adotados e o processo de avaliação dos resultados\n(GIL, 2010).\nPara construção de planos de ação, uma ferramenta foi marcada por ter sido\nconsolidada a partir do processo organizativo japonês na recuperação estrutural do período\npós-guerra. Visando uma alta qualidade da produção industrial automobilística, a partir de\navanços conscientes e uma organização que gerasse menor custo, a ferramenta\ndenominada 5W2H foi implantada para minimizar os riscos inerentes a improvisação. Foiexperienciada desde o desenvolvimento de novos produtos até a implementação de\nprocessos de trabalho que revolucionou a indústria (LISBÔA; GODOY, 2012).\nO nome 5W2H tem origem na língua inglesa e é assim denominado por se referir a\ncinco perguntas iniciadas pela letra W (What – O quê? Que ação será executada?; Where\n– Onde será executada a ação?; When – Quando será executada?; Who – Quem? Quem\nirá participar executar a ação?; Why – Por que a ação será executada?) e duas pela letra\nH (How – Como será executada a ação?; e How much – Quanto custa para executar a\nação?). Tem como principal finalidade orientar e possibilitar clareza aos atores que tomarão\na frente na construção de um plano de ação e desta forma evitar descompassos ou\nesquecimentos de elementos fundamentais no desenvolvimento das atividades que visem\na modificação de um estado atual (MARQUES, 2015).\nNo setor saúde essa ferramenta tem sido utilizada para apoiar o processo de\nplanejamento, não somente realizado no nível gerencial, mas sim incluindo os atores e\nsetores estratégicos que compõem os estabelecimentos. Diante da simplicidade de\nutilização, pode ser aplicada em contextos menores e por pessoas sem muita experiência\nno desenvolvimento de planejamento. Estudos indicam resultados positivos na sua\nutilização, incluindo: melhoria da fidedignidade das informações de indicadores, agilidade\nna organização de processos, melhoria da qualidade dos serviços e redução de custos.\n(LIMA; DUTRA, 2010; BOM ANGELO; DEMARCHI; LIMA, 2011; CARLESSO; TAVARES,\n2014).\nDiante destas vantagens e considerando a pouca experiência dos atores quanto ao\nplanejamento de ações, foi proposto aos alunos do nono semestre do Curso de Odontologia\nda Unifor no período 2016.1 a inclusão da referida ferramenta para construção de um plano\nde ação objetivando orientar atividades em um campo de estágio. Este trabalho teve por\nobjetivo descrever a experiência de utilização da ferramenta 5W2H, por alunos do Estágio\nExtra Mural do Curso de Odontologia, em uma Instituição que assiste crianças em\nvulnerabilidade social.\nDESCRIÇÃO DA EXPERIÊNCIA\nEste trabalho descreve a experiência vivenciada com a utilização da ferramenta\n5W2H por uma turma de dez alunos em um campo de prática do Estágio Extra Mural (EEM)\ndo Curso de Odontologia da Universidade de Fortaleza - Unifor. Contemplado na grade\ncurricular do nono semestre e com um quantitativo de oito créditos práticos, o EEM tem por\nobjetivo desenvolver ações de atenção à saúde geral e bucal no âmbito de instituições\npúblicas, privadas e/ou filantrópicas, baseando-se no planejamento aplicado no contextoda promoção de saúde, em parceria com gestores, equipes de saúde e comunidade.\nA partir de pactuação realizada com órgão públicos e privados, a implementação\ndo estágio tem permitido aos alunos uma atuação em unidades de atenção primária à saúde\ndo município de Fortaleza e instituições que atuam com grupos específicos, como idosos,\npuérperas, pessoas com deficiência, nefropatas e crianças desnutridas. No semestre\n2016.1 foi proposta, para uma turma de dez alunos, a adoção da ferramenta para\nconstrução de plano de ação 5W2H, visando planejar e desenvolver ações preventivas em\nsaúde em uma instituição para crianças na primeira infância (de zero a seis anos de idade)\nem condição de vulnerabilidade social.\nAs atividades foram iniciadas após o contato prévio com o coordenador da\ninstituição e pactuação das datas e horários conforme estabelecidos no plano de ensino da\ndisciplina. No primeiro dia de visita à instituição foi realizado o reconhecimento do espaço\nsocial, onde por meio de deslocamento em todos os setores os alunos puderam conhecer\na estrutura física e tecnológica dos ambientes, funcionários, apoiadores voluntários e o\npúblico-alvo. O histórico e o funcionamento da instituição foram detalhados pelo\ncoordenador em um auditório após breve roda de conversa com o grupo de alunos. Com\nreceptividade para acolher propostas inovadoras de intervenção nos participantes, a\ncoordenação incentivou o desenvolvimento de múltiplas atividades de educação em saúde\nvoltadas não somente para as crianças como também para os responsáveis, buscando o\nfortalecimento do vínculo.\nDurante o reconhecimento dos ambientes e a roda de conversa, sob orientação do\ndocente, os alunos fizeram anotações de dados relevantes para subsidiar a construção de\num plano de ação. Com os dados em mãos surgiu o questionamento de como organizar as\nações a serem desenvolvidas identificando os materiais e responsáveis por cada atividade.\nApós discussão, os alunos se limitaram a indicar as atividades que pretendiam realizar, não\nse chegando a um consenso de como organizar as ações de forma que fossem\ncontemplados aspectos relacionadas as limitações temporal, espacial, material e humana.\nCom base em experiência adquirida em gestão em serviços de saúde, o docente\nresponsável pelo grupo propôs a adoção do método 5W2H, apresentando uma figura\nrepresentativa da ferramenta para construção de um plano de ação. Esta figura trazia no\ncentro o nome da ferramenta e um quantitativo de sete setas a partir do centro para explicar\nsimplificadamente o que significava a tradução de cada uma das letras iniciais e respectivas\nperguntas relacionadas: “What - O Quê?, Who - Quem?, Where - Onde?, When - Quando?,\nWhy - Por quê?, How - Como?, How Much - Quanto?”.\nA partir da discussão sobre cada uma das perguntas e possíveis respostas a essesquestionamentos, o grupo fez um detalhamento maior e adaptação de modo que ficasse\nmais claro o entendimento: “What – O que será realizado?; Who – Quem serão os\nresponsáveis pelo o que será realizado e quem será o público-alvo?; Where – Em quais\nsetores as atividades serão realizadas?; When – Em que datas as atividades serão\nrealizadas e qual o tempo a ser utilizado em cada uma delas?; Why – Qual a motivação\ntécnica e científica para realização de cada atividades?; How – De que forma/método as\natividades serão operacionalizadas?; How much – Qual a quantidade de participantes e de\nmateriais necessários para operacionalização das atividades?. Esta última pergunta no\n5W2H original está relacionada também aos aspectos financeiros, no entanto, como os\nmateriais a serem utilizados foram fornecidos integralmente pela universidade, a resposta\na esse questionamento foi simplificada para o quantitativo de materiais e participantes.\nA partir do consenso no grupo, o docente orientou o momento seguinte, que teve a\nfinalidade de construir um quadro explicativo para inserir cada um dos questionamentos em\ncolunas e possibilitar a organização das ideias. Um dos alunos ficou com a\nresponsabilidade de realizar o gerenciamento junto ao plano e comunicar aos participantes\nno decorrer da execução. A partir da primeira pergunta (What) os alunos listaram em linhas\nhorizontais todas as atividades que pretendiam realizar e completaram em cada coluna\ncorrespondente as respostas aos questionamentos, como se fosse um checklist para evitar\nesquecimento dos elementos essenciais que compõem um plano de ação. A partir das\nfichas de cadastro da própria instituição os alunos buscaram informações sociais e\ndemográficas para obter o perfil dos participantes, considerando principalmente a faixa\netária e os aspectos relacionados a alimentação, moradia e responsáveis.\nA partir dessa análise de situação e diante de um perfil social homogêneo, com\ncaracterísticas condizentes à vulnerabilidade social e restrição alimentar, os participantes\nforam divididos em grupos de acordo com as seguintes faixas etárias: 0 a 2 anos, 2 a 4\nanos, 4 a 6 anos, 6 anos ou mais. Isso possibilitou que as atividades fossem direcionadas\nde acordo com o perfil dos participantes. O grupo propôs um total de nove atividades com\nfoco na prevenção e melhoria das condições de saúde bucal, incluindo as seguintes\nmetodologias: roda de conversa (realizada com pais e responsáveis com o foco na saúde\nda criança e os cuidados de higiene pessoal), demonstração de higiene oral com macro\nmodelo, distribuição de folders educativos para os pais e responsáveis (confeccionado pelo\ngrupo de alunos e com foco na técnica de escovação e utilização do creme dental e fio\ndental), contação de histórias e músicas, desenhos para pintura, exibição de filme infantil\nsobre saúde bucal (esses três últimos a partir de arquivos de mídia disponíveis online para\no público em geral e identificados pelos próprios alunos), jogos educativos (quebra-cabeçase caça-palavras criados pelos próprios alunos com ênfase nos itens utilizados para higiene\nbucal), escovação supervisionada, exame bucal clínico para detecção de doenças bucais\n(realizado com espátula de madeira e registrado de acordo com critérios utilizados como\npadrão para classificação de necessidades em saúde bucal, que variam de 0 a 3, sendo o\nprimeiro sem necessidade de qualquer tipo de intervenção clínica e o último com\nnecessidade de intervenção clínica odontológica imediata), tratamento restaurador\natraumático (procedimento restaurador caracterizado pela remoção de tecido cariado\namolecido por meio de instrumentos manuais e restauração do elemento dentário com\ncimento a base de ionômero de vidro, material com capacidade de liberar flúor na cavidade\noral).\nPara cada atividade proposta os alunos buscaram o suporte em referencial teórico\nque buscava justificar o porquê (Why) da sua indicação para o grupo em específico. Esse\nreferencial foi concentrado em artigos e livros dos campos de Saúde Coletiva e\nOdontopediatria utilizados como referência no Curso de Odontologia. Essa etapa foi\ncriteriosamente acompanhada pelo docente, visto que a proposição de atividades fora do\nalcance da percepção e participação de crianças e responsáveis impossibilitaria o sucesso\nde acordo a finalidade proposta. Por solicitação da própria coordenação da instituição o\ngrupo buscou atividades que privilegiassem aspectos lúdicos com o foco no brincar,\nespecialmente para contrapor as difíceis condições a que os participantes estão sujeitos\nquando da vivência no cotidiano. Além disso, proposição de atividades que possibilitassem\numa maior interação entre os próprios participantes e seus responsáveis e familiares,\nvisando o fortalecimento do vínculo familiar.\nCom o objetivo de realizar várias atividades simultaneamente, o grupo selecionou\ndiversos ambientes (Where) disponíveis na própria instituição, incluindo: recepção, sala de\nleitura, espaço cinema, espaço teatro e escovódromo. Para operacionalização das\natividades nas datas agendadas (When) os alunos foram divididos em duplas e\nvisualizaram os responsáveis (Who). Previamente a realização das atividades os alunos\nutilizaram o plano de ação para relembrar as etapas de como (How) seriam desenvolvidas\nas metodologias para as atividades e o quantitativo (How much) de material a ser utilizado\nde acordo com a quantidade de participantes prevista. Um total de 48 crianças em condição\nde vulnerabilidade social assim como os respectivos pais/responsáveis foram assistidos.\nRESULTADOS E DISCUSSÃO\nA ferramenta 5W2H facilitou a construção do plano de ação para o desenvolvimento\nde atividades na instituição, possibilitando melhor clareza e maior nível de detalhamentodas ações quando comparado com semestres anteriores. Entre os fatores que podem ter\nfacilitado a adesão dos alunos destaca-se o nome da ferramenta, que por si só denota\ncuriosidade em busca do significado, dificultando qualquer tipo de inferência sobre o seu\nsignificado. As metodologias ativas promovem autonomia das estudantes, pois os\nencaminham a reflexões propiciadoras de aprendizagem, concatenando teoria e prática de\nforma mais efetiva (BERBEL, 2011).\nUm outro fator evidenciado foi a facilidade para realização do método,\nespecialmente por se tratar de questões relacionadas aos aspectos operacionais após a\natividade de reconhecimento do espaço social e a atuação em grupo, permitindo o\nenvolvimento de todos os alunos. Este aspecto se tornou evidente com a utilização da\nferramenta, pois a participação dos alunos na experiência contemplou a exigência para o\nplanejamento tornar as ações efetivas. Neste âmbito, a questão motivacional ganha\nimportância quando se observa a reduzida efetividade de planejamentos onde há uma baixa\nintenção dos participantes na mudança de comportamento (HAGGER; LUSZCZYNSKA,\n2015).\nBuscando essa transformação, o primeiro passo é realizar a análise de situação.\nFundamental em qualquer tipo de planejamento em saúde, deve ser tomada como ponto\nde partida para possibilitar a identificação, descrição e explicação dos problemas de saúde\nde uma determinada população, objetivando identificar as necessidades sociais e\ndeterminar as prioridades. Essa caracterização, de acordo com variáveis demográficas,\nsocioeconômicas e culturais, permite a discussão e planejamento de ações de acordo com\no perfil da população a ser assistida (TEIXEIRA; VILABOAS; DE JESUS, 2010).\nReconhece-se que nem todos as intervenções planejadas são capazes de serem\nincorporadas a longo prazo, tornando-se rotina para um melhor seguimento dos resultados,\nespecialmente quando se trata de ações educativas com perspectiva de mudanças\ncomportamentais nos próprios participantes e na instituição (HAGGER; LUSZCZYNSKA,\n2015). O fácil entendimento do método pode ser encarado como um ponto positivo para o\ndesenvolvimento das práticas, o que possibilitou a construção de um mapa de atividades\ncom ações coletivas e individuais, que permitiram o alcance dos objetivos pedagógicos das\natividades, bem como o desenvolvimento do relevante papel social da academia na\ncomunidade em que está inserida. O planejamento em educação superior deve considerar\na perspectiva da responsabilidade social da instituição, bem como orientar as práticas\npedagógicas para a vivência da mediação de necessidades e possibilidades (D'ÁVILA,\n2011).\nPercebeu-se que apenas a indicação de atividades a serem realizadas não erasuficiente para garantir uma boa exequibilidade das ações, e que outras perguntas também\ndeveriam ser respondidas para facilitar o processo de organização. Para isso, os docentes\nauxiliaram o gerenciamento e controle das atividades executadas por meio da técnica\nutilizada no desenvolvimento e gestão do projeto. Nesta perspectiva tempo e recursos\nmateriais foram poupados, com agilização do processo preparação prévia das atividades.\nA proposta de intervenção para crianças, separadas por faixas etárias, e responsáveis\nreduziu a improvisação e facilitou a participação dos envolvidos. No entanto, os discentes\ntiveram dificuldade em formular as soluções, talvez pelo distanciamento entre teoria e\nprática, que ainda pode ser encontrado na academia.\nNesse sentido, Pereira e Oliveira (2013) resgatam a importância do profissional\natuar no processo saúde-doença na coletividade, considerando as dimensões econômica,\nsocial e política que rompam com uma atuação biomédica exclusivamente voltada para\nassistência. Para tal, deve superar grandes desafios que envolvem criatividade e senso\ncrítico para planejar novas formas de intervenção. Estratégias de orientação na formação\nde estudantes de graduação no nordeste brasileiro consideram que vivências externas ao\ncampus universitário permitem aprendizagem significativa em uma experimentação com a\nrealidade dos serviços de saúde. Isso permite uma aprendizagem ampliada de temas\nimportantes, com correlação de saberes e práticas, permitindo a participação ativa dos\nalunos como protagonistas no processo (LEAL et al., 2015).\nEspecificamente, o planejamento de atividades educativas em saúde bucal deve\nter como objetivo o aumento no nível de conhecimento não somente para as crianças, mas\ntambém para os responsáveis, visto que toda a família deve se responsabilizar higiene\nbucal destas. A adoção de hábitos comportamentais na infância desempenha um papel\nimportante no estilo de vida durante toda a vida. Desta forma um programa educacional\nenvolvendo todas a família terá mais consistência quanto a continuidade de novos hábitos\nem casa em uma perspectiva de empoderamento na promoção da saúde (CASTILHO et\nal., 2013; TEIXEIRA et al., 2014).\nO reconhecimento do porquê (why) da realização das atividades possibilitou\nreflexão sobre as condições familiares, especialmente quanto a ocupação, renda e nível\neducacional. Estudo de Paula et al. (2012) explicitou que a influência dos valores familiares\nse relaciona com os cuidados de saúde oral em crianças, tendo um forte impacto negativo\nem famílias com piores condições socioeconômicas. Especialmente em uma condição de\nvulnerabilidade social, o nível educacional dos pais ganha extrema relevância, visto que a\npercepção destes sobre as condições de saúde bucal podem interferir diretamente na\nadoção de hábitos saudáveis por seus filhos.Quanto aos tipos e quantitativos (how much) de recursos estimados para realização\ndas atividades a ferramenta possibilitou aos alunos que refletissem sobre a utilização\ndessas tecnologias. No entanto, a ferramenta não permite um detalhamento de como esses\nmateriais serão identificados e quantificados, pois cabe aos atores que constroem o\nplanejamento especificar os materiais a serem utilizados de acordo com os tipos de\natividades de público-alvo.\nO estágio se constituiu como uma atividade consolidada e efetiva dentro do Curso\nde Odontologia, colaborando para firmação e reconhecimento da vontade de ser cirurgião-\ndentista entre os alunos. O campo de práticas foi totalmente aberto e propício para o\ndesenvolvimento de um ótimo trabalho, sendo apoiado pela excelente estrutura da\nuniversidade. Oportunizaram-se aulas importantes com foco na atuação do cirurgião-\ndentista no serviço público, especialmente em áreas com grande vulnerabilidade social. A\nexperiência nos serviços de saúde situa os alunos no seu futuro campo de atuação,\nevitando que os mesmos apenas imaginem como as ações acontecem na realidade e a\nimportância do bom posicionamento do cirurgião-dentista para melhoria geral das\ncondições de saúde bucal da população, e não apenas da melhoria bucal. No entanto,\npercebeu-se a necessidade de maior dedicação aos estudos e interesse pela disciplina em\nalguns discentes, nos levando a refletir sobre a necessidade de utilização de novas práticas\ndidáticas, inclusive com uso da tecnologia, para melhorar a aproximação do aluno com o\nconteúdo.\nCONCLUSÃO\nA ferramenta adotada possibilitou, de forma rápida, a orientação dos alunos quanto a\nconstrução de um plano de ação para realização de atividades a serem desenvolvidas no\ncampo de prática. Também propiciou maior embasamento destes acerca da importância do\nplanejamento em saúde para o desenvolvimento de ações, contribuindo para a efetivação\ndas metas propostas. A prática oportunizou o vislumbre dos discentes acerca de uma das\náreas de seu futuro trabalho e como o processo de inserção do cirurgião-dentista nos\nserviços de saúde, pode ser facilitado com a utilização de ferramentas de planejamento\ncomo o 5W2H. As reflexões oriundas desta experiência, pautam o desenvolvimento da\nvisão de um profissional atento às demandas sociais de sua área de atuação, bem como\ndenotam a importância da academia como indutora de novas formas de pensar as práticas\nprofissionais.REFERÊNCIAS\nAMARAL, M. A. CAMPOS, G. W. S. Organização do trabalho e gestão do cuidado em\nsaúde: uma metodologia de cogestão. In: In: VECINA NETO, G.; MALIK, A. M. Gestão em\nSaúde. 2ed. Rio de Janeiro: Guanabara Koogan, 2016. p.72-83.\nBERBEL, N. A. N. As metodologias ativas e a promoção da autonomia de estudantes.\nSemina: Ciências Sociais e Humanas, Londrina, v. 32, n. 1, p. 25-40, 2011.\nBOM ANGELO, M. L.; DEMARCHI, T. M.; LIMA, E.C. Análise crítica dos indicadores:\nexperiência de implantação em um hospital público. Revista de Administração em Saúde,\nv. 13, n. 53, p. 207-212, 2011.\nCARLESSO, F.; TAVARES, R. G. Diagrama de Ishikawa e 5W2H como ferramentas de\ngestão da qualidade em laboratórios de análises clínicas. Revista Brasileira de Análises\nClínicas, v. 46, p.74-79, 2014.\nCASTILHO, A. R. F.; MIALHE, F. L.; BARBOSA, T. D. S.; PUPPIN-RONTANI, R. M.\nInfluência do ambiente familiar sobre a saúde bucal de crianças: uma revisão\nsistemática. Jornal de Pediatria, v. 89, n. 2, p. 116-123, 2013.\nD'ÁVILA, C. Interdisciplinaridade e mediação: desafios no planejamento e na prática\npedagógica da educação superior. Conhecimento & Diversidade, Niterói, n. 6, p. 58–70,\n2011.\nGIL, A. C. Como elaborar projetos de pesquisa. 5ª Ed. São Paulo: Atlas, 2010. 184 p.\nHAGGER, M. S.; LUSZCZYNSKA, A. Implementation intention and action planning\ninterventions in health contexts: State of the research and proposals for the way forward.\nApplied Psychology: Health and Well‐Being, v. 6, n. 1, p. 1-47, 2014.\nLEAL, J. A.L.; MELO, C. M.M.; VELOSO, R. B. P; JULIANO, I. A. New reorientation spaces\nfor healthcare education: students’ experiences. Interface, v. 19, n. 53, p. 361-371, 2015.\nLIMA, H. O.; DUTRA, E. C. R. O gerenciamento de Riscos na Saúde-aplicação na atenção\nhospitalar. Revista de Administração Hospitalar e Inovação em Saúde, n. 5, p. 87-90,\n2011.\nLISBÔA, M. G. P.; GODOY, L. P. Aplicação do método 5W2H no processo produtivo do\nproduto: a joia. Iberoamerican Journal of Industrial Engineering, Florianópolis, SC,\nBrasil, v. 4, n. 7, p. 32-47, 2012.\nMARQUES, S. M. F. Implantação do programa de acreditação de serviços de saúde: a\nqualidade como vantagem competitiva. 1 ed. Rio de Janeiro: MedBook, 2015. 208 p.\nMLODINOW, L. De primatas a astronautas: a jornada do homem em busca do\nconhecimento. 1 ed. Rio de Janeiro: Zahar, 2015. 392 p.\nPAULA, J. S.; LEITE, I. C.; ALMEIDA, A. B.; AMBROSANO, G. M.; PEREIRA, A. C.;\nMIALHE, F. L. The influence of oral health conditions, socioeconomic status and home\nenvironment factors on schoolchildren's self-perception of quality of life. Health and quality\nof life outcomes, v. 10, n. 1, p. 1-8, 2012.\nPEREIRA, I.C.; OLIVEIRA, M.A.C. O trabalho do agente comunitário na promoção da\nsaúde: revisão integrativa da literatura. Revista brasileira de enfermagem, v. 66, n. 3, p.\n412, 2013.\nROCHA, J.S.Y. Da Cendes ao PlanejaSUS – Teoria e prática do planejamento em Saúde\nno Brasil. In: IBAÑEZ, N. ELIAS, P.E.M. SEIXAS, P.H.D. Política e Gestão Pública em\nSaúde. São Paulo: Hucitec Editora: 2011. p. 55-74.\nSANTOS NETO, J. A. et al. Planejamento e Programação em Saúde. In: PEREIRA et al.\n(org.) Gestão Pública em saúde: fundamentos e práticas. Águas de São Pedro: Livronovo,\n2015. p. 139-170.\nTEIXEIRA, C. F.; VILASBOAS, A. L. Q.; DE JESUS, W. L. A. Proposta metodológica para o\nplanejamento no Sistema Único de Saúde. In: TEIXEIRA, C. F. Planejamento em saúde:\nconceitos, métodos e experiências. Salvador: EDUFBA, 2010. p. 51-76.\nTEIXEIRA, C.F. Produção Científica na Área de Política, Planejamento e Gestão em Saúde1975-2010: temas e teorias. In: BAPTISTA, T. W. D. F.; AZEVEDO, C. S.; MACHADO, C. V.\nPolíticas, planejamento e gestão em saúde: abordagens e métodos de pesquisa. Rio de\nJaneiro: Editora Fiocruz, 2015. p. 81-114.\nTEIXEIRA, M.B., CASANOVA, A. OLIVEIRA, C.C.M. ENSGTROM, E.M. BODSTEIN, R.C.A.\nAvaliação das práticas de promoção da saúde: um olhar das equipes participantes do\nPrograma Nacional de Melhoria do Acesso e da Qualidade da Atenção Básica. Saúde em\nDebate, v. 38, n. spe, p. 52-68, 2014.\nISSN 2179-4332\nAGRADECIMENTOS\nAo Instituto da Primeira Infância do Ceará."
}