{
  "id": "27529",
  "trabalho": "CULTURA DE SEGURANÇA DO TRABALHO: O ESTADO DA ARTE",
  "area": "CIÊNCIAS EXATAS E TECNOLÓGICAS",
  "ano": "2016",
  "evento": "XXII - ENCONTRO DE INICIAÇÃO À PESQUISA ",
  "link": "http://uol.unifor.br/oul/conteudosite/?uuid=C938166775BFC4656B12CFEA0BEA0482565A81FA",
  "conteudo": "XXII Encontro de Iniciação à Pesquisa\nUniversidade de Fortaleza\n17 a 21 de Outubro de 2016\nCULTURA DE SEGURANÇA DO TRABALHO: O ESTADO DA ARTE.\nGabriel de Mello e Lima¹* (IC), Raphael Pires de Souza² (PQ)\n1. Universidade de Fortaleza – PROBIC/FEQ. gabriel.mello.15@hotmail.com\n2. Universidade de Fortaleza – Curso Engenharia Civil; Engenharia Mecânica; Engenharia Produção.\nPalavras-chave: Cultura de segurança. Estado da arte. Engenharia de segurança do trabalho.\nResumo\nNas teorias clássicas da segurança do trabalho como a “Teoria do Dominó” de Heinrch (1959) os atos\ninseguros, apresentam-se como uma das causas preponderantes para a ocorrência do acidente do\ntrabalho. Segundo o professor Antônio Fernando Navarro antes dos quase acidentes, ocorrerem desvios\nreferentes à cultura das pessoas e da empresa. Assim seria possível relacionar à ocorrência dos acidentes\na cultura de segurança existente na empresa e vivenciada pelos colaboradores. O estudo buscou construir\num Estado da Arte sobre a temática Cultura de Segurança. Para tanto foi realizado um estudo bibliográfico\nno qual se deteve em quatro aspectos para o desenvolvimento do trabalho. Foram eles, definição dos\ndescritores, localização dos bancos de pesquisas, estabelecimento de critérios para a seleção do material e\ncoleta do material de pesquisa, selecionado junto ao sistema Comutação Bibliográfica (COMUT) ou\ndisponibilizados eletronicamente. Foram analisadas 22 (vinte e duas) obras das quais se verificou que a\nmaioria está voltada para o campo das ciências; mais de 50% (cinquenta por cento) apresentam em seu\ntítulo a expressão “segurança no trabalho”; a maioria foi desenvolvida na região sudeste, mas as regiões\nnordeste e sul vêm em seguida em número de publicações o que nos incentiva a continuar com essa\nproposta de trabalho e, por fim, pudemos constatar que os artigos científicos são a forma mais utilizada\npelos pesquisadores. Esperamos poder somar na construção do conhecimento e beneficiar a comunidade\nacadêmica em geral, assim como possibilitar uma melhor compreensão acerca da temática.\nIntrodução\nO Estado da Arte, também comumente chamado de Estado do Conhecimento, é uma das vertentes da\nprodução acadêmica científica de mais valia, constituindo um apanhado acerca do conjunto das obras\nrelevantes já escritas sobre um determinado assunto. Isso faz com que os pesquisadores, professores e\nestudantes tenham um ganho de tempo significativo ao sondarem o vasto campo da internet e bancos de\nbases e periódicos por algo que já foi pesquisado, levantado e catalogado. Facilitando, assim, a\ncontinuidade dos estudos acerca do tema de maneira sintética e objetiva.\nA pesquisa no Estado da Arte pode ser erroneamente classificada como uma pesquisa bibliográfica, mas é\nnecessário entender, antes de tudo, que segundo Romanowski (2006) “Esses trabalhos não se restringem a\nidentificar a produção, mas analisá-la, categorizá-la e revelar os múltiplos enfoques e perspectivas.” Ela nos\nleva a pensar em quais as contribuições destas publicações para a área, assim como sua pertinência. Isso\nse faz necessário uma vez que o fruto deste trabalho será gozado pelos próximos alunos da Universidade\nde Fortaleza, assim como os profissionais da área de Segurança e toda a comunidade acadêmica,\nconforme afirma Pereira (2005) “Nossas pesquisas não são voltadas para objetos, mas para sujeitos.”\nISSN 18088449 1Essa compreensão do estado de conhecimento sobre um tema, em determinado\nmomento, é necessária no processo de evolução da ciência, afim de que se\nordene periodicamente o conjunto de informações e resultados já obtidos,\nordenação que permita indicação das possibilidades de integração de diferentes\nperspectivas, aparentemente autônomas, a identificação de duplicações ou\ncontradições, e a determinação de lacunas e vieses. (SOARES Apud. FERREIRA,\n2002).\nO estado da arte hoje pode ser considerado o desafio de conhecer o que já foi construído e produzido por\npesquisadores a partir de levantamento e de avaliação do conhecimento sobre determinado tema. É,\nportanto, uma metodologia que possibilita catalogar pesquisadores que desenvolvem pesquisas em\ndeterminada área do conhecimento. A nosso ver, essa proposta ajuda no desenvolvimento de novas\npesquisas, pois torna mais fácil aos novos pesquisadores ter acesso às referências bibliográficas.\nDa mesma forma, podemos considerar a cultura da segurança que na contemporaneidade tem sido\ndiscutida com maior intensidade devido às dificuldades trazidas pelas empresas decorrentes de acidentes\ndo trabalho. Acreditamos que a prevenção dos acidentes dentro das organizações tem contribuído para o\ndesenvolvimento de medidas técnicas de controle dos riscos. Essa concepção influencia a prática da cultura\nde segurança na formação do comportamento das empresas que estão mais sensíveis e voltadas para a\ngênese e prevenção dos acidentes. Ao levar em conta essas reflexões é possível perceber a relevância de\nestimular nos estudantes a importância dos posicionamentos teóricos sobre a cultura da segurança em\ntodos os campos profissionais especialmente no campo das engenharias.\nEm geral, os estudos sobre cultura de segurança têm dois objetivos principais:\ncaracterizar a cultura de segurança e identificar os principais fatores que permitem\navaliá-la. Os resultados desses estudos revelam que as empresas com menos\nacidentes apresentam uma maturidade da cultura de segurança mais avançada.\nEstas culturas são caracterizadas por fatores como, por exemplo, o\ncomprometimento da direção da empresa, o envolvimento dos empregados e a\nexistência de uma boa comunicação sobre segurança (SILVA; LIMA Apud.\nGONÇALVES FILHO; ANDRADE; MARINHO, 2011).\nMetodologia\nA proposta metodologia para a construção do Estado da Arte sobre a temática Cultura de Segurança\nutilizou-se de um estudo bibliográfico no qual se deteve em quatro aspectos para o desenvolvimento do\ntrabalho. Foram eles, definição dos descritores, localização dos bancos de pesquisas, estabelecimento de\ncritérios para a seleção do material e coleta do material de pesquisa, selecionado junto ao sistema\nComutação Bibliográfica (COMUT) ou disponibilizados eletronicamente.\n1. Definição dos descritores para direcionar as buscas a serem realizadas:\nForam utilizados os descritores “cultura de segurança”, “cultura de segurança do trabalho” e “cultura\nsegurança”. Não podíamos abranger mais o uso de descritores para manter a especificidade do corpus do\nestado da arte; as pesquisas acerca da Cultura de Segurança do Trabalho no Brasil, englobando o\nISSN 18088449 2conteúdo produzido nos últimos anos. Foram percebidas muitas aparições de periódicos científicos\ntratando-se da “Cultura de Segurança Hospitalar”, referente ao trato aos pacientes. Além deste, muitos\ntrabalhos ligados à “Cultura Organizacional” também surgiram, o que dificultou um pouco a análise dos\nartigos, dado a interdisciplinaridade dos assuntos envolvidos nesses dois campos e a relação mútua dos\ndois assuntos.\n2. Localização dos bancos de pesquisas, teses e dissertações, catálogos e acervos de bibliotecas,\nbiblioteca eletrônica que possam proporcionar acesso a coleções de periódicos, assim como aos textos\ncompletos dos artigos:\nA pesquisa bibliográfica foi feita por intermédio da busca eletrônica de artigos indexados nas bases de\ndados Scientific Electronic Library Online (SciELO), Periódicos Capes, Biblioteca Virtual da Pearson,\nMinhaBiblioteca, EBSCO Host, Google Acadêmic, Repositório Científico de Acesso Aberto de Portugal\n(RCAAP), Repositório da Universidade do Minho – Portugal (RepositoriUM) e no Portal de Periódicos da\nUNIFOR – Universidade de Fortaleza.\n3. Estabelecimento de critérios para a seleção do material que compõe o corpus do estado da arte:\nEsta pesquisa tem por objetivo sondar e traçar o perfil de toda a produção científica brasileira referente à\nCultura de Segurança do Trabalho, nos períodos de 2004 até 2015, com exceção de uma obra datada de\n1996 e outra de Portugal. Foram analisadas 22 (vinte e duas) obras, abrangendo teses e dissertações,\nartigos, publicações, etc. Os principais parâmetros adotados para a escolha dos materiais catalogados\nforam à proximidade com o corpus do Estado da Arte em Cultura de Segurança do Trabalho e a bibliografia\nutilizada para compor os mesmos.\n4. Coleta do material de pesquisa, selecionado junto às bibliotecas de sistema COMUT ou disponibilizados\neletronicamente (matriz em ordem cronológica):\nAutor Título\nAZEVEDO, Fausto Antônio de; SOUSA, Clélia A Necessidade de uma Cultura da Segurança.\nMaria Vasconcelos de; NEVES, Eldiberto (1996)\nFagundes.\nGANDRA, João Jorge; RAMALHO, Wanderley; Cultura de Segurança: Potenciais e Limites na\nMARQUES, Antônio Luiz. Prevenção dos Acidentes. (2004)\nFISHER, Daniela. Um Modelo Sistêmico de Segurança do Trabalho.\n(2005)\nQUELHAS, Adriane Domingues. Desenvolvimento de uma Cultura de Segurança\nTotal: um Estudo de Caso em Indústria Automotiva\nna Região Sul Fluminense. (2006)\nSILVA, Diogo Côrtes. Um Sistema de Gestão da Segurança do Trabalho\nAlinhado à Produtividade e à Integridade dos\nColaboradores. (2006)\nMENDES, Jussara Maria Rosa; Elementos Para uma Nova Cultura em Segurança\nWÜNSCH, Dolores Sanches. e Saúde no Trabalho. (2007)\nPONTES, Luiz Carlos de Souza; HONÓRIO, Luiz Cultura de Segurança do Trabalho: o Caso de uma\nCarlos. Grande Metalúrgica Produtora de Equipamentos\npara a Construção. (2008)\nPONTES, Luiz Carlos de Souza. Cultura de Segurança e Suas Implicações Na\nPrevenção de Acidentes do Trabalho: Estudo de\nCaso em uma Empresa do Setor Metalúrgico.\n(2008)\nISSN 18088449 3RICHERS, Rosane Schmalz. Cultura de Segurança: Estudo Exploratório em\nOrganização com Sistema OHSAS de Gestão da\nSaúde e Segurança do Trabalho. (2009)\nCARDOSO, Samuel. Modelo de Prevenção de Acidentes na Construção.\n(2009)\nOLIVEIRA, Otávio José de; OLIVEIRA, Alessandra Gestão da Segurança e Saúde no Trabalho em\nBizan de; ALMEIDA, Renan Augusto de. Empresas Produtoras de Baterias Automotivas: um\nEstudo para Identificar Boas Práticas. (2010)\nCEMBRANEL, Priscila; SMANEOTO, Cecilia; Acidentes de Trabalho e a Saúde do Trabalhador:\nLOPES, Luis Felipe Dias; FABRÍCIO, Adriane. a Importância do Desenvolvimento de uma Cultura\nde Segurança. (2011)\nFILHO, Anastácio Pinto Gonçalves; ANDRADE, Modelo para a Gestão da Cultura de Segurança do\nJosé Célio Silveira; MARINHO, Marcia Mara de Trabalho em Organizações Industriais. (2011)\nOliveira.\nFILHO, Anastácio Pinto Gonçalves. Cultura e Gestão de Segurança no Trabalho em\nOrganizações Industriais: Uma Proposta de\nModelo. (2011)\nBRIDI, Marcelle Engler. Protocolo de Avaliação de Práticas de Gestão da\nSegurança e Saúde no Trabalho na Construção\nCivil. (2012)\nMOTTA, Flávia Ataíde da. A Cultura de Segurança do Trabalho na Área de\nProdução Industrial. (2012)\nCAMPOS, Dário Castro; DIAS, Márcio Carlos A Cultura de Segurança no Trabalho: Um Estudo\nFerreira. Exploratório. (2012)\nSILVA, Priscilla Moser. Cultura de Segurança no Trabalho: Estudo de Caso\nno Setor da Construção Civil. (2012)\nMARCELO, Everaldo A. G. de. Cultura de Segurança do Trabalho – Uma\nAbordagem Interdisciplinar. (2013)\nCANTALEGO, Danielly Manhães; FILHO, Cid Cultura de Segurança: um Diagnóstico à Luz da\nAlledi; QUELHAS, Osvaldo Luiz Gonçalves. Gestão participativa e do Diálogo. (2015)\nMELO, Luiz Antonio; SILVA, José Jorge de Freitas; A Cultura de Segurança como Resultado de um\nGALDINO, Jonas; QUELHAS, Osvaldo Luís Processo de Liderança Eficaz. (data indisponível)\nGonçalves.\nPINTO, Nelson Guilherme Machado. Cultura da Segurança do Trabalho em uma\nEmpresa de Transporte Coletivo Urbano de Santa\nMaria – RS. (data indisponível)\nRegião Sudeste Região Sul\nRegião Nordeste Portugal\nAcreditamos que ao disponibilizar os títulos dessa maneira oferecemos aos pesquisadores especialmente\naos iniciantes maior facilidade ao procurar os dados referentes ao Estado da Arte voltados para o tema em\nquestão. Neste sentido, compreendemos ser este estudo relevante para os pesquisadores em geral.\nResultados e Discussão\nRealizaremos uma análise preliminar dos artigos a seguir; O tipo de produção científica predominante foi o\nArtigo Científico, num total de 13 (treze) obras, representando 59.1% (cinquenta e nove ponto um por cento)\ndo total, em seguida obtivemos 4 (quatro) Dissertações de Mestrado 18.2% (dezoito ponto dois por cento), 3\n(três) Teses de Doutorado 13.6% (treze ponto seis por cento) e, por fim, 2 (duas) Monografias, que\nrepresentaram 9.1% (nove ponto um por cento) da totalidade das obras produzidas. Esses dados mostram\ncomo os artigos científicos podem ajudar em muito a formação acadêmica dos futuros profissionais.\nDas publicações analisadas 9 (nove) obras 40.9% (quarenta ponto nove por centro) foram oriundas de\nISSN 18088449 4universidades ou faculdades, 5 (cinco) textos, aproximadamente 22.7% (vinte e dois ponto sete por cento),\nforam publicadas em revistas científicas, as publicações restantes, 8 (oito), 36.6% (trinta e seis ponto seis\npor cento), foram apresentadas em simpósios, encontros e congressos.\nReferente aos títulos em seu contexto os dados mostram que quase 60% (sessenta por cento), ou seja, 13\ntítulos colocam como evidência a segurança no trabalho, o que nos parece pertinente para chamar a\natenção do leitor sobre a importância da segurança na sociedade moderna e no espaço de trabalho.\nConforme já foi explicado a metodologia deste estudo, devido ao uso de descritores específicos durante a\npesquisa bibliográfica e o uso de parâmetros pré-definidos para a escolha dos artigos, não obtivemos\ntemáticas muito divergentes do tema central “Cultura de Segurança do Trabalho”. Apesar disso, o que se\ndiferiu foram as problemáticas e as metodologias encontradas ao longo dos artigos; enquanto alguns artigos\ntrouxeram uma problemática de caráter mais teórico e descritivo acerca da Cultura de Segurança do\nTrabalho, obtivemos também artigos que se utilizaram da abordagem de procedimentos metodológicos e\nteorias aplicadas à realidade através de estudos de caso nos mais diversos setores da produção. Dessa\nforma podemos observar a aplicação prática dessas metodologias e como esses cases nos ajudam a\nentender melhor os desafios da implementação da Cultura de Segurança do Trabalho no dia-a-dia.\nDo estudo verificou-se que das 22 (vinte e duas) obras pesquisadas, 41 (quarenta e um) autores estavam\ndistribuídos nas publicações, destes, 26 (vinte e seis) eram do sexo masculino e 15 (quinze) do sexo\nfeminino. O que nos mostra um percentual menor que 50% com referência as publicações de autoras do\nsexo feminino. Essa realidade pode estar relacionada ao trabalho que nas publicações estavam mais\nvoltados para o campo das ciências tecnológicas.\nDentre os autores, existiram nomes como os de QUELHAS, Osvaldo Luís Gonçalves; FILHO, Anastácio\nPinto Gonçalves; PONTES, Luiz Carlos de Souza; BRIDI, Marcelle Engler; QUELHAS, Adriane Domingues;\nestavam na elaboração de mais de um trabalho acadêmico ou sendo citados como referências para outros\ntrabalhos. Além deles, os autores mais citados durante a conceituação de Cultura de Segurança do\nTrabalho foram REASON, J.; LEE, T.; KRAUSE, T. R.; COOPER, M. D.; CHIAVENATO, I.; GELLER, E.\nScott.; Isso nos mostra que, apesar de termos grandes nomes colaborando com a expansão da temática da\nCultura de Segurança do Trabalho no Brasil, ainda estamos atrás na produção científica quando\ncomparados à autores internacionais. Encontramos, então, mais um motivo para provermos material\nbibliográfico e proporcionar a contínua produção acadêmica de qualidade para a área da Segurança do\nTrabalho no Brasil.\nPor fim, vale citar ainda que a presença da produção científica sobre o assunto dividida entre as regiões do\nBrasil é estabelecida pela região Sudeste, São Paulo 4, Rio de Janeiro 5, Minas Gerais 2, somando 11\n(onze) trabalhos e equivalente a 50% (cinquenta por cento) de todos os artigos, seguido da região Sul, 4 no\nRio Grande do Sul e 1 no Paraná, com 5 (cinco) trabalhos produzidos, o que equivale a 22.7% (vinte e dois\nponto sete por cento) da produção científica, e a região Nordeste ficando em terceiro lugar, 4 na Bahia e 1\nem Pernambuco, com 5 (cinco) obras publicadas sobre o assunto, representando 22.7% (vinte e dois ponto\nsete por cento) do total. Apresenta-se ainda 1 (um) artigo internacional de Portugual, equivalente a 4.5%\n(quatro ponto cinco por cento) de todas as obras catalogadas durante o estudo.\nISSN 18088449 5Conclusão\nApós agregar o maior número de informações possíveis e proporcionar base para os trabalhos futuros\nacerca da Cultura de Segurança do Trabalho, este trabalho foi uma espécie de prólogo do imenso campo\ncientífico ainda não explorado na área de Segurança do Trabalho e, principalmente, na implementação de\numa Cultura de Segurança nos setores de produção e também nos engenheiros atualmente em formação\nque serão futuros gestores do nosso país. Esperamos poder ter alcançado nosso objetivo de não somente\nsintetizar, mas também analisar toda a produção científica acerca da Cultura de Segurança do Trabalho no\nBrasil, com a finalidade de “preparar o terreno” para novas linhas de pesquisa, o uso de novas metodologias\nacadêmicas e a valorização da importância da Segurança do Trabalho a nível cultural nos brasileiros.\nA contribuição das obras analisadas ainda é pequena em número, mas muito bem fundamentada no que se\npropuseram a fazer. Não pudemos deixar de citar os grandes nomes da pesquisa científica na área de\nSegurança do Trabalho do Brasil, e de traçar o atual perfil da produção científica na área, na atualidade,\nque tem se intensificado desde 2010.\nPor fim, nosso desejo é de que os próximos alunos e profissionais da área a darem continuidade à temática\npossam ter o espírito descrito por Demo (2000) quando diz que “A pesquisa inclui sempre a percepção\nemancipatória do sujeito que busca fazer e fazer-se oportunidade, à medida que começa e se reconstitui\npelo questionamento sistemático da realidade. Incluindo a prática como componente necessário da teoria, e\nvice-versa, englobando a ética dos fins e valores.”\nReferências\nROMANOWSKI, Joana Paulin. As pesquisas denominadas do tipo “Estado da Arte” em educação.\nDiálogo Educ., Curitiba, v. 6, n.19, p.37-50, set./dez. 2006.\nPEREIRA, Potiguara Acácio. O que é pesquisa em educação? São Paulo: Paulus, 2005.\nDEMO, Pedro. Educar pela Pesquisa. 4 ed. Campinas, SP: Autores Associados, 2000.\nFERREIRA, NORMA SANDRA DE ALMEIDA. As pesquisas denominadas “estado da arte”. Educação &\nSociedade, ano XXIII, nº 79, p. 257-272. Agosto. 2002.\nGONCALVES, Edwar Abreu. Manual de segurança e saúde no trabalho. 3. ed. São Paulo: LTr, 2006.\nGONÇALVES FILHO, Anastácio Pinto; ANDRADE, José Célio Silveira; MARINHO, Marcia Mara de Oliveira.\nCultura e gestão da segurança no trabalho: uma proposta de modelo. Gest. Prod., São Carlos, v. 18, n.\n1, p. 205-220, 2011.\nNAVARRO, Antonio Fernando. O Triângulo dos acidentes do trabalho: Uma evolução histórica.\nIndeterminado. Fonte: www.scribd.com/antoniofernandonavarro\nAgradecimentos\nAgradeço ao Prof. Me. Raphael Pires de Souza pelo apoio na construção do referido estudo, a Fundação\nEdson Queiroz / UNIFOR pelo apoio através da bolsa PROBIC/FEQ e a Universidade de Fortaleza por\nincentivar a pesquisa ainda no espaço da graduação. Esperamos que a pesquisa: A construção da cultura\nde segurança do trabalho na formação dos discentes de engenharia do CCT, que deu origem ao referido\nestudo possa se desenvolver com base nos dados ora apresentados.\nISSN 18088449 6"
}