{
  "id": "27530",
  "trabalho": "ANÁLISES FÍSICO-QUÍMICAS EM MÉIS DA ABELHA APIS MELÍFERA PRODUZIDOS NA REGIÃO NORDESTE DO BRASIL",
  "area": "CIÊNCIAS EXATAS E TECNOLÓGICAS",
  "ano": "2016",
  "evento": "XXII - ENCONTRO DE INICIAÇÃO À PESQUISA ",
  "link": "http://uol.unifor.br/oul/conteudosite/?uuid=2E951482854FD870658A9A7F05F45C07E6EC8672",
  "conteudo": "XXII Encontro de Iniciação à Pesquisa\nUniversidade de Fortaleza\n17 à 21 de Outubro de 2016\nAnálises físico-químicas em méis da abelha Apis melífera produzidos na\nRegião Nordeste do Brasil\nCamila Ribeiro dos Santos Gomes ¹²*, Micaelle Ribeiro dos Santos Gomes 34*, Euciene de Brito Cipriano34*,\nRenata Almeida Farias34*, Maria da Conceição Tavares Cavalcanti Liberato (PQ)\n1. Universidade Estadual do Ceará – Inicianção Científica UECE (IC)\n2. Universidade Estadual do Ceará – Curso de Biologia Licenciatura Plena\n3. Universidade Estadual do Ceará – Curso de Química Licenciatura Plena\n4. Universidade Estadual do Ceará – Bolsista voluntária (IC)\ncamila-bio-05@bol.com.br\nPalavras-chave: Análises físico químicas. Méis.\nResumo\nO mel é um produto natural produzido por abelhas a partir de sacarínicos de plantas e/ou néctar de flores. É\numa substância viscosa que contém várias substâncias, dentre elas compostos fenólicos, vitaminas e\nsubstâncias antioxidantes utilizadas tradicionalmente em uso terapêutico. Após ser extraído, o mel passa por\ndiversas modificações que afetam a sua qualidade. O objetivo deste trabalho foi analisar a qualidade e\ncaracterísticas físico-químicas do mel proveniente da região nordeste do Brasil. Na pesquisa foram\nproduzidas análises físico-químicas (quantitativas e qualitativas) de dois méis de mesa, de marca popular. O\nprimeiro, chamado C7, obtido em Fortaleza no estado do Ceará, com florada silvestre. O segundo, chamado\nC8, obtido em Picos no estado do Piauí, com florada marmeleiro e angico de bezerro; sendo ambas da\nabelhas Ápis mellifera. Os dados dos resultados físico-químicos foram verificados pela análise de Fiehe, o\nqual detecta a presença de HMF (Hidroximetilfurfural), produzido a partir da reação de alguns açúcares com\nácidos, esse resultado indica a qualidade no mel, pois quanto mais elevado for o teor de HMF, menor será o\nvalor nutricional do mel. A reação de Lund baseia-se na precipitação de proteínas natural do mel pela ação\ndo ácido tânico. O teste de umidade, é feito pelo método refratométrico de Chatoway. Resultados acima de\n20% indica alto teor de umidade provocando fermentação. As características físico-químicas devem estar\nadequadas de acordo com a legislação vigente, segundo a ANVISA.\nIntrodução\nO mel é produzido pelas abelhas a partir do néctar das flores, que combinam substâncias específicas, as\nquais armazenam até o seu amadurecimento nos favos nas colmeias, sendo assim considerado um produto\nnatural. A composição do mel depende da composição do néctar da origem botânica. Apresenta\ncaracterísticas específicas do procedimento de sua obtenção, podendo ser alterado pelo transporte e\nmanuseio do mesmo (MARCHINI; MORETI; OTSUK, 2005). A utilização do mel ocorre desde os tempos\nremotos, sendo um produto muito apreciado pela sua variedade de sabores e aromas, além do uso\nterapêutico: antibacteriano, anticárie, antibiótico, anti-inflamatório, antimicrobiano, energético, bioestimulante,\ncicatrizante e imunoestimulante (LORENTE; CARRETERO; MARTÍN, 2008). O mel é amplamente\nconsumido no mundo, pois, constitui um alimento rico em nutrientes para a alimentação e saúde. (FINCO;\nMOURA; et al. 2010)\nA Comissão Nacional de Normas e Padrões para Alimentos (Resolução-CNNPA nº 12, de 1978), estabelece\nque o mel de mesa, tenha as seguintes características físico-químicas:\nTabela 1: Características físico-químicas de acordo com a CNNPA.\nREAÇÕES VALORES CONFORME A CNNPA\nLund MÁX. 3,0 mL e MÍN. de 0,6 mL de ppt de proteínas\nFiehe NEGATIVO para HMF\nUmidade < 20%\nISSN 18088449 1FONTE: http://www.anvisa.gov.br\nDesta forma o presente trabalho teve como objetivo identificar estas propriedades físico-químicas e\nconsequentemente a qualidade nos méis de abelha do estado do Ceará e do Piauí.\nMetodologia\nAs amostras C7 e C8 foram analisadas através das seguintes reações:\nReação de Lund\nFigura 1: triplicata das amostras C7 e C8 na reação de Lund.\nFonte próprio autor\nÉ um teste quantitativo, no qual foi pesado 2,0 gramas das amostras C7 e C8, diluídas em 20,0 mL de água\ndestilada em uma proveta de 50,0 mL. Foi adicionado em ambas 5,0 mL da solução de ácido tânico 0,5%.\nAdicionado novamente a água até completar 40,0 mL na proveta. Agitado e posteriormente deixado em\nrepouso por 24 horas, o teste foi feito em triplicata (CRUZ-GARCIA C. H. et al, 1999). Na presença de mel\npuro forma-se um precipitado protéico de 0,6 a 3,0 mL, na presença de mel adulterado haverá ausência de\ncorpo de fundo ou será desprezível sua quantidade. Um depósito acima de 3,0 mL mostra que o mel é de\nmá qualidade (Resolução-CNNPA nº 12, de 1978).\nReação de Fiehe:\nANTES DEPOIS ANTES DEPOIS\nFigura 3: Amostras C7 (a esquerda) C8 (a direita) antes e após a reação de Fieche.\nFonte o próprio autor\nÉ um teste qualitativo. Foi pesado 5 gramas das amostras C7 e C8 em um béquer de 50,0 mL. Adicionado\n5,0 mL de éter etílico PA. e agitado. Transferido a camada etérica para um tubo de ensaio e deixado o éter\nevaporar a temperatura ambiente. Adicionado ao resíduo 5 gotas de solução clorídrica de resorcina.\n(FINCO; MOURA; et al. 2010). Se o teste fosse positivo, após 5,0 a 10,0 minutos, apareceria uma coloração\nvermelha intensas e sendor negativo não apareceria mudança na coloração. (Resolução-CNNPA nº 12, de\n1978).\nISSN 18088449 2Reação de Umidade:\nA determinação de umidade do mel foi realizado pelo método refratométrico de Chatoway, utilizando uma\ngota das amostras C7 e C8 no refratômetro de Abbe, foi possível determinar o índice de refração do mel que\nfoi convertido para um conteúdo de umidade, através de uma tabela de referências (tabela de Chataway) a\nqual fornece a concentração como um índice de refração a 20°C. (MARCHINI; MORETI; OTSUK, 2005)\nResultados e Discussão\nAs amostras C7 e C8 apresentaram os seguintes resultados:\nTabela 2: Resultados obtidos nos testes com o mel C7 e C8\nREAÇÕES C7 C8\nMédia: Média:\nLund 1,9 mL 1,8 mL 2,0 mL 1,1 mL 0,9 mL 0,9 mL\n1,9 mL 0,96 mL\nFiehe POSITIVO: vermelho claro POSITIVO: vermelho claro\nUmidade 19% 18,6%\nFONTE: próprio autor.\nOs resultados mostraram que o mel C7, no teste de Lund apresentou uma média de proteína própria do mel\nprecipitada de 1,9mL. O teste de Fiehe apresentou coloração vermelho claro evidenciando resultado positivo\npara a presença de Hidroximetilfurfural, e o teste de umidade, resultou em 19%. O mel C8, para o teste de\nLund indicou a presença de proteína própria do mel precipitada de 0,96mL. O teste de Fiehe apresentou\ncoloração vermelho claro, evidenciando resultado positivo para a presença de Hidroximetilfurfural, e uma\numidade de 18,6%.\nConclusão\nAs amostras de mel C7 e C8 analisadas no teste de Lund e Umidade indicaram uma boa qualidade,\npois possuíam um precipitado e uma porcentagem respectivamente dentro dos padrões estabelecidos\npela ANVISA. No teste de Fiehe as amostras, apresentaram quantidade de HMF irrisória e pode-se\nconcluir que o mel foi armazenado em boas condições.\nÉ importante percebermos que o mel consumido pela população seja como alimento ou de uso\nterapêutico pode ser ou não adulterado, possuir péssima ou ótima qualidade seguindo os critérios\nestabelecidos segundo a Anvisa (Resolução-CNNPA nº 12, de 1978).\nReferências\nhttp://www.sbfgnosia.org.br/Ensino/analise_mel.html\nhttp://www.agricultura.gov.br/arq_editor/file/camaras_setoriais/Mel_e_produtos_apicolas/agenda_MEL.pdf\nANTONIO, J. C.; TIECHER, A. Avaliação de adulterações em méis produzidos no Município de Itaqui.\nIn: Simpósio de Segurança Alimentar, 5., 2015, Bento Gonçalves. Anais. .. Porto Alegre: UFRGS, 2015.\np. 1-4.\nANVISA-Agência Nacional de Vigilância Sanitária. Resolução CNNPA nº 12, 1978. Disponível em:\nhttp://www.anvisa.gov.br/legis/resd/12_78.pdf acesso em: 21 Ago. 2016.\nFINCO F. D. B. A.; MOURA L. L.; et al. Ciência e Tecnologia de Alimentos : Propriedades físicas e\nquímicas do mel de Apis mellifera L., São Paulo. p. 716- 712. 2010. Disponível em: <\nhttp://www.scielo.br>. Acesso em 19 ago. 2016.\nGARCIA-CRUZ, C. H.; et al. Determinação da qualidade do mel. Alimentos e Nutrição Animal, p. 23-35,\n1999.\nISSN 18088449 3LORENTE, M. G.; CARRETERO, C. L.; MARTÍN, R. A. P. Sensory attributes and antioxidant capacity of\nspanhish honeys. Journal of Sensory Studies, v.23, p. 293-302, 2008.\nMARQUES, M. S. AVALIAÇÃO DA QUALIDADE FÍSICO-QUÍMICA DO MEL COMERCIALIZADO EM\nSANTO AUGUSTO- RS. In: Mostra Nacional de Iniciação Científica e Tecnológica Interdisciplinar. 3,\nCamboriú. Anais. .. SC: biblioteca do IFECT, 22, 23 e 24 de abril de 2009. p. 1-7.\nMARCHINI, L C.; MORETI, A. C. C. C.; OTSUK, I. P. Análise de agrupamento, com base na composição\nfísico-química, de amostras de méis produzidos por Apis mellifera l. no estado de São Paulo. Ciência e\nTecnologia de Alimentos, v. 25, n. 1, p. 8-17, 2005.\nVENTURINI, K. S.; SARCINELLI, M. F.; SILVA, L. C. Características do Mel, Porto Alegre, ES: Pró-reitoria\nde Extensão – UFES. 2007.\nWINSTON MARK L DE. A biologia da abelha Alegre-RS, Ed. Magister, 2003.\nAgradecimentos\nÀ Iniciação Científica da UECE, à UECE, à todos do LABBIOTEC, e a minha família pelo apoio.\nISSN 18088449 4"
}