{
  "id": "27566",
  "trabalho": "USO DE FIBRAS NATURAIS E SINTÉTICAS COMO REFORÇO NA PRODUÇÃO DE PLACAS CIMENTÍCIAS",
  "area": "CIÊNCIAS EXATAS E TECNOLÓGICAS",
  "ano": "2016",
  "evento": "XXII - ENCONTRO DE INICIAÇÃO À PESQUISA ",
  "link": "http://uol.unifor.br/oul/conteudosite/?uuid=968575DB47270135A2D5827BDBDD06296DC99BDD",
  "conteudo": "XXII Encontro de Iniciação à Pesquisa\nUniversidade de Fortaleza\n17 à 21 de Outubro de 2016\nUso de fibras naturais e sintéticas como reforço na produção de placas\ncimentícias.\nFrancisco Roger Carneiro Ribeiro¹* (IC), Joana Maria de Souza Ribeiro² (IC), Kelvya Maria\nde Vasconcelos Moreira³ (PQ)\n1. Discente da Universidade Estadual Vale do Acaraú – Curso Engenharia Civil - PIC/PBU.\n2. Discente da Universidade Estadual Vale do Acaraú – Curso Engenharia Civil.\n3. Docente da Universidade Estadual Vale do Acaraú – Curso Engenharia Civil.\nroger.ribeiro_@hotmail.com\nPalavras-chave: placa pré-moldada, matriz cimentícia, fibra natural, fibra sintética\nResumo\nO desenvolvimento de técnicas mais racionais e de materiais mais eficientes é um aspecto importante na\nconstrução civil; consequentemente os construtores têm buscado novas tecnologias e novas formas de\nconstruir. A utilização das placas cimentícias está se tornando cada vez mais frequente devido ao\ncrescimento do mercado de construção industrializada, pois são materiais compostos que se mostram uma\nsolução eficiente como elemento de vedação e são materiais que têm uma ótima relação entre peso e\nresistência. No entanto, por serem constituídas basicamente de cimento e agregados miúdos, tais placas\npodem sofrer fissuração, dependendo da espessura, quando manuseadas, por exemplo. Alguns estudos\ntêm sido desenvolvidos para analisar a possibilidade de incorporação de fibras naturais, como a fibra de\ncoco, para melhorar algumas características das placas. Paralelamente, ao se analisar os processos\nfissuratórios em concretos, identificam-se estudos com fibras sintéticas, como a de polipropileno e a de\nvidro. Dessa maneira, o objetivo do estudo é analisar a viabilidade de produção de placas pré-moldadas\ncimentícias com a adição de diferentes fibras e analisar suas influências a fim de melhorar as propriedades\nfuncionais das placas.\nIntrodução\nA construção civil vem se modernizando a cada dia e, com isso, os sistemas construtivos tradicionais que\ndesperdiçam grandes quantidades de matéria prima, seja por falta de planejamento ou mão de obra\nqualificada, estão perdendo espaço. Consequentemente necessita-se que sejam desenvolvidas alternativas\naos materiais utilizados nos canteiros de obra. Dentro deste cenário, encontram-se as placas pré-moldadas\nde vedação, com a principal função de estabelecer a divisão entre ambientes. Busca-se, com os pré-\nmoldados, a racionalização e a modernização do processo construtivo, com redução dos custos de\nprodução e do desperdício.\nSegundo Savastano Jr (1986), a adição de fibras nas matrizes cimentícias pode melhorar as suas\npropriedades mecânicas, conferindo uma melhor estabilidade à peça. O autor ainda ressalta que as fibras\nartificiais possuem grandes vantagens quanto à durabilidade, baixa absorção de água e possibilidade de\nmelhor controle de qualidade, embora sejam materiais relativamente mais caros do que as fibras naturais,\nque possibilitam um uso adequado a tais resíduos orgânicos.\nO baixo módulo de elasticidade e a alta deformação na ruptura propiciados pelas fibras de polipropileno as\ntornam um material interessante na aplicação em argamassas de ligação de elementos pré-moldados, onde\num acréscimo de desempenho promovido pelo aumento de deformabilidade é desejável (ARAÚJO, 2005).\nUma preocupação que se precisa ter em relação ao uso das fibras naturais em matrizes cimentícias é o\nISSN 18088449 1processo de degradação da celulose, principal constituinte das fibras naturais, em meio alcalino em\nmateriais cimentícios, que tende a diminuir a durabilidade da matriz. Para inibir tal ação faz-se necessário\nmergulhar as fibras naturais em materiais poliméricos (ou mesmo a placa) ou utilizar alguma adição\nmineral que reduza o teor de hidróxido de cálcio (CaOH ) da matriz.\n2\nAs fibras sintéticas são inseridas no mercado da construção como uma alternativa, podendo ser\nencontradas em diversos materiais, diâmetros e comprimentos. Apesar de ter ainda um custo elevado,\nsuas propriedades mecânicas e geométricas são determinantes no desempenho mecânico dos compósitos,\ninclusive podem ser combinadas para atender simultaneamente a diferentes finalidades. Segundo Bentur\n(2000), as características mais relevantes destas fibras são: resistência à tração, módulo elástico superior\nàs fibras vegetais e sua estabilidade em matriz alcalina.\nSegundo Jonhston (1994), tanto as fibras naturais quanto sintéticas em uma matriz cimentícia podem, em\ngeral, ter dois efeitos importantes. Primeiro, elas tendem a reforçar o compósito sobre todos os modos de\ncarregamento que induzem tensões de tração, isto é, retração restringida, tração direta ou na flexão e\ncisalhamento, e, secundariamente, elas melhoram a ductibilidade e a tenacidade de uma matriz frágil.\nDada a importância de utilização das fibras em sistemas tradicionais de vedação, o objetivo do estudo é\nanalisar a viabilidade de produção de placas pré-moldadas com a adição de diferentes fibras e analisar\nsuas influências a fim de melhorar as propriedades funcionais das peças, obtendo um controle de\nfissuração e tornando-as elementos de vedação mais funcionais e duráveis.\nMetodologia\nPara a produção das matrizes de argamassas foram utilizados: (Figura 1)\n Cimento Portland CPII-Z-32-RS que, segundo informações do fabricante, possui massa unitária de\n1400 kg/m³;\n Água para amassamento fornecida pelo sistema de abastecimento público da cidade de Sobral,\nCeará;\n Agregado miúdo natural sendo uma areia quartzosa lavada oriunda das margens do Rio Acaraú,\nem Sobral-CE que possui caracterização preconizada por normas, tais como: dimensão máxima\ncaracterística de 0,60mm (ABNT NBR NM 248:2003); módulo de finura de 1,33 (ABNT NBR NM\n248:2003); massa unitária solta de 1450 kg/m³ (ABNT NBR NM 45:2006) e massa específica de\n2614 kg/m³ (ABNT NBR NM 52:2009);\n Fibras naturais adicionadas como elemento de reforço provenientes da Usina de Produção de\nFibras de Coco da cidade de Fortaleza-Ceará, cortadas com um comprimento médio de 40 mm e\nsem tratamento químico prévio;\n Fibras sintéticas de polipropileno com comprimento de 45 mm e densidade 0,92 g/cm³; e de vidro\ncom comprimento de 36 mm e densidade 2,68 g/cm³.\nISSN 18088449 2Figura 1. Materiais para a confecção das placas pré-moldadas.\nA primeira parte da pesquisa foi baseada nos estudos de Ribeiro e Moreira (2015) acerca da produção de\nmatrizes cimentícias incorporando fibras naturais. As pesquisadoras estudaram as dosagens ideais e as\nproporções de fibras a serem incorporadas nas matrizes. Com isso, foram definidos os traços (cimento:\nareia) em 1:2, 1:2,5 e 1:3, em massa. Também se constatou a possibilidade de incorporação da fibra\nnatural em teores de 0%, 10% e 13% sobre a massa de cimento, para cada dosagem, objetivando analisar\no potencial de produção das placas de dimensão (400x200x15)mm.\nDessa forma, foram produzidas nove placas com adição de fibras naturais, dividindo em três placas para\ncada dosagem, sendo uma placa para cada teor de incorporação. As placas eram constituídas de três\ncamadas de argamassa, incorporando fibras apenas na matriz central, conforme figura 2. Esta divisão teve\npor objetivo assegurar um bom acabamento da superfície externa das placas.\nFigura 2: Divisão das camadas da matriz cimentícia.\nA distribuição do material foi feita aleatória e manualmente, de modo a assegurar a não concentração de\nfibras em determinadas regiões das placas. Após a montagem das camadas na fôrma, efetuou-se a\nprensagem uniaxial em uma prensa hidráulica, aplicando uma carga de 30tf por 12 horas ininterruptas.\nDefinido o traço e a proporção de fibra natural ideais para a produção das placas cimentícias partiu-se para\na segunda etapa da pesquisa que consistiu na incorporação das fibras sintéticas ao invés das fibras\nnaturais, mantendo-se as dimensões e a carga de aplicação invariáveis.\nISSN 18088449 3Importante destacar que a cura das placas com adição de fibra de coco foi realizada aspergindo água por\ntoda sua área, diariamente, durante 28 dias, uma vez que as fibras naturais se degradam quando\nsubmersas em água. Já as placas com fibras sintéticas ficaram submersas em água até a realização dos\nensaios, sendo estes: resistência à tração na flexão, dureza superficial, densidade superficial e absorção de\nágua por imersão, seguindo os preceitos da ABNT NBR 9778:2009 e da ABNT NBR 14715:2010 aos 28\ndias de idade das placas pré-moldadas.\nResultados e Discussão\nBaseado em estudos de Ribeiro e Moreira (2015), todos preconizados pela ABNT NBR 9778:2009 e a NBR\n14715:2010, constatou-se o melhor traço para as fibras naturais como sendo 1:2,5, um fator a/c de 0,32,\ncom um teor de incorporação de fibras de 13%, equivalente a 25,63g, assim como apresentaram maior\nfacilidade de homogeneização de material e distribuição nas fôrmas. A partir desses resultados, na\nsegunda etapa da pesquisa procurou-se observar as propriedades funcionais das placas pré-moldadas com\na adição de fibras sintéticas de polipropileno e de vidro.\nOs resultados para as placas reforçadas com fibras sintéticas não foram satisfatórios para o mesmo teor de\nincorporação das fibras naturais, visto que houve pouca aderência entre os materiais, provavelmente\nporque se manteve a produção das placas por efeito sanduíche, o que caracterizou a concentração de\nmuita fibra sintética apenas no centro da placa, fragilizando a ligação entre as camadas. Com isso, optou-\nse por fazer uma relação de densidades para descobrir uma nova massa a ser testada, resultando em uma\nmassa de 16,80g e mantendo-se a moldagem por efeito sanduíche. No entanto, os resultados ainda não\nforam considerados eficientes, talvez pelo mesmo motivo supracitado. Decidiu-se então por mudar a forma\nde preparo das placas, fazendo uma total homogeneização entre os materiais, além de efetuar nova\nredução na quantidade de fibra a ser utilizada, resultando em 8,40g, para verificar as potencialidades das\npeças, já que se trabalhava com peças esbeltas (15mm).\nA tabela 1 apresenta a média dos resultados obtidos para os ensaios realizados aos 28 dias de produção\ndas placas.\nTabela 1: Resultados dos ensaios das placas com fibras naturais e sintéticas aos 28 dias de idade.\nFibras\nEnsaios\nSem fibra Coco Polipropileno Vidro\nDensidade Superficial 25,85 kg/m³ 25,77 kg/m³ 26,33 kg/m³ 26,69 kg/m³\nAbsorção de Água por Imersão 11,05 % 13,99 % 8,75 % 6,07 %\nResistência da Ruptura à Flexão 9,90 N 11,27 N 10,89 N 11,53 N\nDureza Superficial 10,84 mm 9,07 mm 2,70 mm 1,70 mm\nA partir da tabela 1 verifica-se que para cada tipo de fibra há influências que limitam alguns usos. Indicadas\npara a construção industrializada ou construção seca, as placas reforçadas com fibras naturais destinam-se\na ambientes secos, sem presença de umidade, quando a fibra não passa por nenhum tratamento químico\nprévio, para que não ocorra a degradação da celulose. Já as placas reforçadas com fibras sintéticas podem\nser destinadas a ambientes mais úmidos e que também podem ser colocadas em perfis de drywall. No\nmais, ambas as placas conferem função de vedação, bem como diminuem a propagação de fissuras por\nserem um reforço em matrizes cimentícias.\nISSN 18088449 4Conclusão\nCom base nos resultados prévios, conclui-se que os elementos pré-moldados reforçados com fibras se\ntornam uma alternativa interessante, devido essa tecnologia unir as vantagens de leveza, desempenho e\nflexibilidade de fôrmas com diferentes condições de exposição e exigências dos usuários, resultante da\ncontenção da propagação das fissuras e da redistribuição de tensões.\nReferências\nARAÚJO, C.T.F.; Estudo do comportamento de juntas de argamassa reforçadas com fibras de\npolipropileno. Dissertação de Mestrado. Universidade Federal de Alagoas, 2005.\nASSOCIAÇÃO BRASILEIRA DE NORMAS TÉCNICAS (ABNT). NBR NM 248: Agregados: determinação\nda composição granulométrica. Rio de Janeiro, 2003.\nASSOCIAÇÃO BRASILEIRA DE NORMAS TÉCNICAS (ABNT). NBR NM 45: Agregados: determinação da\nmassa unitária e do volume de vazios. Rio de Janeiro, 2006.\nASSOCIAÇÃO BRASILEIRA DE NORMAS TÉCNICAS (ABNT). NBR NM 52: Agregado miúdo:\ndeterminação da massa específica e massa específica aparente. Rio de Janeiro, 2009.\nASSOCIAÇÃO BRASILEIRA DE NORMAS TÉCNICAS (ABNT). NBR 9778: Argamassa e concreto\nendurecidos - Determinação da absorção de água, índice de vazios e massa específica. São Paulo, 2009.\nASSOCIAÇÃO BRASILEIRA DE NORMAS TÉCNICAS (ABNT). NBR 14715-1: Chapas de gesso para\ndrywall - Parte 1: Requisitos. Rio de Janeiro, 2010.\nASSOCIAÇÃO BRASILEIRA DE NORMAS TÉCNICAS (ABNT). NBR 14715-2: Chapas de gesso para\ndrywall - Parte 2: Métodos de Ensaio. Rio de Janeiro, 2010.\nBENTUR, A. Role of Interfaces in Controlling Durability of Fiber-Reinforced Cements. Journal of Materials\nin Civil Engineering, v. 12, n. 1, p. 2-7, 2000.\nJOHNSTON, C. D. Fiber-reinforced cement and concrete: advances in concrete technology. 2ed. London,\n1994.\nRIBEIRO, J.M.S.; MOREIRA, K.M.V. Estudo da dosagem para produção de placas cimentícias com fibras\nde coco. Iniciação Científica. Universidade Estadual Vale do Acaraú, Sobral, 2015.\nSAVASTANO JR., H. Fibras vegetais para construção civil: fibra de coco. In: Boletim Técnico da Escola\nPolitécnica da USP, Departamento de Engenharia de Construção Civil BT 04/86, São Paulo, 16p, 1986.\nAgradecimentos\nAo Programa Bolsa Universidade da Universidade Estadual Vale do Acaraú (PBU/UVA), no seu Programa\nde Iniciação Científica pela concessão de bolsa de pesquisa ao primeiro autor.\nÀ Usina de Produção de Fibras de Coco da cidade de Fortaleza-CE pela concessão das fibras naturais; e\nàs empresas Tecnosil da cidade de São Paulo-SP e Propex da cidade de Curitiba-PR pela concessão das\nfibras sintéticas.\nISSN 18088449 5"
}