{
  "id": "27567",
  "trabalho": "COLONIZAÇÃO DE CÂNDIDA SP NA CAVIDADE ORAL DE PACIENTES DIABÉTICOS E NÃO DIABÉTICOS",
  "area": "CIÊNCIAS DA VIDA",
  "ano": "2016",
  "evento": "XVI - ENCONTRO DE PÓS-GRADUAÇÃO E PESQUISA",
  "link": "http://uol.unifor.br/oul/conteudosite/?uuid=28BED4E6FFF5E068DB880B18EE1AB3013308B60E",
  "conteudo": "XVI ENCONTRO DE PÓS-GRADUAÇÃO E PESQUISA\nUniversidade de Fortaleza\n17 a 20 de outubro de 2016\nCOLONIZAÇÃO DE CÂNDIDA SP NA CAVIDADE ORAL DE PACIENTES\nDIABÉTICOS E NÃO DIABÉTICOS\nLucianna Leite Pequeno1*(PG), Sandy Kaena Soares de Freitas2(PG), Tamilis Wanderley Feitosa3(PG),\nMarcia Maria de Negreiros Pinto Rocha4(PQ), Fernando André Campos Viana4(PQ), Sérgio Luis da Silva\nPereira5 (PQ)\n1- Doutorado em Saúde Coletiva, Universidade de Fortaleza-CE\n2- Mestrado em Saúde Coletiva, Universidade de Fortaleza-CE\n3- Cirurgiã-dentista da Prefeitura Municipal de Tauá\n4- Docente do Curso de Odontologia, Universidade de Fortaleza-CE\n5- Programa de Pós-Graduação em Odontologia, Universidade de Fortaleza-CE\n*lupequeno@unifor.br\nPalavras-chave: Diabetes Mellitus Tipo 2. Mucosa Bucal. Cândida.\nResumo\nCandidíase Oral é uma infecção oportunista comum em pacientes com transtornos metabólicos. O\ndiagnóstico clínico é, na maioria das vezes, realizado sem comprovação laboratorial de positividade do\nagente infeccioso, porém, em casos sem manifestações clínicas, faz-se necessária a identificação do\nagente patogênico para o sucesso do tratamento. O objetivo do presente trabalho foi determinar a\nprevalência de colonização fúngica por cândida em cavidade oral em pacientes diabéticos e não diabéticos\ncom comparações entre ambos os grupos, entre hábitos de higiene e fatores de risco. Trata-se de um\nestudo transversal, descritivo, aberto e com intervenção farmacológica para o tratamento dos pacientes\ndiagnosticados como portadores de infecção fúngica por cândida. Foram examinados 30 pacientes\ndiabéticos e 30 pacientes não diabéticos. Swabs de mucosa oral foram cultivados em meio de cultura àgar\nSabouraud dextrose (Becton Dickinson & BBL™), sendo a cândida oral diagnosticada por meio de citologia\nexfoliativa. Associações estatísticas foram obtidas por análise do teste qui-quadrado para variáveis\nqualitativas, e para as variáveis quantitativas, teste de Mann- Witney, dados sociodemográficos e de hábitos\norais, por meio de estatística descritiva. A prevalência de Cândida em pacientes diabéticos foi 83,34% e,\npara não diabéticos, 20% (p=0,0001). Não foi observada predileção por sexo nos grupos diabéticos e não\ndiabéticos (p= 0,6994 e p=0,7321, respectivamente). Não foram observadas associações entre positividade\npara cândida e presença de dispositivo protético. A presença de cândida sp em cavidade oral esta associada\nao diagnóstico de Diabetes Mellitus, porém não foi evidenciada sua relação com o uso de prótese.\nIntrodução\nNo Brasil, um Estudo Multicêntrico sobre Prevalência do Diabetes, coordenado pelo Ministério da\nSaúde, possibilitou mapear a situação da doença, apresentando taxa de prevalência de 7,6% na população\nadulta urbana em nove capitais. Detectou-se que 46,5% dos diabéticos desconheciam a condição de\ndiabetes e que 22,3% eram portadores e não faziam nenhum tipo de tratamento (SOUSA, COSTA,\nRONCALLI, 2011).\nO Diabetes Mellitus pode desencadear problemas sistêmicos e bucais, predispondo os pacientes a\ninfecções bacterianas e fúngicas. Pacientes com diabetes mellitus tipo 2 (DM2) têm um maior risco de\n1adquirir infecções oportunistas, incluindo candidíase oral, doenças periodontais, cáries dentárias, disfunção\nsalivar, disgeusia e síndrome da ardência bucal (MARTINEZ et al., 2013; LEON et al., 2002).\nO cirurgião-dentista é um profissional capaz de identificar as manifestações bucais e alertar o\npaciente sobre o Diabetes, bem como tratar essas manifestações. O problema bucal mais comum e mais\nprevalente encontrado nos portadores de Diabetes é a doença periodontal (YAMASHITA et al., 2013; JAVED\net al., 2009).\nAlém da doença periodontal, a ausência do controle metabólico pode estar relacionada à presença\nde infecções fúngicas. Candida albicans é a espécie mais prevalente na colonização da mucosa oral em\nindivíduos saudáveis e imunocomprometidos (CANNON, CHAFFIN, 1999; YANG et al., 2011; CANNON,\nHOLMES, MONK, 1995). A colonização da mucosa oral por Candida sp. é um fator de risco para a\nprogressão da candidíase oral, tanto em imunocompetentes quanto em indivíduos imunocomprometidos\n(CANNON, CHAFFIN, 1999; CANNON, CHAFFIN, 2001; ROSA-GARCÍA et al., 2013). Espécies do gênero\nCandida são patógenos oportunistas que vivem como comensais na cavidade oral em uma proporção\nsignificativa de indivíduos saudáveis. As razões para a sua existência como parte da microbiota de pessoas\nsaudáveis ainda são desconhecidas (BORIOLLO et al., 2009; HERNÁNDEZ-SOLÍS, RUEDA-GORDILLO,\nROJAS-HERRERA, 2014).\nO DM tem sido considerado um fator predisponente para candidíase. Nesse distúrbio ocorre uma\ndiminuição da capacidade defensiva dos neutrófilos polimorfonucleares (PMN) e dos linfócitos T, relacionada\ncom a hiperglicemia, gerando um meio favorável para a reprodução de espécies de Cândida (MENEZES et\nal., 2007). A prevalência de candidíase oral em pacientes diabéticos é de 13,7 a 64%, e as lesões são\nassintomáticas na maioria dos casos (LEON et al., 2002).\nO objetivo desse trabalho foi avaliar a prevalência de colonização por Cândida em pacientes\ndiabéticos pertencentes ao grupo de apoio de diabetes da Unidade de Atenção Primária à Saúde Maria de\nLourdes Jereissati no Município de Fortaleza-CE.\nMetodologia\nTratou-se de um estudo transversal, descritivo, aberto e com intervenção farmacológica para o\ntratamento dos pacientes diagnosticados como portadores de infecção fúngica por cândida.\nForam incluídos na pesquisa 60 pacientes com idade superior a 18 anos, de ambos os sexos, em\natendimento de clínica médica na Unidade de Atenção Primaria à Saúde (UAPS) Maria de Lourdes Ribeiro\nJereissati. A Unidade está localizada na regional 6, no bairro Jardins das Oliveiras, na rua Reino Unido,\nnúmero 115, na cidade de Fortaleza-Ce. Sua população adscrita é de 25154 mil habitantes onde 631 são\ndiabéticos, essa unidade conta com seis equipes de saúde completas compostas por médico, enfermeiro,\nauxiliar ou técnico de enfermagem, agente comunitário de saúde, dentista, auxiliar e/ou técnico em saúde\nbucal e uma EACS (estratégia de agente comunitário de saúde) composta por enfermeiro e agente\ncomunitário de saúde.\nA amostra foi dividida em dois grupos: grupo I: 30 pacientes com diagnóstico confirmado de\ndiabetes mellitus tipo II pertencentes ao grupo de apoio a pacientes diabéticos, grupo II: 30 pacientes não\ndiabéticos em atendimento para outras morbidades. A coleta dos dados e a obtenção das amostras foram\nrealizadas nos meses de março, abril e maio de 2014, após submissão do projeto e dos anexos ao Comitê\nde Ética em Pesquisa. Todos os indivíduos do estudo assinaram o Termo de Consentimento Livre e\nEsclarecido previamente à inclusão na pesquisa.\nForam considerados como critérios de inclusão os pacientes com idade a partir de 18 anos, de\nambos os sexos, com diagnóstico de diabetes mellitus tipo 2 há pelo menos um ano com comprovação\n2laboratorial e em tratamento com hipoglicemiantes orais, e pacientes não diabéticos acima de 18 anos, de\nambos os sexos. Os critérios de exclusão foram portadores de diabetes mellitus tipo 1, pacientes com\nmenos de 18 anos, pacientes que receberam tratamento farmacológico com antifúngicos e com\nantibacterianos nos últimos 3 meses, mulheres grávidas e lactantes.\nA aplicação de questionário para anamnese do paciente incluía a avaliação da condição\nsocioeconômica, história médica e odontológica e hábitos de higiene oral. Foi realizada a coleta de glicose\ncapilar por meio de glicosímetro (Accucheck Roche) e a mesma foi dicotomizada, considerando os valores\npós-prandiais de até 140mg/dl, caracterizando o paciente diabético controlado em sua taxa de glicose e\nvalores pós-prandiais acima de140mg/dl, como paciente diabético não controlado. Foram considerados\npacientes não diabéticos aqueles com taxa até 100mg/ dl. Os pacientes eram instruídos a não se alimentar\ne nem beber duas horas antes da coleta de sangue.\nUm índice de sangramento gengival (ISG) foi medido em quatro locais (mesial, distal, vestibular e\npalatina/ lingual) de cada dente. Os indivíduos foram investigados quanto a sua condição de saúde oral por\nmeio de aplicação do CPO-D, dando ênfase aos dentes perdidos, e uso de próteses. Dentes com raízes\nremanescentes foram considerados como desaparecidas.\nForam coletadas ainda amostras de saliva de todos os pacientes incluídos no estudo, com Swab\nestéril a partir de três pontos intra-orais, pré-estabelecidos (palato duro em região de forame incisivo, dorso\nde língua e mucosa jugal próximo ao trígono retro-molar esquerdo). As amostras foram cultivadas em meio\nde cultura ágar Sabouraud dextrose (Becton Dickinson & BBL™) e receberam seguimento para incubação a\n37 ° C durante 48 a 72 horas. Foi realizado um esfragaço para a coloração de Gram das colônias suspeitas\npara verificar a presença de leveduras.\nDados sócio-demográficos e de higiene oral foram analisados por meio de estatísticas descritivas.\nPara análise estatística dos dados relacionados à positividade para cândida e sua correlação com as\nvariáveis estudadas, foi utilizado o teste qui-quadrado para avaliação qualitativa e, para análise quantitativa,\no teste de Mann- Witney, ambos em nível de significância de 5%, utilizando-se o programa BioEstat 2.0.\nResultados e Discussão\nA estatística descritiva das variáveis quantitativas em relação à idade dos participantes variou entre\n18 e 79 anos, com faixa etária mais prevalente compreendida entre 18 a 24 anos nos pacientes não\ndiabéticos e, entre 55 a 64 anos, nos pacientes diabéticos. Quanto ao sexo dos 30 pacientes não diabéticos,\n24 eram do sexo feminino (80%) e 6 do sexo masculino (20%), dos 30 diabéticos, 7 eram do sexo masculino\n(23,34%) e 23 do sexo feminino (76,66%).\nA média da ultima glicemia dos pacientes não diabéticos foi 94,7mg/dl e a média dos pacientes\ndiabéticos foi de 251,2mg/d. Dos 30 pacientes diabéticos, 16 utilizavam dispositivo protético e apenas 4\npacientes do grupo não diabéticos fazia uso da aparatologia dentária. Não foi observado estatisticamente\nsignificância.\nQuanto à prevalência de cândida, dos 30 pacientes diabéticos, 25 tiveram cultura positiva para\ncândida (83,3%), enquanto nos pacientes não diabéticos apenas 6 culturas foram positivas para cândida\n(20%).\nAvaliando-se a associação entre cândida e diabetes, observou-se que pacientes diabéticos\napresentaram maior prevalência de candidíase do que pacientes não diabéticos (p=0,0001). Essa\nassociação foi independente do sexo tanto em pacientes diabéticos (p=0,6994) como em não diabéticos\n(p=0,7321). Prótese parcial ou total removível não foi associada com a presença de cândida, independente\n3se o paciente era diabético (p=0,4602) ou não (p=0,3529). O número de colônias não teve associação com\nnível de glicemia tanto nos pacientes diabéticos (p=0,1228) quanto nos não diabéticos (p=0,8561).\nEstudos que relacionam o Diabetes Mellitus com doenças bucais têm sido reportados desde a\ndécada de 1980, mostrando ser uma preocupação de pesquisadores em nível global. Essa patologia pode\ndesencadear graves problemas sistêmicos e bucais. Portanto, é necessário um acompanhamento periódico\ndesses pacientes, em razão da complexidade do manejo do controle da glicose sanguínea, a fim de diminuir\nas complicações do Diabetes nos sistemas cardiovascular, nefrológico, oftálmico e estomatológico\n(YAMASHITA et al., 2013; GUGGENHEIMER et al., 2000; GUGGENHEIMER et al., 2000).\nA candidíase foi a doença mais observada e a que se mostrou mais frequente nos pacientes com\nDiabetes em 67% dos estudos realizados (YAMASHITA et al., 2013; GUGGENHEIMER et al., 2000;\nGUGGENHEIMER et al., 2000; AL-ATTAS, AMRO, 2010; JAJARM et al., 2008; MOORE, GUGGENHEIMER,\nORCHARD, 2007). A adesão da Candida albicans aos tecidos bucais é facilitada pelo nível de glicose salivar\nalterado e pela diminuição do fluxo salivar dos pacientes diabéticos, causada por alterações nas glândulas\nsalivares, pelo uso de prótese ou por próteses mal adaptadas (YAMASHITA et al., 2013; MOORE,\nGUGGENHEIMER, ORCHARD, 2007; VASCONCELOS et al., 2008), onde estes não atuariam\nisoladamente, mas sim como um conjunto de fatores de risco (YAMASHITA et al., 2013; GUGGENHEIMER\net al., 2000). Uma das hipóteses para os achados negativos quanto à associação entre a candidíase e o\nDiabetes Mellitus nos outros 33% dos estudos seria a de que o grupo de pacientes com Diabetes\napresentava glicemia controlada, além da presença de usuários de prótese dentária no grupo controle\n(YAMASHITA et al., 2013; MOORE, GUGGENHEIMER, ORCHARD, 2007).\nNo presente estudo, uma maior colonização de espécies de Candida foi observada em pacientes\ndiabéticos em comparação com o grupo controle. Esse achado mostrou significância estatística quando\ncomparado com pacientes não diabéticos (P = 0,0001). No entanto, no estudo de Daniluk (DANILUK et al.,\n2006) não houve diferença estatisticamente significativa entre os dois grupos na colonização de Candida\nalbicans (LOTFI-KAMRAN et al., 2009).\nApesar de alguns estudos comprovarem a associação da colonização de Candida ao uso de\nprótese, como Lotfi-Kamran (2009) e Rosa-García (2013), nos quais os autores consideram que a utilização\nde prótese é um fator de risco para a colonização e para a infecção por Cândida devido à falta de cuidados\nde higiene e ao seu uso ao longo de muitos anos, o presente estudo não apresentou associação entre a\ncandidíase oral e o uso de dispositivo protético (MENEZES et al., 2007).\nConclusão\nEsse estudo foi importante para a identificação da frequência da colonização da Candida sp. em\npaciente portadores de Diabetes, que é uma doença que pode acarretar problemas sistêmicos e bucais em\nseres humanos. A prevalência de portadores de Candida sp. em pacientes diabéticos foi bastante alta,\nconcordando com outros trabalhos realizados, porém, não foi evidênciada a sua relação com o uso de\nprótese.\nIsso mostra a necessidade de um melhor conhecimento da doença candidíase oral e de um\ndiagnóstico correto por parte dos profissionais da área de saúde, melhorando assim, a qualidade de vida\ndesses pacientes com doenças crônicas, como a diabetes.\nReferências\nSOUSA, M. G.; COSTA, A. L.; RONCALLI, A. G. Clinical study of the oral manifestations and related factors\nin type 2 diabetics patients. Braz J Otorhinolaryngol, v. 77, n. 2, p. 145-52, 2011.\n4MARTINEZ, R. F. et al. Oral Candida spp carriers: its prevalence in patients with type 2 diabetes mellitus. An\nBras Dermatol, v. 88, n. 2, v. 222-5, 2013.\nLEON, E. M.; JACOBER, S. J.; SOBEL, J. D.; FOXMAN, B. Prevalence and risk factors for vaginal Candida\ncolonization in women with type 1 and type 2 diabetes. BMC Infect Dis, v. 2, p. 1, 2002.\nYAMASHITA, J. M. et al. Manifestações bucais em pacientes portadores de Diabetes Mellitus: uma revisão\nsistemática. Rev Odontol UNESP, v. 42, n. 3, p. 211-220, 2013.\nJAVED, F. et al. Periodontal conditions, oral Candida albicans and salivary proteins in type 2 diabetic\nsubjects with emphasis on gender. BMC Oral Health, v. 9, p. 12, 2009.\nCANNON, R. D.; CHAFFIN, W. L. Oral colonization by Candida albicans. Crit Rev Oral Biol Med, v. 10, p.\n359-83, 1999.\nYANG, Y. L. et al. Characterization of yeasts colonizing in healthy individuals. Med Mycol, v. 49, p. 103-6,\n2011.\nCANNON, R. D.; HOLMES, A. B.; MONK, B. C. Oral Candida: Clearance, colonization, or candidiasis? J\nDent Res, v. 74, p. 1152-61, 1995.\nCANNON, R. D.; CHAFFIN, L. Colonization is a crucial factor in oral candidiasis. J Dent Educ, v. 65, p. 785-\n7, 2001.\nROSA-GARCÍA, E.; MIRAMONTES-ZAPATA, M.; SÁNCHEZ-VARGAS, L. O.; MONDRAGÓN-PADILLA, A.\nOral colonisation and infection by Candida sp. in diabetic and non-diabetic patients with chronic kidney\ndisease on dialysis. Nefrologia, v. 33, n. 6, p. 764-70, 2013.\nBORIOLLO, M. F. et al. Distribution and hydrolytic enzyme characteristics of Candida albicans strains\nisolated from diabetic patients and their non-diabetic consorts. Oral Microbiol Immunol, v. 24, p. 437-50,\n2009.\nHERNÁNDEZ-SOLÍS, S. E.; RUEDA-GORDILLO, F.; ROJAS-HERRERA, R. A. Proteinase activity in\nCandida albicans strains isolated from the oral cavity of immunocompromised patients, with oral candidiasis\nand in healthy subjects. Rev Iberoam Micol, v. 31, n. 2, p. 137-40, 2014.\nMENEZES, E. A. et al. Frequência e atividade enzimática de Candida spp. na cavidade oral de pacientes\ndiabéticos do serviço de endocrinologia de um hospital de Fortaleza-CE. J Bras Patol Med Lab, v. 43, n. 4,\np. 241-4, 2007.\nGUGGENHEIMER, J. et al. Insulin-dependent diabetes mellitus and oral soft tissue pathologies: II.\nPrevalence and characteristics of Candida and Candidal lesions. Oral Surg Oral Med Oral Pathol Oral\nRadiol Endod, v. 89, 570-6, 2000.\nGUGGENHEIMER, J. et al. Insulin-dependent diabetes mellitus and oral soft tissue pathologies. I.\nPrevalence and characteristics of non-candidal lesions. Oral Surg Oral Med Oral Pathol Oral Radiol\nEndod, v. 89, p. 563-569, 2000.\nAL-ATTAS, S. A.; AMRO, S. O. Candidal colonization, strain diversity, and antifungal susceptibility among\nadult diabetic patients. Ann Saudi Med, v. 30, p. 101-8, 2010.\nJAJARM, H. H.; MOHTASHAM, N.; MOSHAVERINIA, M.; RANGIANI, A. Evaluation of oral mucosa\nepithelium in type II diabetic patients by an exfoliative cytology method. J Oral Sci, v. 50, p. 335-40, 2008.\nMOORE PA, GUGGENHEIMER J, ORCHARD T. Burning mouth syndrome and peripheral neuropathy in\npatients with type 1 diabetes mellitus. J Diabetes Complications, v. 21, p. 397-402, 2007.\nVASCONCELOS, B. C. et al. Prevalence of oral mucosa lesions in diabetic patients: a preliminary study.\nBraz J Otorhinolaryngol, v. 74, p. 423-8, 2008.\n5DANILUK, T. et al. Occurrence rate of oral Candida albicans in denture wearer patients. Adv Med Sci, v. 51,\nn. 1, p. 77-80, 2006.\nLOTFI-KAMRAN, M. H. et al. Candida Colonization on the Denture of Diabetic and Non-diabetic Patients.\nDent Res J (Isfahan), v. 6, n. 1, p. 23-27, 2009.\nAgradecimentos\nAgradecemos à Universidade de Fortaleza e ao Programa de Pós-Graduação em Saúde Coletiva pela\noportunidade.\n6"
}