{
  "id": "27561",
  "trabalho": "APLICAÇÃO DE TESTES RÁPIDOS PARA HEPATITES VIRAIS EM UM LAR DE IDOSOS EM FORTALEZA.",
  "area": "CIÊNCIAS DA VIDA",
  "ano": "2016",
  "evento": "XXII - ENCONTRO DE INICIAÇÃO À PESQUISA ",
  "link": "http://uol.unifor.br/oul/conteudosite/?uuid=0C73D3FC269E9FE1F98955C0195143DFF768CC25",
  "conteudo": "XXII Encontro de Iniciação à Pesquisa\nUniversidade de Fortaleza\n17 à 21 de Outubro de 2016\nAplicação de Testes Rápidos para Hepatites Virais em um lar de idosos em\nFortaleza.\nAline Romão Fonseca¹* (IC), Wanderson de Almeida Pereira¹ (IC), Vívian Brito Salles¹ (IC),\nMateus Alves Melquiades de Lima¹ (IC), Andrea Benevides Leite² (PQ).\n1. Universidade de Fortaleza – Acadêmico do Curso de Medicina.\n2. Universidade de Fortaleza – Professora do Curso de Medicina.\nalinee_fonseca@yahoo.com.br\nPalavras-chave: Hepatite. Idosos. Rastreamento. Prevenção.\nResumo\nTanto a hepatite B como a hepatite C podem ser rapidamente diagnosticadas por meio da utilização\nde testes rápidos. Os kits dos testes são enviados para estados e municípios pelo Departamento de DST,\nAIDS e Hepatites Virais (DDAHV) do Ministério da Saúde por meio de processo licitatório. As ligas\nacadêmicas, por meio de suas ações de extensão, podem exercer papel importante na prevenção e no\ndiagnóstico, preferencialmente precoce, de casos de hepatites virais. Neste trabalho, apresentamos a ação\nsocial exercida na instituição Lar Torres de Melo, como parte da campanha “Julho Amarelo”. Ao todo foram\natendidos 225 idosos e 25 funcionários. Foi diagnosticado cinco casos de hepatite C e um de hepatite B,\ndevidamente encaminhados para acompanhamento ambulatorial. A ação foi engrandecedora pela prestação\ndesse serviço social e também pela oportunidade da Liga de Gastroenterologia (LIGASTRO) sedimentar o\nconhecimento adquirido durante suas reuniões. Foi importante também para desenvolver e aprimorar a\nrelação médico-paciente. Nesse contexto, a atividade proporcionou ótima oportunidade de desenvolvimento\nde habilidades de comunicação com pacientes portadores de diferentes tipos de disfunção. Este trabalho\nestá de acordo com a Resolução CNS nº 466/12, ou seja, todos os direitos cabíveis aos participantes da\npesquisa foram respeitados.\nIntrodução\nAs hepatites virais são doenças causadas por diferentes agentes etiológicos, de distribuição\nuniversal, que têm em comum o hepatotropismo. Os últimos 50 anos foram de notáveis conquistas no que\nse refere à prevenção e ao controle das hepatites virais. Os mais significativos progressos foram a\nidentificação dos agentes virais, o desenvolvimento de testes laboratoriais específicos, o rastreamento dos\nindivíduos infectados e o surgimento de vacinas protetoras. (FERREIRA; SILVEIRA, 2004).\nSegundo a Organização Mundial de Saúde (OMS), 2 bilhões de pessoas no mundo já tiveram\ncontato com o vírus da hepatite B (VHB) sendo que 350 a 400 milhões são portadoras, compreendendo\naproximadamente 5% da população mundial.\nPortadores crônicos possuem risco acrescido de 15% a 40% de desenvolver cirrose, descompensação\nhepática e carcinoma hepatocelular, resultando em um milhão de mortes por ano. (BRASIL, 2011).\nO VHB é transmitido por via sexual, destacando-se o papel de fluidos orgânicos, como o sêmen e a saliva,\ntransfusão de sangue e hemoderivados, transplante de órgãos, hemodiálise, aleitamento materno,\ncontaminação de agulhas, seringas e materiais intravenosos. (VALENTE; PASSOS, 2005). A evolução da\nISSN 18088449 1doença aguda varia entre infecção assintomática subclínica (70%) e hepatite aguda sintomática (30%),\npodendo ainda haver insuficiência hepática fulminante (0,1-0,5%).\nO diagnóstico da hepatite B se baseia em marcadores biológicos, tais como o HBsAg, anti-HBc total\ne o HBeAg. O HBsAg pode ser detectado na infecção aguda e, quando presente por mais de 24 semanas no\nindivíduo contaminado, é marcador de infecção crônica. O HBeAg, quando positivo, indica replicação viral. O\nanti-HBs é indicador de cura; quando presente isoladamente, é marcador de vacinação. (MONTENEGRO;\nREZENDE, 2013).\nEstima-se que aproximadamente 3% da população mundial estejam infectados pelo vírus da\nhepatite C (HCV), o que representa cerca de 170 milhões de indivíduos com infecção crônica e sob risco de\ndesenvolver as complicações da doença. De acordo com a OMS, o Brasil é considerado um país de\nendemicidade intermediária para hepatite C, com prevalência da infecção situada entre 2,5% e 10%.\n(BRASIL, 2005).\nO vírus da hepatite C é transmitido por transfusão de sangue e hemoderivados, hemodiálise,\ncontaminação de agulhas, seringas e materiais intravenosos, e, secundariamente, por via sexual. A hepatite\nC é a principal forma de hepatite transmitida por transfusão de sangue e hemoderivados, sendo o HCV\nencontrado principalmente no sangue total, papa de hemácias, plaquetas, plasma e, especialmente, nos\nconcentrados de fatores de coagulação. (VALENTE; PASSOS, 2005).\nO anticorpo anti-HCV é marcador de contato, não sendo prova de infecção ativa, já que cerca de\n20% dos indivíduos infectados evoluem com cura espontânea. Para confirmação diagnóstica é necessária a\nrealização do PCR quantitativo (carga viral). A genotipagem do HCV é importante para decisão terapêutica.\nTanto a hepatite B como a hepatite C podem ser fácil e rapidamente testadas na população por\nmeio da utilização dos testes rápidos, que são, muitas vezes, disponibilizados pelo Ministério da Saúde.\nTestes rápidos são aqueles cuja execução, leitura e interpretação dos resultados são feitas em, no máximo,\n30 minutos. Além disso, são de fácil execução e não necessitam de estrutura laboratorial.\nComo teste rápido de hepatite B, o Ministério da Saúde disponibiliza o teste VIKIA – HBsAg da empresa\nBioMérieux Brasil S/A. Os testes rápidos utilizam a tecnologia imunocromatográfica que permite a detecção\nde antígeno do HBs no soro, plasma ou sangue total. Os testes rápidos utilizados para triagem da infecção\npelo vírus da hepatite C (HCV) também baseiam-se na tecnologia de imunocromatografia de fluxo lateral,\nque permite a detecção do anticorpo anti-HCV no soro ou sangue total. (BRASIL, 2005).\nA interpretação dos resultados do teste rápido deve ser feita entre 5 e 20 minutos após a coleta da\namostra. Um resultado não reagente não exclui a possibilidade de infecção por HCV e o resultado do teste\ndeve se8r sempre interpretado em conjunto com as informações clínicas do indivíduo. Assim como um\nresultado positivo não confirma a infecção, como anteriormente explicado.\nDiante da facilidade da utilização desses métodos diagnósticos de hepatite B e C, torna-se evidente\na possibilidade dos profissionais de saúde de atuar na prevenção e no diagnóstico de hepatites virais,\natravés da orientação e testagem rápida da população.\nNesse contexto, a LIGASTRO traz o relato da experiência de uma ação que teve como objetivo a\npromoção da saúde, no campo da Hepatologia, para idosos e funcionários do Lar Torres de Melo, através de\norientação sobre hepatites virais crônicas e aplicação de testes rápidos diagnósticos. Este trabalho foi\nrealizado por alunos do Curso de Medicina da UNIFOR, membros de ligas acadêmicas, que são projetos de\natividades extracurriculares que atuam na área do ensino - onde são realizadas reuniões semanais com\ndiscussão de temas de importância relevante, na área de extensão - por meio da organização de ações\nsociais com a comunidade, e na área de pesquisa - com o desenvolvimento de projetos e trabalhos\ncientíficos.\nISSN 18088449 2Metodologia\nO presente trabalho trata-se de um relato de experiência vivenciado por acadêmicos do Curso de\nMedicina da Universidade de Fortaleza (UNIFOR) na campanha “Julho Amarelo”, que promove a luta e\nprevenção de hepatites virais, sendo uma iniciativa do Comitê Estadual de Hepatites Virais, da Secretaria de\nSaúde do Estado do Ceará, do Programa de DST, Aids e Hepatites Virais do Ministério da Saúde, do Grupo\nABC Vida e da ACEPHET. Além do comitê, o evento contou com a participação de cinco alunos e um\nprofessor orientador da Liga Acadêmica de Gastroenterologia (LIGASTRO) e da Liga Acadêmica de\nCancerologia e Infectologia (LICI), ambas da UNIFOR.\nA ação ocorreu entre os dias 15 e 22 de julho de 2016, na instituição para idosos Lar Torres de\nMelo, que abriga cerca de 250 idosos e 130 funcionários, desde médicos, enfermeiros até cozinheiros e\nauxiliares de serviços gerais. Na instituição, há idosos que são independentes para as atividades básicas e\ninstrumentais de vida diária, que residem em apartamentos, e há os que são completamente dependentes,\nque ficam nas enfermarias.\nNo local, foi elaborada uma campanha de prevenção contra as hepatites virais, onde foi possível a\nrealização de testes rápidos para diagnóstico, tendo como público-alvo os idosos e os funcionários da\ninstituição.\nOs testes foram enviados pelo Departamento de DST, AIDS e Hepatites Virais (DDAHV) por meio\nde processo licitatório. O material veio disponibilizado em kits, cada um contendo lanceta para punção\ndigital, vinte e cinco envelopes lacrados contendo um dispositivo para teste pronto para uso e uma\nmicropipeta para coleta de sangue, um frasco contendo 3 mL de solução-tampão, tubos capilares e manual\nde instrução. Além disso, a equipe responsável pela realização dos testes utilizou equipamentos de proteção\nindividual, equipamentos para marcar o tempo, álcool 70% e recipiente para descarte de material biológico e\nperfurocortante.\nInicialmente, membros do Comitê de Hepatites Virais explicaram como a ação seria organizada,\ndesde a abordagem inicial do paciente até a comunicação dos resultados dos testes. Em um segundo\nmomento, houve uma aula sobre as hepatites B e C, suas formas de transmissão, evolução das doenças,\ntratamento e como utilizar os testes rápidos para o diagnóstico. Os integrantes das ligas receberam\ntreinamento sobre como realizar os testes, a forma correta de aplicar o questionário sobre fatores de risco\npara contágio utilizado na ação e as orientações sobre prevenção a serem cedidas.\nPara atender a demanda, os participantes da ação foram divididos em dois grupos, um ficou na\nenfermaria, realizando exames na beira do leito, e outro nos consultórios, para atender os idosos dos\napartamentos e os funcionários.\nAo se disponibilizar a participar da ação, o idoso ou funcionário recebia uma ficha com um número,\nseguia para a sala da vacina, onde era observada a necessidade de reforço ou início da primeira entre as\ntrês doses de vacina para hepatite B. Posteriormente, ia para a sala de testes, onde era inicialmente\naplicado um questionário para avaliar o risco de exposição ao vírus, em seguida eram feitos os testes de\nhepatite B e C, e solicitado que aguardasse na sala de espera enquanto o resultado ficava pronto. Após ter o\nresultado em mãos, o idoso ou funcionário era chamado para uma sala reservada para saber seu resultado.\nAlém do resultado do teste, também recebia informações sobre formas de prevenção. Foram distribuídos\npreservativos, visto que a hepatite B é principalmente transmitida por fluidos corporais. Após terminar o\natendimento, o idoso recebia um cartão com o resultado de seu teste carimbado e assinado pelo médico\nque estava acompanhando o atendimento.\nISSN 18088449 3Durante a ação, alunos da UNIFOR e funcionários da área da saúde do Lar Torres de Melo\nestiveram disponíveis para esclarecer dúvidas daqueles que se submeteram aos testes, como o porquê de\nrealizar tal procedimento, para que ele serve e, principalmente, o que fazer se o resultado fosse positivo.\nEste trabalho está de acordo com a Resolução CNS nº 466/12, ou seja, todos os direitos cabíveis aos\nparticipantes da pesquisa foram respeitados.\nResultados e Discussão\nForam testados 225 idosos e 25 funcionários, tendo sido diagnosticados nos idosos cinco casos de\nhepatite C e um de hepatite B, devidamente encaminhados para serem acompanhados ambulatorialmente.\nA prevalência de hepatite C entre os idosos que participaram da ação foi de 2,2%, a de B foi 0,4%.\nEsses dados são compatíveis com um estudo de Lara Barcos (2013), que promoveu testes em 1029 idosos,\ntendo como resultado a prevalência de 1,94% para hepatite C e 0,58% de hepatite B.\nIsso reforça a necessidade de triagens mais frequentes em idosos, pois trata-se de um grupo de\nrisco, visto que eles viveram a juventude em uma época em que os cuidados com a prevenção do contágio\nde hepatites eram quase inexistentes. Não havia triagem para as doações de sangue (passou a existir a\npartir de 1993), esterilização do material cirúrgico era precária, e não se sabia do grande risco de\ncompartilhamento de agulhas para a transmissão da doença. (BRASIL, 2005)\nEntre os funcionários, não houve nenhum teste positivo, mas sabe-se da importância de inclui-los na\ncampanha, pois, ao cuidar diretamente dos idosos, podem entrar em contato com sangue e excrementos\ndos idosos e serem contaminados.\nDurante a ação, os membros da LIGASTRO tiveram a oportunidade de sedimentar o conhecimento\nsobre hepatites virais crônicas, adquirido durante as reuniões da liga e de praticar uma boa relação médico-\npaciente.\nDe uma forma geral, os idosos receberam bem a ação social, interagiram e tiraram dúvidas sobre os\ndiversos tipos de hepatites e suas formas de transmissão. Houve o fornecimento de orientações sobre como\nevitar as doenças em questão, identificar suas manifestações clínicas e como prosseguir corretamente após\no diagnóstico ou suspeita dessa comorbidade, conscientizando, inclusive, sobre a importância de convocar\noutros indivíduos expostos a riscos similares para análise médica e de informar as principais medidas\npreventivas a serem tomadas.\nComo forma de incentivo à prevenção, além das informações cedidas, houve campanha de\nvacinação contra a hepatite B. Ao todo, 200 pessoas foram vacinadas. Para a hepatite C ainda não existe\nvacina, o que reforça ainda mais a necessidade de prevenção.\nAlguns idosos, devido a certo grau de déficit cognitivo, apresentavam dificuldade de entendimento\ndas informações que estavam sendo passadas, o que nos impediu de alcançar o objetivo da ação para\nesses participantes.\nCom a experiência adquirida, ficou mais clara a importância da notificação de doenças como estas\npelos profissionais de saúde, para que medidas de promoção e prevenção de saúde possam ser\nestimuladas.\nConclusão\nDiante do exposto, observa-se que o rastreamento de hepatites virais é de extrema importância\ndevido a sua relevância clinico-epidemiológica, seus riscos de cronificação e de desenvolvimento de\nhepatocarcinoma.\nISSN 18088449 4Ações sociais de prevenção e promoção da saúde são uma forma de realizar esse rastreamento e\nde manter a população informada sobre as formas de transmissão e a maneira de evitar contágio das\ndiversas hepatites.\nOs testes rápidos são uma forma prática e rápida de fazer esse rastreamento, devendo ser\ndominado por estudantes e profissionais de saúde.\nAdemais, essas atividades acrescentam muito conhecimento acadêmico não apenas sobre a\nmaneira correta de realizar os testes, mas também como se portar e desenvolver uma boa relação médico-\npaciente.\nReferências\nBARCOS, I. P. Análise da prevalência e de fatores de risco para as hepatites virais crônicas b e c em idosos\nresidentes no município de Botucatu-SP. Repositório institucional Unesp, 2013.\nBRASIL. Ministério da Saúde. Hepatites virais: o Brasil está atento. 3ª ed. Brasília, 2008. Disponível em\n<http://bvsms.saude.gov.br/bvs/publicacoes/hepatites_virais_brasil_atento_3ed.pdf> Acesso em: 14 ago.\n2016.\nBRASIL. Ministério da Saúde. Manual de treinamento para teste rápido hepatites B (HBsAg) e C (anti-\nHCV). Brasília, ago. 2011. Disponível em\n<http://www.aids.gov.br/sites/default/files/anexos/page/2012/50770/manual_para_capacitacao_de_tr_para_a\ns_hepatites_b__17745.pdf> Acesso em: 15 ago. 2016.\nFERREIRA, C. T. ; SILVEIRA, T. R. da. Viral Hepatitis: epidemiological and preventive aspects. Rev. bras.\nepidemiol., São Paulo , v. 7, n. 4, p. 473-487, dez. 2004 .\nREZENDE, J. Doenças infecciosas. In: Obstetrícia Fundamental. 12ªed. Rio de Janeiro: Guanabara\nKoogan, p.471-474, 2013.\nVALENTE, VB; COVAS, DT; PASSOS, ADC. Marcadores sorológicos das hepatites B e C em doadores de\nsangue do Hemocentro de Ribeirão Preto, SP. Rev. Soc. Bras. Med. Trop. v. 38, p. 488-492, 2005.\nAgradecimentos\nSomos gratos aos professores que encabeçaram a ação social e nos assessoraram durante a\natividade, ao Lar Torres de Melo que organizou uma estrutura adequada para desempenharmos o\natendimento e aos idosos e funcionários que participaram tão solicitamente da campanha Julho Amarelo.\nISSN 18088449 5"
}