{
  "id": "27565",
  "trabalho": "EDUCAÇÃO EM SAÚDE NA ATENÇÃO BÁSICA  ISTS: RELATO DE EXPERIÊNCIA.",
  "area": "CIÊNCIAS DA VIDA",
  "ano": "2016",
  "evento": "XXII - ENCONTRO DE INICIAÇÃO À PESQUISA ",
  "link": "http://uol.unifor.br/oul/conteudosite/?uuid=C9DF582FCD1B4EC00CAFCD01CC004885D2EC3066",
  "conteudo": "XXI Encontro de Iniciação à Pesquisa\nUniversidade de Fortaleza\n17 à 21 de Outubro de 2016\nEDUCAÇÃO EM SAÚDE NA ATENÇÃO BÁSICA – IST’S: RELATO DE\nEXPERIÊNCIA.\nCristina Paloma Guerra da Silva1* (IC)*, Jandira Karla Resende Simeão1 (IC), Jeane Ribeiro Martins1 (IC),\nJessica da Silva Figueira1, Aline de Souza Pereira 2 (PQ)\n1. Discente do curso de Enfermagem- Faculdades Nordeste.\n2. Docente do Curso de Enfermagem - Faculdades Nordestes / Centro Universitário\nEstácio do Ceará\ncristinapalomag@hotmail.com\nPalavras-chave: IST’S; Atenção Básica; Enfermagem.\nResumo\nA formação de profissionais enfermeiros deve compenetrar-se na qualidade, para que os mesmos\nconsigam carrear o saber teórico para a prática que a profissão exige. Diante disso, a educação em saúde,\nconstitui-se como uma forma de capacitar a comunidade, através da sensibilidade do profissional na\npercepção das debilidades da comunidade em que ele integra os serviços de saúde. A compreensão de\nfatores, como, renda, educação, estilo de vida, escolaridade, moradia, meio social, dentre outros, podem\nrevelar-se como empecilho para o profissional e os serviços de assistência em saúde ter acesso à aquele\nindivíduo. Este estudo constitui-se de um relato de experiência das acadêmicas da disciplina de\nEnfermagem em Saúde Sexual e Reprodutiva, do Curso de Graduação em Enfermagem de uma instituição\nde ensino superior privada, de Fortaleza, no período dos meses de abril maio de 2016, com o escopo de\nestagiar no local, realizando atividades que a unidade de saúde estava dispondo, mas trazendo outras\natividades pertinentes aos serviços do local, ao público predominante, deficiências em saber dos usuários\ncaptadas pelos membros da equipe, e de planos de ações pensados de antemão pela preceptora, onde o\nmesmo fora ampliado, tendo os temas das educações em saúde vigentes dos planos de ações do estágio,\nescolhido pelas acadêmicas e cada tecnologia leve correspondente. Dos resultados dessas reuniões e\npautas expostas e discutidas, percebemos a validez de cada ação, da contribuição, da percepção que a\ninformação era entendida pelos receptores, que o uso do elemento tecnologia leve, facilitava o entendimento\nde cada tema que emitíamos.\nIntrodução\nO processo pedagógico da enfermagem, com ênfase na educação em saúde, encontra-se em\nevidência, já que atualmente é reconhecido como uma estratégia promissora no enfrentamento dos\nmúltiplos problemas de saúde que afetam as populações e seus contextos sociais. O enfermeiro tem\ndestaque, já que é o principal atuante no processo de cuidar por meio da educação em saúde¹.\nO enfermeiro como educador em saúde deve contribuir para a conscientização individual e coletiva,\nquestionando as responsabilidades e os direitos à saúde, estimulando ações que atendam aos princípios do\nSUS, principalmente acessibilidade, equidade, universalidade e participação popular. Entendendo, então,\nque o principal objetivo da educação em saúde é promover a saúde para que indivíduos vivam a vida comqualidade, formar-se-ão indivíduos conscientes capazes de se responsabilizar pela sua própria saúde e\nintervir no ambiente que gere manutenção da sua saúde¹.\nA incorporação da educação em saúde às práticas da estratégia de saúde da família se mostra cada\nvez mais atual e necessária, principalmente quando esta ocorre a partir da troca de conhecimentos,\nestabelecendo mais do que um ensino e uma aprendizagem um ato de criar e transformar².\nAs Infecções Sexualmente Transmissíveis (IST) são causadas por vírus, bactérias ou outros\nmicrorganismos. São transmitidas, principalmente, por meio do contato sexual (oral, vaginal, anal) sem o\nuso de camisinha masculina ou feminina com uma pessoa que esteja infectada. A transmissão de uma IST\npode acontecer, ainda, da mãe para a criança durante a gestação, o parto ou a amamentação. O tratamento\ndas pessoas com IST melhora a qualidade de vida e interrompe a cadeia de transmissão dessas infecções.\nO atendimento e o tratamento são gratuitos nos serviços de saúde do SUS. A terminologia Infecções\nSexualmente Transmissíveis (IST) passa a ser adotada em substituição à expressão Doenças Sexualmente\nTransmissíveis (DST), porque destaca a possibilidade de uma pessoa ter e transmitir uma infecção, mesmo\nsem sinais e sintomas³.\nDiante do exposto, o objetivo desta pesquisa é relatar a experiência vivenciada pelos acadêmicos de\nenfermagem, em uma educação em saúde sobre a prevenção de Infecções Sexualmente Transmissíveis\ndesenvolvida na unidade de atenção primária à saúde (UAPS).\nMetodologia\nRealizado um estudo de caráter descritivo, durante o estágio da disciplina de Enfermagem em\nSaúde Sexual e Reprodutiva. O estudo foi realizado em uma Unidade de Atenção Primária à Saúde – UAPS,\nlocalizada na periferia do município de Fortaleza – CE, durante os meses de abril e maio de 2016. Foi\nrealizada uma educação em saúde, cujo tema abordado foi: Infecções Sexualmente Transmisíveis (IST’s).\nAs IST’s abordadas foram: sífilis, gonorreia, tricomoníase, SIDA (AIDS). Foi explanado sobre as afecções,\nprevenção, sinais e sintomas, tratamento, a importância do exame preventivo e do uso de preservativos para\nevitar a disseminação dessas infecções. Tendo em vista o desconhecimento ou saber fracionado dos\nusuários, utilizou-se diversas imagens correspondente à cada doença, para a visualização da evolução de\ncada IST’s , promovendo o estímulo ao interesse dos pacientes, em analisar-se mais, vigiar-se em relação\nao comportamento sexual condizente, utilizando as informações emitidas para anular-se de situações de\nrisco.\nO publico alvo da ação foram os usuários da rede de saúde, os quais estavam presentes 12\npessoas, sendo 11 mulheres e 1 homem, com faixa etária entre 14 e 74 anos. Ao final da explanação, foi\nutilizada a estratégia da tecnologia leve, a tecnologia em questão, corresponde a um jogo com perguntas\nacerca das patologias abordadas, onde três ouvintes se auto indicaram para participar. Os participantes do\njogo responderam as perguntas, o participante ganhador fora incumbido demonstrar o uso correto do\npreservativo masculino, previamente ensinado por um membro da equipe, em uma prótese peniana. O\nparticipante ao roborar que aprendeu o modo correto de colocar ao contraceptivo de barreira recebeu, ao\nfinal, um kit de higiene.\nResultados e Discussão\nA experiência\nPreviamente a preceptora com o auxílio da monitora da disciplina, antes de inserir a equipe no\ncampo de estágio, submeteu as acadêmicas a uma aula de capacitação, pontuadas nas atividades que\nviriam a ser prestadas pelas mesmas, principalmente, a técnica correta para cada atividade. Dentre essasatividades, encontrava-se o exame de prevenção e o exame clínico das mamas. De modo prévio, a\nimplementação de cada educação em saúde, foram idealizados e discutidos a partir do plano de ação,\nidealizado pela preceptora, onde a equipe de acadêmicas de enfermagem, perceberam a importância de\ninserção da população dentro do processo. Contando com uma docente e as alunas do Curso de\nEnfermagem, a cada finalização de dia de estágio, era discutido quais eram as a necessidades à serem\natendidas, como meio de, propiciar a relação de ensino serviço.\nAs atividades começaram a partir do contato da equipe com mulheres de diversas faixas etárias\nque estavam à espera de atendimento em diversas especialidades oferecidas no local. O tema escolhido foi\ndeterminado pela equipe que percebeu-se nos dias de estágio, pela falta de orientação e desconhecimento\nde muitas mulheres ao determinado tema. O tema foi expandido a diversas doenças que muitas por elas\nmesmas destacadas, só são conhecidas pelo nome. A perspectiva de estimular as mulheres que estavam na\nsala de espera a participar da ação educativa em pauta nesse artigo, utilizou-se a estratégia da produção de\nkit de higiene ofertado pela equipe.\nPara realização da ação educativa, foi utilizado dinâmicas de grupo e cartazes, que buscou\npromover uma melhor visualização e compreensão da temáticas exibidas, bem como promover uma melhor\ninteração entre os participantes. O desenvolvimento da ação pode promover a maior aproximação entre as\nmulheres, possibilitando o vínculo de confiança, diminuindo a timidez e favorecendo o esclarecimento de\ndúvidas. Por ter somente um homem entre os ouvintes, utilizamos esse fator quantitativo ao nosso favor,\npontuando que o comportamento sexual , saúde, informação, constitui-se de interesse de ambos os sexos.\nInformando as ouvintes, sobre o pensamento misógino, que os contraceptivos de barreira devem ser de\nadesão unicamente do público feminino, e usando a atenção do único homem presente para conversar com\nele e pedir a transmissão do que informamos aos seus familiares e conhecidos.\nContribuições para acadêmicas\nO desenvolvimento da educação da saúde, proporcionou destacar as lacunas que há na\natenção básica associado a carência de informação as mulheres em relação as doenças sexualmente\ntransmissíveis e ao pensamento machista. A promoção é enriquecedora para a formação acadêmica, pois\npossibilita a visualização da deficiência no serviço público e a falta de ações voltadas para a execução das\npolíticas voltadas aos homens, parcela essa da população, rasa de informações. Percebeu-se da qualidade\nque o ensino proporciona ao profissional de saúde o uso das educações em saúde, mas, que os\nprofissionais se incube apenas em cumprir funções normativas e muitas vezes prescritivas. A participação\nnessa ação proporcionou as graduandas um olhar mais humanizado e diferenciado para os problemas na\ncarência de informações básicas que são deixadas pelo serviço público de saúde voltado para esse local e\nmulheres que o utilizam, que podem ser supridas pela equipe de enfermagem por meio da formação de\natividades educativas, como recomendado pelo Ministério da Saúde.\nConclusão\nA educação em saúde da pessoa, família e comunidade se faz necessária principalmente na\natenção básica, que tem como eixo a prevenção de doenças e promoção da saúde. É na unidade de\natenção primária que o paciente busca o primeiro atendimento em torno de patologias em menor grau,\nimunizações e acompanhamentos de doenças crônicas, por exemplo. Nesse aspecto, o enfermeiro tem\ncomo dever, promoções que facilitem o acesso e compreensão por parte dos usuários sobre um\ndeterminado assunto, que pode ser uma doença endêmica local, como também a importância do auto\ncuidado por parte dos mesmos. Este profissional usa de tecnologias leves, como cartazes, fotos e panfletos,\nutilizando-os como estratégias de ensino, podendo ser realizadas educações na sala de espera, noconsultório ou em reuniões agendadas. Diante da importância dessas ações na atenção básica, conclui-se\nque, o papel do enfermeiro na educação em saúde é primordial, usando como base pesquisa as IST’s,\ndoenças que requerem ampla informação preventiva, torna-se um tema relevante, que se trabalhado de\nforma clara e objetiva, promove para a pessoa a informação necessária para seu bem estar, dando para\neste a autonomia necessária para a promoção da própria saúde.\nReferências\nSousa LB; Torres CA; Pinheiro PNC; Pinheiro AKB. Práticas de educação em saúde no Brasil: a atuação\nda enfermagem. Rev. enferm. UERJ, Rio de Janeiro, 2010 jan/mar; v.18, n. 1, p. 55-60.\nFernandes MCP; Backes VMS. Educação em saúde: perspectivas de uma equipe da Estratégia Saúde\nda Família sob a óptica de Paulo Freire. Rev. bras. enferm. vol.63 no.4 Brasília July/Aug. 2010.\nhttp://www.aids.gov.br/pagina/o-que-sao-dst. Acesso em 12 de maio de 2016, às 17:35.\nAgradecimentos\nAgradeço desde já, as minhas companheiras de equipe, pelos seus esforços diários e devoção ao\nestudo, para a cada educação em saúde, que explanávamos, com a profunda preocupação em levar\ninformações idôneas e atuais. Meu grande apreço, à nossa preceptora Aline Pereira, por realizar as reuniões\ne nos estimular a produzir, e ao, seu plano de atividades tão bem organizado. Agradeço as nossas ouvintes,\npelo entusiasmo, educação e recepção, ao que falávamos. À Deus, por me proporcionar estudar, e\nprincipalmente, estar buscando a minha capacitação, para poder perpassar esse saber."
}