{
  "id": "27580",
  "trabalho": "ANÁLISE DOS FATORES RELACIONADOS À FALHA NA EXTUBAÇÃO EM CRIANÇAS DE UMA UNIDADE DE TERAPIA INTENSIVA EM UM HOSPITAL PÚBLICO DE FORTALEZA",
  "area": "CIÊNCIAS DA VIDA",
  "ano": "2016",
  "evento": "XXII - ENCONTRO DE INICIAÇÃO À PESQUISA ",
  "link": "http://uol.unifor.br/oul/conteudosite/?uuid=19438786CB58F4E226676F99F4A04B5DDDC2400E",
  "conteudo": "XXII Encontro de Iniciação à Pesquisa\nUniversidade de Fortaleza\n17 à 21 de Outubro de 2016\nANÁLISE DOS FATORES RELACIONADOS À FALHA NA EXTUBAÇÃO EM\nCRIANÇAS DE UMA UNIDADE DE TERAPIA INTENSIVA EM UM\nHOSPITAL PÚBLICO DE FORTALEZA\nMayara Rangel Araújo Carneiro1* (IC), Francisco Cid Coelho Pinto1 (PQ), Thiago Brasileiro\nde Vasconcelos1 (PQ), Vasco Pinheiro Diógenes Bastos1 (PQ).\nCentro Universitário Estácio do Ceará – Curso de Fisioterapia.\nmayara.rangel@gmail.com\nPalavras-chave: Extubação. Pediatria. Ventilação Mecânica\nResumo\nA extubação é um dos meios terapêuticos para a evolução clínica nas unidades pediátricas. A falha na\nextubação é a necessidade de reintubar e restaurar o suporte ventilatório < 48 horas após a sua retirada.\nObjetivo: verificar a incidência de falhas na extubação, analisar os índices preditivos e critérios clínicos\nutilizados na extubação, investigar as complicações e intercorrências pós-extubação, correlacionando com\ntempo de intubação. Metodologia: estudo de caráter documental, retrospectivo e quantitativo, realizado em\num hospital de referência em pediatria na cidade de Fortaleza/CE. Foram analisados prontuários de crianças\nque sofreram falha na extubação e as informações registradas em um instrumento de coleta. A amostra foi\ncomposta de 183 prontuários. Resultados: apenas 4,91% (n=9) entraram no critério de inclusão, a maioria do\nsexo masculino, com idade média 16,78 ± 10,77 meses, sendo Pneumonia a patologia mais presente e o\ncritério de extubação mais utilizado foi a gasometria. O suporte ventilatório mais utilizado foi a Ventilação não\nInvasiva (VNI) e a complicação mais presente foi a atelectasia. O motivo mais presente foi desconforto\nrespiratório, levando os pacientes a ficarem mais tempo em ventilação mecânica, tendo uma média de 16,44\n± 3,95 dias, mas ao correlacionar o tempo de intubação de toda a amostra (n=183) com a falha pos-extubação\nnão existiu correlação significativa (r=0,493). Conclusão: Verificou-se que o índice na falha de extubacão na\nUTI pediátrica está dentro dos parâmetros da literatura e que o processo de reintubação pode ser evidenciado\nmesmo tomando todos os cuidados para evitar a falha na extubação.\nIntrodução\nA extubação em crianças em unidades de terapia intensiva tem importante implicação na\nmorbimortalidade de um grande contigente de pacientes criticamente enfermos ou em pós-operatório. A\nretirada da cânula pelo intensivista é um dos principais objetivos terapêuticos para a evolução clínica dos\ncasos internados nessas unidades pediátricas. Em todos os casos, a extubação deve ser avaliada frente aos\nriscos envolvidos tanto na retirada precoce como na permanência supérflua da cânula (BOUSSO, 2006).\nO atraso no processo da extubação traqueal resulta em um aumento das taxas de complicações em\npacientes submetidos à ventilação mecânica, incluindo trauma de vias aéreas, doença pulmonar crônica,\npneumonia associada à ventilação e maior custo hospitalar (EL-BELEIDY, 2013). Por outro lado, a interrupção\nprematura, leva ao comprometimento cardiorrespiratório, exige reintubação e reinstituição da ventilação\nmecânica e aumenta as taxas de mortalidade e morbidade (HARICUMAR, 2009).\nISSN 18088449 1A falha na extubação, segundo Johnston et al. (2010) é definida como a necessidade de reintubar e\nrestaurar o suporte ventilatório < 48 após a extubação. Esta falência ocorre em cerca de 15-20% das crianças.\nKurachek et al. (2003) citam como fatores de risco para falha na extubação: o tempo de intubação, o\ntempo de permanência na unidade de terapia intensiva pediátrica e a doença de base.\nApesar de um médico experiente ser capaz de estimar, somente por meio da avaliação clínica, a\npossibilidade de um paciente ser extubado com sucesso, vários critérios (índices) têm sido propostos com o\nobjetivo de precocemente identificar os pacientes que podem ser retirados da ventilação mecânica invasiva e\naqueles em que, provavelmente a tentativa não terá sucesso (PROENÇA FILHO; FREDDI, 2005).\nSegundo Oliveira (2004) o suporte ventilatório pulmonar mecânico deve ser oferecido em um plano\nde tratamento que considere o uso da ventilação pulmonar mecânica pelo menor tempo possível para que\nnão ocorra a incidência de riscos adicionais ao paciente. Entretanto é ilusório imaginar que a partir do\nmomento em que se coloca o paciente em VM terminam-se os problemas, ao contrário, podem surgir outros\naté mais graves (CARVALHO, 2001).\nA incidência de complicações pós-extubação varia de 7% a 35%, segundo diversos autores. Dentre\nas complicações da VM estão as relacionadas à intubação, que podem se manifestar durante o procedimento\ne/ou após extubação, sendo estas imediatas ou tardias (CARVALHO, 2001).\nA justificativa para o desenvolvimento desse projeto está em poder observar os fatores associados à\nfalha na extubação em lactentes, podendo oferecer mais informações e possibilitar uma melhor abordagem a\nser adotada, conduzindo assim à extubação com sucesso.\nA relevância desse estudo está em poder contribuir com informações úteis, oferecendo subsídios em\nmais uma fonte de pesquisa para os profissionais da área da saúde.\nO estudo teve como objetivo geral analisar os fatores associados à falha na extubação em crianças\nde uma Unidade de Terapia Intensiva Pediátrica, e específicos: verificar a incidência de falhas na extubação;\nInvestigar os critérios clínicos utilizados na extubação; Investigar as complicações ou intercorrências pós-\nextubação; Investigar se há correlação entre o tempo de intubação com a falha pós-extubação.\nMetodologia\nA pesquisa foi de caráter documental, retrospectiva e quantitativa. Segundo Gil (2010) e Polit; Beck\n(2011) o estudo é considerado documental, quando o mesmo é elaborado a partir de materiais que não\nreceberam tratamento analítico.\nRealizada em um hospital de nível secundário dentro da rede pública de saúde, primeiro hospital\npúblico do norte e nordeste a receber o título de acreditação hospitalar nível 2 pela Organização Nacional de\nAcreditação (ONA). Constitui-se num hospital de apoio para a rede terciária de assistência do Estado do\nCeará, atendendo exclusivamente a clientela do Sistema Único de Saúde (SUS), oferece à população do\nCeará 241 leitos, distribuídos nas clínicas médicas, cirúrgica, pediátrica, UTI adulto, UTI neonatal e UTI\npediátrica. Desenvolve ainda assistência ambulatorial e domiciliar, como também programas especiais e\npersonalizados, com equipes multidisciplinares para pacientes portadores de enfermidades crônicas (pé\ndiabético e acidente vascular cerebral) (GOVERNO DO ESTADO DO CEARÁ 2008; GOVERNO DO ESTADO\nDO CEARÁ 2010).\nA coleta de dados foi realizada de janeiro a junho de 2015, conforme o parecer do comitê de ética em\npesquisa do Centro Universitário Estácio/FIC (Protocolo nº 000565/2015).\nISSN 18088449 2A amostra foi constituída dos prontuários de crianças internada na Unidade de Terapia Intensiva\nPediátrica do referido Hospital no ano de 2014, independente do sexo e que foram extubados.\nForam excluídos do estudo os prontuários das crianças que tiverem extubação acidental, com faixa\netária maior que onze anos e as que estiveram intubados por tempo inferior a 48 horas.\nOs dados foram registrados em um instrumento de coleta de dados, contendo tópicos como: dados\npessoais, patologia de base, critérios clínicos, necessidade de suporte ventilatório, complicações e\nintercorrências pós extubação e tempo de intubação.\nOs dados foram analisados pela estatística descritiva e analítica por meio do software SPSS 17.0,\nsendo os resultados apresentados em forma de gráficos e tabelas.\nO estudo seguiu os aspectos éticos que envolvem a pesquisa com seres humanos, como garantia da\nconfidencialidade, do anonimato, da não utilização das informações em prejuízo dos indivíduos e do emprego\ndas informações somente para os fins previstos na pesquisa (BRASIL 2012).\nResultados e Discussão\nO presente estudo evidenciou um percentual de 7,10% (n=13) na falha da extubação na faixa etária\npediátrica, esse dado está condizente com o estudo de Farias; Monteverde (2006) que descrevem que varia\nde 4,9 a 29%. Todavia, vai de encontro com os estudos de Bousso (2006) que aponta 10 a 28% e o de\nMedeiros (2011) com 14% a 24%.\nAtravés dos resultados desta pesquisa foi encontrado que o gênero masculino tinha uma maior\nprevalência, esse dado veio a confirmado os estudos de Oliveira et al. (2012), com 57,5% do sexo masculino,\ne no de Linhares, Siqueira e Previdelli (2013) com 54% desse gênero.\nComo relação a idade média da amostra em estudo foi possível verificar que a mesma estava abaixo\nda apresentada nas pesquisas de Linhares, Siqueira e Previdelli (2013) que foi de 25 meses e na de Souza,\nCarvalho (2009) que era 37,3 meses. Porem nesses estudos a faixa etária utilizada foi de 0 a 18 anos e na\npresente pesquisa foi de 0 a 11 anos.\nOliveira (2002) destaca que a insuficiência respiratória é a principal causa que indica a necessidade\nde VM nos RN e ela pode ser proveniente de causas pulmonares como: SDR, síndrome aspirativa,\nmalformações congênitas dos pulmões, hemorragias, pneumotórax, entre outras. Esses dados vêm ao\nencontro do presente estudo quando foi evidenciado que a pneumonia seria a de maior incidência na amostra,\nporem confirmando o que apresentou Souza, Carvalho (2009) que seria de 52,4%.\nA gasometria foi o critério mais utilizado para extubação no presente estudo, porem outros critérios\nforam associados a ela para realização desse procedimento. Proença Filho e Freddi (2005) destacam que\ndurante a extubação deve ser iniciado com a normalidade e estabilização do suporte de oxigênio e ventilação,\ndados esses que podem ser adquiridos pela gasometria.\nSegundo Matsumoto e Carvalho (2007) o intensivista deve prever a possibilidade de um colapso\npulmonar solicitando radiografia torácica após a extubação. A solicitação desse exame na amostra em estudo\napresentou uma deficiencia, fato esse que pode ter contribuido para a reintubação.\nA VNI foi o suporte ventilatório padrão utilizado nesse estudo, porem não impediu a reintubação.\nTodavia, Barbas et al. (2014) destacam que a utilização da VNI deveria ser utilizada para evitar reintubação\ne Insuficiência respiratória.\nDe acordo com Silva (2008) as condições clínicas para o sucesso na extubação abrangem: adequada\nfreqüência respiratória, ausência de utilização de musculatura acessória, ausência de batimentos de asa de\nISSN 18088449 3nariz, estabilidade hemodinâmica e ausência de crises convulsivas. Porém no presente estudo foi evidenciado\nalguns fatores que não favorecem a essas condições: atelectasia, enfisema pulmonar, acidose respiratória,\nlesão durante a extubação, esforço para respirar.\nUma complicação relativamente comum é a presença de atelectasia pós-extubação relacionada à\nalteração da depuração mucociliar durante e imediatamente após a extubação e associada à doença\npulmonar preexistente não resolvida, conforme destaca Matsumoto; Carvalho (2007).\nNesse estudo apenas três fatores favoreceram a reintubação: desaturação, desconforto respiratório\ne apneia prolongada, esses dados podem ser confirmados por Silva et al. (2008) que destacam as apneias\nseriam um dos fatores que favoreceriam a reintubação, pois seria a incapacidade de segurar a respiração\nespontânea, levando a uma desaturação.\nPara Mângia (2004) o risco de obstrução da via aérea superior pós-extubação aumenta com a\nduração de ventilação mecânica sendo esse um fator para para o fracasso no progresso da retirada da\nventilação mecânica. Todavia, Meade (2001) destaca que a falha na extubação justifica-se por associar-se\ncom aumento na morbimortalidade e prolongamento do tempo de UTI.\nCosta; Schettino; Ferreira (2014) identificaram o tempo de Ventilação Pulmonar Mecânica em\nNeonatologia aumentava o risco de ocorrência da falha de extubação, destacando que para o tempo de VPM\ncada dia de utilização reduziu o risco em 16%, esse dado não foi confirmado no presente estudo, pois não\nhouve correlação entre essas variáveis, que pode ter sido na diferença da faixa etária estudada.\nConclusão\nDe acordo com os objetivo do estudo foi possível evidencia que o índice na falha de extubacao foi\n12,63% na UTI pediátrica, tendo como critérios clínicos mais frequente para a extubação gasometria arterial,\na atelectasia como a complicação mais presente pós extubação e que não existiu correlação significativa\nentre a falha de extubação com o tempo de intubação.\nDestaca que o insucesso no desmame pode ser por outras condições que não as ventilatórias,\nprolongando o tempo de VM até que a causa possa ser controlada.\nConclui-se que o processo de reintubação pode ser evidenciado mesmo tomando todos os cuidados\npara evitar a falha na extubação.\nReferência\nBARBAS CS, ÍSOLA AM, FARIAS AM, CAVALCANTI AB, GAMA AM, DUARTE AC; et al. Recomendações\nbrasileiras de ventilação mecânica 2013. Parte I. Rev Bras Ter Intensiva. v.26 n.2 p.89-121, 2014.\nBOUSSO, A., et al. Evaluation of the dead space to tidal volume ratio as a predictor of successful\nextubation. Jornal de Pediatria, Rio de Janeiro, v.82, n.5, p. 347-353, 2006.\nBRASIL. Conselho Nacional de Saúde. Diretrizes e Normas de Pesquisa em Seres Humanos.\nResolução 466/12. 12 de Dezembro de 2012.\nCARVALHO, L.M.A, et. al. Complicações laringotraqueais pós-extubação em crianças. Revista Brasileira\nde Terapia Intensiva, v.13, n.1, p. 29-34, abr. 2001.\nCONSELHO FEDERAL DE FISIOTERAPIA E TERAPIA OCUPACIONAL - COFFITO. Resolução COFFITO-\n10, de 3 de julho de 1978. Aprova o código de ética profissional de Fisioterapia e Terapia Ocupacional.\nDiário Oficial da União, Brasília, Seção 1, Parte 2, 5265-5268, 1978.\nISSN 18088449 4CORDEIRO AMG. Acessos para as vias aéreas. In: Carvalho WB, Hirschheimer MR, Matsumoto T,\neditores. Terapia intensiva pediátrica. 3ª ed. São Paulo: Atheneu; 2006. p. 1589-605.\nCOSTA ACO; SCHETTINO RC; FERREIRA SC. Fatores preditivos para falha de extubação e reintubação\nde recém-nascidos submetidos à ventilação pulmonar mecânica. Rev Bras Ter Intensiva. Belo Horizonte\n(MG) v.26 n.1 p.51-56, 2014\nCURLEY, M.A.; THOMPSON, J.E.; ARNOLD, J.H.The effects of early and repeated prone positioning in\npediatric patients with acute lung injury. Chest, v.118, p. 156-163, 2000.\nEICHENWALD, E. C. Ventilação Mecânica. In. CLOHERTY, J. P.; STARK, A. S. Manual de Neonatologia.\n4. ed. Rio de Janeiro: Medsi, 2000.\nEL-BELEIDY,A.S, et al. Automatic Tube Compensation versus Pressure Support Ventilation and Extubation\nOutcome in Children: A Randomized Controlled Study. ISRN Pediatr, v. 2013, 2013.\nFARIAS, A., et al. Desmame e interrupção da ventilação mecânica. Jornal Brasileiro de Pneumologia, v.\n33, supl. 2, p. 120-136, 2007.\nFARIAS, J.A.; MONTEVERDE, E. É preciso prever a falha na extubação. Jornal de Pediatria, Rio de\nJaneiro, v.82, n. 5, p. 322-324, 2006.\nGIL AC. Como elaborar projetos de pesquisa. 5. ed. São Paulo: Atlas, p. 184-184, 2010.\nGoverno do Estado do Ceará – Hospital Geral Dr. Waldemar de Alcântara (HGWA) – organograma 2010\n[internet]. Brasil 2010, Disponível em:\n<http://www.hgwa.ce.gov.br/index.php?option=com_content&view=article&id=687&Itemid=308>. acesso em\n22 out 2014.\nGoverno do Estado do Ceará – Hospital Geral Dr. Waldemar de Alcântara (HGWA) – Escritório da\nqualidade: breve histórico [internet]. Brasil 2008. Disponível em:\n<http://www.hgwa.ce.gov.br/index.php?option=com_content&view=article&id=79&Itemid=196(2008)> acesso\nem 22 out 2014.\nHARIKUMAR, G.,et al. Tension-time index as a predictor of extubation outcome in ventilated children. Am J\nRespir Crit Care Med, v.180, n.10, p. 982-988, 2009.\nJOHNSTON, C., et al. Preditores de Falha da Extubação em Crianças Submetidas no Pós-Operatório de\nCirurgia Cardíaca Submetidas à Ventilação Pulmonar Mecânica. Revista Brasileira de Terapia Intensiva,\nv.20, n.1, p. 57-62, 2008.\nJOHNSTON, C., et al. Risk Factors Extubation Failure in Infants With Severe Acute Bronchiolitis.\nRespiratory Care, v.55, n.3, p. 328–333, 2010.\nKURACHEK, S.C,, et al. Extubation failure in pediatric intensive care: a multiple-center study of risk factors\nand outcomes. Crit Care Med, v. 31, n. 11, p. 2657-2664, 2003.\nLANZA, F.C.; GAZZOTTI, M.R.; TSOPANOGLOU, S.P. Ventilação Pulmonar Mecânica. In: SARMENTO,\nG.J.V.; PEIXE, A.A.F.; CARVALHO, F.A. Fisioterapia Respiratória em Pediatria e Neonatologia. 1.ed. São\nPaulo: Manole, p.407-416, 2007.\nLINHARES DG, SIQUEIRA JE, PREVIDELLI ITS. Limitação do suporte de vida em unidade de terapia\nintensiva pediátrica. Rev. bioét. v.21 n.2 p.291-7, 2013.\nLOURENÇÃO, C.P.; CANELLAS, L. DESMAME DA VENTILAÇÃO MECÂNICA EM PEDIATRIA. In.\nFisioterapia Respiratória em Pediatria e Neonatologia.1.ed. São Paulo: Manole, p. 493-496, 2007.\nMACHADO, M.G.F. BASES DA FISIOTERAPIA RESPIRATÓRIA: terapia intensiva e reabilitação. Rio de\nJaneiro: Guanabara Koogan, 2008.\nMÂNGIA, C.M.F. Retirada da Ventilação Pulmonar Mecânica. In: CARVALHO, W.B.; SOUZA, N.; SOUZA,\nR.L. Emergência e Terapia Intensiva Pediátrica. 2. ed. São Paulo: Ateneu, p. 233-240, 2004.\nISSN 18088449 5MATSUMOTO, T.; CARVALHO, W.B. Intubação traqueal. Jornal de Pediatria, Rio de Janeiro, v. 83, n. 2,\np.83-90, 2007.\nMEADE, M., et al. Predicting success in weaning from mechanical ventilation.Chest, v. 120, p. 400-424,\n2001.\nOLIVEIRA N.F. Ventilação Pulmonar Mecânica Pediátrica. In: CARVALHO, W.B.; SOUZA, N.; SOUZA,\nR.L. Emergência e Terapia Intensiva Pediátrica. 2. ed. São Paulo: Ateneu, p.230-232, 2004.\nOLIVEIRA PC, CABRAL LA, SCHETTINO RC, RIBEIRO SNS; et al. Incidência e principais causas de\nextubação não planejada em unidade de terapia intensiva neonatal. Rev. Bras Ter Intensiva. v.24 n.3\np.230-235, 2012.\nPARKER, A.; PRASAD, A. Pediatria. In: PRYOR, J. A.; WEBBER, B. A. Fisioterapia para Problemas\nRespiratórios e Cardíacos. 2. ed.Rio de Janeiro: Guanabara Koogan, p. 234-263, 2002.\nPOLIT DF, BECK CT. Fundamentos de pesquisa em enfermagem: avaliação de evidências para a\nprática da enfermagem. 7. ed. Porto Alegre: Artmed, 2011.\nPRESTO B.; PRESTO L.D.N.P. Fisioterapia na UTI. Rio de Janeiro: BP, 2003.\nPROENÇA FILHO, J.O.; FREDDI, N.A. Retirada do paciente da ventilação pulmonar mecânica. In:\nCARVALHO, W.B. Ventilação Pulmonar Mecânica em Neonatologia e Pediatria. 2. ed. São Paulo: Ateneu,\n2005, p. 525-532.\nROTTA, A.T.; STEINHORN, D.M. Ventilação mecânica convencional em pediatria. Jornal de Pediatria, v.\n83, n.2, p. 100-108, 2007.\nSILVA, Z.M., et al. Fatores associados ao insucesso no desmame ventilatório de crianças submetidas a\ncirurgia cardíaca pediátrica. Revista Brasileira de Cirurgia Cardiovascular, São José do Rio Preto, v.23,\nn.4, p.501-506, out./dez. 2008.\nSOUZA, N.; CARVALHO, WB.Complicações da intubação traqueal em pediatria. Rev. Assoc. Med. Bras.\nSão Paulo v.55 n.6 p.646-50 2009\nAgradecimentos\nISSN 18088449 6"
}