{
  "id": "27596",
  "trabalho": "PERFIL CLÍNICO-DEMOGRÁFICO DE PACIENTES COM INSUFICIÊNCIA CARDÍACA EM SEGUIMENTO AMBULATORIAL DE ENFERMAGEM",
  "area": "CIÊNCIAS DA VIDA",
  "ano": "2016",
  "evento": "XXII - ENCONTRO DE INICIAÇÃO À PESQUISA ",
  "link": "http://uol.unifor.br/oul/conteudosite/?uuid=89C1146D7FC75C29123B2F25F819824DF4651E40",
  "conteudo": "XXII Encontro de Iniciação à Pesquisa\nUniversidade de Fortaleza\n17 à 21 de Outubro de 2016\nPerfil clínico-demográfico de pacientes com insuficiência cardíaca em\nseguimento ambulatorial de enfermagem.\nMércia Marques de Oliveira¹* (IC), Ana Caroline\nAndrade Oliveira¹ (IC), Antônio Ribeiro da Silva Júnior¹ (IC), Lorena Campos De Souza² (PQ) Vera Lúcia\nMendes de Paula Pessoa³ (PQ)\n1. Acadêmico de Enfermagem na Universidade Estadual do Ceará. Membro do Grupo de Pesquisa em Epidemiologia, Cuidado em\nCronicidades e Enfermagem (GRUPECCE/UECE). Membro da Linha de Pesquisa Produção do Cuidado Clínico em Enfermagem\nCardiovascular.\n2. Enfermeira Especialista em Enfermagem Cardiovascular. Membro do Grupo de Pesquisa em Epidemiologia, Cuidado em\nCronicidades e Enfermagem (GRUPECCE/UECE).\n3. Doutora em Enfermagem pela Universidade Federal do Ceará. Pesquisadora do Grupo de pesquisa Epidemiologia, Cuidado em\nCronicidades e Enfermagem (GRUPECCE)\nmercia.oliveira@aluno.uece.br\nPalavras-chave: Insuficiência cardíaca. Enfermagem. Consulta de Enfermagem.\nResumo\nO estudo objetivou descrever as características sociodemográficas e clínicas de pacientes que\nabandonaram o seguimento ambulatorial há pelo menos um ano. Trata-se de um estudo retrospectivo\ndocumental, com abordagem quantitativa, realizado no Hospital de Messejana Dr. Carlos Alberto Studart\nGomes cuja coleta aconteceu nos meses de junho e julho de 2016. A amostra é constituída pelos\nprontuários dos 181 pacientes que não comparecem as consultas de Enfermagem no seguimento\nambulatorial de insuficiência cardíaca (IC) há pelo menos um ano. As características sociodemográficas e\nclínicas dos pacientes estão apresentadas em tabelas. Ao analisarmos os resultados da Tabela 1,\ndestacamos que o perfil demográfico dos pacientes com IC se encaixa, com maior frequência, em\nindivíduos do sexo masculino, numa idade de 50 a 59 anos. Na tabela 2, a classificação de insuficiência\ncardíaca de acordo com sua etiologia mostra que a miocardiopatia isquêmica possui maior incidência nos\nhomens com 30 pacientes (16,5%) já nas mulheres predominou a periparto com 10 pacientes (5,5%)\nseguida da isquêmica com 9 indivíduos (4,9%). De acordo com os resultados obtidos, podemos observar\nque o conhecimento das características do paciente é de grande importância para serem implementadas na\nrotina do paciente medidas de autocuidado e conscientização.\nIntrodução\nA insuficiência cardíaca (IC) é uma síndrome que incapacita o coração de desempenhar com\nefetividade sua função de bombear sangue, o que compromete as atividades cotidianas do paciente e\nconsequentemente sua qualidade de vida. Segundo Albuquerque et. al. (2014) dados demonstram que\napenas no ano de 2012 houve 26.694 óbitos por IC no Brasil. Para o mesmo ano, das 1.137.572\ninternações por doenças do aparelho circulatório, em torno de 21% foram devidas à IC.\nSegundo Trotte et. al. (2014) as pessoas com IC deparam-se com barreiras acerca do autocuidado,\ndeterminadas por limitações físicas progressivas, dificuldades na obtenção de suporte social e emocional,\nalém de outras situações decorrentes da cronicidade da doença. Utilizando para tal a consulta de\nenfermagem, o enfermeiro oferece ao paciente com IC informações relevantes sobre sua condição de\nadoecimento, além de monitorar aspectos indicadores de agravamento da condição clínica, o que\npossibilita a implementação de medidas imediatas para o equilíbrio do quadro. Sabe-se que o principal\nISSN 18088449 1objetivo do tratamento da IC é a estabilização do paciente visando reduzir as incapacidades e limitações\nfísicas e sociais que repercutem diretamente na qualidade de vida dos indivíduos com ocorrência de\nquadros agudos que levam a necessidade de hospitalização e recidivas, se não houver adoção de medidas\npreventivas e mudança no estilo de vida (SANTOS, et. al., 2011).\nUm dos principais obstáculos é a não adesão ao tratamento medicamentoso e não medicamentoso\no que torna frequente os quadros de descompensação. A maior parte dos pacientes manifesta a forma leve\nda doença e evolui bem com o tratamento ambulatorial. No entanto, aqueles com formas avançadas\nnecessitam de hospitalização em algum momento (LIMA, 2014). O estudo objetivou descrever as\ncaracterísticas sociodemográficas e clínicas de pacientes que abandonaram o seguimento ambulatorial há\npelo menos um ano, sendo relevante para conhecer o perfil desses pacientes e, consequentemente criar\npossibilidades de intervenções assim como novas pesquisas com o intuito de reduzir o número de\npacientes que abandonam o acompanhamento.\nMetodologia\nTrata-se de um estudo retrospectivo documental, com abordagem quantitativa, realizado no\nHospital de Messejana Dr. Carlos Alberto Studart Gomes, cuja coleta aconteceu nos meses de junho e\njulho de 2016. A amostra é constituída pelos prontuários dos 181 pacientes que não comparecem as\nconsultas de Enfermagem no seguimento ambulatorial de insuficiência cardíaca há pelo menos um ano. Os\ndados coletados foram inseridos em um banco com variáveis sociodemográficas e clínicas, para tal\nutilizou-se o programa Microsoft Excel, posteriormente foram organizados em duas tabelas com\ncaracterísticas sociodemográficas e clínicas, respectivamente. O estudo foi aprovado pelo comitê de ética\ne pesquisa da instituição com o parecer nº 1.631.022.\nResultados e Discussão\nAs características sociodemográficas e clínicas dos pacientes estão apresentadas nas tabelas\nseguintes. Conforme a Tabela 1 o sexo masculino foi predominante com 121 indivíduos (66,8%), dos quais\n38 (21%) apresentavam idade entre 50 a 59 anos e 71(39,2%) destes eram procedentes de Fortaleza – CE.\nQuanto ao sexo feminino o maior número de participantes, 17 (9,4%) estava na faixa etária entre 50 e 59\nanos também e 33 (18,2%) das mulheres eram procedentes de Fortaleza.\nDestacamos que o sexo masculino, assim como a faixa etária predominante confirmam dados\nencontrados na literatura frequentemente conforme evidenciado no estudo de Dessolte et al. (2015, p. 208)\nque relatou que dos 531 participantes analisados em seu estudo, 62,7% eram do sexo masculino, com\nmédia de idade de 57,3 anos.\nTabela 1 - Características sociodemográficas\nVariáveis Sexo\nMasculino Feminino\nn (%) n (%)\nFaixa etária\nDe 20 a 29 anos 06(3.3%) 03 (1.7%)\nDe 30 a 39 anos 10 (5.5%) 08 (4.4%)\nDe 40 a 49 anos 19 (10.5%) 14 (7.7%)\nDe 50 a 59 anos 38 (21%) 17 (9.4%)\nDe 60 a 69 anos 32 (17.7%) 12 (6.6%)\nAcima de 70 anos 16 (8.9%) 06 (3.3%)\nProcedência\nFortaleza 71 (39,2%) 33 (18,2%)\nISSN 18088449 2Outros municípios 50 (27,6%) 27 (14,9%)\nNa tabela 2, a classificação de insuficiência cardíaca de acordo com sua etiologia mostra que a\nmiocardiopatia isquêmica possui maior incidência nos homens com um total de 30 pacientes (16,5%) já nas\nmulheres predominou a periparto com 10 pacientes (5,5%) seguida da isquêmica com 9 indivíduos (4,9%).\nSegundo Fernandes et al. (2013) em estudo com pacientes também em acompanhamento\nambulatorial de IC a causa predominante era a miocardiopatia chagásica com 32% dos 187 pacientes da\namostra, seguida da isquêmica com 25%.\nPercebe-se que a miocardiopatia isquêmica é uma causa comum de IC nos fazendo refletir sobre a\nnecessidade de controle dos fatores de risco da doença coronariana assim como da importância de um\natendimento rápido e efetivo para pacientes com isquemia.\nFraiha (2012) em estudo realizado no Instituto de Cardiologia de Santa Catarina (ICSC) com 61\npacientes hospitalizados, mostrou que a isquemia miocárdica foi à etiologia mais provável da IC em 47,5%\ndos doentes e que a HAS foi a comorbidade mais prevalente (78,7%).\nCompreende-se que a insuficiência cardíaca, síndrome severa e incapacitante, muitas vezes é\nresultante da falta de cuidados a patologias de bases tais como hipertensão e doença da artéria coronária,\nas quais seriam menos agressivas e de maior controle caso tratadas adequadamente antes do\nestabelecimento da IC.\nObserva-se também um percentual elevado de casos cuja etiologia não foi especificada 24 (13,2%)\nno sexo masculino e 10 (5,5%) no sexo feminino, a ausência dessa informação denota uma falha no\nregistro das informações dos pacientes ou uma possível dificuldade em identificar a etiologia.\nTabela 2 - Características clínicas\nVariáveis Sexo\nMasculino Feminino\nn (%) n (%)\nEtiologia\nMiocardiopatia isquêmica 30 (16,5%) 9 (4,9%)\nMiocardiopatia idiopática 8 (4,4%) 5 (2,7%)\nMiocardiopatia hipertensiva 5 (2,7%) 2 (1,1%)\nMiocardiopatia periparto 0 (0%) 10 (5,5%)\nMiocardiopatia orovalvar 10 (5,5%) 5 (2,7%)\nMiocardiopatia alcoólica 5 (2,7%) 1 (0,5%)\nMiocardiopatia medicamentosa 0 (0%) 1 (0,5%)\nTaquicardiomiopatia 2 (1,1%) 0 (0%)\nNão especificado 24 (13,2%) 10 (5,5%)\nFração de ejeção\nAté 55% 99 (54.7%) 48 (26.5%)\nAcima de 55% 13 (7.2%) 06 (3.3%)\nNão especificado 07 (3.9%) 06 (3.3%)\nDiâmetro sistólico de VE (25.0 – 39.8)\nAcima do valor de referência 79 (43,6%) 34 (18,7%)\nNão especificado 30 (16,5%) 19 (10,4%)\nDiâmetro diastólico de VE (42.0 – 58.4)\nAcima do valor de referência 74 (40,8%) 28 (15,4%)\nNão especificado 27 (14,9%) 16 (8,8%)\nDiabetes mellitus 25 (13,8%) 11 (6%)\nHipertensão arterial sistêmica 50 (27,6%) 23 (12,7%)\nISSN 18088449 3Com relação à fração de ejeção do ventrículo esquerdo (FEVE), percebemos que a maioria dos\npacientes analisados apresentam disfunção na capacidade de ejeção. Dos 181 pacientes, 147 apresentam\na FEVE de até 55%, totalizando 81,2% do total estudado. Segundo a III Diretriz Brasileira de Insuficiência\nCardíaca, essa informação caracteriza a clientela com sintomas de dispneia grave assim como, uma leve\nangina e possível edema pulmonar agudo; podendo apresentar ainda terceira bulha cardíaca, hipervolemia,\nfibrilação atrial e um discreto aumento de pressão arterial (BOCCHI et. al., 2012). De acordo com a New\nYork Heart Association (NYHA, 2009) pacientes enquadrados nesse padrão pertencem a classificação\nfuncional IV e atendem aos critérios para a realização de um transplante cardíaco, isto é, muitos dos\npacientes que abandonaram o seguimento estavam em estágio avançado da IC e provavelmente, seriam\ncandidatos a transplante cardíaco em um curto prazo de tempo.\nQuanto aos diâmetros de ventrículo esquerdo, os valores estavam em grande parte acima da\nreferência de normalidade, 79 (43,6%) dos homens e 34 (18,7%) das mulheres possuíam diâmetro sistólico\nalém do normal, e 74 (40,8%) dos homens e 28 (15,4%) das mulheres apresentavam elevação no diâmetro\ndiastólico.\nSegundo Macedo et al. (2013) em análise morfofuncional cardíaca de pessoas sem cardiopatias a\nmedida dos diâmetros é muito variável, sendo importante considerar etnia, sexo e outras características\nindividuais, portanto não se pode afirmar que os valores em questão indicam uma mau prognóstico.\nContudo, a investigação e o acompanhamento dessas medidas é fundamental para avaliar a evolução do\npaciente.\nPode-se verificar também que o Diabetes Mellitus esteve mais presente no sexo masculino com 25\n(13,8%), quando comparado ao feminino 11 (6%). Na verificação dos dados de Hipertensão Arterial\nSistêmica (HAS) a doença apresenta-se 50 (27,6%) nos homens em relação a 23 (12,7%) as mulheres.\nAmbas comorbidades são importantes fatores de risco para o desenvolvimento de doenças\ncardiovasculares. Tanto a HAS como a DM elevam o risco cardiovascular e se estiverem associados\npredispõem, muitas vezes, para um patamar de evolução com pior prognóstico relacionado à IC.\nSegundo Koike et al. (2016) estudo que relaciona as comorbidades à mortalidade por IC na cidade\nde São Paulo, mostrou que 48% dos indivíduos sofria de hipertensão arterial sistêmica e 27,5% de diabetes\nmellitus e que estas são as doenças crônicas mais comuns associadas à morte por insuficiência cardíaca\ncongestiva.\nObserva-se que a diabetes e a hipertensão, patologias que isoladas já causam muitos transtornos\naos indivíduos são bem prevalentes em associação com IC, o que denota também uma necessidade de\nacompanhamento focando nessas comorbidades além da sintomatologia da insuficiência cardíaca, pois\ntanto a DM quanto a HAS podem contribuir para outros problemas clínicos, insuficiência renal, acidente\nvascular cerebral, o que comprometeria de forma muito significativa à qualidade de vida do paciente com\nIC.\nConclusão\nCom base nos resultados obtidos, podemos conhecer o perfil sociodemográfico e clínico dos\npacientes que abandonaram as consultas de enfermagem no seguimento ambulatorial, identificando que a\nmaior parte eram homens, procedentes de Fortaleza-CE, portadores de miocardiopatia isquêmica e com\nvalor de fração de ejeção alterado assim como de diâmetro do ventrículo esquerdo, além de possuírem\nISSN 18088449 4diabetes ou hipertensão associada à IC. Conhecer o perfil do paciente portador de IC auxilia na\nidentificação de possíveis complicações, assim como do prognóstico clínico.\nReferências\nALBUQUERQUE, D. C., et al. I Registro Brasileiro de Insuficiência Cardíaca – Aspectos Clínicos,\nQualidade Assistencial e Desfechos Hospitalares. Arq Bras Cardiol. Rio de Janeiro.\nBOCCHI, E.A.; MARCONDES-BRAGA, F.G.; FERRAZ, A.S.; ALBUQUERQUE, D.; RODRIGUES, D.; et al.\nSociedade Brasileira de Cardiologia. Atualização da Diretriz Brasileira de Insuficiência Cardíaca Crônica –\n2012. Arq Bras Cardiol., v.98, supl.1, p.1-33, 2012.\nDESSOLTE, C.A.M. et al. Sintomas depressivos somáticos e cognitivo-afetivos entre pacientes com\ndoença cardíaca: diferenças por sexo e idade. Rev. Latino-Am. Enferm. v. 23, n. 2, p. 208-215, 2015.\nFERNANDES, A. M. S., et al. Atividade educativa na sala de espera com pacientes com insuficiência\ncardíaca. Rev. Bras. Cardiol. Salvador, v. 26, n. 2, p. 106-11, mar/abr., 2013.\nFRAIHA, J. K. O., ASSIS, A. V. Insuficiência cardíaca aguda: epidemiologia e marcadores clínicos em uma\npopulação local (ICA-EMC). Arquivos catarinenses de medicina. 2012; 41(4): 63-70.\nKOIKE M.K, et al. Relationship of comorbidities and heart failure mortality in the city of São Paulo, Brazil.\nMedicalExpress (São Paulo, online). 2016;3(2):M160205.\nLIMA, M. V. Vasodilatação induzida pelo calor através de dispositivo portátil no leito na insuficiência\ncardíaca descompensada. 2014. 85 f. Tese (Doutorado em Ciências) – Programa de Cardiologia,\nFaculdade de Medicina da Universidade de São Paulo, São Paulo. 2014.\nMACEDO, R. et al. Medidas Morfofuncionais do Coração Obtidas por Ressonância Magnética em\nBrasileiros. Arq Bras Cardiol. v.10,n.1, p.68-77, 2013.\nSANTOS, A. C. S., et al. Insuficiência cardíaca: estratégias usadas por idosos na busca por qualidade de\nvida. Rev. Bras. Enferm. Brasília, v. 64, n. 5, p. 857-63, set/out., 2011.\nTROTTE, L. A. C., et al. Adaptação transcultural para o português do End of Life Comfort Questionnaire –\nPatient. Rev. Enferm. UERJ. Rio de Janeiro, v. 22, n. 4, p. 461-5, jul/ago., 2014. Disponivel em:\nhttp://www.e publicacoes.uerj.br/index.php/enfermagemuerj/article/view/13783/10527.\nISSN 18088449 5"
}