{
  "id": "27594",
  "trabalho": "IMPACTO DA ATIVIDADE FÍSICA EM IDOSOS COM HISTÓRICO DE CÂNCER",
  "area": "CIÊNCIAS DA VIDA",
  "ano": "2016",
  "evento": "XXII - ENCONTRO DE INICIAÇÃO À PESQUISA ",
  "link": "http://uol.unifor.br/oul/conteudosite/?uuid=FEA79AA610BC26EFE27F4F9A7A9C8014E18F6802",
  "conteudo": "XXII Encontro de Iniciação à Pesquisa\nUniversidade de Fortaleza\n17 à 21 de Outubro de 2016\nImpacto da atividade física em idosos com histórico de câncer\nEduardo Teixeira Mota Junior 1* (IC), Luana Dellamano Chacon1 (IC), Maria Áurea Catarina Passos Lopes\n(PQ)2, Cleoneide Paulo Oliveira Pinheiro 3 (PQ)\n1. Discente do curso de Fisioterapia do Centro Universitário Estácio do Céara (ESTÁCIO-FIC), Fortaleza, Ceará.\n2. Fisioterapeuta. Pós-graduanda em Fisioterapia Cardiorrespiratória pela Faculdade Inspirar, Fortaleza, Ceará.\n3. Docente do Curso de Fisioterapia do Centro Universitário Estácio do Ceará (ESTACIO-FIC), Fortaleza, Ceará.\neduardotmotajr@hotmail.com\nPalavras chaves: Neoplasias. Atividade Física. Idosos.\nResumo\nObjetivo: Analisar o impacto da pratica das atividades física em idosos com histórico de câncer.\nMetodologia: Trata-se de um estudo transversal, exploratório com abordagem quantitativa. A pesquisa foi\ndesenvolvida no Projeto de Responsabilidade Social Instituto Sênior envolvendo 20 idosos com histórico de\ncâncer, foi desenvolvida no mês de agosto de 2015 a junho de 2016 sendo que a coleta de dados deu-se no\nmês de março à maio/2016. Os dados foram coletados através de um questionário composto por dados\nsócio demográfico e hábitos de vida, e so foi aplicado após aprovação do Comitê de Ética. Resultados:\nConstatou-se que teve uma maior prevalência de idosos do sexo feminino (75%), com média de idade de\n66,45±1,46 anos. Percebeu-se através da análise dos dados: aumento do convívio social (22%), a melhora\nda depressão (3%), qualidade do sono (11%), ,aumento do convívio social (22%), redução da pressão\narterial (3%), redução do mau colesterol (8%), diminuição das dores articulares (20%). Conclusão: A prática\nda atividade física tem um impacto positivo na vida dos idosos com histórico anterior de câncer. Destaca-se\nque tem um valor considerável para a prevenção e controle das doenças crônicas não transmissíveis,\nmelhora a mobilidade e aumenta a capacidade funcional e melhorando a qualidade de vida das pessoas\nque sobreviveram a uma câncer. É importante enfatizar, que a prática regular da atividade física, a mudança\nde um estilo de vida ativo saudável, são essenciais para um envelhecer com saúde e qualidade, inclusive\naqueles com histórico de câncer.\nIntrodução\nO envelhecimento pode ser conceituado como um conjunto de modificações morfológicas,\nfisiológicas, bioquímicas e psicológicas, que determinam a perda progressiva da capacidade de adaptação\ndo indivíduo ao meio ambiente, sendo considerado um processo dinâmico e progressive (FERREIRA;\nMACIEL; SILVA et al. 2010).\nA população de idosos está aumentando cada vez mais no Brasil e no mundo, resultando em\nprofundas mudanças na dinâmica demográfica. Nos últimos 60 anos, houve um acréscimo de 15 milhões de\nindivíduos idosos no país, passando de 4% para 9% da população brasileira. Em 2025, estima-se um\naumento de mais de 33 milhões, tornando o Brasil o sexto país com maior percentual populacional de idosos\nno mundo (FREITAS, 2006; GUADAGNINE; OLIVOTO, 2005).\nA inatividade física é a quarta principal causa de morte no mundo. Estamos vivendo uma pandemia\nde inatividade física, apesar das evidências dos benefícios da atividade física para a saúde. O aumento da\ninatividade esta associada principalmente a mudanças desfavoráveis na dieta e na atividade física entre os\nbrasileiros (GUIRRI & GUIRRO, 2002).\nISSN 18088449 1Observa-se que os idosos que praticam atividades físicas mostram-se mais abertos,\nemocionalmente equilibrados, bem humorados com atividades positivas mediante os fatos da vida. Além\ndisso a atividade física pode ser benéfica em idosos com histórico de câncer. O câncer é definido como uma\ndoença multifatorial caracterizado pelo crescimento descontrolado, rápido e invasivo de células com\nalteração em seu material genético. Quando ocorre essa modificação, o mecanismo celular se altera e\ninicia-se um processo de disseminação das células neoplásicas, que contribui para reproduzirem até\nformarem uma massa de tecido conhecida como tumor (ALVES; MOTA; COSTA et al. 2004; ARGIMON,\n2004)\nVarias são as recomendações do Ministério da Saúde para a prevenção e terapêutica do câncer,\nsendo a atividade física uma das mais referidas. Assim, diante do exposto indaga-se qual (ais) o(s) efeito(s)\nda prática dos exercícios físicos em idosos com histórico de sobrevivência do câncer? A partir deste\nquestionamento e com a afinidade com a temática resolveu-se realizar este estudo cujo objetivo principal é\nanalisar o impacto da pratica das atividades física em idosos com histórico de cancer (HAROLD et al, 2012;\nPARAHYBA; SIMÕES, 2005; HALLAL et al, 2005)\nAcredita-se que através da realização deste estudo possa-se identificar os efeitos da prática de\natividade física em idosos com histórico anterior de câncer de forma a recomendar a pacientes e sugerir em\nprotocolos terapêuticos de pacientes com este diagnostico. Pesquisas como estas podem ajudar a\ndisponibilização de uma assistência ao idoso nos três níveis de atenção à saúde no contexto de doenças\ncrônicas não transmissíveis destacando a importância da pratica de atividade física assistência\npossibilitando uma maior longevidade para esses idosos com qualidade de vida, além de subsidiar a\nliteratura cientifica e os profissionais de saúde que assistem estes pacientes.\nMetodologia\nTrata-se de um estudo transversal, exploratório com abordagem quantitativa, desenvolvido no\nProjeto de Responsabilidade Social Instituto Sênior de uma Instituição de Ensino Superior. A pesquisa foi\ndesenvolvida no mês de agosto de 2015 a junho de 2016 sendo que a coleta de dados deu-se somente no\nmês de março à maio, após a aprovação do comitê de ética em pesquisa do Centro Universitário do Ceará,\nsendo aprovado com o parecer: 1.525.643.\nUtilizou-se como critério de inclusão idosos de ambos os sexos que frequentavam regularmente o\nProjeto e que concordaram em participar da pesquisa mediante a assinatura e que tenham tido histórico de\ncâncer e que assinaram o Termo de Consentimento Livre e Esclarecido (TCLE).\nForam excluídos do estudo idosos que tinham algum comprometimento psicológico,\ncomprometimento neurológico e os que não tiveram recomendação médica para realização de exercícios\nfísicos e os que se recusaram a participar da pesquisa.\nOs dados foram analisados a partir da estatística descritiva e inferencial através do software\nestatístico, Microsoft Office Excel 2013. Após a tabulação dos dados, os mesmos foram apresentados por\nmeio de gráficos e tabelas.\nForam respeitados todos os aspectos éticos das pesquisas que envolvem seres humanos,\ncomo descrito pela Resolução 466/2012 do Conselho Nacional de Saúde (BRASIL, 2012). Assim, foi\nassegurados o anonimato e a confidencialidade dos dados, bem como a garantia de esclarecimento\ndurante o processo da pesquisa sem antes informamos sobre a relevância do estudo e o modo como\nserá desenvolvido. Os participantes ficaram cientes de que os dados obtidos poderão ser divulgados\njunto à comunidade acadêmica, respeitando o caráter confidencial das identidades.\nISSN 18088449 2Resultados e Discussão\nParticiparam do estudo 20 idosos com histórico de câncer. A amostra teve uma maior prevalência\nde indivíduos do sexo feminino (75%), com média de idade de 66,45±1,46 anos. Com relação a raça ou\netnia, observou-se que 7 (35%) tinham raça parda e 8 (40%) branca. Quanto ao estado civil 13 dos\nentrevistados (65%) eram casados. Com relação ao grau de escolaridade, constatou-se que 8 (40%) dos\nparticipantes tinham ensino médio completo e 5 (25%) possuíam ensino fundamental (completo e\nincompleto). Em relação à aposentadoria 14 (70%) são aposentados e 6 (30%) não possuem aposentadoria.\nObservou-se a renda dos participantes, 12 (60%) recebiam 1 salário e 8 (40%) recebiam 1 a 2\nsalários. Foi relatado 18 (90%) dos membros possuem habitação própria e 2 (10%) é alugada. A Tabela 1\nilustra a frequência dessas características sociodemográficas Quanto ao tipo de cancer que os idosos\nparticipantes do estudo possuiam, verificamos diferentes tipos conforme Tabela 1.\nTabela 1. Distribuição dos tipos de câncer que os pacientes do estudo apresentavam (n=20). Fortaleza - CE/\n2016.\nVariáveis n %\nTipos de Câncer\nCâncer de mama 18 90%\nCâncer de prostate 1 5%\nCâncer de colo do útero 1 5%\nA Tabela 2 refere- se quanto à análise dos hábitos de vida dos participantes do estudo. Observou-\nse que todos os idosos afirmaram não fumar e 18 (90%) dos participantes relataram consumir bebida\nalcoólica.\nTabela 2. Distribuição dos dados clínicos e hábitos de vida dos idosos com câncer participantes do Projeto\nde Responsabilidade Social Instituto Sênior (n=20). Fortaleza - CE/ 2016.\nVariáveis n %\nTabagista\nSim - -\nNão 20 100%\nEtilista\nSim 2 10%\nNão 18 90%\nProcurou algum serviço de saúde nos últimos seis meses\nSim 18 90%\nNão 2 10%\nPossui algum tipo de doença crônica diagnosticada\nSim Sim S i m\nNão Não N ã o\nEm relação a doenças crônicas diagnosticada 14 (70%) afirmaram possuir algum tipo de doença\ndiagnosticada. Em relação a doenças crônicas diagnosticada, 12 (32%) participantes possuíam hipertensão\narterial sistêmica, 6 (16%) diabetes melittus, 1 (3%) artrite, 5 (14%) osteoporose, 1 (3%) artrose, doença\npulmonar obstrutiva crônica nenhum dos idosos , 1 (3%) reumatismo, 6 (16%) acidente vascular encefálico,\n1 (3%) insuficiência cardíaca, 1 (5%) fibromialgia, 1 (5%) infarto agudo do miocárdio.\nA tabela 3 refere-se a distribuição dos dados sobre as atividades dos idosos com câncer.\nObservou-se o tempo da prática atividade física dos participantes de 1 a 6 meses foram de 2 (10%), 1,5\nISSN 18088449 3anos a 2 anos 11 (55%), acima de 2 anos 5 (25%). Observou-se a frequência de atividades física (dias) 1 dia\n4 (20%), 3 dias 8 (40%), 4 dias 4 (20%) e 5 dias 4 (20%). Foi analisado se a prática de atividade trouxe\nalgum benefício para os idosos, 20 (10%) responderam que sim. Em relação a melhora da saúde depois que\ncomeçaram participar do projeto, 20 (10%) confirmaram que sim.\nTabela 3. Distribuição dos dados sobre as atividade dos idosos com câncer realizadas no Projeto de\nResponsabilidade Social Instituto Sênior (n=20). Fortaleza - CE/ 2016.\nVariáveis\nn %\nTempo de prática atividade física no projeto\n1 a 6 meses 2 10%\n6 meses a 1 ano - -\n1 ano a 1,5 ano - -\n1,5 anos a 2 anos 11 55%\nacima de 2 anos 5 25%\nFrequência de atividade física (dias)\n1 4 20%\n2 -\n3 8 40%\n4 4 20%\n5 4 20%\nA prática de atividade lhe trouxe benefícios\nSim 20 10%\nNão - -\nA sua saúde teve alguma melhora depois que começou a participar do\nprojeto\nSim 20 10%\nNão - -\nA representação dos benéficos da atividade física dos idosos. Observamos que dos 16\nparticipantes 2 (3%) relataram redução da pressão arterial, obtiveram redução do mau colesterol 6 (8%)\ndos membros, 1 (1%) notaram melhora nos sintomas da diabetes, todos afirmaram ter aumentado o\nconvívio social 16 (23%) , 14 (20%) mencionaram ter melhorado a auto estima, 2 (3%) declararam que\nhouve melhora na depressão e 2 (3%) também na melhora na capacidade cardiovascular, 8 (11%)\nrelataram uma melhora na qualidade do sono, 4 (6%) citaram a diminuição do uso de remédios e 14 (20%)\nrepresentaram ter diminuído as dores articulares (Gráfico 1) .\nGráfico 1. Representação dos benéficos da atividade física dos idosos participantes do Instituto Sênior\n(n=20). Fortaleza - CE/ 2016.\nISSN 18088449 4De acordo com, Pellegritotti, (2008) que a prática regular de atividades físicas na velhice tem se\nrevelado como um fator determinante no que diz respeito à manutenção da saúde e da independência\nfuncional, além da promoção da qualidade de vida e do bem-estar dos idosos. Os termos saúde, autonomia\ne independência de idosos qualidade de vida, independência funcional e bem-estar, estão de certa forma\ninterligados, e existe um grau de influência entre eles.\nSegundo Schmidt et al. (2011), o aparecimento progressivo de doenças com o avançar da idade\nsustentam, uma concepção de que o processo de envelhecimento é acompanhado de perdas estruturais e\nfuncionais, que favorecem o aparecimento de doenças crônicas degenerativas que podem comprometer\numa qualidade de vida adequada. Mesmo com todas as alterações fisiológicas o processo de\nenvelhecimento pode ser bem-sucedido, ativo e produtivo, basta que os indivíduos reconheçam suas\nnecessidades e se tornem pró-ativos em favor de sua saúde.\nTartati et al. (2010) mencionam que o tratamento do câncer podem atender a três finalidades\nbásicas: a cura do paciente, o prolongamento da vida (quando não há possibilidade de cura) ou a melhora\nda qualidade de vida do paciente. A identificação dessas possibilidades, muitas vezes, dependerá, em parte,\ndo estadiamento da doença.\nLogo, o exercício físico pode proporcionar alguns benefícios aos pacientes com câncer. Contudo,\nGuimarães et al. (2004), ressaltam a possibilidade de existirem fatores que tornem desaconselhável ou até\nmesmo perigosa a prática de exercícios físicos para certos pacientes com essa enfermidade.\nOs benefícios da atividade física em pacientes com câncer estão relacionados de acordo com\nMazo et al. (2006) ao aumento da força muscular e da capacidade funcional, controle do peso corporal,\nredução da fadiga, melhora do autoconceito e do humor e, consequentemente, melhora da qualidade de\nvida.\nConclusão\nConforme os resultados encontrados, observa-se que houve associação significativa na atividade\nfísica e doenças em relação à manutenção da saúde e das capacidades funcionais, permitindo deduzir que\no sedentarismo pode acelerar o decréscimo da capacidade funcional, levando à dependência para o\ndesempenho das atividades cotidianas.\nA prática da atividade física tem um impacto positivo na vida dos idosos com histórico anterior de\ncâncer. Destaca-se que tem um valor considerável para a prevenção e controle das doenças crônicas não\ntransmissíveis, melhora a mobilidade e aumenta a capacidade funcional e melhorando a qualidade de vida\ndas pessoas que sobreviveram a uma câncer . É importante enfatizar, que a prática regular da atividade\nfísica, a mudança de um estilo de vida ativo saudável, são essenciais para um envelhecer com saúde e\nqualidade, inclusive aqueles com histórico de câncer.\nReferências\nALVES, R.V.; MOTA, J.; COSTA, M.C. et al. Aptidão física relacionada à saúde de idosos: influência da\nhidroginástica. Revista Brasileira de Medicina do Esporte, v.10, n.1, p.31-7, 2004.\nARGIMON, I. L. et al. O impacto de atividades de lazer no desenvolvimento cognitivo de idosos. Rev. Bras.\nCiên. Envelhec. Hum, Passo Fundo, v.1, n.1, p. 38-47, 2004.\nFERREIRA, O. G. L.; MACIEL, S. C.; SILVA, A. O. et al. O envelhecimento ativo sob o olhar de idosos\nfuncionalmente independentes. Rev Esc Enferm USP, v.44, n.4, p.1065-69, 2010.\nFREITAS, S. E. V. Tratado de geriatria e gerontologia. Guanabara Koogan, Rio de Janeiro: 2006.\nISSN 18088449 5GUADAGNINE, P.; OLIVOTO, R. Comparativo de flexibilidade em idosos praticantes e não praticantes de\natividades físicas. Revista Digital EFDEsportes,v.69, n.10, p.1-10, 2005.\nGUIMARÃES, L. H. C. T.; GALDINO, D. C. A.; MARTINS, F. L. M. et al.. Avaliação da capacidade funcional\nde idosos em tratamento fisioterapêutico. Rev Neurociênc, v.12, n.3, p.130-3, 2004\nGUIRRI & GUIRRO, R. Fisioterapia Dermato Funcional: Fundamentos, Recursos, Patologia, 1.v. ed.\nSão Paulo: Manole, 2002\nHALLAL, P. C.; VICTORA C. G.; WELLS, J. C. et al. Physical inactivity: prevalence and associated variables\nin Brazilian adults. Med Sci Sports Exerc, v.35, n.3,1894-900, 2005.\nHAROLD, W. K.; CRAIG, C. L.; LAMBERT, E. V. et al. The pandemic of physical inactivity: global action for\npublic health. Lancet Physical Activity Series Working Group, v.380, n.9838, p.21–27, 2012,\nMAZO, G. Z.; LOPES, M. A.; AZHER, T. B. Atividade Física e o Idoso. Porto Alegre: Sulina, 2006.\nPARAHYBA, M. I.; SIMÕES, C. C. S. A prevalência de incapacidade funcional em idosos no Brasil. Ciênc.\nSaúde Coletiva, v.11, n.4, 967-74, 2005.\nPELLEGRINOTTI, I.L. Atividade Física e Esportes: a importância no contexto saúde do ser humano.\nSão Paulo: Manole; 2008.\nSCHMIDT, M. I.; DUNCAN, B. B.; AZEVEDO E SILVA, G. et al. Chronic noncommunicable diseases in\nBrazil: burden and current challenges. Lancet, v.377, n.9781, p.1949-61, 2011.\nTARTARI, R. F.; BUSNELLO, F. M.; NUNES, C. H. A. Perfil Nutricional de pacientes em tratamento\nquimioterápico em um ambulatório especializado em quimioterapia. Rev Bras Cancerologia, v.56, n.1, p.43-\n50, 2010.\nISSN 18088449 6"
}