{
  "id": "27598",
  "trabalho": "PRÁTICAS DE LEITURA NA EDUCAÇÃO INFANTIL: UM OLHAR SOBRE A FORMAÇÃO DE LEITORES",
  "area": "(PRÁTICAS DOCENTES) DESENVOLVIMENTO CURRICULAR: ",
  "ano": "2016",
  "evento": "VIII - ENCONTRO DE PRATICAS DOCENTES",
  "link": "http://uol.unifor.br/oul/conteudosite/?uuid=508DF618082F670239163323D840ABF4A77CF049",
  "conteudo": "PRÁTICAS DE LEITURA NA EDUCAÇÃO INFANTIL: um olhar\nsobre a formação de leitores\nJanete Sulamita Sousa\nUniversidade Estadual do Piauí – UESPI\njaneteuespi@hotmail.com\nValdelisa Santos Lima\nUniversidade Estadual do Piauí – UESPI\nelisvaldobonitao@Hotmail.com\nDarlene Silva dos Santos\nUniversidade Federal de Uberlândia - UFU\ndarlene.tur@hotmail.com\nDeisy Christina Moreira Santos\nUniversidade Estadual do Piauí – UESPI\ndeisychristina090@gmail.com\nJozemília de Jesus dos Santos Menezes\nUniversidade Federal do Piauí - UFPI\njosemiliaphb@hotmail.com\nRESUMO\nO desinteresse das crianças pela leitura, principalmente quando chegam ao ensino fundamental,\ntem causado preocupação aos docentes que atuam neste nível da educação. Pressupõe-se que\nquanto maior o contato da criança com o mundo literário e o incentivo a prática de leitura, maior\nserá o seu desenvolvimento intelectual, além de aumentar seu senso crítico. Diante disso, o\npresente trabalho teve como proposta de pesquisa investigar de que forma estão sendo\ndesenvolvidas as práticas de leitura na educação infantil para a formação de leitores, de forma\nmais específica, nas escolas municipais de Joca Marques-PI. Caracteriza-se como pesquisa de\ncampo na qual utilizou-se questionário semiaberto e observação não participante, procurando\nassim, analisar como estão sendo organizados os espaços na escola para o desenvolvimento da\nleitura. A pesquisa foi embasada nas concepções de: Parreira (2009), Maia ( 2007), Gregorin\nFilho ( 2009), Baldi ( 2009), Marangon (2008). Diante da análise dos dados pode-se constatar\nque há uma carência ao incentivo a leitura por parte de alguns professores, sendo que a prática\nconstante é de grande relevância para o desenvolvimento da aprendizagem da criança.\nPALAVRAS-CHAVE: Prática de leitura. Educação infantil. Formação de leitores.\nINTRODUÇÃO\nA leitura é um fator importante na construção do conhecimento do ser humano,\npois a prática da leitura se faz presente em nossas vidas desde o momento em que\ncomeçamos a compreender o mundo a nossa volta. O fato é que, o desinteresse das\ncrianças pela leitura quando chegam ao ensino fundamental, onde é atribuído o melhormomento para se desenvolver e construir conhecimentos inerentes ao mundo das letras,\nno que concerne o letramento, tem sido um desafio ao contexto escolar ao longo dos\nanos. Partindo desse pressuposto, quanto maior o contato da criança com o livro desde\ncedo, maior será o seu desenvolvimento escolar. Segundo Maia, (et al 2007,p.60),\nquanto mais cedo a criança conviver com a leitura, mais garantia se tem em relação ao\nseu futuro como leitor.\nPara tanto o estudo parte da seguinte problemática: investigar de que forma estão\nsendo desenvolvidas as práticas de leitura na educação infantil para a formação de\nleitores nas escolas municipais de Joca Marques-PI? Com vistas a encontrar respostas\npara o problema proposto, a pesquisa alicerçou sobre o objetivo geral: investigar de que\nforma estão sendo desenvolvida a prática de leitura na educação infantil para a\nformação de leitores nas escolas municipais de Joca Marques-PI, tendo como objetivos\nespecíficos: Identificar os aspectos que dificultam a realização de um bom trabalho para\ndesenvolver o gosto pela leitura na criança; Verificar as metodologias e os materiais\npedagógicos utilizados no desenvolvimento da leitura no âmbito escolar; Descrever\ncomo se dar o contato da criança com o livro de literatura infantil; Analisar como estão\nsendo organizados os espaços na escola para o desenvolvimento da leitura\nPara Avanzini (2008, p.9), “Há de se considerar que, por um lado, infância uma\nconstrução sócio- histórica, ou seja, a infância é produzida pelo conjunto da sociedade a\npartir de ideias, práticas e valores”. Desde quando ela nasce, já é inserida em um\ncontexto histórico, quer queira ou não. É na infância que a criança começa a mostrar o\nseu interesse pela leitura, daí surge à necessidade de inseri-la em um meio onde ela\npossa desenvolver e ampliar seu conhecimento de mundo, pois se sabe que boa parte\ndesse conhecimento é adquirida dentro do grupo social em que ela está inserida e o seu\nmaior desenvolvimento é atribuído aos diversos fatores e componentes da educação\nescolar. Dependendo da época os cuidados com as crianças vão mudando, mas nunca\ndeixam de existir. Marangon (2008, p. 84), afirma que:\nHá algum tempo, acreditava-se que os pequenos de educação infantil\nnão estavam prontos para participar de atividades de leitura e escrita.\nPorém as pesquisas nessa área constatam que as crianças, por menores\nque sejam, já tem contato com diversos tipos de textos e seus\nportadores- livros, jornais e revistas.\nA educação infantil sofreu grandes mudanças com relação à educação dospequenos, se tratando de infância na escola, era tratada como um momento só de\nbrincadeiras sem objetivos, muitos professores e pais tinham essa visão, mas com o\navanço das pesquisas, constataram que a leitura estar no meio dos pequenos em tudo,\nmesmo sem eles saberem, pois falta o ingrediente primordial: O incentivo. Mudou\nmuito sobre esse conceito, mas não a ponto de chegar a ser um ambiente que der\nprivilégio a leitura.\nA construção da linguagem ou até mesmo do desenvolvimento de uma criança vai\ndepender muito do ambiente que ela está inserida, estando ela em um ambiente\nfavorável a leitura, seja em casa ou na escola, ela irá compreender o mundo de outra\nforma. Como fala Baldi,(2009, p.8):\nÉ preciso alimentar a imaginação de nossos alunos, compartilhar\nleituras com eles e oferecer-lhes experiências de fruição para que\ndescubram os encantos da literatura como uma forma de arte que\npossibilita conhecimento melhor a si mesmo, ao mundo e aos que os\ncercam, para que se tornem pessoas mais sensíveis, mais críticas, mais\ncriativas.\nPara tanto, conceituar o termo literatura infantil, não é necessário que se busque\nem livros ou revistas textos prontos e acabado. Começa-se a entender o seu real\nsignificado quando o indivíduo viaja pelas páginas de um livro de contos, poemas,\npoesias, quando se liberta a criança existente dentro de cada adulto através da\nimaginação e dos sonhos. A partir de então, de acordo com as experiências obtidas,\nclaramente surgirá um conceito próprio de literatura. Pode-se dizer que é algo mágico\nna vida de uma criança, faz com que ela fantasie, questione. Só precisa estar engajada\nem uma cultura letrada ou receber estímulos de alguém.\nComo ratifica Gregorin Filho (2009, p.73-74):\nDevemos entender que a criança é um individuo pertencente a um\ngrupo social, é um aprendiz da cultura desse grupo e que a educação\nformal, ministrada nas escolas, deve ser construída como um\nprosseguimento desse aprendizado.\nEntão, na relação da criança com a leitura, livros, ou seja, a literatura infantil deve\nhaver um incentivo constante, pois o gosto pela leitura se dá em um processo lento, de\ndescobertas. A criança precisa do contato com o livro ou ver uma pessoa ligada a ela\ntendo esse contato, pois o adulto torna-se um espelho para a criança: tudo o que o vê\nfazer, automaticamente quer imitar. Aproximação da criança com o livro deve acontecerlogo nos primeiros anos de vida, quando a criança começa a fazer suas primeiras\ndescobertas e a entender que dentro daquele livro existe um mundo fantástico e por ele\nainda desconhecido, que o contato com aquele objeto se dará de forma espontânea como\nse fosse qualquer outro objeto colocado em seu alcance. Dessa forma, Parreiras (2009,\np. 28), afirma que:\nA aproximação da criança com os livros deve acontecer como a\naproximação com os brinquedos: ver, tocar mãos e pés, levar à boca...\nPrincipalmente, uma relação lúdica, de brincadeira mesmo. A criança\nprecisa sentir e gostar de livro. Depois, a relação se estreita pela\nexperiência que o ser humano vai adquirir com ele.\nSempre ouvimos dizer que o papel da escola é ensinar a criança ler e escrever,\nporem, sabe-se que seu contato com os diversos objetos portadores de textos começa\nbem antes de sua inserção na escola. O contato com a leitura deve existir desde bebê.\nNessa mesma perspectiva Bamberger (1995 apud Maia, 2007, p. 38) consideram\nfundamental tanto a ajuda dos pais no processo de formação da criança-leitora quanto a\ninfluência do professor que, em sua opinião, deve dar “pequenas doses” diárias de\nimportância da leitura no encontro com a literatura.\nA criança não nasce sabendo das coisas, ela precisa receber ensinamentos e\nincentivo de alguém. Primeiramente dos pais que é com quem ela tem os primeiros\ncontatos e em segundo com os professores na escola. É Através da prática de leitura que\ndesenvolvemos na criança o gosto pela leitura, formando leitores, não apenas de livros,\nmas futuros leitores críticos capazes de enxergar o mundo à sua volta. Logo, tendo esse\nhábito na educação infantil, quando chegar ao fundamental, as crianças não irão ver a\nleitura como algo chato que ninguém quer ler, porque tem preguiça ou porque não sabe.\nA escola, como base para a formação de todo e qualquer cidadão, precisa valorizar o\ntrabalho com a literatura na educação infantil, tendo a visão de que a aproximação entre\no leitor e o livro, pode ser significativa e transformadora.\nMETODOLOGIA ou DESCRIÇÃO DA EXPERIÊNCIA\nEm virtude da busca pelo objetivo em investigar de que forma estão sendo\ndesenvolvidas as práticas de leitura na educação infantil para a formação de leitores nas\nescolas municipais de Joca Marques-PI, o estudo alicerçou na abordagem qualitativa,\npois buscou descrever, explicar e interpretar as informações coletadas na pesquisa decampo, corroborando com a concepção de Minayo (2011, p.21) em que a pesquisa\nqualitativa se ocupa nas ciências sociais com nível da realidade, ou seja, trabalha com\nuniverso dos significados motivos das aspirações das crenças dos valores e atitude. E\nainda, configura-se como pesquisa de campo, onde procurou-se buscar uma relação\nentre o objeto de estudo e o contexto no qual está inserido, de forma a permitir análise\ndos aspectos que determinam a realidade que se apresenta e suas peculiaridades. De\nacordo com Lakatos (2010, p.169), o trabalho de campo é aquele utilizado com o\nobjetivo de conseguir informações ou conhecimentos acerca de um problema, para o\nqual se procura uma resposta, ou de uma hipótese, em que se queira comprovar, ou,\nainda de descobrir novos fenômenos ou as relações entre eles.\nO estudo teve como universo empírico uma creche no município de Joca\nMarques-PI, codificada por “Cantinho do Saber”, e como técnica e/ou instrumento para\ncoleta de dados, foi realizada observação não participante, pois de acordo com Lakatos\ne Marconi (2010,P.176), é aquela em que o pesquisador “presencia o fato, mas não\nparticipa dele, não se deixa envolver pelas pretensão de verificar na prática docente as\nmetodologias e os materiais pedagógicos utilizados no desenvolvimento da leitura no\nâmbito escolar. A observação foi estruturada sob um roteiro previamente estabelecido e\ndevidamente registrado em diário de bordo, de forma que, o diário de bordo é um dos\ninstrumentos que menos invade a privacidade do sujeito participante do processo de\ninvestigação, que é o professor. (ZABALZAR, 2004, p. 13).\nObjetivando identificar os aspectos que dificultam a realização de um bom\ntrabalho para desenvolver o gosto pela leitura na criança dentre outros propósitos,\nlançou-se mão do questionário semiaberto como instrumento de coleta de dados, a\nutilização deste questionário é mostrada por Lakatos (2010, p.184) como “instrumento\nde coletas de dados, constituindo por uma serie ordenada de perguntas, que deve ser\nrespondidas por escrito e sem presença do entrevistador” a mesma apresenta economia\nde tempo. A mencionada tipologia do questionário semiaberto justifica-se em virtude de\npoder articular os dois tipos de perguntas para colher mais informações para poder\nalcançar os intuitos do estudo. Desta forma, Andrade (2010, p. 184-185) esclarece que\nem perguntas de ambos os tipos o sujeito tem chance de escolher sua resposta entre uma\nserie de opções possíveis, devido o pesquisador não fechar totalmente uma pergunta,\ninclui uma categoria, outras que é possível dar resposta subjetiva.\nOs participantes da pesquisa foram duas professoras que atuam na educação\ninfantil no turno da manhã.A interpretação e análise dos dados coletados foram feitas à luz do\nreferencial teórico em seus principais aspectos que tratam da temática em estudo a partir\ndas concepções dos autores que embasam o levantamento bibliográfico sobre o objeto\nde estudo.\nRESULTADOS E DISCUSSÃO\nCom o propósito em conhecer como estão sendo desenvolvidas as práticas de\nleitura na educação infantil para a formação de leitores, tendo como contexto empírico\nas escolas municipais de Joca Marques-PI, especificamente uma creche codificada por\n“Cantinho do Saber”, foram entrevistadas duas professoras denominadas “Professora A”\ne “Professora B” que aceitaram espontaneamente participar do estudo configurando-se\nsujeitos investigados.\nNo que se refere ao perfil profissional e acadêmico, ambas tem uma média de três\nanos de atuação na escola, sendo que a “Professora A” tem formação em nível médio e\ndoze anos de experiência profissional e a “Professora B” tem nível superior e soma\ncinco anos de experiência docente.\nCom relação ao eixo importância da leitura, tem-se os posicionamentos:\nAs professoras concordam que é importante incentivar a prática de leitura na\neducação infantil e justificam seu posicionamento:\nProfessora A: Porque levar o aluno a pegar gosto pela leitura é muito\nimportante para seu desenvolvimento em sala de aula e na sociedade.\nProfessora B: Porque através da leitura a criança desenvolve a\nimaginação, terá um vocabulário melhor, desenvolve a criatividade,\nsensibilidade, escrita e também mais interesse no ato de ler.\nPercebe-se que as ideias das mesmas afirmam que a leitura é de fundamental\nimportância no favorecimento da aprendizagem dos alunos, principalmente na educação\ninfantil. É visto que as professoras na teoria têm um entendimento semelhante a respeito\nda leitura, diante das respostas ambas tem consciência que a prática da leitura,\ndesenvolve o interesse de ler, proporcionando o prazer de aprender.\nNo entanto, de acordo com a observação realizada a respeito da prática de leitura\ndas professoras em sala, podemos constatar o contato das crianças com o livro, em\napenas na sala da professora A. Sendo que a professora B, se contradiz na sua fala com\nrelação a prática em sala. Este posicionamento reflete que a professora B, sabe daimportância da leitura, mas não as coloca em prática, uma vez que a teoria e a prática\ndevem andar juntas. Como as crianças podem se tornar futuros leitores, se não tem em\nquem se espelhar? Na perspectiva de Maia ( 2007, p. 84, 85) “ A imitação, longe de ser\numa atividade de pura repetição mecânica, é a reconstrução de atos observados pela\ncriança; portanto, na abordagem sociointeracionista, a imitação possibilita a realização\nde ações que, em tese, estão além de seus limites.”\nPor tanto os professores são como espelhos para as crianças, se o professor não\ngostar de ler, não tem como convencer seus alunos a gostar também.\nCom relação às metodologias utilizadas na prática docente para incentivar o\ndesenvolvimento da leitura as professoras enfatizam:\nProfessora A: Os livros didáticos como historinhas com gravuras\nvisíveis, músicas educativas, brincadeiras educativas, jogos\neducativos, imagens, teatro, contos infantis personagens, e leitura com\nplacas para mostrar os personagens, usando todos esses recursos\natravés de aula dinâmica através de grupos, através de atividades\ncherocada sempre usando o lúdico para quê a criança pegue gosto pela\nleitura.\nProfessora B: Procuro sempre livros com muitas ilustrações e leituras\nsimples. Faço rodas de leitura interpretações em grupo e individual,\nfaço também desenhos ampliados de uma história e peço para cada\ncriança contar do jeito que entenderam mostrando cada página do\nlivro contado.\nDessa forma tem-se observado que as professoras encontram-se em sintonia,\nfazendo referencia a leitura, sendo que corresponde ao indicie esperado pelo sistema\neducacional no que se refere ao incentivo a leitura na educação infantil. Seria de grande\nrelevância na aprendizagem dos pequenos, se isso acontece na prática. Sobre as leituras\nsimples, Maia (2007, p. 96 ) acrescenta que “Os textos curtos, com linguagem simples,\nremetem ao universo da criança sem serem banais, dando leveza e graça às narrativas,\nde modo a atrair principalmente os pequenos leitores” e ainda faz referencia de que é\nóbvio que não estou defendendo a ideia de que, pelo o fato de estar no início da vida\nescolar, a criança deve ter acesso apenas a textos curtos.\nEntão cabe ao professor saber o tipo leitura adequada aos seus alunos, muita\njugam, por não saber ler, não precisa ter contato com livros, ou como eles não leem\nainda, vou utilizar só textos pequenos. Pode até serem utilizados textos pequenos ou\nsimples, mas que tenham significados tem haver os elementos de coesão e coerência,entre outros elementos que der significado a leitura.\nNo que se refere aos materiais e ou recursos utilizados em sua prática docente\npara incentivar o desenvolvimento da leitura, as professoras ressaltam:\nProfessora A: Letras grandes, placas, contos infantis, gravuras\ngrandes, alfabeto móvel, jogos educativos, livro didáticos, brinquedos,\nteatro.\nProfessora B: Além do livro infantil, confecciono uma televisão feita\nde caixa de papelão, desenho os personagens em cartolina ou papel\nmadeira com o tamanho maior para que possam se interessar e prestar\nmais atenção, uso fantoches para auxiliar na leitura da história e\ntambém data show.\nÉ importante esses diversos recursos, mencionados por as professoras, na\nampliação do conhecimento e desenvolvimento da linguagem dos pequenos e futuros\nleitores, mas de todos os itens citados, o que irá fazer a diferença é a prática de leitura\npela professora em voz alta, em seguida a criança participa com sua fala, dando opinião,\nparticipando também da leitura. Maia (2007, p. 85), ainda fala que é sabido que a\nprática de leitura em voz alta, tão antiga quanto a história da própria escola, promove a\ntroca de ideias, (...). Entretanto, essa atividade será eficaz na medida em que a leitura for\npara a criança o momento em que sua voz se faz ouvir, pois é importante que se\nmanifeste sobre aquilo que lhe foi lido – é o momento em que a interação se estabelece\nentre leitor/ ouvinte/ texto.\nAo serem questionadas se as crianças têm contato com livros de literatura infantil\nem vários momentos do cotidiano escolar a Professora A respondeu que sim, enquanto a\nProfessora B sinalizou que às vezes.\nO contato com o livro tem que haver sempre, as crianças precisam estar em\ncontato com livros, para poder vim a gostar de ler. Na concepção de Colomer (2007, P.\n57), “muitos livros infantis oferecem aos pequenos a confirmação do mundo que\nconhecem: a vida cotidiana em família, as compras, os jogos no parque, etc”. No\nentanto a realidade das creches ainda é precária e não tem o apoio suficiente para que os\nobjetivos relacionados a pratica de leitura na educação infantil possam ser alcançados\npara que se tenha uma base sólida.\nE ao descrever como se dá o contato das crianças com os livros as docentes\nretratam que:\nProfessora A: Prazeroso porque eles gostam de ver imagens quelevam eles a viajar no mundo da imaginação desenvolvendo até o seu\ngosto pela leitura.\nProfessora B: Um pouco superficial, porque a criança não tem um\ncontato direto com o livro, não é todo dia que a leitura é realizada e\ntambém não disponibilizamos de uma biblioteca para que esse contato\nseja maior.\nSegundo as afirmações há uma contradição entre as professoras com relação ao\ncontato das crianças com os livros de literatura, uma afirma que as crianças nem sempre\ntem contato e percebe-se em sua fala que também não há um incentivo por parte dela\npara a prática de leitura, justificando-se por falta de uma biblioteca, já a professora A,\nafirma que seus alunos, tem contato diário com livros. De acordo com que observamos\nna sala da professora A, as crianças tem realmente o contato com livros de literatura,\nonde eles folheiam as páginas e contam a história deles de acordo com o que veem nas\ngravuras. Parreira (2009, p. 94), fala que, “Muitas vezes, o livro ainda não será lido por\numa criança, mas o manuseio é o primeiro passo. Por isso, tocar, ver e sentir os livros é\ntão importante”! O professor quando gosta de ler, ele dar qualquer jeito para que a\nleitura chegue até seus alunos, não espera só pela escola, pois nem toda escola tem o\nespaço adequado para leitura, mas nem por isso as crianças podem ficar nesse\nisolamento total dos livros ou da leitura. Na sala da professora B, possui uma rotina\ndiária de iniciar com música de bom dia, sempre a mesma música, não muda. Enquanto\na leitura, quando acontece é no segundo momento, isso depois do intervalo. Faz-se um\ncirculo, com todos os alunos, sentados no chão. Entretanto, eles não têm mesmo o\ncontato direto com o livro, o de poder tocar, folhear.\nQuanto à organização dos espaços na escola e em sala de aula para o\ndesenvolvimento da leitura as entrevistadas explicitam:\nProfessora A: Através de cantinho da leitura aconchegante, através de\npequenos projetos envolvendo a família, através de passeios na\nbiblioteca.\nProfessora B: Não disponibilizamos de um espaço próprio para a\nrealização dessas leituras. Elas são feitas no pátil ou na própria sala de\naula.\nOs relatos demonstram que há sempre uma contradição entre as duas professoras,\nsendo que ambas trabalham na mesma escola e turno semelhante, o que diferem entre o\npúblico envolvido é a faixa etária de idade, a professora A, com crianças de 2 ( dois)anos e a professora B, com os de 3 (três) anos. É visto que de acordo com é\nmencionado no relato da professora A, as crianças envolvem- se de forma desejada e se\nsocializam de maneira adequada, onde demonstram satisfação e prazer nas atividades a\nserem desenvolvidas. De acordo com a observação na escola e a fala da professora B, a\nescola não possui mesmo um espaço adequado. No entanto a professora A, criou esse\nespaço que não existia. Parreira (2009, p.31), fala que “ Em relação ao espaço destinado\nà leitura na escola, seria importante criar uma área coletiva (biblioteca, ou sala de\nleitura) e destinar uma área dentro cada sala para criança. São espaços com objetivos\ndiferentes”. Esses espaços são os famosos cantinhos de leitura, de matemática, etc. Isso\nfacilitará a curiosidade e a vontade da criança, momento prazeroso e não obrigatório,\nonde irá haver algo atrativo para chamar atenção das crianças.\nAo apontar quais os aspectos que dificultam a realização de um bom trabalho para\ndesenvolver o gosto pela leitura na criança as professoras destacam:\nProfessora A Os aspectos que dificultam suas aprendizagem é a\npouca atenção que eles tem por causa de sua pequena idade e do\nambiente em quê eles vem que não apresenta para eles esse momento\nde ouvir e ter atenção em algo.\nProfessora B: A falta de atenção dos alunos, a falta de espaço, como\numa biblioteca, porque a criança de um lugar próprio e acolhedor e\nque tenham contato não só com os livros que contamos e sim com\nvários outros livros, que olhem e escolhem os livros que querem para\nque os interesse pela leitura seja maior.\nA professora A, acredita que a falta de atenção dos alunos é por não vim de um\nambiente letrado, já na fala da professora B, as crianças não tem atenção, pela pouca\nidade que é de 2 e 3 anos e o ambiente escolar, não favorável, ou seja não oferecem esse\ncontato com os livros, não são motivados para esse contato com os livros. Talvez por\nisso que eles tenham esse comportamento, por não ter hábito ou contato com livros na\nsua rotina diária. De acordo com Parreira (2009, p. 28)” O livro é um objeto cheio de\ncuriosidade, de fantasias que habitam nosso imaginário de lembranças, de associações.”\nDe forma que a acrescentar que por isso, a importância dos livros na primeira infância,\nseja em casa, seja na escola, seja na biblioteca livros oferecidos de forma natural, como\nos brinquedos.\nCONCLUSÃO\nDiante de todos os fatos contidos nesta pesquisa, pode-se concluir que a prática deleitura de acordo com o trabalho realizado em sala de aula pelo educador deixará de ser\num momento esporádico e se converterá numa viagem divertida, imaginária, através\ndaquilo que é ouvido e visualizado pela criança. O primeiro contato da criança com um\ntexto acontece de forma oral, quando elas passam a ouvir histórias contadas pelos\nfamiliares e principalmente quando estas histórias se referem à sua vida. Com o passar\ndo tempo já são capazes de escolherem as que mais lhe agradam, a partir daí elas\npassam a interagir e a criar personagens. Sabe-se que quanto mais os leitores iniciantes\nou leitores em formação tiverem contato com diferentes suportes de leitura como:\n(livros, revistas, internet, jogos etc.) e com variados gêneros e modalidades textuais que\ncirculam socialmente, mais aptos estarão para compreensão de mundo. Entende-se que\nna ausência da prática de leitura pela família, a escola é a segunda parte integrada ao\nprocesso de incentivo a leitura. É relevante ressaltar a necessidade percebida a partir da\natuação das professoras observadas, que se faz essencial a busca por conhecer novas\npropostas ou estratégias que venham a dar privilégio maior a prática de leitura na rotina\nescolar, com o intuito de inovar suas práticas, para que as crianças venham a ter um\nmelhor desenvolvimento intelecto e passe a ver leitura como algo prazeroso.\nPortanto, entende-se que o professor da educação infantil e a escola como um todo\nsão partes importantes do processo educativo, onde irão incentivar e aproximar a\ncriança desse mundo dos livros e se faz relevante a integração de propósitos e meios\npara efetivação da construção do perfil do leitor e apropriação da criança do mundo\nliterário de forma dinâmica e prazerosa.\nREFERÊNCIAS\nANDRADE, M. de. Introdução à metodologia científica: elaboração de trabalhos na\ngraduação. 10. ed. São Paulo: Atlas, 2010.\nAVANZINI, Claudinéia Maria Vischi; GOMES, Lisandra Ogg. Concepção de criança,\ninfância e educação. In: BRAZIL, Pacto Nacional pela Alfabetização na Idade Certa,\nCaderno 2, 2015.\nBALDI, Elizabeth. Leitura nas séries iniciais: Uma proposta para formação de leitores\nde literatura. 2° edição. Porto Alegre: editora projeto, 2009.\nCOLOMER, Teresa. Andar entre livros: A leitura literária na escola/ [Tradução Laura\nSandroni]. – São Paulo: Global, 2007.\nGREGORIN FILHO, José Nicolau. Literatura Infantil: múltiplas linguagens na\nformação de leitores. São Paulo: Editora Melhoramentos, 2009.LAKATOS, Eva Maria ;MARCONI, Maria de Andrade. Fundamentos de Metodologia\nCientifica.7.ed.sao Paulo:atlas,2010.\nLÜDKE, M., & André, M. E. (1986). Pesquisa em educação: abordagens qualitativas.\nEditora Pedagógica e Universitária. Tirastes\nMAIA, Joseane. Literatura na formação de leitores e professores. São Paulo:\nPaulinas, 2007.\nMARANGON, Cristiane, Revista nova escola. março 2008,p. 84.\nMARANGON, Cristiane; LIMA, Eduardo. Os Novos Pensadores. Revista nova\nescola. Edição Especial. Agosto de 2002.\nMINAYO, Maria Cecília de Souza. Pesquisa Social: teoria, método e criatividade.\nPetrópolis, RJ: Vozes, 2011.\nPARREIRAS, Ninfa. Confusão de línguas na literatura: o que o adulto escreve, a\ncriança lê. 1. ed. Belo Horizonte: RHJ, 2009.\nZALBAZAR, Miguel A. Diários de aula: um instrumento de pesquisa e\ndesenvolvimento profissional. Tradução de Ernani Rosa. Porto Alegre: Artmed,2004.\nISSN 2179-4332\nAGRADECIMENTOS\nAos participantes do estudo."
}