{
  "id": "27605",
  "trabalho": "APLICABILIDADE DA FONOFORESE COMO MEDIDA TERAPÊUTICA: UMA REVISÃO SISTEMÁTICA.",
  "area": "CIÊNCIAS DA VIDA",
  "ano": "2016",
  "evento": "XXII - ENCONTRO DE INICIAÇÃO À PESQUISA ",
  "link": "http://uol.unifor.br/oul/conteudosite/?uuid=E44F896195B7979DF7A8887F0C46338279247410",
  "conteudo": "XXII Encontro de Iniciação à Pesquisa\nUniversidade de Fortaleza\n17 à 21 de Outubro de 2016\nAPLICABILIDADE DA FONOFORESE COMO MEDIDA TERAPÊUTICA:\nUMA REVISÃO SISTEMÁTICA.\nEnathanael Ribeiro Soares¹* (IC), Jeilton Bem Costa¹ (IC), Bruna Estéffany Pereira Mota Duarte¹ (IC), Flávio Beserra\nde Queiroz² (IC), Luciana de Carvalho Pádua Cardoso³ (PQ).\n1. Acadêmicos do curso de Fisioterapia da Faculdade de Medicina do Juazeiro do Norte – Estácio FMJ\n2. Acadêmico do curso de Farmácia da Faculdade de Medicina do Juazeiro do Norte – Estácio FMJ\n3. Docente do Curso de Fisioterapia na Faculdade de Medicina Estácio de Juazeiro do Norte, Doutoranda em Ciências da Saúde,\nMestre em Saúde Coletiva, Especialista em Traumato-Ortopedia, Especialista em Terapia Intensiva. Juazeiro do Norte – Ceará\nenathanael.ribeiro@yahoo.com\nPalavras-chave: Iontoforese. Fonoforese. Ultrassom. Fisioterapia\nResumo\nA fonoforese atualmente, representa mais uma alternativa terapêutica na prática clínica da fisioterapia,\nlevando em consideração seus evidentes benefícios, e expressiva aceitação dos pacientes. Os objetivos da\nrevisão sistemática foi analisar a efetividade da fonoforese em comparação com o uso apenas do ultrassom\nterapêutico isoladamente, além dos seus possíveis efeitos deletérios, e a relação dos fármacos usados com\na patologia tratada. A pesquisa deu-se através da consulta nas bases de dados PubMed, SciELO e LILACS,\ndas quais retornou 30 artigos, que posteriormente foram alisados, e apenas 12 se enquadram nos critérios\nde inclusão do estudo. Neste trabalho, verificou-se a presença de vertentes que de fato elucidam os\nbenefícios da fonoforese, porém é necessário ainda mais estudos para comprovação com maiores\nevidências da sua superioridade em relação ao ultrassom terapêutico, quando usado sozinho, mas que sem\ndúvidas configura um meio confiável e benéfico de tratamento.\nIntrodução\nA pele é o órgão mais extenso do corpo humano, desempenhando funções importantíssimas de\nrevestimento e proteção dos tecidos. Atua limitando a interação das estruturas mais internas com o meio\nexterno, de forma a selecionar a entrada de substâncias. Por ser ampla e superficial representa um meio\neficaz e não invasivo de entrada de fármacos. Muitos benefícios podem ser observados com a utilização da\nvia transdérmica, tais como os níveis plasmáticos estáveis, falta de degradação gastrintestinal e ausência de\nefeitos hepáticos, já que não a condução do fármaco pelo mecanismo de primeira passagem no fígado\n(EBRAHIMI et al., 2012; LOMBRY; DUJARDIN, 2000; SALIBA et al, 2007).\nO ultrassom terapêutico (UST), é um dos equipamentos mais utilizados na prática clínica\nfisioterapêutica para tratamento de afecções musculoesqueléticas. Consiste de cristais piezoeléctricos que\nconvertem a energia elétrica em energia mecânica com oscilação de alta frequência. Sua grande aderência\na terapêuticas diversas se dá principalmente pelo fato de não ser invasivo, tornando mais confortável e com\nmenos riscos para o paciente (AY et al., 2011; OLIVEIRA et al., 2015).\nOs efeitos fisiológicos e terapêuticos do UST nos tecidos corporais são diversos, podendo destacar:\naumento do metabolismo local, da circulação; acelera a regeneração e extensibilidade do tecido conjuntivo,\nalém dos seus efeitos mecânicos, ou não térmicos, causando alterações, como micromassagem e cavitação\nestável dentro dos tecidos (AY et al., 2011; FARCIC et al., 2012).\nA fonoforese é uma modalidade de utilização do UST de modo à introduzir através da via\ntransdérmica fármacos, principalmente anti-inflamatório e analgésicos, por terem maior relevância na prática\nclínica da fisioterapia. Desta forma há um aumento da absorção dos medicamentos tópicos em tecidos mais\nISSN 18088449 1profundos. Sua eficiência depende também de fatores externos e da adesão do paciente ao tratamento,\nlevando em consideração o potencial toxicológico sobre o tecido aplicado (MACHET; BOUCAUD, 2002;\nBYL, 1995).\nParizotto et al (2003) contemplando os achados de Fang et al (1999); Miller (2000) e Ueda et al\n(1996), destaca que o mecanismo mais provável para explicar a eficácia da deposição de fármacos na pele\natravés da fonoforese, seja o fenômeno da cavitação, que resulta na formação de microbolhas gasosas na\ncamada externa da pele (estrato córneo) que podem se romper violentamente e permitir a passagem da\ndroga.\nConduto, os objetivos do presente estudo, foram analisar os reais efeitos da fonoforese no\ntratamento de afecções musculoesqueléticas em comparação com o uso apenas do ultrassom terapêutico\nisoladamente, além dos seus possíveis efeitos deletérios, e a relação dos fármacos usados com a patologia\ntratada, levando em consideração resultados mais fidedignos e embasados.\nMetodologia\nDesenvolveu-se uma revisão sistemática sobre a eficiência da fonoforese, levando em consideração\nseus efeitos e ação deletéria, bem como a adesão dos pacientes à terapêutica. A busca por periódicos foi\nrealizada nas bases de dados PubMed, SciELO e LILACS (via BVS). As palavras-chave foram estabelecidas\npela consulta aos descritores em ciências da saúde (DeCS), sendo elas: Iontoforese, fonoforese, ultrassom,\nfisioterapia e seus correspondentes na língua inglesa. Os estudos foram selecionados de acordo com o\ntema principal e a adequação deles ao foco da pesquisa, que priorizou os seguintes critérios de inclusão: ter\ncomo tema principal da pesquisa as características, mecanismos e ações da fonoforese e sua relevância na\nprática clínica da fisioterapia, ter sido publicado no período entre 2010 e 2015, não houve restrição quanto\nao idioma, sem objeção ao tipo da pesquisa, desde que o seu tema se adequasse ao presente estudo.\nTodos os resumos dos trabalhos foram lidos a priori para verificar se havia relação com a pesquisa, e os\nselecionados analisados na integra posteriormente.\nResultados e Discussão\nA busca nas bases de dados resultou em 45 artigos, sendo 28 na base PubMed, 15 na LILACS e 2\nna base SciELO. Desses, 33 foram excluídos por não se adequarem aos critérios de inclusão estabelecidos\nnesta revisão. Assim, restaram dose estudos que foram lidos na íntegra e constituíram o desenvolvimento\ndeste trabalho (Tabela 1).\nTabela 1: Descrição dos estudos selecionados\nAutor Título Ano Objetivos Desenho Resultados Base de\nIdioma do Estudo Dados\nPhonophoresis of 2013 Comparar os efeitos Ensaio clínico Obteve melhora PubMed\nDexamethasone da iontoforese e randomizado significativa e\nBakhtiary et al. Sodium Phosphate fonoforese com fosfato com alocação diminuição no\nInglês May Manage Pain de sódio de oculta. escores de dor do\nand Symptoms of dexametasona em grupo de fonoforese\nPatients With Carpal pacientes com do que no grupo\nTunnel Syndrome sindrome do túnel do que de iontoforese.\ncarpo.\n2011 comparar o efeito da Prospectivo, Melhora PubMed\nComparison the fonoforese e ultra-som randomizado, significativa em\nAy et al. efficacy of do ultra-som placebo duplo-cego, escores de dor\nInglês phonophoresis and nas terapias no controlado entre o grupo que\nultrasound therapy in tratamento da com placebo. usou ultrassom\nmyofascial pain síndrome dolorosa com fonoforese e\nsyndrome miofascial apenas ultrassom,\nenquanto não\nhouve resultados\nno grupo que usou\nISSN 18088449 2placebo.\nAplicação do 2012 Realizar uma revisão Revisão de Não há LILACS\nFARCIC et al. ultrassom terapêutico da literatura sobre os Literatura padronização\nPortuguês no reparo parâmetros de quanto à dosimetria\ntecidual do sistema aplicação do adequada para o\nmusculoesquelético ultrassom terapêutico reparo tecidual do\n(UST) no reparo sistema muscu-\ntecidual do sistema loesquelético –\nmusculoesquelético. Literatura\ninsuficiente para\ncomprovação\nconsistente.\nANSARI et al. A randomized, 2012 Comparar os efeitos Prospectivo, Mostrou que a PubMed\nInglês double-blind clinical do ultra-som contínuo randomizado utilização do\ntrial comparing the com ultra-som pulsado duplo-cego ultrassom pulsado\neffects of continuous em pacientes com clínico. teve melhor\nand pulsed ultrasound rinossinusite crônica. resultado quando\nin patients with comparado ao\nchronic rhinosinusitis ultrassom continuo.\nBOYACI et al. Comparison of the 2013 O presente estudo Não explícito Foi encontradas PubMed\nInglês efficacy of ketoprofen teve como objetivo melhoras a nível de\nphonophoresis, comparar a eficácia escores de dor, no\nultrasound, and short- das três modalidades entanto, não houve\nwave diathermy in de aquecimento diferença\nknee osteoarthritis profundas diferentes: significativa entre\nfonoforese, diatermia os três grupos.\nde ondas curtas, e\nultrassom, em\nosteoartrite de joelho.\nEBRAHIMI et al. Effect of lidocaine 2012 Compar os modo Estudo de Observou-se maior PubMed\nInglês phonophoresis on do ultra-som intervenção eficácia no\nsensory blockade: terapêutico pulsado e antes/depois ultrassom pulsado\npulsed or continuous contínuo no efeito adjuvante a\nmode of therapeutic da lidocaína lidocaína tópica\nultrasound? fonoforese no bloqueio comparado ao\nsensorial. ultrassom continuo\nadjuvante lidocaína\ne o modo\nconvencional.\nLUKSURAPAN; Effects of PubMed\nBOONHONG phonophoresis of 2013 Comparar os efeitos Estudo Indicaram que a\nInglês piroxicam and da fonoforese de controlado fonoforese de\nultrasound on piroxicam, em relação randomizado piroxicam foi\nsymptomatic knee ao ultrassom significativamente\nosteoarthritis terapêutico, na mais eficaz do que\nredução da dor, e o ultrassom\nmelhora das funções terapêutico na\ndos pacientes com redução da dor.\nosteoartrite leve ou\nmoderada.\nOLIVEIRA el al. Efeito da terapia 2015 Avaliar o efeito da Estudo A irradiação Scielo\nPortuguês ultrassônica de baixa irradiação Ultrassônica Experimental Ultrassônica de\nintensidade de Baixa Intensidade, Baixa Intensidade\nem cultura celular de com diferentes 0,3W/cm2 (10%–\nfibroblastos regimes de pulso e 20%) e 0,5W/cm2\nintensidade, em (20%), aumentou\ncultura celular de percentualmente a\nfibroblastos L929, de viabilidade celular\nmodo a verificar a em cultura de\nviabilidade celular e fibroblastos L929.\ndefinir parâmetros de\ndosimetria\nSARRAFADEH et The effects of 2012 Comparar os efeitos Estudos de Todos os 3 PubMed\nal. pressure release, de liberação de medidas tratamentos\nInglês phonophoresis of pressão, fonoforese de repetidas utilizados neste\nhydrocortisone, and hidrocortisona (PhH) estudo foram\nultrasound on upper 1%, e terapia de ultra- eficazes para o\ntrapezius latent som em pacientes tratamento de MTP.\nmyofascial trigger com pontos de gatilho De acordo com este\npoint latente no trapézio estudo, PhH é\nsuperior. sugerido como um\nnovo método eficaz\npara o tratamento\nde MTP.\nISSN 18088449 3SILVA et al. Effect of ultrasound Não explícito Ambos os PubMed\nInglês and hyaluronidase on 2013 Avaliar o efeito do tratamentos\ngynoid lipodystrophy ultra-som e a técnica reduziram\ntype II - an de fonoforese com efetivamente a\nultrasonography study hialuronidase em espessura da pele\npacientes com celulite e hipoderme; no\nedematosa tipo II na entanto, o grupo\nregião glútea. tratado com\nhyaluronidase\nadjuante ao\nultrassom, mostrou\nresultados\nmelhores.\nUSTUN et al. Efficacy of EMLA 2014 estudo clínico O metodo PubMed\nInglês cream phonophoresis Investigar a duplo-cego, fonoforese obteve\ncomparison with efetividade de EMLA randomizado resutados positivos\nultrasound therapy on (creme), assosiado a em termos de\nmyofascial pain tecnica de fonoforese melhorias de dor,\nsyndrome of the sobre os pontos de amplitude de\ntrapezius: a single- gatilho. movimento e\nblind, randomized deficiência na\nclinical study síndrome de dor\nmiofascial\ncomparado ao\nultrassom\nconvencional.\nYILDIZ et al. Comparison of 2011 Comparar a eficácia Ensaio O cetoprofeno e a PubMed\nInglês ultrasound and do método fonoforese controlado, tecnica de\nketoprofen com cetoprofeno no prospectivo, fonoforese como\nphonophoresis in the tratamento da randomizado, terapia adjuvante\ntreatment of carpal síndrome do túnel do duplo-cego ao uso de talas é\ntunnel syndrome carpo. eficaz no que diz\nrespeito à redução\nda dor\nUma das grandes problemáticas do uso da fonoforese, assim como muitas das modalidades da\nfisioterapia é o fato das evidências científicas serem hipossuficientes para comprovarem com efetividade a\nsua relevância. O que pode ser observado no estudo de Boyaci et al. (2013) onde comparou a eficiência de\ntrês modalidades diferentes de aquecimento profundas: fonoforese (PH), diatermia de ondas curtas (SWD),\ne ultrassom terapêutico (UST), em osteoartrite de joelho. Ao término verificou efeitos igualmente\nsignificativos em todas as terapêuticas, sendo impreciso na sua conclusão, causando ambiguidade quando\ncomparado ao estudo de Luksurapan, Boonhong (2013) que obteve ótimas respostas com a utilizando\nfonoforese de piroxicam.\nOutro fato que deve ser levado em consideração é a decisão de qual fármaco será usado no\ntratamento, levando em consideração seus efeitos e maior avaliação quanto a isso. No trabalho de Bakhtiary\net al. (2013) foi utilizado a dexametasona no controle das dores de pacientes com síndrome do túnel do\ncarpo, Yildiz et al. (2011) relatou que fonoforese cetoprofeno apresentou bons resultados em pacientes com\na mesma patologia, enfatizando essa melhora apenas a médio prazo.\nNo estudo de Ay et al. (2011) verificou-se com a utilização de diclofenaco que na síndrome dolorosa\nmiofacial os sintomas dolorosos foram efetivamente diminuídos, porém o grupo que recebeu apena o UST,\ntambém tiveram importantes efeitos na diminuição das algias. Já no trabalho de Ebrahimi et al. (2012) onde\nfoi usado a lidocaína, foi possível observar uma melhora significativamente maior no grupo que foi\nsubmetido a fonoforese, corroborando com os achados de Sarrafzadeh et al. (2012) que também teve\nexcelentes resultados utilizando fonoforese de hidrocortisona em pontos gatilhos latentes no trapézio\nsuperior. Bons resultados também foram encontrados no estudo de Ustun et al. (2012) onde utilizaram uma\nmistura eutética de anestésicos locais e evidenciaram uma melhora superior ao US convencional.\nEbrahimi et al. (2012) em seu estudo sobre qual modalidade de ultrassom utilizar, pode comprovar\nque houve uma maior eficácia no ultrassom pulsado adjuvante a lidocaína tópica comparado ao ultrassom\nISSN 18088449 4continuo adjuvante lidocaína no modo convencional, trazendo mais uma característica que deve ser levada\nem consideração na hora da aplicação da fonoforese, sempre norteado pelo clínica e sintomatologia do\nindivíduo.\nA frequência e intensidade de dispositivo de US, o conteúdo, volume, a estrutura molecular do\nmaterial que aplicado, a idade, espessura, a hidratação, a estrutura de lipídios da pele dos pacientes, rede\nvascular da derme, entre outros fatores externos podem afetar a eficácia da aplicação de fonoforese\n(MACHET, BOUCAUD, 2002; BYL, 1995).\nConclusão\nContudo, apesar dos avanços nos estudos a respeito das terapias adequadas nas mais diversas\náreas da saúde, as evidências científicas acerca da utilização da fonoforese ainda possui muitas lacunas à\nserem sanadas. Ilustrando o quanto a pesquisa ainda precisa crescer, podendo citar a utilização de\ndeterminados fármacos para determinadas patologias, estudos comparativos, com diferentes medicamentos\npara o mesmo agravo, afim de chegar à um melhor consenso. Problemas como a impossibilidade da não\nabrangência de toda à vasta literatura, representa sem dúvida um limitador da pesquisa. Além dos achados\ncontroversos com relação a utilização e eficiência das terapêuticas. Mas é evidente o quanto a fonoforese e\nUST convencional isoladamente tem grandes resultados na melhora da clínica dos pacientes, além da\naderência a essa terapêutica ser absurdamente grande, representando um grande aliado da fisioterapia.\nReferências\nANSARI, N.N.; Fathali, M.; Naghdi, S.; Hasson, S.; Jalaie, S.; Rastak, M.S. A randomized, double-blind\nclinical trial comparing the effects of continuous and pulsed ultrasound in patients with chronic rhinosinusitis.\nPhysiother Theory Pract, v.28 n.2 p.85-94, 2012\nAY, S.; DOĞAN, S. K; EVCIK, D.; BAŞER, O. C. Comparison the efficacy of phonophoresis and ultrasound\ntherapy in myofascial pain syndrome. Rheumatol Int, v. 31, n. 9, p .1203-120, 2011\nBAKHTIARY, A.H; FATEMI, E; EMAMI, M; MALEK, M. Phonophoresis of Dexamethasone Sodium\nPhosphate May Manage Pain and Symptoms of Patients With Carpal Tunnel Syndrome. Clin J Pain, v. 29,\nn. 4, p.348-353, 2013.\nBOYACI A.; TUTOGLU A.; BOYACI N.; ARIDICI R.; KOCA I. Comparison of the efficacy of ketoprofen\nphonophoresis, ultrasound, and short-wave diathermy in knee osteoarthritis. Rheumatol Int, v. 33 n.11,\np.2811-2818, 2013.\nBYL N.N. The use of ultrasound as an enhancer for transcutaneous drug delivery: phonophoresis. Phys\nTher, v. 75 n. 6 p. 539-53, 1995.\nEBRAHIMI S.; ABBASNIA K.; MOTEALLEH A.; KOOROSHFARD N.; KAMALI F.; GHAFFARINEZHAD F.\nEffect of lidocaine phonophoresis on sensory blockade: pulsed or continuous mode of therapeutic\nultrasound?. Physiotherapy, v.98 n. 1, p. 57-63, 2012.\nFANG J.Y.; FANG C.L.; Sung K.C.; Chen, H.Y. Effect of low frequency ultrasound on the vitro percutaneous\nabsorption o f clobetasol 17- propionate. Int J Pharm, v. 191, n. 1, p. 33-42, 1999.\nFARCIC, T. S.; DE LIMA, R.M.C.B.; MACHADO, A.F.P.; BALDAN, C.S.; VILLICEV, C. M.; JUNIOR, I.E.;\nMASSON, Igor Fagioli Bordello. Aplicação do ultrassom terapêutico no reparo tecidual do sistema\nmusculoesquelético. Arquivos Brasileiros de Ciências da Saúde, v. 37, n. 3, p. 149-153, 2012.\nLOMBRY C.; DUJARDIN N.; PRÉAT V.; Transdermal delivery of macromolecules using skin electroporation.\nPharm Res, v. 17, n. 1, p. 32-37, 2000.\nLUKSURAPAN W.; BOONHONG J.; Effects of phonophoresis of piroxicam and ultrasound on symptomatic\nknee osteoarthritis. Arch Phys Med Rehabil, v. 94, n. 2, p.250-255, 2013.\nISSN 18088449 5MACHET L.; BOUCAUD A. Phonophoresis: efficiency, mechanisms and skin tolerance. Int J Pharm, v. 243\nn. 1-2, p. 1–15, 2002.\nMILLER M.W. Gene transfection and drug delivery. Ultrasound in Med. Biol, v. 26, n.1, p. 59-62, 2000.\nOLIVEIRA, P.D.; OLIVEIRA, D.A.A.P.; MARTINAGO, C.C.; FREDERICO, R.C.P.; SOARES CP.; OLIVEIRA\nRF. Efeito da terapia ultrassônica de baixa intensidade em cultura celular de fibroblastos. Fisioter. Pesqui,\nv. 22, n.2, p. 112-118, 2015.\nPARIZOTTO, N.A.; KOEKE, P.U.Z, MORENO, B.G.D, LOURENCIN, F.T.C. Utilização da fonoforese em\ndesordens músculo-esqueléticas: uma meta-análise. Rev. bras. Fisioter, v. 7, n.1, p.9-15, 2003\nSALIBA, S.; MISTRY, D.J.; PERRIN, D.H.; GIECK, J.; WELTMAN A. Phonophoresis and the Absorption of\nDexamethasone in the Presence of an Occlusive Dressing. Journal of Athletic Training, v. 42, n. 3, p. 349–\n354, 2007.\nSARRAFZADEH, J.; Ahmadi A.; Yassin M. The effects of pressure release, phonophoresis of hydrocortisone,\nand ultrasound on upper trapezius latent myofascial trigger point. Arch Phys Med Rehabil, v. 93, n.1, p. 72-\n77, 2012.\nSILVA, C.M.; MELLO, M.V.; BARBOSA, L.G.; FILHO, S.D.; ROCHA, L.L.; GONÇALVES, RV. Effect of\nultrasound and hyaluronidase on gynoid lipodystrophy type II - an ultrasonography study. J Cosmet Laser\nTher, v. 15, n. 4, p.231-236, 2013\nUEDA, H.; OGIHARA, M.; SUGIBAYASHI, K.; MORIMOTO, Y. Change in the electrochernical properties of\nskin and the lipid packing in stratum comeum by ultrasonic irradiation. Int. J. Pharm, v.137, n. 2, p. 217-224,\n1996.\nUSTUN, N.; ARSLAN, F.; MANSUROGLU, A.; INANOGLU, D.; YAGIZ, A.E.; GULER, H.; TURHANOGLU,\nA.D. Efficacy of EMLA cream phonophoresis comparison with ultrasound therapy on myofascial pain\nsyndrome of the trapezius: a single-blind, randomized clinical study. Rheumatol Int, v. 34, n. 4, p.453-457,\n2013.\nYILDIZ, N.; ATALAY, N. S.; GUNGEN, G. O.; SANAL, E.; AKKAYA, N.; TOPUZ; O. Comparison of ultrasound\nand ketoprofen phonophoresis in the treatment of carpal tunnel syndrome. J Back Musculoskelet Rehabil,\nv. 24, n. 1, p. 39-47, 2011.\nAgradecimentos\nA Deus, pela força e coragem para enfrentar as dificuldades. A família pelo apoio e todas as\ncontribuições que ultrapassam o meio acadêmico. A faculdade Estácio FMJ, por proporcionar docentes\ncapacitados e dispostos a ajudar na elaboração de trabalhos científicos, em especial a nossa professora\norientadora Luciana de Carvalho Pádua Cardoso, por ser propulsora e essencial para a realização desse\nestudo, pela dedicação, por suas correções e incentivos que foram de grande valia.\nISSN 18088449 6"
}