{
  "id": "27619",
  "trabalho": "O CONHECIMENTO DA POPULAÇÃO MASCULINA ACERCA DA PREVENÇÃO DO CÂNCER DE PÊNIS",
  "area": "CIÊNCIAS DA VIDA",
  "ano": "2016",
  "evento": "XXII - ENCONTRO DE INICIAÇÃO À PESQUISA ",
  "link": "http://uol.unifor.br/oul/conteudosite/?uuid=B276CF6F0C45FD2F48300289699C971EC2DBFE8D",
  "conteudo": "XXII Encontro de Iniciação à Pesquisa\nUniversidade de Fortaleza\n17 à 21 de Outubro de 2016\nO CONHECIMENTO DA POPULAÇÃO MASCULINA ACERCA DA\nPREVENÇÃO DO CÂNCER DE PÊNIS\nMagno Fiuza Marques (IC)1\nVanina Barbosa Lopes (PQ)2\nLaurineide de Fátima Diniz Cavalcante (PQ)3\n1. FANOR – Curso Enfermagem\n2. Universidade de Fortaleza- Doutoranda de Saúde Coletiva\n3. Universidade de Fortaleza- doutoranda em Saúde Coletiva -\nPalavras-chave: : Enfermagem. Câncer de Pênis. Saúde do homem\nResumo\nO câncer de pênis (CP) é uma neoplasia que está em ascendência, e atinge cerca de\n3000 homens no país. No Brasil, as regiões mais atingidas pela neoplasia maligna são no\nNorte e Nordeste onde a desigualdade social é mais ascendente. Dentre os cânceres que\nagridem o homem, 2% são os cânceres de pênis. Esse estudo objetivou analisar através\nde produções científicas, o conhecimento da população masculina acerca da prevenção\ndo câncer de pênis. Trata-se de uma revisão integrativa realizada no período de agosto a\ndezembro de 2015, nas bases de dados LILACS, PUBMED, BDENF, SCIELO e\nMEDLINE. A amostra foi composta por 9 artigos científicos publicados entre os anos de\n2005 e 2015. Os resultados apontam que o homem não apresenta conhecimento\nsuficiente sobre o câncer de pênis e sua prevenção; outro achado foi uma fragilidade nas\norientações e nos esclarecimentos acerca do CP pelos profissionais de saúde ao gênero\nmasculino. Os homens se sentem desconfortáveis para procurar os serviços de saúde\ndevido aos fatores socioculturais e feminilização dos serviços prestados. Conclui-se que a\nprevenção para ser bem-sucedida, deve-se ter uma orientação clara sobre a patologia em\nquestão, mas que para isso, é preciso quebrar os paradigmas e preconceitos da\npopulação masculina, relativa a saúde, assim como, os profissionais ampliarem as\nestratégias de cuidado, para esta população.\nIntrodução\nCâncer é um conjugado que ultrapassa 100 (cem) patologias, cuja sua principal característica é o\ncrescimento celular de forma desordenada que acometem órgãos e tecidos. É uma neoplasia que está em\nascendência, onde o seu tratamento, muitas das vezes é de forma mutilante, causa efeito devastador físico\ne mental. Em estágio inicial é tratável, quando há uma evolução para estágios mais avançados, pode ocorrer\na amputação do pênis (INCA, 2015). Dentre os cânceres que agridem o homem, 2% são os de pênis.\nRessaltando que em 2010 morreram 363 pacientes em todo o Brasil. (INCA, 2015).\nISSN 18088449 1A neoplasia peniana tem uma relação às baixas condições socioeconômicas, baixa escolaridade,\nhigiene intima precária e a não circuncisão, como também, o encurtamento do prepúcio é um fator que\npredispõe o CP, e associação da infecção pelo vírus do HPV (Papilomavírus humano) ao câncer de pênis\n(INCA,2015).\nAs manifestações clínicas que mais acentuam o CP são algumas ulcerações que persistem ao longo\ndo tempo e/ou umas tumorações no corpo do pênis, prepúcio ou também na glande, apresentação de\nínguas na virilha (gânglios inguinais) e a presença de esmegma (secreção branca) em associação com as\nmanifestações citadas, anteriormente (CARVALHO, et al, 2008).\nO tratamento desta enfermidade, perpassa, por exames cito patológicos, fármacos, sessões de\nquimioterapia, radioterapia, ou seja, de acordo com a fase do câncer. Estratégias de cuidado de promoção\nda saúde, estão incluso, ações de educação em saúde, com orientação à higienização intima diária e ao\ndecorrer do dia, como, por exemplo, como após relações sexuais, masturbações, dentre outros, o uso de\ncamisinha e circuncisão na infância (BORGES e JAPUR, 2008; SOUZA,et al, 2011; BRASIL, 2015).\nDiante do exposto, indaga-se: Qual conhecimento dos homens quanto a prevenção do câncer de\npênis? O interesse dessa pesquisa deu-se devido a fragilidade de atenção a essa problemática com a\npopulação masculina. Aspira-se com essa pesquisa que venha a se tornar uma ferramenta norteadora para\num melhor conhecimento dos profissionais da saúde sobre a percepção da população masculina quanto a\nprevenção e com isso, planejar estratégias e campanhas de promoção de saúde, prevenção e combate ao\nCP de uma forma mais efetiva e eficaz, minimizando o índice de pacientes acometido pelo câncer por falta\nou diminuição das medidas de prevenção. Com isto, objetiva-se analisar através de produções científicas, o\nconhecimento da população masculina acerca da prevenção do câncer de pênis.\nMetodologia\nTrata-se de uma Revisão Integrativa, que visa combinar dados da literatura teórica, além de incorporar\num vasto leque de propósitos, tais como definição de conceitos, revisão de teorias e de evidências, entre\noutros. (SOUZA; SILVA; CARVALHO, 2010). Assim, para a realização desse trabalho foi utilizado o modelo\nproposto por Galvão et al. (2008), que preconiza seis fases para sua construção.\nApós definição do tema ou problema, iniciou-se a busca na literatura, no período de setembro e\noutubro de 2015. Foram utilizados três descritores presentes nos Descritores em Ciências da Saúde\n(DeCS): Câncer de pênis, Enfermagem e Saúde do homem. Como critérios de inclusão, utilizou-se: artigos\ndisponibilizados na integra, completos, escritos por enfermeiros brasileiros em língua portuguesa e língua\nestrangeira, publicados entre os anos de 2005 a 2015. Foram excluídos: editoriais, cartas ao editor, artigos\nque não abordaram a temática relevante ao alcance do objetivo da revisão.\nForam encontrados 9 artigos nas bases de dados: SCIELO (ScientificEletrônic Library Online), LILACS\n(Índice da Literatura Científica e Técnica da América Latina) e MEDLINE (Sistema Online de Busca e Análise\nde Literatura Médica é a base de dados bibliográficos), BDENF e PUBMED. Ressaltamos como limitação\ndesse estudo a fragilidade na busca de artigos relacionados a essa temática, uma vez que ainda estão\nascensão os estudos nessa área justificando o número de artigos selecionados. Na tabela 1, demonstra a\ndistribuição dos achados, nas bases de dados selecionadas.\nISSN 18088449 23\nTabela 1- Distribuição dos Artigos encontrados e selecionados segundo Bases de Dados. Fortaleza,\nCE, 2015.\nARTIGOS SCIELO LILACS MEDLINE BDENF PUB MED TOTAL\nEncontrados 665 2.639 82.939 348 41 86632\nExcluídos 664 2.637 82.938 345 39 86623\nSelecionados 1 2 1 3 2 9\nPara a coleta de dados dos artigos selecionados, foi realizada leitura e fichamento dos artigos.\nPosteriormente, os mesmos foram organizados e categorizados, ressaltando que a organização dos artigos\nfoi em ordem cronológica, o que possibilitou o conhecimento da evolução histórica do fenômeno estudado.\nNessa fase, foi realizada a distribuição em categorias temáticas, no qual, emergiriam, após, leitura\naprofundada dos dados, e categorizadas, segundo Bardin ( ), conforme quadro abaixo.\nQuadro 1- Descrição das Categorias Temáticas-Fortaleza, CE, 2015\nCATEGORIAS TEMÁTICAS ARTIGOS / Nº TOTAL\nConhecimento sobre o CA de Pênis. 3;5;6;8 4\nOrientações para prevenção do CP. 4;9 2\nFragilidades na prevenção do Câncer de pênis. 1;2;7 3\nFoi realizada uma análise crítica dos estudos incluídos, com a finalidade de realizar a comparação\ncom o conhecimento teórico, a identificação das conclusões e as implicações resultantes da Revisão\nIntegrativa. A identificação de lacunas permitiu que fossem apontadas sugestões pertinentes para futuras\npesquisas nessa temática.\nResultados e Discussão\nCom relação a análise dos objetivos apresentados nos estudos, foi observado que grande parte dos\nautores buscaram estudar aspectos relacionados ao autocuidado na prevenção do câncer de pênis,\nsegundo, Sampaio (2008) o autocuidado pode ser universal, de desenvolvimento e referente ao agravo a\nsaúde.\nCom base nos artigos selecionados, observou-se que no período de 2012 a 2014 houve destaque\nquanto a produção científica nesta temática, (PNISH). Podendo estar associado a criação da política\nnacional integral a saúde do homem, 2009. Incentivando aos profissionais e a população de um modo geral,\na ter um outro olhar para essa problemática.\nO destaque no delineamento foi para artigos com pesquisa exploratória qualitativa, com cinco artigos\nque apresentaram abordagem qualitativa, um artigo quali-quantitativo, e dois artigos tiveram o delineamento\nda pesquisa quantitativa.\nISSN 18088449 34\nDe acordo com os resultados, foram divididos em três categorias (quadro 1) Conhecimento sobre o\nCP no qual podemos ver em 4 artigos; Orientações e autocuidado como medidas de prevenção, visto em 3\nartigos e a fragilidades no autocuidado na prevenção do câncer de pênis, abordado em dois artigos.\nConhecimentos sobre o câncer de pênis.\nObservou-se nos estudos de Reis et al. (2010), Skeppin et al. (2012), que o conhecimento dos\nhomens acerca da prevenção está diretamente relacionado a precariedade nas orientações bem como\npouca procura do homem ao serviço de saúde. Barboza (2014) complementa quando diz que um\nconhecimento prévio acerca do câncer de pênis pode prevenir o crescimento da patologia.\nBarboza (2014) o homem só procura o atendimento da saúde, quando os sinais e sintomas já estão\ninstalados. Skeppner (2012) enfatiza bem isso e mostra em suas pesquisas que os eritema, prurido e\neczema foram os sintomas iniciais mais comuns (35%). No total, 65% dos pacientes tiveram atraso de mais\nde 6 meses para irem procurar atendimento. A razão mais comum para o atraso dos pacientes era o\nsentimento de constrangimento com sintomas localizados em uma área do corpo sexual. Segundo Reis\n(2010) a não-realização de circuncisão, a presença de fimose, a higiene inadequada, as infecções virais e o\ncomportamento sexual de risco, são os fatores de riscos para o desenvolvimento da neoplasia peniana. Nos\npaíses em desenvolvimento a incidência do CP é maior devido ao fator socioeconômico. O diagnóstico\nprecoce é fundamental para evitar o desenvolvimento da doença e a amputação, que acarretam\nconsequências físicas, sexuais e psicológicas para o paciente.\nOrientações para prevenção do CP.\nQuanto as orientações, os estudos apontaram para que estas sejam mais enfatizadas e trabalhadas,\nde modo que haja efetivamente a prevenção e promoção de saúde adequada, constatações estas que\nreforçam a visão de Souza, et al (2011) onde coloca a educação em saúde como a principal estratégia de\nprevenção do CP. A não divulgação e a falta de esclarecimento sobre a patologia e o preconceito\nsociocultural dos homens em procurar os serviços de saúde, faz com que cresça o número de homens\nacometidos pelo câncer de pênis. Manzini (2009) complementa esse raciocínio quando diz que as\nprevenções estão sendo comprometidas pela falta de orientação, formação, conhecimento e assistência\nsensível ao gênero.\nFragilidades na prevenção do CP.\nNos achados de Japur e Borges (2008), Manzini, Simonetti (2009) e Barboza, Fonte e Moreira (2014)\né possível identificar pontos frágeis na realização da prevenção. Um fator de agravo é a precariedade dos\nserviços de saúde em elaborar programas de promoção da saúde para homens e prevenção da saúde,\ncontando que o homem procura os serviços de saúde quando já estão com os sinais e sintomas instalados,\numa vez que em geral para eles a dor, o mal-estar e o sofrimento precisam ser minimizados. Devido ao fator\nsociocultural, os homens associarem o cuidado a fragilidade, Japur e Borges (2008) confirma em seus\nestudos que a cultura do homem é o que lhe afasta do serviço de saúde. Barboza, Fonte e Moreira (2014)\nressaltam que a não adesão, não se dá por causa do acolhimento insatisfatório, mas sim pela feminilização\ndo serviço, pois as maiorias das campanhas são feitas com direcionamento para as mulheres, causando\numa inquietação e provável afastamento do paciente de gênero masculino ao serviço.\nISSN 18088449 45\nConclusão\nNo presente estudo, constatou-se que as pesquisas relacionadas ao conhecimento do homem quanto\nas prevenções do câncer de pênis estão ligadas à as dificuldades no repasse das orientações dos\nprofissionais da saúde, sendo complementadas pelo fator sociocultural e pouca adesão aos serviços de\nsaúde. A pouca divulgação sobre a patologia é fator contribuinte para falta de conhecimento do homem,\nconsequentemente, a instalação da enfermidade.\nAs orientações para as prevenções do câncer de pênis são de responsabilidade dos profissionais da\nsaúde que deve fazer a mesma através de campanhas e promoções de saúde, no qual, venham a\nesclarecer sobre a patologia e ensinar a forma de prevenção. A prevenção é afetada, na medida em que\nemergem algumas fragilidades, como: a falta de procura dos homens ao serviço de saúde, fator\nsociocultural, a feminilização das instituições, a deficiência de capacitação dos profissionais no manejo ao\ngênero masculino, da deficiência na transmissão da informação sobre a prevenção da enfermidade, dentre\noutros fatores, evidenciando a necessidade de programas de educação em saúde, relativo ao tema. Como,\naa ampliação de estudos sobre câncer de pênis.\nReferências\nBARBOZA, T. M., FONTES, W.D., MOREIRA, R.L.S.F. Dificuldades de inserção do homem na atenção\nbásica a saúde: a fala dos enfermeiros, Esc. Anna Nery. v.18, N.4, Outubro a Dezembro, Rio de Janeiro.\n2014.\nBRASIL, Legislação Federal da Saúde, disponível em\n<http://bvsms.saude.gov.br/bvs/legislacao/homem.php> acessado em 06/04/2015 as 14:30.\nCARVALHO, E.M. et al. Estratégias de prevenção para câncer de testículo e pênis: revisão integrativa,\nRevista da Escola de Enfermagem da USP, v. 45, N. 1, Março, São Paulo. 2011.\nCARVALHO, J. J. M. et al. Câncer de pênis em jovem de 23 anos associado a infecção por HPV-62: relato\nde caso. DST J Bras. Doenças Sex Transm., v. 23, n. 1, pp. 44-47. 2011.\nINCA, Câncer de Pênis, disponível em <\nhttp://www2.inca.gov.br/wps/wcm/connect/tiposdecâncer/site/home/penis> acessado em 05/04/2015 as\n20:35.\nJAPUR. M., BORGES, C.C.Sobre a (não) adesão ao tratamento: ampliando sentidos do autocuidado,\nEnferm, V. 17, N. 1, Janeiro a Março, Florianópolis. 2008.\nREIS, A. A. S. et al. Aspectos clínico-epidemiológicos associados ao câncer de pênis.Ciência & Saúde\nColetiva, v.15, n. 1, p.1105-1111. 2010.\nSAMPAIO, F. A. A., et al.Assistência de enfermagem a paciente com colostomia: aplicação da teoria de\nOrem. Revista Acta Paul Enferm, v. 21, n. 1, pp. 94-100. 2008.\nSHUTTLEWORTH, R.P, et al. Higiene peniana: puberdade, parafimose e cuidados pessoais para homens e\nmeninos com deficiência intelectual, Journal of Intellectual Disability Research, v. 53, n.2, p, 106-114,\nFevereiro. 2009.\nSOUZA, K. W. et al. Estratégias de prevenção para câncer de testículo e pênis: revisão integrativa. Revista\nda Escola de Enfermagem da USP, v. 45, n. 1, p. 277-282. 2011.\nSKEPPNER, E., et al. Os sintomas iniciais e atrasados em pacientes com carcinoma peniano. Scand J Urol\nNnephrol, v. 46, n. 5, julho. 2012.\nAgradecimentos\nISSN 18088449 56\nInserir os agradecimentos às pessoas, entidades e/ou agências de fomento (ARIAL, 10) – Atenção para não\nultrapassar as margens laterais.\nISSN 18088449 6"
}