{
  "id": "27617",
  "trabalho": "AMAMENTE E DOE: TECNOLOGIA M-HEALTH DE APOIO A PARTICIPAÇÃO ATIVA DE MULHERES NA DOAÇÃO DE LEITE HUMANO.",
  "area": "CIÊNCIAS EXATAS E TECNOLÓGICAS",
  "ano": "2016",
  "evento": "XXII - ENCONTRO DE INICIAÇÃO À PESQUISA ",
  "link": "http://uol.unifor.br/oul/conteudosite/?uuid=6DDFD17759F8ADFF24CEAF0468518A5B6E15F537",
  "conteudo": "XXII Encontro de Iniciação à Pesquisa\nUniversidade de Fortaleza\n17 à 21 de Outubro de 2016\nAmamente e Doe: tecnologia M-Health de apoio a participação ativa de\nmulheres na doação de leite humano.\nAntônio Plínio Feitosa Bastos 1* (IC), José Clailton Menezes Jorge 2 (IC), José Eurico Vasconcelos Filho 3\n(PQ), Lúcia Virgínia Reis Aragão de Carvalho 4 (PQ).\n1. Universidade de Fortaleza – Ciência da Computação.\n2. Universidade de Fortaleza – Análise e Desenvolvimento de Sistemas.\n3. Universidade de Fortaleza – Engenharia da Computação.\n4. Universidade de Fortaleza – Mestrado em Saúde Coletiva.\npliniofeitosa@edu.unifor.br\nPalavras-chave: M-Health. Aplicativo. Aleitamento. Doação de Leite Humano.\nResumo\nO presente trabalho apresenta o projeto Amamente e Doe, iniciativa de uma equipe multidisciplinar\ncom objetivo de concepção, desenvolvimento e avaliação de um sistema tecnológico. O mesmo é baseado\nem aplicativo para dispositivos móveis na área da saúde (M-Health) de apoio a participação ativa de\nmulheres na doação de leite humano. A tecnologia proposta, por sua vez, visa melhorar a relação entre\ndoadoras e o Banco de Leite Humano de sua cidade e, consequentemente, a ampliação das doações de\nleite humano e reduzir perdas por coleta inadequada.\nIntrodução\nO aleitamento materno é a melhor estratégia natural de vínculo, afeto, proteção e nutrição para a\ncriança e constitui a mais sensível, econômica e eficaz intervenção para a redução da morbimortalidade\ninfantil. Proporciona, ainda, um grande impacto na promoção da saúde integral do binômio mãe-filho. Cerca\nde 60% dos casos de mortalidade por infecção respiratória e de 80% dos casos de diarreia, as duas\nprincipais causas de óbito após o período neonatal precoce, poderiam ter sido evitadas pela amamentação\n(BOCCOLINI et al., 2013).\nO Banco de Leite Humano – BLH – é um instrumento estratégico para a redução da mortalidade\ninfantil e do tempo de internação dos recém-nascidos nas Unidades de Terapia Intensiva Neonatal – UTIN.\nQuando os bebês são alimentados com leite materno, o tempo de internação pode ser diminuído pela\nmetade. Portanto, é relevante a sensibilização de mães, que estejam nutrindo seus filhos e tenham excesso\nde leite humano sobre a ação da doação do leite para ajudar outras mães impossibilitadas de amamentar.\nApesar de infraestrutura adequada e um processo bem definido, o BLH de Fortaleza ainda se vê na\nnecessidade de obter estratégias para alcançar e fidelizar um maior número de doadoras, ampliando a\ncoleta necessária para atender a demanda. Surgem neste ponto alguns questionamentos, tais como:\n Como sensibilizar as mães para a doação de leite humano?\n Como mantê-las doando após uma primeira doação?\n Como ampliar o alcance de possíveis doadoras?\n Como evitar a perda de leite doado pela coleta/armazenagem incorreta?\nObservando o contínuo avanço das Tecnologias da Informação e Comunicação como apoio as mais\ndiversas atividades e nas mais diversas áreas, em especial o uso de tecnologias móveis que se\nISSN 18088449 1popularizam atingindo grande parcela da população, vislumbrou-se a aplicação de tais tecnologias como\ninstrumentos de apoio na busca de respostas aos questionamentos aqui levantados.\nAssim, buscando implementar ações de concepção, desenvolvimento, aplicação e transferência de\ntecnologias destinadas a estimulação, a otimização do potencial e o envolvimento dessas mulheres e,\nconsequentemente, o aumento da cota de leite humano doado ao BLH, o projeto Amamente e Doe foi\nidealizado por uma equipe multidisciplinar (Ciência da Computação, Análise e Desenvolvimento de\nSistemas, Comunicação e Saúde Coletiva), resultando no aplicativo Amamente e Doe.\nMetodologia\nA pesquisa aqui apresentada caracteriza-se como aplicada, tendo em vista o objetivo de gerar\nconhecimentos (incluindo um artefato tecnológico) para aplicações práticas dirigidas à solução de\nproblemas específicos, bem como comprovar ou rejeitar hipóteses identificadas na pesquisa.\nEm sua primeira etapa, a pesquisa conta com um estudo bibliográfico nas áreas de M-Health e\nAleitamento Materno. Bem como, com reuniões preliminares junto a especialistas, objetivando uma maior\ncompreensão do problema e de suas diferentes dimensões.\nA segunda etapa, em laboratório, contempla a concepção e desenvolvimento de um artefato\ntecnológico que incorpore as hipóteses do estudo como solução (total ou parcial) ao problema estudado em\nambiente controlado (GIL, 2008; LAKATOS, MARCONI, 2007). Essa etapa é amparada metodologicamente\npelo processo de Design de Interação Participativo (BARBOSA; SILVA, 2010), onde serão levantadas\nhipóteses de abordagem ao problema. Essas hipóteses são analisadas pelo ponto de vista das Tecnologias\nda Informação e da Comunicação existentes, visando identificar uma abordagem tecnológica de\nenfrentamento ao problema com base nas hipóteses levantadas.\nO Design de Interação Participativo contempla quatro atividades interativas (com participação ativa\ndo cliente/usuário), como disposto na Figura 1: identificar necessidades e estabelecer requisitos; design e\nredesign dos protótipos de baixa e alta fidelidade; construção de uma versão interativa (protótipo funcional),\ne; avaliação.\nFigura 1: Processo de Design de Interação (PREECE; ROGERS; SHARP, 2005).\nDesse modo, são levados requisitos necessários ao sistema e comparados com sistemas similares\n(benchmarking). Em seguida, os designers propõem opções de protótipos (interfaces) de baixa e de alta\nfidelidade que são discutidos e aprovados pela equipe multidisciplinar. Assim, equipe de tecnologia inicia\nem laboratório o desenvolvimento do artefato tecnológico. Esse desenvolvimento contempla a participação\ncontinua do “cliente/usuário” o qual se destina a tecnologia, bem como, dos especialistas das áreas\nenvolvidas, de modo a manter o foco na usabilidade e qualidade do artefato. Uma vez concebido o artefato\nISSN 18088449 2tecnológico em questão, o mesmo é submetido a uma pesquisa de campo utilizando uma amostra\nqualitativa do público-alvo, visando avaliar a hipótese da pesquisa.\nNa fase de levantamento bibliográfico, foi possível um estudo mais aprofundado da equipe sobre a\ndoação de leite humano e as tecnologias de suporte a essa atividade. A pesquisa também incluiu a busca\npor aplicativos existentes similares na Google Play e na App Store.\nForam realizadas reuniões onde se usou a técnica de brainstorming com toda a equipe do projeto\npara a identificação das necessidades e, em seguida, estabelecimento dos requisitos do sistema. Com base\nnos requisitos identificados foi possível avaliar as tecnologias identificadas na pesquisa da primeira fase\n(benchmarking). O Quadro 1 mostra o resultado obtido, com base nos requisitos mais relevantes e nas\ntecnologias cujos objetivos mais se aproximavam dos objetivos propostos no projeto:\nQuadro 1: Tabela de avaliação das tecnologias existentes com base nos requisitos identificados.\nAplicativos / Funcionalidades My Baby Today BabyBump Baby Care Breastfeeding\nPregnancy Pro Baby Tracker\nInformações de cuidado com Apresenta Apresenta Apresenta Não apresenta\no bebê Parcialmente\nIndicação dos Postos de Não apresenta Não apresenta Não apresenta Não apresenta\ncoleta\nInformações sobre Não apresenta Não apresenta Não apresenta Não apresenta\naleitamento\nUsabilidade e acessibilidade Apresenta Apresenta Apresenta Apresenta\nParcialmente Parcialmente Parcialmente Parcialmente\nServiço de coleta Não apresenta Não apresenta Não apresenta Não apresenta\nInformações sobre coleta e Não apresenta Não apresenta Não apresenta Não apresenta\narmazenamento de leite\nEstratégia de fidelização e Não apresenta Não apresenta Não apresenta Não apresenta\nampliação de doadoras\nCom base nos resultados, foi possível observar que não havia tecnologias que atendessem aos\nrequisitos identificados e, assim, justificando o projeto proposto.\nNa fase seguinte, de design e redesign, atendendo aos requisitos identificados, foram projetados\npelos designers os protótipos de baixa fidelidade, esboços não detalhados, das interfaces (Figura 2). Tais\nprotótipos foram apresentados, discutidas, avaliadas e definidos em conjunto com a equipe multidisciplinar\ndo projeto, em especial os especialistas e usuários.\nEm seguida, os designers apresentam propostas de protótipos de alta fidelidade das telas do\naplicativo, já contemplando tipografia, paleta de cores e iconografia. De forma análoga aos protótipos de\nbaixa fidelidade, os protótipos de alta fidelidade também são discutidos, avaliados e definidos pela equipe\nmultidisciplinar. A Figura 3 mostra algumas das telas do protótipo de alta fidelidade.\nForam realizadas avaliações de inspeção de usabilidade das telas de alta fidelidade por meio da\navaliação heurística (NIELSEN, 1992), onde foram identificadas oportunidades de melhorias que foram\nimediatamente implementadas. Assim, evitando retrabalho ao conceber o aplicativo.\nISSN 18088449 3Figura 2: Amostra dos protótipos de tela de baixa fidelidade do sistema.\nFigura 3: Amostras dos protótipos de tela de alta fidelidade do sistema.\nNa fase subsequente, desenvolvimento de um protótipo funcional, toma-se como base as interfaces\npropostas na fase anterior. O artefato tecnológico proposto é um aplicativo para smartphone, implementado\npara plataforma Android nas versões 4.1 ou superiores. Para a concepção da versão interativa (protótipo\nfuncional), foi utilizada a IDE Android Studio12, padrão para desenvolvimento de aplicativos Android.\nTambém foram utilizados alguns frameworks open source que oferecem serviços e implementam boas\npráticas de programação, além de oferecer facilidade para o desenvolvimento e a manutenção de código,\ncomo: Picasso, ORMlite, Retrofit e JSON.\nA arquitetura utilizada para o desenvolvimento do aplicativo consiste em um servidor web utilizando\nlinguagem Java, escolhido em prol do conhecimento da equipe e uma maior produtividade, e um serviço\ndesenvolvido com o framework Ruby on Rails (utilizado para inserção dos conteúdos pela equipe da área\nda saúde), escolhido devido sua simplicidade e sua produtividade. Ambos serviços adotam a arquitetura\nREST (Representational State Transfer) utilizando o protocolo JSON para intercâmbio de informações entre\no servidor e dispositivo móvel. E, para a construção e representação do modelo de dados, foi utilizada a\nferramenta MySQL Workbench.\nISSN 18088449 4Com a finalização da implementação da primeira versão do aplicativo que recebeu o mesmo nome\nque o projeto, deu-se início a ultima fase do processo de Design Interativo Participativo: a avaliação do\nartefato, com o teste de usabilidade. A aplicação dessa metodologia empírica de avaliação da área de\nInteração Humano-Computador – IHC – visa compreender melhor a interação entre um usuário e o produto\nproposto. Assim, o avaliador tem um maior controle sobre o ambiente e sobre as atividades do usuário\ndurante os testes, o que permite a validação das interfaces ou identificar problemas de usabilidade\nexistentes, ao observar um grupo de usuários interagindo com o sistema (BARBOSA; SILVA, 2010).\nO teste realizado contou com uma amostra de 10 mulheres com idade reprodutiva (entre 18 e 40\nanos), em diferentes condições socioeconômicas e doadoras de leite humano. O mesmo foi realizado em\ndois ambientes: no BLH do Hospital Geral de Fortaleza e no Núcleo de Aplicação em Tecnologia da\nInformação – Nati – da Universidade de Fortaleza – Unifor. E, consistia em realizar algumas tarefas, tendo\nem vista sua relevância no aplicativo. Enquanto as usuárias realizavam as tarefas, os avaliadores\npreenchiam um formulário individual sobre a avaliação. Logo depois da avaliação, foi solicitado que os\nusuários preenchessem um formulário com suas impressões sobre o software e a facilidade com que eles\nexecutaram as tarefas no aplicativo.\nResultados e Discussão\nO teste de usabilidade tem como objetivo avaliar o desempenho dos usuários típicos na realização\nde tarefas específicas no sistema proposto (PREECE; ROGERS; SHARP, 2005). Os resultados mostraram\nque as usuárias conseguiram atingir os objetivos propostos no sistema, de forma satisfatória e em tempo\nconsiderado hábil.\nAs seguintes tarefas, escolhidas por sua relevância, compunham o teste:\n Ligar para o posto e solicitar uma coleta domiciliar de leito humano através do aplicativo, e;\n Através das informações contidas no aplicativo, verificar se os frascos de vidro com boca larga\npodem ser doados.\nVerificou-se que 7 das 10 usuárias conseguiriam realizar todas as tarefas sem dificuldades e dentro\nde um tempo esperado sem que houvesse diferença significativa no tempo para realização de tais\natividades.\nAinda fazendo parte do teste de usabilidade, foi solicitado que as usuárias registrassem, em um\nformulário, suas impressões e sugestões sobre o aplicativo e sobre a facilidade com que elas executaram\nas tarefas. Os resultados para a funcionalidade de “Solicitar coleta” levaram à uma avaliação positiva\nquanta a estética e facilidade de uso. Foi registrada uma sugestão de melhoria quanto à localização do\nbotão de solicitação de coleta, sugerindo uma localização mais visível para o mesmo. Quanto à\nfuncionalidade de “Informações”, houveram colocações positivas em relação à estética e à facilidade de\nuso, porém, foram registradas sugestões de que o aplicativo poderia prover informações mais detalhadas\nsobre as categorias listadas.\nAlém do teste de usabilidade com usuárias, foi executada uma avaliação do aplicativo com 14\nespecialistas. Essa avaliação teve objetivo de qualificar conteúdo e função do aplicativo, tendo em vista as\nhipóteses levantadas no projeto. Para a análise dos resultados, foi realizado o cálculo de validade do\nconteúdo (IVC), que é considerada adequada uma taxa maior que 0,78 para a realidade do aplicativo\n(ALEXANDRE; COLUCI, 2011). Dos itens avaliados, apenas os seguintes obtiveram uma taxa menor do\nque a desejada: o texto ser compatível com o público-alvo, atendendo aos diferentes perfis de mulheres\nISSN 18088449 5(0,71); os sinalizadores e os links serem adequados e auxiliarem o usuário compreender e usar o aplicativo\n(0,57), e; as cores aplicadas ao texto serem pertinentes e facilitadoras na leitura (0,64).\nTodos os testes foram desenvolvidos em obediência aos padrões éticos e científicos estabelecidos\npela resolução nº 196/96 do Conselho Nacional de Saúde/Ministério da Saúde, sobre pesquisa envolvendo\nseres humanos, tendo sido aprovado pelo Comitê de Ética da Unifor. E, após os mesmos, todos os\nresultados e as sugestões foram analisadas pela equipe e implementadas as devidas modificações em uma\nnova versão de protótipo funcional.\nConclusão\nO aplicativo Amamente e Doe é resultado de um projeto conduzido por uma equipe multidisciplinar,\nque busca apoiar a participação ativa de mulheres na doação de leite humano. A hipótese levantada nesse\nprojeto é que um aplicativo M-Health apoiaria o processo de doação de leite humano ampliando as doações\ne a rede de doadoras e apoiadores. Para a concepção da ferramenta foram utilizadas técnicas do Design\nParticipativo envolvendo usuários e especialistas durante todo o processo de design.\nAtravés do testes realizados com usuárias doadoras e com especialistas, foram observados indícios\npositivos da usabilidade, qualidade técnica e relevância do aplicativo para as usuárias. O projeto prevê a\nrealização de uma pesquisa de campo com amostra estatisticamente relevante e a longo prazo, que será\nacompanhada pelos membros da equipe da área de saúde, de modo a avaliar o impacto do uso da\nferramenta proposta de uma amostra significativa de doadoras de leite humano.\nReferências\nALEXANDRE, N. M. C.; COLUCI, M. Z. O. Validade de conteúdo nos processos de construção e\nadaptação de instrumentos de medidas. Ciência & Saúde Coletiva, São Paulo, v.16 (7), p. 3061-3068,\n2011.\nBARBOSA, S. D. J.; SILVA, B. S. Interação Humano-Computador. Rio de Janeiro: Campus-Elsevier,\n2010. (Série SBC).\nBOCCOLINI, C. S.; CARVALHO, M. L.; OLIVEIRA, M. I. C.; BOCCOLINI, P. M. M. O papel do aleitamento\nmaterno na redução das hospitalizações por pneumonia em crianças brasileiras menores de 1 ano.\nRevista de la Sociedad Boliviana de Pediatría, La Paz, v. 52, n. 2, 2013.\nGIL, A. C. Métodos e técnicas de pesquisa social. 6 ed. São Paulo: Atlas, 2008. BARBOSA, S.D.J.\nLAKATOS, E. M.; MARCONI, M. A. Metodologia científica. São Paulo: Atlas, 2007.\nNIELSEN, J. Finding usability problems through heuristic evaluation. Proc. CHI’92 Conf. (Monterey,\nCA, May 3–7), ACM, New York, 373–380, 1992.\nPREECE, J.; ROGERES, Y.; SHARP, H. Design de interação: além da interação humano-computador.\nPorto Alegre: Bookman, 2005.\nAgradecimentos\nAgradecemos ao NATI, por disponibilizar pessoal e espaço físico para as reuniões da equipe\nmultidisciplinar, por auxiliar a elaboração do projeto e por ter proporcionado a execução técnica do mesmo,\npor intermédio de seu Programa de Integração Acadêmica e de seu Laboratório de Formação e Integração\n– Innolab. Igualmente, ao Núcleo de Atenção Médica Integrada – NAMI – pela ambiência adequada para a\nrealização das avaliações e a todos envolvidos no projeto Amamente e Doe pela colaboração e pelo apoio.\nISSN 18088449 6"
}