{
  "id": "27610",
  "trabalho": "RELATO DE EXPERIENCIA DA MONITORIA DE PRATICA I - DESCONSTRUINDO PRÉ-CONCEITOS",
  "area": "CIÊNCIAS DA VIDA",
  "ano": "2016",
  "evento": "XVI - ENCONTRO DE INICIAÇÃO À DOCÊNCIA",
  "link": "http://uol.unifor.br/oul/conteudosite/?uuid=F0A17D7FAC0830A1C3B32549FA442602F226797A",
  "conteudo": "XVI Encontro de Iniciação à Docência\nUniversidade de Fortaleza\n17 a 20 de outubro de 2016\nRelato de experiência na monitoria de Pratica Integrativa I - Desconstruindo\npré-conceitos.\nAutores: Fernanda Yannia Guiter 1* (ID), Dr. Marcio Acselrad 2 (PO).\n1. Universidade de Fortaleza – Programa de Monitoria Voluntária\n2. Universidade de Fortaleza – Curso Psicologia\nfernandaguiter@yahoo.com.br\nPalavras-chave: Monitoria. Entrevista. Pesquisa\nResumo\nEste artigo foi desenvolvido para o programa de monitoria voluntária da\nUniversidade de Fortaleza – UNIFOR com intuito de relatar minha experiência como\nmonitora da disciplina de Pratica Integrativa I no primeiro semestre de 2016. O monitor é um\nestudante inserido no processo de ensino aprendizagem, que se dispõe a colaborar com a\naprendizagem de seus colegas, e que, ao mesmo tempo, participa do processo de ensino-\naprendizagem junto ao professor. Ser monitor é ver nos olhos dos alunos que você fez\nalguma diferença e contribuiu para o seu aprendizado. Durante a monitoria acompanhei os\nalunos em sala e individualmente, auxiliei em suas demandas, facilitando o aprendizado\ncom troca de experiências, reflexões, correções de escritos, incentivando a pesquisa,\norientando sobre como pesquisar em fontes acadêmicas e procurando desenvolver\nhabilidades que facilitassem suas pesquisas e escritos.\nIntrodução\nO presente artigo foi desenvolvido a partir da experiência do programa de monitoria\nvoluntária da disciplina de Pratica Integrativa I do curso de Psicologia da Universidade de\nFortaleza (UNIFOR), no período de fevereiro a junho de 2016. Essa disciplina é oferecida no\nprimeiro semestre do curso de psicologia, incentivando aos alunos recém-chegados a\nmergulharem no universo de curiosidades utilizando como ferramenta fundamental a\npesquisa.\nISSN 21755396 1Segundo Freire (2006), não há ensino sem pesquisa e pesquisa sem ensino. Esses\nquefazeres se encontram um no corpo do outro enquanto prática continua de busca de\ninformações. Ensino porque busco, porque indaguei, porque indago e me indago. Pesquiso\npara conhecer o que ainda não conheço e comunicar ou anunciar a novidade.\nO monitor é um estudante inserido no processo de ensino aprendizagem que se\ndispõe a colaborar com a aprendizagem de seus colegas, e que, ao mesmo tempo, participa\ndo processo de ensino-aprendizagem junto ao professor (apud NATÁRIO, 2001).\nA escolha pela monitoria em Pratica I se deu porque me interesso muito por pesquisa,\ne minha intenção foi de tentar instigar nos alunos recém-chegados a curiosidade sobre as\ngrandes áreas em que a psicologia está inserida.\nEste artigo tem como objetivo demonstrar a importância do monitor, com base nas\nvivências ao longo do semestre, do crescimento enquanto aluno-facilitador, da importância\nda troca de conhecimentos a fim de se alcançar um aprendizado de maneira mais eficaz.\nMetodologia\nEste artigo contempla informações de fevereiro a junho de 2016 da vivência de\nmonitoria da disciplina de Pratica Integrativa I, sob orientação do Professor Dr. Marcio\nAcselrad. Foi desenvolvido através de uma pesquisa de caráter qualitativo com a técnica de\nobservação participativa\n[...] Na pesquisa qualitativa, não se procura observar a\ninfluência de uma variável em outra. O pesquisador está\ninteressado em um processo que ocorre em determinado\nambiente e quer saber como os atores sociais envolvidos\nnesse processo o percebem, ou seja: como o interpretam.\n(BORTONI, RICARDO, 2008, p. 34)\nDe acordo com Gil (2008) a técnica de observação participativa é aquela em que se\nchega ao conhecimento da vida de um grupo a partir do interior dele mesmo. Durante o\nsemestre, observei os alunos em sala de aula e em palestras. Mantínhamos discussões em\nnossos grupos privados como, na plataforma Facebook, WhatsApp juntamente com a\nobservação do professor orientador ao longo do semestre.\nAlém da pesquisa qualitativa, foi realizada pesquisa bibliográfica em bases digitais,\nlivros e artigos científicos que abordam o tema.\nResultados e Discussão\nFiz a seleção da monitoria no final de dezembro de 2015. Eram três perguntas apenas,\ne uma delas indagava porque o candidato tinha escolhido essa disciplina. Pensei: e agora?\nSerá que devo responder de maneira cientifica? Resolvi responder de maneira simples e\nfalando do meu sentimento pelas disciplinas de práticas integrativas e pesquisa.\nQuando saiu o resultado fui selecionada pelo meu professor orientador, recebi a\nnotícia por ele via contato telefônico, fiquei duplamente feliz.Quando iniciei o programa de monitoria da disciplina de pratica I, não tinha a menor\nidéia de como eu poderia auxiliar os alunos e o professor, só sabia da verdadeira paixão por\npesquisa e que poderia tentar repassar aos alunos, tentando despertar a curiosidade nos\nrecém-chegados à universidade, tornar essa disciplina e as sextas feiras AB, mais\nprazerosa, e contar relatos da minha experiência, mostrando a importância de conhecer\noutras áreas, desconstruindo e construindo novos conceitos.\nNo início do semestre, o professor fez uma reunião com seus monitores, explicando\ncomo seria o semestre, orientou para que sempre que possível participássemos da aula\nrelatando experiências dos semestres anteriores, que tentássemos ser próximos aos alunos,\ncriando um bom relacionamento entre aluno-monitor-professor.\nNo primeiro dia de aula, fizemos o acolhimento, onde os alunos tiveram a\npossibilidade de relatar um pouco de sua história, de conhecer os colegas de turma, de falar\nde suas expectativas em relação à disciplina e ao curso, do conhecimento que tinham da\natuação do profissional de psicologia. Os alunos chegam a essa disciplina com um pré-\nconceito de atuação da psicologia, onde o profissional está somente inserido no contexto\neducacional ou clínica e que a única teoria que fundamenta é Freud. No decorrer do\nprocesso se deparam com as outras abordagens e com o leque de atuação da psicologia.\nEssa disciplina propõe que o trabalho seja construído em equipe sob supervisão do\nprofessor. Foi solicitado no primeiro dia de aula, que os alunos escrevessem, em um\nmomento de ócio, um texto intitulado Estranhamento. O texto, de temática livre, deveria\niniciar com a frase ‘que estranho é,... e logo em seguida que postassem no nosso grupo\nprivado na plataforma Facebook. Trata-se de um exercício fantástico em que o professor faz\num convite para que os alunos façam uma primeira exposição, sem criar aquele\nconstrangimento de falar em público que é natural nos recém-chegados\nNas aulas seguintes os alunos já estavam entrosados, todos interagiam uns com os\noutros e não tiveram dificuldade em formar grupos para o início do trabalho, chegavam na\nsala de aula todos juntos, já não éramos um bando de indivíduos mas uma equipe de\nquatorze membros, onde o professor iniciava a manhã com a pergunta: ‘como você está?’\nEssa pergunta já favorecia a interação de todos e criava novos questionamentos.\nSegundo (FREIRE 2006), ensinar não é transferir conhecimento, mas criar as\npossibilidades para a sua própria produção ou a sua construção. Considero que o\npensamento de Freire, se refere que o professor, monitor e aluno juntos, somam saberes, os\ntrês saberes precisam ser críticos, ativos, para que as novas construções emerjam. Do\ncontrário pensamento sem criticidade formaria um ser passivo e alienado, apenas repetidor.\nPude perceber que durante o processo de entrevistas, pesquisas, transcrição e\nmontagem do artigo, foram surgindo dúvidas entre os alunos, mas as perguntas eram\nsempre com argumentos, não surgiam perguntas sem pesquisa, algumas vezes eu não\ntinha a resposta, ia pesquisar, aproveitava para tirar dúvidas com o professor para poderdevolver com maior segurança e esse movimento criava uma parceria ainda maior entre a\ntríade aluno/monitor/orientador.\nConsidera-se que o papel do Ensino Superior não é o de mero adicionador de\nconhecimentos teóricos e científicos. Ele é responsável por proporcionar a aprendizagem\ncomo um processo ativo, cognitivo, construtivo, significativo, mediado e autorregulado\n(BELTRAN, 1996).\nO ensino decorrente da monitoria é considerado, por Heward (1982), o mais intenso e\npersonalizado de todos os processos de ensino-aprendizagem já estudados. O autor se\nrefere que um professor sozinho nem sempre conseguiria contemplar a sala toda, que a\nproposta de monitoria e de se ter um contato individualizado, com iguais aluno-aluno,\nfavorecendo a comunicação, interação e melhoria na qualidade da aprendizagem, tornando\na construção de um artigo e na maioria dos alunos de pratica I o seu primeiro artigo, algo\nlúdico e prazeroso.\nConclusão\nDurante o primeiro semestre orientei os alunos de pratica integrativa I, acompanhando\nsuas rotinas em sala de aula, tirando suas dúvidas, colaborando com suas pesquisas, seja\nem uma indicação ou leitura de seus escritos e ver a evolução do primeiro dia em sala de\naula em relação ao último dia é algo nítido.\nOs alunos iniciam o curso com um conceito formado da atuação do psicólogo e que\nexiste apenas uma abordagem, ao final do semestre através de suas pesquisas percebem\nque a psicologia está inserida em diversas áreas.\nAo meu ver enquanto monitora, foi enriquecedor, acredito ter aprendido mais do que\nensinado, essa troca de experiências na disciplina que me identifico, torna a graduação e a\nrealidade mais próxima, nos aproxima do aluno, da disciplina, do professor orientador, de\nmonitores de outras disciplinas, aumentando nossos laços de amizades e criando uma nova\nrede de contatos que servirão para nossa vida extra academia. Hoje pela tecnologia, vida\nagitada, individualismo, esquecemos que nossa profissão se dará sempre em relação, e ter\na possibilidade de trabalhar essa questão dentro da academia, compreendendo as\ndiferenças, acredito ser um diferencial. Ser monitora me fez ser mais responsável, mais\nprestativa me fez mudar alguns hábitos simples cotidianos.\nE por fim ter escolhido a monitoria, me fez desconstruir pré-conceitos, como por\nexemplo: eu descartava qualquer possibilidade de no futuro seguir na docência, sempre\ndizia que se um dia fosse professora seria bem “ruim”, afinal é muito fácil falar quando você\nsó conhece um lado, até o dia que o professor faz um convite para auxilia-lo a avaliar a\nturma, respondi, professor como posso fazer isso? É muito difícil! Ele riu como quem disse,\npercebeu né, como essa missão não é tão simples.Referências\nBELTRAN, J. (1996). Concepto, desarrollo y tendencias actuales de la Psicología de la\ninstrucción. In J. Beltran & C. Genovard (Eds.), Psicología de la instrucción: variables\ny procesos básicos (v. 1 pp.19-86). Madrid: Síntesis/Psicología\nBORTONI-RICADO, S. M. e FREITAS, V. A. L. O professor pesquisador: introdução à\npesquisa qualitativa. São Paulo: Parábola Editorial, 2008.\nFREIRE, P. Pedagogia da autonomia: saberes necessários à prática educativa. São\nPaulo: Paz e Terra, 2006.\nGIL, Antonio Carlos. Métodos e técnicas de pesquisa social. - 6. ed. - São Paulo : Atlas,\n2008\nNATÁRIO, E. G. Programa de monitores para atuação no ensino superior: proposta de\nintervenção. Campinas. 2001.Tese (Doutorado em Educação) Pontifícia Universidade\nCatólica de Campinas.\nHEWARD, W. L. (1982). Tutor Huddle: key element in a classwide peer tutoring. The\nsysten. Elementary School Journal, 83 (2), 114-123.\nAgradecimentos\nAgradeço ao professor/ orientador Dr. Marcio Acselrad, por ser um grande mestre,\npelo carinho com que desenvolve essa tarefa de lecionar, pela simplicidade com que\nrepassa seu saber, pela confiança e paciência de permitir que eu o acompanhe durante o\nperíodo de monitoria. Agradeço aos alunos que depositaram confiança no meu trabalho, me\nensinando muito mais do que eu a eles, a meus amigos e monitores que sempre me\nauxiliaram com muito amor e a UNIFOR por estimular que nós alunos busquemos sempre\naprender e a interagir."
}