{
  "id": "27628",
  "trabalho": "AS OFICINAS DE PAIS E FILHOS E A RESOLUÇÃO DOS CONFLITOS FAMILIARES",
  "area": "CIÊNCIAS JURÍDICAS",
  "ano": "2016",
  "evento": "XVI - ENCONTRO DE PÓS-GRADUAÇÃO E PESQUISA",
  "link": "http://uol.unifor.br/oul/conteudosite/?uuid=B1DEDC540F5C44A218ED0204AC77F4255C4113B3",
  "conteudo": "XVI ENCONTRO DE PÓS-GRADUAÇÃO E PESQUISA\nUniversidade de Fortaleza\n17 a 20 de outubro de 2016\nAs oficinas de pais e filhos e a resolução dos conflitos familiares\nJovina d’Avila Bordoni*1 (PG), Luciano Tonet2 (PG).\n1Doutorado em Direito Constitucional, Universidade de Fortaleza, Fortaleza-CE;\n2Doutorado em Direito Constitucional, Universidade de Fortaleza, Fortaleza-CE.\nlucianotonet@hotmail.com\nPalavras-chave: Oficina de pais e filhos; Resolução, Conflitos familiares; Separação.\nResumo\nA Oficina de Pais e Filhos implantada no Judiciário do Estado do Ceará tem sido utilizada para\ntrabalhar a ruptura dos laços familiares ocorridas pela separação conjugal, possibilitando aos pais, por meio\nde um programa de educação e prevenção, vivenciarem essa fase delicada de suas vidas, mantendo o\nequilíbrio familiar e o papel de educadores dos filhos, cada um desempenhando a sua função parental. O\nartigo tem por objetivo abordar esse projeto e, para tal foi realizada pesquisa bibliográfica em livros e artigos\nacerca das oficinas de pais e filhos, seus objetivos e aplicabilidade no Estado do Ceará.\nIntrodução\nAo longo do século XX a família passou por várias transformações, sejam econômicas, advindas da\nevolução dos meios de produção ou da modificação dos valores sociais, deixando de ser a família\npatriarcal, constituída pelo vínculo do casamento, para se transformar em um modelo menos hierarquizado,\nfundada no amor e no afeto.\nNesse contexto social, e de acordo com as mudanças na legislação, o casamento antes tido como\nindissolúvel, deu espaço ao divórcio e a possibilidade de novo casamento. Todos os dias o Poder Judiciário\nrecebe ações com fundamento na desunião de casais - divórcio, separação e dissolução de união estável.\nA Justiça, embora busque a pacificação social, nem sempre a alcança por meio das sentenças judiciais.\nSurge assim, a preocupação do Poder Judiciário em minorar os efeitos das separações, com o\nobjetivo de ajudar os casais e os filhos a superarem esse momento difícil. Um dos meios para alcançar tal\ndesiderato são as oficinas de pais e filhos ou oficinas de parentalidade. O projeto das oficinas foi instalado,\ninicialmente, em São Paulo na cidade de São Vicente, e, posteriormente, incentivado pelo Conselho\nNacional de Justiça – CNJ, que recomendou a todos os tribunais a sua adoção como política pública de\nprevenção e solução de conflitos familiares.\nDessa forma, o estudo tem como objetivo geral demonstrar a viabilidade das oficinas de pais e filhos\ncomo uma ferramenta para auxiliar os casais a superarem os traumas causados pelo rompimento do\nrelacionamento e garantir aos filhos a possibilidade de vivenciarem esse momento de forma positiva, além\nde proporcionar a divulgação dessa prática. Atrelado ao objetivo geral, tem-se como objetivos específicos,\napresentar a forma de funcionamento das oficinas de pais e filhos, bem assim, indicar as pessoas que dela\npodem participar e investigar sua prática no Tribunal de Justiça do Ceará.\n1Metodologia\nA metodologia utilizada caracteriza-se como um estudo descritivo, analítico, desenvolvido por meio de\npesquisa bibliográfica, a partir de referências publicadas por vários autores em livros e artigos sobre a\ntemática em estudo, além de pesquisa em sítios eletrônicos oficiais do Tribunal de Justiça do Estado do\nCeará e Conselho Nacional de Justiça - CNJ.\nResultados e Discussão\nA família, na sociedade moderna, passou por muitas transformações, abandonou o modelo tradicional\nonde homens e mulheres tinham papéis específicos, para uma nova concepção, com nova estrutura e\nmudança de papéis e obrigações entre o casal, relativas a divisão do trabalho, ao sustento e à educação\ndos filhos.\nO casamento deixou de ser a única forma de constituição da família. Hoje, juridicamente, admitem-se\nmodelos diversos de família. De acordo com Moraes (2010), “além das uniões estáveis, das chamadas\nfamílias recompostas e das famílias monoparentais, devem usufruir de proteção formas alternativas, tais\ncomo as famílias concubinas, as famílias homoafetivas, a adoção de adultos, entre outras”.\nDe acordo com Fachin (1999), hodiernamente, o que caracteriza a família é o elemento volitivo de sua\nformação. Passa-se a observar a família como fato social, independente de qualquer concepção\npatrimonial, que resulta da solidariedade e afeto entre as pessoas que a compõem. No mesmo sentido\nmenciona Moraes (2010) que nos dias de hoje, no Brasil, “se privilegia a espontaneidade do afeto sobre\nestruturas formais, podendo-se entrever, também aqui, a opção do constituinte em favor da igualdade, da\nsolidariedade e da dignidade humana”.\nMuito embora as diversas famílias existentes atualmente sejam formadas pela valorização do afeto, a\nfamília constitui-se de uma unidade de pessoas que juntas, compartilham sentimentos, valores,\nconhecimentos e experiências e, sejam famílias tradicionais, monoparentais, recompostas, formada por\ncasais do mesmo sexo, passam por momentos de conflitos. O conflito, de acordo com Sales (2007) é\ninerente aos seres humanos, “sem conflito seria impossível haver progresso e provavelmente as relações\nsociais estariam estagnadas em algum momento da história”.\nPara Vezzulla (2001) “o conflito consiste em querer assumir posições que entram em oposição aos\ndesejos do outro, que envolve uma luta pelo poder e que sua expressão pode ser explícita ou oculta atrás\nde uma posição ou discurso encobridor”. No caso dos conflitos familiares, como informa Serpa (1998),\nexiste um emaranhado de conflitos legais e emocionais que não sendo resolvidos podem transformar-se em\ndisputas intermináveis, fazendo sérias marcas na sociedade.\nAs disputas familiares envolvem relações que necessitam perdurar. Os vínculos familiares, principalmente\nentre pais e filhos, vão muito além de uma separação judicial. Dessa forma, a resolução a contento das\nações que envolvem questões familiares, a fim de se evitar que os conflitos existentes se agravem e\nvenham a produzir consequências danosas, como no caso de separação de casais em que surgem\nperturbações psíquicas nos filhos, problemas de relações interpessoais, intolerância e hostilidade,\napresenta-se como um desafio.\nComo lembra Lôbo (2011) em relação aos filhos, o poder familiar não se altera por causa do divórcio, a\nguarda, seja exclusiva ou compartilhada, não possui o condão de modificar o acesso dos filhos aos pais e\nvice-versa, bem assim, não diminui o complexo de direitos e deveres oriundos do poder familiar.\n2O desenvolvimento das práticas capazes de ajudar os pais e seus filhos, pessoas que necessitam manter\numa convivência continuada, a superarem os conflitos e os resultados negativos que podem advir das\nseparações, por meio do diálogo e reflexões sobre o momento em que estão vivenciando, como o projeto\ndas oficinas de pais e filhos, mostra-se de fundamental importância, para o equilíbrio familiar e da própria\nsociedade.\nA oficina de pais e filhos, também chamada de oficina de parentalidade tem por objetivo auxiliar os pais e\nfilhos a enfrentarem os conflitos oriundos das ações de divórcio, dissolução de união estável, ações de\nguarda e regulamentação de visitas, de forma a reduzir os traumas que podem surgir em relação às\nmudanças familiares pelas quais estão passando.\nO projeto já existe em outros países como Estados Unidos, Canadá e Portugal e promove resultados\npositivos para os envolvidos, sendo eficaz na melhoria da qualidade de vida dessas pessoas, como informa\na Magistrada do Tribunal de Justiça de São Paulo, Vanessa Aufiero da Rocha, a primeira a implantar o\nprojeto naquele Estado e organizadora da Cartilha do Divórcio para os Pais da Escola Nacional de\nMediação e Conciliação. (BRASIL. CNJ. Cartilha do Divórcio para os Pais, 2015, on line).\nAs oficinas ganharam força quando o Conselho Nacional de Justiça – CNJ, passou a recomendar a\nprática e com esse objetivo expediu a recomendação nº 050 de 08 de maio de 2014, que orienta aos\nTribunais de Justiça e Tribunais Regionais Federais, por meio de seus Núcleos Permanentes de Métodos\nConsensuais de Solução de Conflitos a adoção de oficinas de parentalidade como política pública na\nresolução e prevenção de conflitos familiares nos termos dos vídeos e das apresentações disponibilizados\nno portal da Conciliação do CNJ. (BRASIL. CNJ-Recomendação nº 50, 2014, on line).\nDestinam-se as oficinas, aos pais e filhos - crianças e adolescentes e, tem por objetivo, por meio de um\nprograma de educação e prevenção, fornecer as ferramentas necessárias para que os casais enfrentem a\nseparação com serenidade, inclusive favorecendo os filhos, de maneira que juntos possam ultrapassar de\nforma positiva essa fase delicada da vida. As oficinas trabalham a maneira como os pais enfrentam o\ntérmino de seus relacionamentos e a vivência com os filhos, durante e após a separação.\nBusca o programa a reflexão dos casais em relação à parentalidade no que se refere a responsabilidade\nem relação aos filhos em face da ruptura do relacionamento, uma vez que o encargo de pais não se exaure\ndiante da situação vivenciada pelo casal, muitas vezes mal resolvida. Procura, assim, chamar atenção para\no desempenho da parentalidade responsável.\nComo os laços entre pais e filhos não se rompem com a separação, busca-se com as oficinas, preparar\nos pais para que possam, da melhor maneira, cuidar e amparar os filhos, reduzindo o nível de conflitos, a\nfim de que unidos construam um ambiente de harmonia capaz de proporcionar desenvolvimento emocional\nsaudável a estes. Como adverte Lôbo (2011) “a paternidade e a maternidade lidam com seres em\ndesenvolvimento que se tornarão pessoas humanas em plenitude”, mas que até que possam atingir\nautonomia e assumir responsabilidade própria, exigem formação e constante acompanhamento.\nPela perspectiva dos filhos visa-se esclarecê-los sobre os efeitos do rompimento do relacionamento dos\npais e sobre os seus direitos, pois como asseveram Souza e Ramires (2006), diante de uma separação \"os\nfilhos têm que enfrentar o medo de também serem separados: perder o contato com uma das figuras\nparentais. Serem, de fato, abandonados\".\nBusca-se assim, a substituição de uma cultura de conflito por uma cultura de paz. A paz, embora seja a\nausência de violência, não indica, como defende Martín (2011), que os conflitos não possam ocorrer, pois\n3embora a paz negue a violência, não ignora a existência dos conflitos que fazem parte da vida. Menciona\nque o conflito não é mau em si, mas a forma como se pretende resolver o conflito, pode vir a ser maléfica.\nO envolvimento dos filhos nos conflitos dos pais muitas vezes pode resultar em danos maiores aos filhos\ndo que a própria separação em si. De acordo com Dias (2013), por ocasião da ruptura da vida conjugal,\nquando um dos cônjuges não supera “o luto da separação, o sentimento de rejeição, ou de raiva pela\ntraição, surge um desejo de vingança que desencadeia um processo de destruição, de desmoralização, de\ndescrédito do ex-parceiro”.\nEssa atitude de um dos pais em relação ao outro tende a influenciar a criança ou o adolescente de forma\nnegativa, afastando-o do pai ou da mãe, pois não possui o amadurecimento suficiente para compreender\nque está sendo persuadido, por um dos pais ou por ambos, para atacar o outro, o que gera traumas e\nfrustrações, sendo assim, benéfico o trabalho de intervenção das oficinas de parentalidade, uma vez que\nlevam os pais a refletirem sobre suas atitudes e as conseqüências destas para os filhos.\nAs oficinas de pais e filhos são realizadas pelo Centro Judiciário de Solução de Conflitos e Cidadania, no\nFórum Clóvis Benviláqua, do Tribunal de Justiça do Estado do Ceará, desde 30 de julho de 2014, com o\nobjetivo de atender a Recomendação nº 50/2014 do Conselho Nacional de Justiça – CNJ.\nNas oficinas, pais e filhos ficam divididos em grupos. Em duas salas, ficam os pais, sendo separados os\ncasais, mas os grupos são mistos, formados de homens em mulheres, para que ambos possam ter\nconhecimento de conflitos semelhantes, segundo a percepção feminina e masculina dos envolvidos. Em\noutras duas, ficam os filhos divididos por faixa etária, uma com as crianças de 6 a 11 anos e em outra os\nadolescentes de 12 a 17 anos. Durante as oficinas, em que participam psicólogos e mediadores voluntários,\nsão utilizados vários matérias para o desenvolvimento de atividades lúdicas e exercícios, a fim de promover\nreflexões e ao final, de cada oficina, são distribuídas aos participantes as cartilhas de pais ou de filhos.\n(CEARÁ. TJ-CE-Notícias, 2015, on line).\nDurante as oficinas é realizado com os pais um trabalho de reflexão por meio de dinâmicas de grupo com\nprojeção de slides e, ao final são distribuídas as Cartilhas do Divórcio para os Pais, material produzido pelo\nConselho Nacional de Justiça – CNJ e adaptado para as oficinas. Já com os adolescentes são realizadas\natividades com música, slides com depoimento de adolescentes que vivenciaram momentos de separação\ndos pais e dinâmicas. Ressaltou que, durante todo o tempo da oficina os adolescentes podem intervir e, o\nfazem, principalmente, quando estabelecem uma relação de confiança.Com as crianças são realizadas\nleituras de livros e da cartilha sobre divórcio, em linguagem infantil, também são feitos fantoches e as\ncrianças são encorajadas a desenhar e pintar, para que possam expressar seus sentimentos. (CEARÁ. TJ-\nCE-Notícias, 2015, on line).\nAo final dos trabalhos das oficinas é aplicada uma ficha de avaliação para aqueles que se dispuserem a\nrespondê-la, a fim de que, por meio das respostas possam aprimorar os trabalhos desenvolvidos na oficina.\nConforme dados do Centro Judiciário de Solução de Conflitos e Cidadania, no Fórum Clóvis Benviláqua, no\nprimeiro semestre de 2016, foram atendidos 323 adultos, 193 crianças e 99 adolescentes nas oficinas de\npais e filhos e foram avaliadas positivamente por 85,16% dos beneficiados. (CEARÁ. TJ-CE-Notícias, 2016,\non line). Desde que o já foi implantado já foram realizadas 28 oficinas de pais e filhos. Denota-se que as\noficinas de pais e filhos constituem-se em instrumento importante na continuidade do relacionamento entre\nos pais e estes com os filhos, pois conversar sobre a separação e explicar aos filhos é necessário para que\nesse período de transição ocorra com a preservação do equilíbrio familiar.\n4Conclusão\nO divórcio trouxe mudanças nas estruturas e arranjos familiares. A separação dos casais, seja pelo\ndivórcio ou pela dissolução das uniões estáveis, embora cada dia mais comum, ainda causa, muitas vezes,\nsentimentos de perda e frustração, transformando-se em um processo doloroso tanto para o casal como\npara os filhos que se vêem no meio dos conflitos dos pais.\nA instabilidade emocional, que comumente ocorre nas separações e que afetam os pais e os filhos, pode\nser maior ou menor dependendo da forma como é vivenciada e conduzida pela família. A separação deve\nocorrer mediante atitudes de bom senso dos pais mantendo o equilíbrio familiar e o papel de educadores\ndos filhos, cada um desempenhando a sua função parental.\nObserva-se que, ao mesmo tempo em que o Poder Judiciário é levado, em sua atuação, ao formalismo\ndas decisões judiciais tem a possibilidade de trabalhar os casos concretos estabelecendo novos parâmetros\npara a resolução dos conflitos, principalmente naqueles permeados por sentimentos, como o são os\nconflitos familiares, por meio de ações que amenizem os embates judiciais e facilitem a concretização da\nharmonia e equilíbrio social.\nDe nada adianta a prolação de sentenças que acabam por não serem efetivas, o Poder Judiciário tem\nmudado na observação dos efeitos de suas decisões e tem assumido o protagonismo nas mudanças\nsociais. Não se poderia esperar situação diferente, em um momento em que não só o Poder Judiciário, mas\ntodos os demais poderes vêm sendo incitados pela população a resolverem de forma efetiva e não\nmeramente formais os problemas que lhe são apresentados.\nCom o objetivo de possibilitar aos pais a reflexão e uma atitude coerente em relação à separação\nconjugal e proporcionar aos filhos a estabilidade emocional durante a após o período de separação, a\noficina de pais e filhos busca, por meio de um programa de educação e prevenção, fornecer as ferramentas\nnecessárias para que os casais enfrentem a separação de forma otimista e possam manter uma conversa\naberta e condutas que proporcionem respeito aos sentimentos dos filhos, pois princípios como o do melhor\ninteresse das crianças e dos adolescentes não serão observados quando as disputas entre o casal é\nalimentada por rancor, acusações recíprocas e ressentimentos, por exemplo.\nAs oficinas de pais e filhos promovidas pelo Centro Judiciário de Solução de Conflitos e Cidadania, no\nFórum Clóvis Benviláqua, do Tribunal de Justiça do Estado do Ceará, desde 30 de julho de 2014, com o\nobjetivo de atender a Recomendação nº 50/2014 do Conselho Nacional de Justiça – CNJ, possuem o mérito\nde transformar a postura das partes nas contendas judiciais, eminentemente adversariais, advindas das\ndisputas familiares - separações conjugais, em reflexões e decisões onde prevaleçam os princípios\norientadores de uma cultura de paz, em que a família venha a ser a grande beneficiada. Nesse contexto,\ndeve o projeto ser divulgado para que possa ser utilizado por mais pessoas como um instrumento de\ndisseminar a paz social.\nReferências\nBRASIL. CNJ. Cartilha do Divórcio para os Pais, 2015. Disponível em:\n<http://www.cnj.jus.br/files/conteudo/destaques/arquivo/2015/06/f26a21b21f109485c159042b5d99317e.pdf>\n. Acesso em 18 ago. 2016.\nBRASIL. CNJ-Notícias, 2013. Disponível em: Disponível em <http://www.cnj.jus.br/noticias/cnj/60524-cnj-\nlanca-cartilha-para-auxiliar-familias-sobre-divorcio>. Acesso em 18 ago. 2016.\nCEARÁ. TJCE-notícias, 2015. <http://www.tjce.jus.br/noticias/oficina-pais-e-filhos-no-ceara-e-referencia-\npara-outros-estados/> Acesso em 18 ago.2016.\n5CEARÁ. TJCE-notícias, 2016. <http://www.tjce.jus.br/noticias/oficina-pais-e-filhos-e-avaliada-positivamente-\npor-8526-dos-participantes/>. Acesso em 18 ago.2016.\nDIAS, Maria Berenice. Manual de direito das famílias. 9. ed. atual. E ampl. São Paulo: Revista dos\nTribunais, 2013, p. 40.\nFACHIN, Luiz Edson. Elementos críticos do direito de família: Curso de Direito Civil. Rio de Janeiro:\nRenovar, 1999, p.11.\nLÔBO, Paulo. Direito civil: famílias. 4. ed. São Paulo: Saraiva, 2011, p. 160.\nMARTÍN, Nuria Belloso. A mediação: a melhor resposta ao conflito? In: SPENGLER, Fabiana Marion;\nLUCAS, Douglas Cesar (Org.). Justiça restaurativa e mediação: políticas públicas no tratamento dos\nconflitos sociais. Ijuí: Unijuí, 2011. p.317-355.\nMORAES, Maria Celina Bodin de. A medida da pessoa humana: estudos de direito civil-constitucional. Rio\nde Janeiro: Renovar, 2010, p. 221.\nSALES, Lília Maia de Morais. A mediação de conflitos e a pacificação social: Família, Escola e comunidade.\nFlorianópolis: Conceito Editorial, 2007, p. 23.\nSERPA, Maria de Nazareth. Mediação de família. Belo Horizonte: Del Rey, 1998, p. 17.\nSOUZA, Rosane Mantilla de; RAMIRES, Vera Regina. Amor, casamento, família, divórcio... e depois,\nsegundo as crianças. São Paulo: Summus, 2006, p. 199.\nVEZZULLA, Juan Carlos. Teoria e prática da mediação. 5. ed. Curitiba: Instituto de Mediação e Arbitragem\ndo Brasil, 2001, p. 24.\nAgradecimentos\nNossos agradecimentos a Deus, pela vida e aos nossos professores, por todos os ensinsamentos.\n6"
}