{
  "id": "27633",
  "trabalho": "RETENÇÃO PROLONGADA DE DENTES DECÍDUOS.",
  "area": "CIÊNCIAS DA VIDA",
  "ano": "2016",
  "evento": "XVI - ENCONTRO DE PÓS-GRADUAÇÃO E PESQUISA",
  "link": "http://uol.unifor.br/oul/conteudosite/?uuid=E07FDC5BBEE8FCCF2A0BF11102E6CE648DC2E017",
  "conteudo": "XVI ENCONTRO DE PÓS-GRADUAÇÃO E PESQUISA\nUniversidade de Fortaleza\n17 a 20 de outubro de 2016\nRETENÇÃO PROLONGADA DE DENTES DECÍDUOS\nMayara Ribeiro de Aguiar1* (PG), Nayana Ribeiro de Aguiar1 (PG), Sandy Kaena Soares de Freitas2 (PG),\nLucianna Leite Pequeno3 (PG), Maria da Glória Almeida Martins4 (PQ)\n1- Especialização em Ortodontia, Academia Cearense de Odontologia\n2- Mestrado em Saúde Coletiva, Universidade de Fortaleza-CE\n3- Doutorado em Saúde Coletiva, Universidade de Fortaleza-CE\n4- Docente do Curso de Odontologia, Universidade de Fortaleza-CE\n*mayararibeiroaguiar@hotmail.com\nPalavras-chave: Saúde Bucal. Erupção dentária. Epidemiologia.\nResumo\nA retenção prolongada de um dente decíduo é a sua permanência no arco dentário, após o período\nesperado para a sua esfoliação, sendo observada quando a raiz do dente decíduo não sofre o processo\nfisiológico de reabsorção e necessita de acompanhamento e de extração na época correta de erupção do\ndente permanente O objetivo deste trabalho consiste em identificar a prevalência de retenção prolongada de\ndente decíduo na dentição permanente. Trata-se de estudo quantitativo, transversal observacional, baseado\nem radiografias panorâmicas digitalizadas de uma clínica de radiodiagnóstico da cidade de Fortaleza, Ceará.\nForam selecionados laudos radiográficos em indivíduos de ambos os sexos, com idade entre 15 anos e 50\nanos, que apresentavam retenção prolongada de dentes decíduos. Determinou-se a distribuição da\npresença de retenção prolongada de dente decíduo quanto ao predomínio da idade, do gênero, do dente, da\nsituação clínica, da quantidade de dente com retenção em cada indivíduo, da arcada dentária e do lado, pelo\ncritério radiográfico. Analisou-se 18.859 laudos radiográficos; destes, 10.992 pertenciam a indivíduos entre\n15 e 50 anos. Um total de 284 laudos apresentavam retenção prolongada de dente decíduo, sendo 95\npacientes do sexo masculino e 189 do sexo feminino. O estudo revelou um total de 439 dentes retidos no\narco e que a mais prevalente forma de retenção ocorria agenesia do dente sucessor permanente com 163\ncasos. Pode-se concluir que, a prevalência de retenção prolongada de dentes decíduos é compatível com\noutras regiões do mundo.\nIntrodução\nA retenção prolongada de um dente decíduo é a sua permanência no arco dentário, após o período\nesperado para a sua esfoliação (BADAUY, 2001).\nA época de erupção dos dentes decíduos e permanentes varia muito, variações de seis meses para\nmais ou para menos, da época usual de erupção, podem ser consideradas normais. (MCDONALD RE et a.,\n1995) Se ocorrer um atraso de mais de seis meses, pode-se estar diante de um caso de retenção\nprolongada do dente decíduo ou erupção retardada, mas há uma controvérsia entre autores que discordam\nquanto ao tempo de erupção, alguns afirmam que seis meses é o tempo máximo de erupção dos dentes\npermanentes sem ocorrer retenção dos dentes decíduos (CORRÊA et al., 2010; (VALLADARES et al., 1995)\ne outros autores afirmam um ano (ROBSON; CHAN, 2009; AKTAN et al., 2011)\n1A retenção prolongada é observada quando a raiz do dente decíduo não sofre o processo fisiológico\nde reabsorção e necessita de acompanhamento e de extração na época correta de erupção do dente\npermanente (JABBAR, 2011).\nSegundo Fonoff et al. (2009) a retenção prolongada também está presente quando o sucessor\npermanente já passou do estágio 8 de Nolla (que corresponde a 2/3 de raiz formada), quando sua força\neruptiva é máxima e o dente decíduo não sofreu rizólise, ou o processo de rizólise é muito lento.\nAs principais causas da retenção de dentes decíduos são anquilose dentária, agenesia dos dentes\npermanentes, presença de dentes supranumerários (BADAUY, 2001), algumas deficiências hormonais e\nnutricionais e, em algumas síndromes, tais como: a Síndrome de Down e a disostose cleidocraniana.\n(CORRÊA et al., 2010) Esses fatores não são determinantes, mas são causas predisponentes da retenção\ndo dente decíduo (BADAUY, 2001).\nDurante o exame clínico o dentista será o primeiro a encontrar o desenvolvimento de anomalias. É\nessencial que os profissionais supervisionem a dentição em desenvolvimento e deve haver um alto índice de\nsuspeita, caso o dente permanente erupcione mais tarde que um ano do que o esperado, ou não tenha\niniciado no prazo de seis meses após o surgimento do contralateral, as preocupações devem surgir fazendo\nentão encaminhamento precoce de uma equipe multidisciplinar, muitas vezes incluindo especialistas em\nodontopediatria, em dentística e em ortodontia (ROBSON; CHAN, 2009).\nA retenção prolongada dos dentes decíduos altera a via normal de erupção dos dentes\npermanentes, resultando na impactação, erupção ectópica, reabsorção radicular de dentes adjacentes,\nformação cística, desenvolvimento de cárie, doença periodontal e também mal oclusão de mordida cruzada.\nTal condição pode ser diagnosticada precocemente, desde que a sequência de erupção dos sucessores\nseja acompanhada periodicamente, através de exames clínico e radiográfico (TEIXEIRA et al., 2005).\nDessa forma, esse estudo tem como objetivo identificar a retenção prolongada de dente decíduo na\ndentição permanente.\nMetodologia\nEsta pesquisa faz uma análise quantitativa, sendo um estudo transversal observacional, baseado\nem radiografias panorâmicas de indivíduos de ambos os sexos, de 15 a 50 anos, que apresentam retenção\nprolongada de dentes decíduos.\nA pesquisa foi iniciada a partir dos 15 anos de idade devido à possibilidade de algum paciente\napresentar erupção retardada dos dentes permanentes, diminuindo assim a margem de erro.\nForam coletados e analisados 18.859 laudos radiográficos, todos possuindo radiografias\npanorâmicas dos arquivos cedidos por uma clínica radiodiagnóstico da cidade de Fortaleza/CE, sendo\nincluídos no estudo 284 indivíduos.\nForam verificadas as situações clínica e consideradas: agenesia (ausência do dente sucessor\npermanente), dente impactado (dente permanente permanece no interior do osso, não ocorrendo a sua\nerupção), giroversão (dente realiza rotação em torno do seu próprio eixo), apinhamento (dente está\nposicionado de forma inadequada, sem espaço no arco) e transposição (inversão da posição de dois\ndentes).\nComo critérios de inclusão, foram utilizados apenas os laudos de pacientes que estivessem na faixa\netária estabelecida, que possuíssem imagem radiográfica com a persistência do dente decíduo. E, como\ncritérios de exclusão, radiografia com pouca qualidade e laudos incompletos.\n2A partir desse momento, foi feita a análise das radiografias digitalizadas dos respectivos laudos\nselecionados e, se detectou a distribuição da presença de retenção prolongada dos dentes decíduos.\nFoi considerado dente decíduo com retenção prolongada quando ocorrer um atraso de mais de seis\nmeses da sua esfoliação ou quando o dente permanente já passou do estágio 8 de Nolla (que corresponde\na 2/3 de raiz formada) e o dente decíduo não sofreu rizólise (JABBAR, 2011; FONOFF et al., 2009).\nPosteriormente, os dados coletados foram organizados em tabelas, realizando uma estatística\ndescritiva através da frequência percentual, sendo utilizado para a obtenção dos resultados o programa\nMicrosoft Excel®.\nResultados e Discussão\nNo presente estudo, o resultado da análise dos indivíduos inspecionados foi de 0,66% de pacientes\ncom retenção prolongada de dente decíduo, exibindo 439 dentes decíduos de uma amostra de 18.859\nindivíduos, no qual esse resultado se assemelha a valores encontrados em outros estudos, como o de\nBadauy (2001), realizado no serviço militar da cidade de Porto Alegre, em que foram examinados 10.220\njovens entre uma faixa etária de 17 a 29 anos tendo uma prevalência de 1,69% dos indivíduos, exibindo um\ntotal 235 dentes decíduos. Outro estudo realizado por Aktan et al. (2011), em nove clínicas em seis\ndiferentes cidades da Turquia, no qual foram avaliados 10.057 indivíduos entre uma faixa etária de 14 a 56\nanos, e verificou-se uma prevalência de 4,2%, exibindo 677 dentes.\nCom o avanço das idades a prevalência dos pacientes que apresentam retenção prolongada vai\ndiminuindo, a faixa etária de 15 a 20 anos teve uma maior incidência 54,62% dos casos, em seguida de 21 a\n30 anos 35,56% e por último, foi de 41 a 50 anos com 2,1% mostrando uma menor incidência. Sendo\nsemelhante ao estudo de Badauy (2001), onde verificou que os pacientes mais jovens eram os mais\nacometidos quando comparados aos pacientes mais velhos.\nNeste estudo, quando avaliado o dente retido no arco mais encontrado, o canino superior esquerdo\nfoi mais prevalente, com 22,40% e o canino superior direito com 19,23% dos casos, seguindo pelo segundo\nmolar inferior direito com 13,35% e segundo molar inferior esquerdo com 12,67% os dentes menos\nencontrados foram o dente 51 com 0,23% e o 61 com 0,23%, já os dentes 72 e 82 não apresentaram\nnenhuma retenção prolongada. E esses dados são confirmados no estudo epidemiológico de Badauy (2001),\no canino superior e o segundo molar inferior decíduo responderam por 61,12% dos casos de retenção\nprolongada. Já em outro estudo realizado por Otsuka et al. (2001) constatou-se que o segundo molar inferior\ndecíduo foi o dente mais envolvido neste tipo de distúrbio, se assemelhando com o estudo de Aktan et al.\n(2011) que teve maior incidência os segundos molares inferiores decíduos com 60,8%, seguido do canino\nsuperior decíduo com 17,8%.\nQuanto à quantidade de dentes retidos, 65% dos pacientes apresentaram retenção em apenas um\ndente, 26% em dois dentes, 4% em três e quatros dentes e em menor incidência com dez dentes apenas\n1%. Os dentes retidos tiveram um predomínio no lado esquerdo da arcada com 37% e com uma maior\nprevalência na maxila com 61%. Não foi encontrado nenhum outro estudo que apresente a quantidade de\ndente retido por indivíduo, o lado da arcada e qual a arcada mais acometida, sendo incapaz de comparar os\nvalores encontrados com outros estudos.\nNo presente trabalho, a principal causa do dente decíduo apresentar retenção prolongada foi a\nagenesia do dente permanente resultando 51,26% dos casos, sendo confirmado no estudo de Robinson e\nChan (2009) que os mesmos afirmaram os dentes decíduos podem ser conservados por uma variedade de\nrazões, sendo a causa mais comum a ausência de desenvolvimento do sucessor permanente, confirmado\n3também no estudo de Badauy (2001) e no de Aktan et al. (2011) A causa da retenção prolongada do dente\ndecíduo quando o seu sucessor permanente está ausente é pela lenta reabsorção do processo de rizólise\ndo dente decíduo (CORRÊA et al., 2010).\nA segunda causa mais frequente da retenção prolongada do dente decíduo nesse estudo foi quando\no dente permanente estava impactado resultando 30,82%. Esse resultado se assemelha com o estudo\nrealizado por Aktan et al (2011).\nO adequado diagnóstico e correto tratamento deve levar em conta que a ocorrência de alterações na\nesfoliação dos decíduos e erupção dos dentes permanentes pode ocasionar maloclusões, tais como o\napinhamento, a perda de espaço, alteração nas relações anteriores das arcadas, dentes ectópicos e\npatologias, como cistos (CORRÊA et al., 2010).\nEm casos com retenção prolongada de dente decíduo se o dente retido estiver saudável, conservar\nele é uma alternativa viável para o tratamento, em casos de agenesia do sucessor permanente (ROBSON;\nCHAN, 2009). Segundo Bjerklin e Bennett (2000), os dentes decíduos que permanecerem na arcada\ndentária até os 20 anos de idade têm um bom prognóstico para a sobrevivência em longo prazo. Como outro\ntipo de tratamento, pode ser indicado exodontias, seguido da colocação de prótese ou implantes (SABRI,\n2009).\nDessa forma, o odontopediatra e o ortodontista devem fazer um planejamento conjunto para\noferecer o melhor tratamento ao paciente, juntamente com o auxílio da radiografia panorâmicas, que se\nconstituem em um exame complementar de grande significado clínico na detecção de retenção prolongada\nde dente decíduo.\nConclusão\nPode-se concluir que, a prevalência de retenção prolongada de dentes decíduos é compatível com\noutras regiões do mundo.\nReferências\nAKTAN, A.M.; KARA, I.; SENER, I.; BEREKET, C.; CELIK, S.; KIRTAY, M. An evaluation of factors\nassociated with persistent primary teeth. Eur J Orthod, Turkey, 2011 Abr; 34(2): 208-212.\nBADAUY, C.M. Estudo epidemiológico da retenção prolongada de dentes decíduos. Rev. Odontol UFES,\nVitória, 2001 Jul/Dez; 3(2): 35-39.\nBJERKLIN, K.; BENNETT J. The long-term survival of lower second primary molars in subjects with agenesis\nof the premolars. Eur J Orthd, 2000 June; 22(3):245-255.\nCORRÊA, F.N.P.; RUSCHEL, H.C.; ABANTO, J.; CORRÊA, M.S.N.P. Retenção prolongada de segundos\nmolares decíduos inferiores: relato de caso. ConScientiae Saúde, São Paulo, 2010 Fev; 9(1): 125-130.\nFONOFF, R.D.N.; HADDAD, A.E.; ALENCAR, C.J.F. Cirurgia em Odontopediatria. In: GUEDES-PINTO,\nA.C.; BONECKER, M.; RODRIGUES, C.R.M.D. Fundamentos de Odontopediatria. São Paulo: Editora\nSantos; 2009. p. 277-298.\nJABBAR, N.S.A. .Fatores associados à necessidade de exodontia de incisivos centrais\nsuperiores decíduos traumatizados. Dissertação de Mestrado, Faculdade de Odontologia da\nUniversidade de São Paulo, São Paulo, Brasil.\n4OTSUKA, Y.; MITOMI, T.; TOMIZAWA, M.; NODA, T. A review of clinical features in 13 cases of impacted\nprimary teeth. Int J Paediatr Dent, 2001 Jan; 11(1): 57-63.\nROBINSON, S.; CHAN, M.F. New teeth from old: treatment options for retained primary teeth. BrDent J,\n2009 Oct; 207(7): 315-320.\nSABRI, R. Management of over-retained mandibular deciduous second molars with and without permanent\nsuccessors. World J Orthod, Beirut, 2008 Feb; 9(3): 209-220.\nTEIXEIRA, F.S.; CAMPOS, V.; MITCHELL, C.; CARVALHO, L.M.B. Retenção prolongada de molares\ndecíduos: Diagnóstico, etiologia e tratamento. Rev. Dent. Press Ortodon. Ortop. Facial, Maringá,\n2005 Maio/Jun; 10(3): 125-137.\nVALLADARES, N.; SILVA, F.; KAADI O. Retardo eruptivo de incisivo permanente associado à retenção\nprolongada do predecessor decíduo: obstrutivo, traumático, desenvolvimental ou idiopático? Discussão\natravés de um caso clínico. Revista Odontológica do Brasil Central, Goiás, 1995 Dez 5(15):4-10.\nAgradecimentos\nÀ professora Maria da Glória Almeida Martins, pela disponibilidade e toda atenção proporcionada\npara que esse estudo fosse realizado.\n5"
}