{
  "id": "27632",
  "trabalho": "APRENDIZAGEM BASEADA NO USO DE METODOLOGIAS ATIVAS: RELATO DE EXPERIÊNCIA NA DISCIPLINA DE GERONTOLOGIA E ENVELHECIMENTO CUTÂNEO",
  "area": "(PRÁTICAS DOCENTES) METODOLOGIAS INOVADORAS DE ENSINO/APRENDIZAGEM NO ENSINO SUPERIOR",
  "ano": "2016",
  "evento": "VIII - ENCONTRO DE PRATICAS DOCENTES",
  "link": "http://uol.unifor.br/oul/conteudosite/?uuid=0015D6781069D973FE1F2E71F647D11B8B27D729",
  "conteudo": "APRENDIZAGEM BASEADA NO USO DE METODOLOGIAS ATIVAS\nCOM FOCO NA AUTONOMIA:\nRELATO DE EXPERIÊNCIA NA DISICPLINA DE GERONTOLOGIA E\nENVELHECIMENTO CUTÂNEO\nBárbara Karen Matos Magalhães Rodrigues\nAline Barbosa Teixeira Martins\nMariza Araújo Marinho Maciel\nUniversidade de Fortaleza\nbabi_matos@hotmail.com\nalinebate@yahoo.com.br\nmarizamarinho_@hotmail.com\nRESUMO\nPor um longo período de tempo, o processo de ensino-aprendizagem teve como foco a\nfigura do professor, ficando o aluno com o papal de coadjuvante. Berbel (2011) aponta as\nMetodologias Ativas como ferramenta para desenvolver o processo de ensino –\naprendizagem, utilizando situações que irão tornar o aluno sujeito no processo. O presente\nestudo objetiva discutir a respeito da percepção do aluno acerca do uso das metodologias\nativas com foco no desenvolvimento da autonomia, sendo as mesmas desenvolvidas pelos\ndiscentes. Trata-se de um estudo descritivo, do tipo relato de experiência. O estudo foi\nrealizado durante a disciplina de Gerontologia e Envelhecimento Cutâneo do curso de\nEstética e Cosmética da Universidade de Fortaleza (UNIFOR). Durante o primeiro semestre\nde 2016 foi trabalhado com os alunos, a realização de experiências de problematização\nfocando na autonomia, onde através da escolha de determinados temas, pertinentes ao\nconteúdo, a problematização era executada pelos mesmos. Os alunos consideraram a\nexperiência extremamente válida, por parte dos discentes envolvidos foi possível constatar a\nevolução de cada aluno. O estudo foi válido por permitir conhecer o ponto de vista dos\nalunos com relação à atividade proposta e ao uso das metodologias ativas, como forma de\ndesenvolver a autonomia dos mesmos.Palavras-chave: Metodologias ativas. Aprendizagem. Autonomia. Problematização,\nAprendizagem baseada em problemas.\nINTRODUÇÃO\nPor um longo período de tempo, o processo de ensino-aprendizagem teve\ncomo foco a figura do professor, ficando o aluno com o papal de coadjuvante nesse\nprocesso (SIMON et al., 2014).\nA complexidade crescente dos vários setores da vida tem exigido o\ndesenvolvimento de capacidades humanas de pensar, sentir e agir de modo cada\nvez mais amplo e profundo, refletindo de forma direta na função de formar\nprofissionais de saúde (BERBEL, 2011; BARREIRA et al., 2015).\nEstudos (TRENCHE; BARZAGUI; PUPO, 2008; SANTOS et al, 2007)\napontam que a integração curricular contribui para que o aluno se torne sujeito de\nsua própria aprendizagem, dotado de uma visão mais holística acerca do processo\nde ensino-aprendizagem e responsável pela transformação do meio em que está\ninserido.\nAs mudanças curriculares no Ensino Superior voltadas para a construção de\num currículo integrado baseado em competências reforça a necessidade de uma\natuação mais efetiva por parte do aluno no seu ato de aprender, tornando-se\nconstrutor do seu processo de aprendizagem de maneira crítica e criativa. A\naprendizagem ocorre não em função de conteúdos informacionais, mas sim em\nfunção das competências que os educandos devem desenvolver (ARAÚJO,2005).\nNessa ótica aprender se torna para o estudante, segundo Freire (2002),\n“...uma aventura criadora, algo que por isso mesmo se torna\nmais rico do que a mera repetição da lição dada. Assim,\naprender é construir, reconstruir, constatar para intervir e\nmudar, para neste, “ passeio” pela aprendizagem, o estudante\nir-se tornando sujeito crítico, epistemologicamente curioso, que\nconstrói o conhecimento partindo da problematização do objeto\ne participando de sua construção. “\nCom as mudanças no cenário educacional e a implementação de um currículo\nintegrado, a inclusão das metodologias ativas favorece uma motivação autônoma\ndestacando a percepção do aluno enquanto origem da própria ação (PARANHOS;MENDES,2010). Oportunizar o aluno a prática da problematização contribui para o\ndesenvolvimento da autonomia, revigora interesses pessoais, justifica o estudo dos\nconteúdos e permite que professor e aluno desenvolvam habilidades múltiplas\n(BERBEL, 2011).\nProporcionar ao aluno a oportunidade de acessar conhecimentos prévios\ndurante a prática da problematização e junto com o grupo desenvolver\nconhecimento, aprimora no mesmo a capacidade crítica e assim o desenvolvimento\nde uma aprendizagem significativa (MACIEL et al., 2015). O ato de ensinar exige\nrespeito à autonomia de cada indivíduo, alicerce para uma educação que prioriza o\ndiscente como um ser que constrói sua própria história (MITRE et al., 2008)\nTendo o docente o papel de instigar e desafiar é fundamental que a prática\ndocente seja permeada de atividades que permitam o envolvimento dos alunos em\ntodo o processo, para que isso ocorra cabe ao professor estar em constante\naperfeiçoamento e planejamento.\nDiante disso o presente estudo objetiva discutir a respeito da percepção do\naluno acerca do uso das metodologias ativas com foco no desenvolvimento da\nautonomia, sendo as mesmas desenvolvidas pelos discentes em sala de aula.\nMETODOLOGIA ou DESCRIÇÃO DA EXPERIÊNCIA\nEstudo descritivo, do tipo relato de experiência. O estudo foi realizado durante\na disciplina de Gerontologia e Envelhecimento Cutâneo do curso de Estética e\nCosmética da Universidade de Fortaleza (UNIFOR).\nEsta disciplina visa integrar conhecimento a cerca do processo de\nenvelhecimento, suas repercussões e afecções, traçando paralelo com todas as\nterapêuticas disponíveis atualmente no mercado. Por tratar-se de uma disciplina\npuramente teórica e objetivando o incremento no processo de ensino aprendizagem,\nsurgiu o interesse de desenvolver com os alunos um trabalho de autonomia com\nfoco no uso das metodologias ativas.\nDurante o primeiro semestre de 2016 foi trabalhado com os alunos, da\ndisciplina em questão, a realização de experiências de problematização com foco na\nautonomia, onde através da escolha de determinados temas, pertinentes aoconteúdo, a problematização era executada.\nInicialmente, os alunos eram separados em duplas e a cada conteúdo novo\num tema era elencado para que os escolhidos pudessem aplicar com o restante da\nturma a dinâmica proposta. Juntamente com o professor os discentes\nconfeccionavam os objetivos de aprendizagem que deveriam ser atingidos ao final\ndo processo, que seguia as seguintes etapas:\nEtapa 1 - Criação da problematização a ser exposta a turma para iniciar o\nprocesso\nA dupla selecionada levava na aula seguinte o problema baseado no tema\nescolhido que poderia ser um caso clínico, vídeo, diálogo, etc. Nessa fase os alunos\nrealizavam a leitura do mesmo e a partir daí questionamentos eram feitos a respeito\ndo tema a ser discutido.\nEtapa 2- Chuva de ideias baseada nos questionamentos propostos\nNessa etapa os alunos acessavam todo o seu conhecimento prévio sobre o\nconteúdo em questão. Simultaneamente era construída uma teia, onde todas as\ninformações ditas pelos alunos, baseadas nos questionamentos feitos anteriormente,\neram colocadas no quadro formando um grande esquema.\nEtapa 3 - Conferência e conclusão da problematização\nEram trabalhadas todas as etapas que a metodologia em questão exige,\ntendo o aluno, total autonomia na condução do processo junto aos outros colegas.\nPosteriormente se fazia o fechamento com uma conferência, sendo esta, realizada\npelo professor juntamente com os alunos que conduziram a problematização.\nA conferência era toda baseada sobre o resultado gerado na chuva de ideias,\nou seja, ao fim desse processo se tinha como produto uma teia de pontos\npertinentes ou não ao tema elencado, já que esta etapa era desenvolvida baseada\nem conhecimentos prévios. A partir daí professor e dupla realizavam o fechamento\nda problematização trazendo à tona a teoria e levando à discussão tudo o que foi\ncolocado na teia com as devidas correções.Ao término do semestre foi aplicado um questionário semiestruturado com os\nalunos. O instrumento continha perguntas direcionadas à opinião dos discentes com\nrelação ao uso de metodologias ativas como forma de facilitar a apreensão do\nconteúdo, destacando a problematização e também o levantamento da satisfação\ncom relação ao fato de essas produções terem sido feitas por discente para\ndiscentes. Os dados coletados foram analisados com auxílio do programa Microsoft\nExcel versão 2010 o que permitiu a compreensão e a análise estatística. Os\nresultados foram apresentados em forma de gráficos. O estudo seguiu as normas do\nCNS n0 466/212 que regulamenta as pesquisas envolvendo seres humanos.\nRESULTADOS E DISCUSSÃO\nAs metodologias ativas de ensino - aprendizagem sugerem desafios a serem\nenfrentados pelos discentes, fazendo com que os mesmos ocupem o lugar de\nsujeitos na construção do conhecimento, fazendo parte ativamente da análise do\nprocesso assistencial, e colocando o professor como facilitador e orientador (MELO;\nSANT’NA, 2012).\nA pesquisa foi realizada com uma turma de 12 alunos, onde o instrumento de\navaliação foi aplicado. A adesão à proposta feita foi unânime, superando as\nexpectativas e dando origem a explanações criativas, contribuindo para uma maior\nparticipação por parte dos outros alunos. Durante a realização foi possível observar\no cuidado e entrega com os quais os alunos aplicaram a metodologia e\nprincipalmente a evolução que pôde ser vista em cada participante.\nCom relação à percepção do aluno destacando a inclusão das metodologias\nativas nas aulas, pode-se ver no gráfico 1 que 44,4% consideram essa prática entre\nexcelente e ótima e apenas 11,1% boa. Corroborando com o que foi descrito por\nBerbel, (2011, p. 28):\n“A implantação dessas metodologias pode vir a favorecer uma\nmotivação autônoma quando inclui o fortalecimento da\npercepção do aluno de ser origem da própria ação, ao serem\napresentadas oportunidades de problematização de situações\nenvolvidas na programação, de escolha de aspectos dosconteúdos de estudo, de caminhos possíveis para o\ndesenvolvimento de respostas ou soluções para os problemas\nque se apresentam alternativas criativas para a conclusão do\nestudo ou da pesquisa, entre outras possibilidades.”\nGráfico 1 – Percepção do aluno quanto à inclusão das metodologias ativas. Fortaleza/CE\nFonte: Dados da Pesquisa (2016)\nDe acordo com Melo e Sant’Ana (2012), o grande desafio das metodologias\nativas é trabalhar para aperfeiçoar a autonomia individual dos discentes e gerar\nassim uma educação capaz de desenvolver uma visão transdisciplinar, possibilitado\na compreensão de distintos aspectos.\nQuando perguntados sobre a influência na aprendizagem ressaltando o fato\nde a confecção da problematização ser feita pelos alunos para os alunos, observa-\nse no gráfico 2 que 88,9% acreditam influenciar positivamente a apreensão do\nconteúdo e 11,1% apontam não acreditar que exista influência. Paralelo ao\nquestionamento anterior foi solicitado a colocação dessa acreditação em uma\nescala, atribuindo valores de 0 a 10 onde, 3 pessoas atribuíram valor 7, 2 atribuíam\nvalor 8 e os 3 restantes valoraram com 1, 6 e 10 respectivamente.\nEm estudo realizado por Reeve (2009), o autor enfatiza que alunos que se\npercebem autônomos no processo de ensino aprendizagem apresentam resultados\npositivos em relação: à motivação, ao engajamento, ao desenvolvimento, à\naprendizagem, à melhoria do desempenho em notas e ao estado psicológico.A utilização das metodologias ativas tem o poder de despertar a curiosidade,\nà medida que o aluno passa a ser parte fundamental do processo e suas\ncontribuições são acatadas pelo docente. Essa atitude desperta no discente o\nsentimento de engajamento, percepção de competência e de pertencimento,\nfacilitando de forma significativa a aprendizagem (BERBEL, 2011).\nGráfico 2 – Confecção da problematização pelos alunos contribui para o aprendizado.\nFortaleza/CE\nFonte: Dados da Pesquisa (2016)\nGráfico 2.1 – Escala de satisfação .Fortaleza/CE\nFonte: Dados da Pesquisa (2016)\nCom relação à forma como os assuntos utilizados para a confecção da\nproblematização foram escolhidos, pode-se verificar no gráfico 3 que 100% da turmaapontou ter sido satisfatória. A cada novo conteúdo um tema pertinente ao assunto\nera escolhido, e informado somente à dupla sorteada para que a problematização\nfosse desenvolvida. Durante as execuções foi importante perceber que os temas\nelencados eram considerados pela turma como pontos cruciais dentro do conteúdo,\ne que sua escolha foi de fundamental importância para o desenvolvimento cognitivo.\nFoi interessante também ver que, mesmo após a realização da problematização de\ndeterminados temas, os alunos continuavam a fazer levantamentos acerca dos\nmesmos e também a trazer material para a sala de aula contendo informações que\njulgavam pertinentes ao conteúdo. Diante de tal fato foi possível constatar que a\nmetodologia desenvolvida havia despertado nos alunos grande interesse pelo\nconteúdo e também anseio por mais informações.\nGráfico 3 – Satisfação quanto à escolha dos temas. Fortaleza/CE\nFonte: Dados da Pesquisa (2016)\nLevando em conta o ponto de vista dos alunos com relação ao fato de a\nproblematização ser uma metodologia que dinamiza e facilita o aprendizado, pode-\nse constatar no gráfico 4 que 88,9% afirmam ser a problematização uma\nmetodologia eficaz, no que diz respeito à facilitação do processo de aprendizagem e\ndinamização do ensino, em contrapartida 11,1% relatam não achar que a\nmetodologia em questão apresenta diferenças significativas quando se fala no\naprendizado e dinamização do ensino.\nA problematização é utilizada como estratégia de ensino aprendizagem,\nobjetivando motivar o discente que diante do problema, passa a adotar uma posturacrítica e reflexiva, ressignificando suas descobertas e promovendo seu próprio\ndesenvolvimento. A partir do momento que o aluno percebe que a aprendizagem\namplia suas possibilidades, ele passa a ter autonomia na realização de suas\nescolhas e descobertas (MITRE et al., 2008).\nNesta perspectiva, referimos Cyrino e Pereira (2004) ao considerarem que\npara que a problematização possa ser realizada com êxito é fundamental que o\nprofessor adote uma mudança de postura, desenvolvendo junto com o aluno um\ntrabalho reflexivo e que ambos compartilhem o processo de construção do\nconhecimento.\nGráfico 4 - Problematização como metodologia utilizada para dinamizar e facilitar o\naprendizado\nFonte : Dados da Pesquisa (2016)\nAcreditamos que a atividade desenvolvida teve resultado efetivo no que\nconcerne a colocação do discente como sujeito no processo de ensino\naprendizagem e principalmente consciente do potencial adquirido quando o mesmo\npassa a ter autonomia na execução das práticas de sala de aula juntamente com o\ndocente.\nCONCLUSÃO\nO estudo foi de grande valia por permitir conhecer o ponto de vista dos alunoscom relação à atividade proposta e ao uso das metodologias ativas, como forma de\ndesenvolver a autonomia dos mesmos. Principalmente por poder constatar o total\nenvolvimento do discente em todo o processo.\nO uso das metodologias ativas representa algo desafiador, mas que\nproporciona ao aluno e professor um desenvolvimento cognitivo e pessoal que\nultrapassa os limites da sala de aula. Com o desenvolvimento da atividade na\ndisciplina foi possível observar a evolução de todos os envolvidos e perceber\nclaramente a contribuição substanciosa para a formação profissional de docentes e\ndiscentes.\nREFERÊNCIAS\nARAÚJO, D. Noção de competência e organização curricular. Revista Baiana de\nSaúde Pública,Salvador, v. 31, p. 32 - 43, jun. 2014.\nBERBEL,N. A. N. As metodologias ativas e a promoção da autonomia de\nestudantes. Semina: Ciências Sociais e Humanas, Londrina, v. 31, n. 1, p. 25- 40,\njan./jul. 2011\nBARREIRA, M. C. C.;CUNHA, M. R.; CATRIB, A. M. F.; MOREIRA, D. P.; SILVA JR,\nG. B. da S. Percepção de alunos do curso de enfermagem sobre a utilização das\nmetodologias ativas como estratégia pedagógica. In:Encontro de Práticas Docentes,\nVII., Fortaleza. Anais. 2015 p. 1-7.\nCYRINO, E. G.; PEREIRA, M. L. T. Trabalhado com estratégias de ensino-\naprendizado por descoberta na área da saúde: a problematização e a aprendizagem\nbaseada em problemas. Cad. Saúde Públicas, Rio de Janeiro v. 20, n. 3, p. 780-\n788, mai/jun. 2004\nFREIRE, P.Pedagoia da autonomia : saberes necessários à prática educativa.\n25. ed. Rio de Janeiro: Paz e Terra; 2002.143p.\nMITRE, S. M.; SIQUEIRA-BATISTA, R.GIRARDE-DE-MENDONÇA, J. M.; MORAIS-\nPINTO, N. M.; MEIRELLLES,C. A. B.; PINTO-PORTO, C.; MOREIRA,\nT.;HOFFMANN,L . M. A. Metodologias ativas de ensino – aprendizagem na\nformação profissional em saúde: debates atuais. Ciência e Saúde Coletiva, v. 3,\nSup 2, p. 2133 – 2144, 2008\nMACIEL,C. do C. S. M.; BRAID, L. M. C.;SANTANA, G. S. de M.;GODIM, D. M. F.\nDescrição de uma experiência de ensino e aprendizagem colaborativa, criativa e\nautônoma. In:Encontro de Práticas Docentes, VII., Fortaleza. Anais. 2015 p. 1-7.MELO, B. DE C.;SANT’ANA, G. A prática da metodologia ativa: compreensão dos\ndiscentes enquanto autores do processo ensino – aprendizagem. Com. Ciências\nSaé, v. 23, n. 4, p. 327 – 339, 20112\nPARANHOS, V. D.; MENDES M. M. R. Currículo por competência e metodologia\naiva: percepção de estudantes de enfermagem. Revista Latino Americana de\nEmfermagem, São Paulo, v. 18, n. 1, p. 1- 7, jan /fev. 2010.\nREEVE, J. Why teachers adopta controlling motivating style toward students and\nhow they can become more autonomy suppoitive.Educational Psychologist ,\nHillsdale, v. 44, n. 3, p. 159-175, 2009\nSANTOS, A. M. R. Et al. Construção coletiva de mudança no curso de graduação\nem enfermagem: um desafio.Rev Brasileira Enfermagem, Brasília,v. 60, n. 4,p.\n410-5, jul/ago. 2007\nSIMON, E. et al. Metodologias ativas de ensino - aprendizagem e educação\npopular: encontros e desencontros no contexto da formação dos profissionais de\nsaúde. Comunicação, Saúde e Educação, Botucatu, v. 18, n. 2, p. 1355-1364,\n2014.\nTRENCHE, M. C. B;BARZAGUI, L.;PUPO, A. C. Mudança Curricular: construção de\num novo projeto pedagógico de formação na área da fonoaudiologia. Comunicação\nSaúde e Educação, São Paulo, v.12, n. 27, p. 687-711, out/dez. 2008\nISSN 2179-4332\nAGRADECIMENTOS\nAgradecemos a todos os alunos que se envolveram de forma brilhante na metodologia\nproposta e principalmente a Universidade de Fortaleza por oferecer a nós, docentes a\noportunidade de poder oferecer educação de qualidade utilizando múltiplas ferramentas."
}