{
  "id": "27656",
  "trabalho": "CARTILHA DE ORIENTAÇÃO PARA MULHERES COM INCONTINÊNCIA URINÁRIA",
  "area": "CIÊNCIAS DA VIDA",
  "ano": "2016",
  "evento": "XVI - ENCONTRO DE PÓS-GRADUAÇÃO E PESQUISA",
  "link": "http://uol.unifor.br/oul/conteudosite/?uuid=F48B6828FCB12F1CA0EC954CC63084DB7EE458F6",
  "conteudo": "XVI ENCONTRO DE PÓS-GRADUAÇÃO E PESQUISA\nUniversidade de Fortaleza\n17 à 21 de Outubro de 2016\nCartilha de orientação para mulheres com incontinência urinária\nJoana Mendes de Andrade Augusto Lima 1* (IC), Eduardo Teixeira Mota Junior 1(IC), Cristiana Diniz David\n2(PG) , Maria Áurea Catarina Passos Lopes 2 (PG), Raimunda Magalhães da Silva 2 (PQ), Cleoneide Paulo\nOliveira Pinheiro 1(PQ)\n1. Centro Universitário Estácio do Ceará, Fortaleza-CE.\n2. Universidade de Fortaleza, Fortaleza-CE.\njoanaaugusto86@gmail.com\nPalavras-chave: Incontinência Urinária. Planejamento de Assistência ao Paciente. Fisioterapia.\nResumo\nIntrodução: A Incontinência Urinária (IU) é a perda involuntária de urina em quantidade e freqüência\nsuficientes para causar um problema social ou higiênico de origem multifatorial, fatores que se destacam\nsão a história gineco-obstétrica, obesidade, doenças crônicas, fatores hereditários, uso de medicamentos,\nconsumo de cafeína, tabagismo, exercícios físicos rigorosos e o avanço da idade. Objetivo: O estudo teve\ncomo objetivos elaborar uma cartilha de orientação para mulheres com incontinência urinária, caracterizar a\nincontinência urinária, classificar os tipos de Incontinência Urinária, descrever as medidas preventivas para a\nincontinência urinária. Metodologia: O presente estudo foi uma pesquisa-ação, de caráter bibliográfico\nexploratório, transversal utilizado de bases, através de uma revisão de literatura nas bases de dados LILACS\n(Literatura Latino-Americana e do Caribe em Ciências da Saúde), SCIELO (Scientifc Eletronic Library\nOnline), de caráter exploratório, no período de fevereiro a junho de 2016, sendo utilizados os seguintes\ndescritores: Incontinência Urinária, Planejamento de Assistência ao Paciente, Fisioterapia. Resultados: A\nincontinência urinária pode ser classificada em três tipos principais: a Incontinência Urinária de Esforço,\nIncontinência Urinária de Urgência e a Incontinência Urinária mista. As opções de tratamento da\nincontinência urinária podem ser cirúrgico, medicamentoso ou conservador. Sobre o tratamento conservador\nexiste a atuação da Fisioterapia como opção de primeira linha para IU, devido ao baixo custo, baixo risco e\neficácia comprovada, através de recursos disponíveis na fisioterapia, como os seguintes instrumentos de\nsuporte, cones vaginais, eletroestimulação, biofeedback e a cinesioterapia, que são exercícios para o\nfortalecimento da musculatura do assoalho pélvico. Conclusão: Conclui-se que a criação desse instrumento\neducativo propõe-se a informar e orientar, a importância do tratamento na incontinência urinária em\nmulheres.\nIntrodução\nA Incontinência Urinária (IU) é definida pela Sociedade Internacional de Continência – Internacional\nContinence Society (ICS) como perda involuntária de urina em quantidade e freqüência suficientes para\ncausar um problema social ou higiênico (LAZARI; LOJUDICE; MAROTA, 2009).\nEstima-se que 200 milhões de pessoas no mundo apresentem algum tipo de incontinência urinária,\nsendo que uma em cada quatro mulheres com idade entre 30 a 59 anos já vivenciou algum episódio de\nincontinência urinária (ORTIZ, 2004).\nA incontinência urinária é uma doença de origem multifatorial, e alguns fatores que se destacam\nsão a história gineco-obstétrica, obesidade, doenças crônicas, fatores hereditários, uso de medicamentos,\nconsumo de cafeína, tabagismo, exercícios físicos rigorosos e o avanço da idade acompanhada das\nalterações hormonais que têm início no climatério (HIGA; LOPES; REIS, 2008).\nNo Brasil, a IU apresenta-se como um problema de saúde pública envolvendo altos custos.\nConforme a sintomatologia apresentada pelos pacientes, a IU pode ser classificada em Incontinência\nISSN 18088449 1Urinária de Esforço (IUE), Incontinência Urinária de Urgência (IUU) ou Incontinência Urinária Mista (IUM)\n(SOUZA et al., 2009).\nGeralmente, os sinais e sintomas mais comumente identificados entre as mulheres com\nincontinência urinária (IU) são: aumento da freqüência miccional, noctúria, urgência, hiper-reflexia vesical,\nperda de urina ao esforço, incontinência no intercurso sexual, infecções urinárias e dor na bexiga. Esses\nsinais e sintomas são usados para nortear o diagnóstico e a intervenção terapêutica nesta população (RETT\net al., 2007).\nA ação preventiva quanto a IU ainda é pouco implantada, contudo, este tipo de abordagem traz\nbenefícios, conseguindo atender a população de forma mais ampla. Programa com essas características\ntem possibilidade de serem amplamente difundidos e podem ser facilmente implementados em locais\nmenos convencionais, como possibilidades terapêuticas menos onerosas de atenção à saúde da mulher,\ngarantindo-lhes uma melhor qualidade de vida (MARQUES; DE FREITAS, 2005).\nO tratamento da incontinência urinária (IU) pode ser realizado cirurgicamente ou por meio de\ntécnicas conservadoras como a fisioterapia, a terapia comportamental e medicamentosa (SILVA; LOPES,\n2009).\nConsiderando o impacto negativo sobre os aspectos biopsicossociais na vida das mulheres com\nincontinência urinária, que surge o interesse da pesquisadora em estudar sobre o assunto, pois é de grande\nimportância para que essas mulheres tenham um instrumento de orientação, fazendo com que as mesmas\ntenham uma melhor qualidade de vida.\nEsta pesquisa assume impacto social relevante à medida que têm a intenção de orientar as\nmulheres em como prevenir a incontinência urinária, através de um instrumento de orientação.\nTendo como objetivo geral elaborar uma cartilha de orientação para mulheres com incontinência\nurinária, e específica: Caracterizar a incontinência urinária; Classificar os tipos de Incontinência Urinária;\nDescrever as medidas preventivas para a incontinência urinária.\nMetodologia\nTrata-se de método de pesquisa-ação que se utilizou das idéias freireanos de abordagem\nintegrativa e qualitativa na área de ensino-aprendizagem que foi desenvolvida em três etapas: escolha do\nconteúdo, criações da ilustrações e preparação do layout.\nOptou-se pelo uso do método da pesquisa-ação por considerar que o mesmo possibilita a\nconstrução do conhecimento de maneira coletiva e participativa, buscando identificar soluções para um\nproblema que necessita ser estudado (THIOLLENT, 2005).\nAs idéias freireanos foram utilizadas tendo em vista que o material de informação, educação e\ncomunicação se pautou no contexto de aprendizado dialógico para subsidiar uma nova concepção do\nempowerment que conduz às mudanças social sendo este o resultado da aquisição de conhecimento\nrelativo a capacidades discursivas, cognitivas e processuais8 e as oportunidades de conhecimento são\ncriadas com a participação de ambos os sujeitos (FREIRE, 2005; WALLERSTEIN, 2016).\nO método de pesquisa foi conduzido no período entre Fevereiro a Junho de 2016 sendo composto\npor três fases: sistematização do conteúdo (escolha do conteúdo); seleção e criação das ilustrações;\npreparação do layout.\nA primeira fase foi elaborada a partir de uma revisão de literatura nas bases de dados onde foi\nrealizada uma busca referente ao tema abordado em artigos publicados nas bases de dados LILACS\n(Literatura Latino-Americana e do Caribe em Ciências da Saúde), SCIELO (Scientifc Eletronic Library\nISSN 18088449 2Online), de caráter exploratório, no período de fevereiro a junho de2016, sendo utilizados os seguintes\ndescritores: Incontinência Urinária, Planejamento de Assistência ao Paciente, Fisioterapia.\nNa segunda fase foram acessados em websites na busca de imagens que se adequassem aos\ntópicos que seriam inseridos na cartilha. As imagens foram selecionadas e usadas como base para elaborar\nas ilustrações.\nA terceira fase foi à formação do layout, estruturando um protótipo do conteúdo com as imagens\nencontradas. A seguir, o material foi submetido ao trabalho de edição e diagramação através do software\nCorelDRAW.\nResultados e Discussão\nOs resultados foram obtidos através da revisão de artigos seguindo as perspectivas da análise\ntemática, sendo inicialmente procedida à leitura de todo acervo, a identificação dos eixos temáticos e\naferidos seus respectivos núcleos de sentido. Os estudos foram explorados e interpretados sempre\nconsiderando as informações de cada autor. O texto foi analisado e construído após leitura crítica com o\nobjetivo de manter a idéia principal de cada trabalho pesquisado.\nConsiderando que o material educativo utilizado para informar a população geralmente é um\ninstrumento de leitura ou de elementos ilustrativos que chamem a atenção do leitor para o tema abordada,\nforam acessados em websites na busca de imagens que se adequassem aos tópicos que seriam inseridos\nna cartilha. As imagens foram selecionadas e usadas como base para elaborar as ilustrações.\nElaborando o layout, estruturando um protótipo do conteúdo com as imagens encontradas. Portanto,\no material foi submetido ao trabalho de edição e diagramação através do software CorelDRAW.\nA incontinência urinária pode ser classificada em três tipos principais: a Incontinência Urinária de\nEsforço, Incontinência Urinária de Urgência e a Incontinência Urinária mista. As opções de tratamento da\nincontinência urinária podem ser cirúrgico, medicamentoso ou conservador. Sobre o tratamento conservador\nexiste a atuação da Fisioterapia como opção de primeira linha para IU, devido ao baixo custo, baixo risco e\neficácia comprovada, através de recursos disponíveis na fisioterapia, como os seguintes instrumentos de\nsuporte, cones vaginais, eletroestimulação, biofeedback e a cinesioterapia, que são exercícios para o\nfortalecimento da musculatura do assoalho pélvico.\nOs tratamentos cirúrgicos para a incontinência incluem colpofixação retropúbica e procedimentos\nde sling. O procedimento de sling corrige a incontinência urinária por estresse colocando-se uma pequena\ntela de material sintético ou biológico abaixo da uretra. Como um apoio, ela suporta a uretra durante as\natividades que colocam pressão sobre a área, evitando que ocorram vazamentos (SBU, 2011).\nA colpofixação retropúbica apresenta eficácia semelhante ao sling, porem sua recuperação\ndemanda maior tempo no pós-operatório, recomendada quando a paciente tem que realizar outro\nprocedimento abdominal concomitante. Na ausência dessa necessidade, a cirurgia de sling deve ser a\nprimeira opção oferecida à paciente. Na ausência de sling, a indicação ficará a critério do médico e paciente\n(SBU, 2011).\nO tratamento farmacológico da incontinência urinária é considerado no caso de incontinência\nurinária de urgência. A classe de medicamentos utilizados são os anticolinérgicos, os quais são a primeira\nescolha: – Cloreto Tróspio – Oxibutinina– Solifenacina – Tolderodina– Flavoxato (única droga não\nanticolinérgica com a autorização para o tratamento da incontinência urinária de urgência).Note, porém, que\nquando a incontinência surge após a menopausa, substitutos de estrogênio podem ser receitados\n(OLIVEIRA; GARCIA, 2011).\nISSN 18088449 3Sobre o tratamento conservador existe a atuação da Fisioterapia que de forma abrangente, visa à\nprevenção e tratamento curativo da IU por meio da educação da função miccional, informação a respeito do\nuso adequado da musculatura do assoalho pélvico, bem como o aprendizado de técnicas e exercícios para\nreeducação da musculatura do assoalho pélvico e seu fortalecimento, pois na maioria dos tipos de\nincontinência urinária, está presente uma redução da força desta musculatura (BORGES; FRARE;\nMOREIRA, 1998; SELEME, 2008).\nOs cones são dispositivos de mesma forma e volume, com peso variando de 20 a 100 g, o que\ndetermina para o cone um número variado de um a nove. Atualmente, os cones são usados na prevenção\nda incontinência urinaria e, é considerado um método complementar na eficácia para a consolidação dos\nresultados dos exercícios de fortalecimento da musculatura pélvica em razão da facilidade de execução e do\nbaixo custo. O princípio está baseado no estímulo do recrutamento da musculatura pubo-coccígea e auxiliar\nperiférica, que devem reter os cones progressivamente mais pesados (ZANETTI et al., 2007).\nA eletroestimulação tornou-se popular no tratamento da IUE através de eletroestimuladores\npequenos e práticos, intravaginais ou transanais. A estimulação transvaginal, na dependência do tipo de\nfrequência de corrente utilizada, inibe o músculo detrusor, diminuindo, assim. O número de micções com\nconsequente aumento da capacidade vesical. Pode determinar, ainda, o aumento da força de contração do\nmúsculo elevador do ânus e do comprimento funcional da uretra, melhorando a transmissão da pressão\nabdominal (OLIVEIRA; RODRIGUES; PAULA, 2007).\nO biofeedback é um aparelho que tem com objetivo mensurar os potenciais de ação das\ncontrações musculares do assoalho pélvico traduzindo sua intensidade através de sinais visuais, esses\nsinais aumentam à medida que as contrações se tornam mais eficazes. O aparelho proporciona a\nconscientização e controle seletivo dos músculos do assoalho pélvico, informa a paciente por meio de sinais\nvisuais ou sonoros (comando de voz do terapeuta) qual grupo muscular deve ser trabalhado e, portanto,\npotencializam os efeitos dos exercícios perineais (SILVA et al., 2014).\nA cinesioterapia visa essencialmente ao fortalecimento muscular, estratégia tão imprescindível\nquanto avaliar a capacidade que as mulheres têm em contrair corretamente esse grupo muscular. Dessa\nforma, é uma técnica que permite, por meio da contração e do relaxamento dos músculos do assoalho\npélvico, resultados mais efetivos, observando-se melhora ou cura em vários pacientes de forma mais\nduradoura (SOUZA et al., 2011).\nDentre as intervenções mais importantes para a prevenção da incontinência urinaria estão às\ntécnicas comportamentais que incluem orientações a respeito de hábitos alimentares, como minimizar a\ningestão de cafeínados, excesso de líquidos no período noturno, frutas cítricas, achocolatados e\nrefrigerantes. Estas mudanças devem ser estimuladas, já que alguns desses são considerados irritantes\nvesicais e, de certa forma, podem agravar os episódios de perdas urinárias, sobretudo nas situações de IUU\nou IUM (CALDAS et al., 2010; HONÓRIO; SANTOS, 2009).\nNeste sentido, as atividades educativas em grupo são fundamentais no contexto da promoção e\neducação em saúde com enfoque nas pedagogias participativas, permitindo que as mulheres sintam-se\nativas no processo de aprendizagem. Isso contribui para uma visão ampliada da saúde, proporcionando a\ntroca de experiências e a construção do conhecimento individual e coletivo. Essa prática educativa propicia\nreais condições de aprendizagem entre as participantes. O trabalho em grupo é uma forma viável e pouco\nonerosa que possibilita o acesso das informações relativas à IU a um maior número de mulheres (SOUZA et\nal., 2005; OLIVEIRA et al., 2010).\nISSN 18088449 4Estudos comprovam que programas de prevenção à incontinência urinária, através de exercícios\npara fortalecimento da musculatura do assoalho pélvico, aplicados por fisioterapeutas no pré e pós-parto são\neficazes para a prevenção de IU nesta população (CHIARELLI; COKBURN, 2002).\nConclusão\nA fisioterapia dispõe de muitos recursos para combater a IU e o uso de materiais de instrumento de\nensino a adesão do tratamento conservador além de trazer benefícios também no campo sócio-psicológico,\nage influenciando no bem-estar, na auto-estima e na qualidade de vida das pacientes.\nConclui-se que a criação dessa cartilha foi de informar e orientar, através deste instrumento, a\nimportância do tratamento na incontinência urinária em mulheres.\nReferências\nBORGES, F. D.; FRARE, J. C.; MOREIRA, E. C. H. Fisioterapia na Incontinência Urinária. Fisioterapia em\nMovimento, v.10, n.2, p.103-111, Mar., 1998.\nCALDAS, C. P.; CONCEIÇÃO, I. R. S.; JOSÉ, R. M. C.; SILVA, B. M. C. Terapia comportamental para\nincontinência urinária da mulher idosa: uma ação do enfermeiro. Texto Contexto Enferm, v.19, n.4, p.783-\n788, 2010.\nCHIARELLI, P.; COKBURN, J. Promoting urinary continence in women after delivery: randomized\ncontrolled trial. B. M. J, v.324, n.32, p.1241-1244. 2002.\nFREIRE, P. Pedagogia do oprimido. 41. ed. São Paulo: Paz e Terra, 2005.\nHIGA, R.; LOPES, M. H. B. M.; REIS, M. J. Fatores de risco para incontinência urinária na mulher. Rev. Esc.\nEnferm. USP. v.42, n.1, p.187-192. 2008.\nHONÓRIO, M. O.; SANTOS, S. M. A. Incontinência urinária e envelhecimento: impacto no cotidiano e na\nqualidade de vida. Rev. Bras.Enferm. v.62, n.1, p.51-56. 2009.\nMARQUES, K. S. F.; DE FREITAS, P. A. C. A cinesioterapia como tratamento da incontinência urinária na\nunidade básica. Fisioterapia em Movimento,v.18, n.4, p.63-67. 2005.\nLAZARI, I. C. F.; LOJUDICE, D. C.; MAROTA, A. G. Avaliação da qualidade de vida de idosas com\nincontinência urinária: idosas institucionalizadas em uma instituição de longa permanência. Rev. Bras.\nGeriatr. Gerontol,v.12, n.1, p.103-112. 2009.\nOLIVEIRA, K.A.C.; RODRIGUES, A.B.C.; PAULA, A.B. Técnicas Fisioterapêuticas no Tratamento e\nPrevenção da Incontinência Urinariam de Esforço na Mulher. Revista Eletrônica F@pciência.,v.1, n.1,\np.187-192. 2007.\nOLIVEIRA, E.;ZULIANI, L. M. M.; ISHICAVA, J.; SILVA, S. V.; ALBUQUERQUE, R.; SOUZA, A. M. B.; et al.\nAvaliação dos fatores relacionados à ocorrência da incontinência urinária feminina. Rev. Assoc. Med.\nBras.v.56, n.6, p.688-690. 2010.\nOLIVEIRA, J. R.; GARCIA, R. R. Kinesio therapy on treatment of urinary incontinences in elderly women.\nRev. bras. geriatr. gerontol., Rio de Janeiro, v.14, n.2, p.343-351. 2011.\nORTIZ, O. C. Stress urinary in gynecologicalpractice. Int.J.Gynaecol.Obstet,v.86, n.1, p.6-16. 2004.\nRETT, M. T. et al. Qualidade de vida em mulheres após tratamento da incontinência urinária de esforço com\nfisioterapia. Rev. Bras. Ginecol. Obstet.v.29, n.3, p.134-40. 2007.\nSELEME, R. S. Incontinência urinária: um problema social de saúde pública. Tese (Doutorado em\nServiço Social)-Universidade Federal do Rio de Janeiro, v.242. 2008.\nISSN 18088449 5SILVA, G.C. et al . Tratamento fisioterapêutico da incontinência urinária de esforço: relato de caso. Revista\nUNILUS Ensino e Pesquisa,v.11, n.25, p.18-23. 2014.\nSILVA, L.; LOPES, M. H. B. M. Incontinência urinária em mulheres: razões para a não procura por\ntratamento. São Paulo, Revista da Escola de Enfermagem da USP. v.43, n.1, p.72-78. 2009.\nSociedade Brasileira de Urologia. Federação Brasileira das Associações de Ginecologia e Obstetrícia.\nIncontinência Urinária Feminina: Tratamento Cirúrgico. Diretrizes Clinicas da saúde suplementar, p.1-12,\n2011.\nSOUZA, J. G.; FERREIRA,V. R.; OLIVEIRA, R. J.; CESTARI, C. E. Avaliação da força muscular do assoalho\npélvico em idosas com incontinência urinária. Fisioter. mov.v.24, n.1, p.39-46. 2011.\nSOUZA, A. C. D.; COLOMÉ, I. C. D. S.; COSTA, L. E. D.; OLIVEIRA, D. L. L. C. D. A educação em saúde\ncom grupos na comunidade: uma estratégia facilitadora da promoção da saúde. Revista gaúcha de\nenfermagem, Porto Alegre. v.26, n.2, p.147-153. Ago, 2005.\nSOUZA, C. E. et al. Estudo comparativo da função do assoalho pélvico em mulheres continentes e\nincontinentes na pós menopausa. Rev. Bras. Fisioter. v.13, n.6, p. 535-541. 2009.\nTHIOLLENT, M. Metodologia da pesquisa-ação. 14. ed. São Paulo: Cortez, 2005.\nWALLERSTEIN N. What is the evidence on effectiveness of empowerment to improve health WHO\nRegional Office for Europe’s (Health Evidence Network Report);[Acesso em: 10/04/2016] Disponível\n:<http://www.euro. who.int/Document/E88086.pdf.\nZANETTI, M. R. D.; CASTRO, R. D. A.; ROTTA, A. L.; SANTOS, P. D. D.; SARTORI, M.; GIRÃO, M. J. B. C.\nImpact of supervised physiotherapeutic pelvic floor exercises for treating female stress urinary\nincontinence. São Paulo Medical Journal,v.125, n.5, p.265-269. 2007.\nISSN 18088449 6"
}